{
"type": "FeatureCollection",
"name": "nga_states",
"crs": { "type": "name", "properties": { "name": "urn:ogc:def:crs:OGC:1.3:CRS84" } },
"features": [
{ "type": "Feature", "properties": { "state": "Cross River", "zone_code": "SSZ", "state_key": "cross river" }, "geometry": { "type": "Polygon", "coordinates": [ [ [ 8.460756518798348, 4.754551740970101 ], [ 8.430939855190218, 4.726786686356547 ], [ 8.397083999926679, 4.735138000418431 ], [ 8.396586618177935, 4.780645094395652 ], [ 8.344260887829762, 4.793214890754655 ], [ 8.18385446311305, 4.965399191319648 ], [ 8.134789177178845, 4.972769952071701 ], [ 8.102616309595078, 5.02377605412164 ], [ 8.099286078689602, 5.107050419341419 ], [ 8.06486606611611, 5.14517116461758 ], [ 8.065328598236249, 5.198836802976132 ], [ 8.041580780128925, 5.234612912256125 ], [ 8.016752243121573, 5.24695110261132 ], [ 7.992694854983597, 5.206701755581605 ], [ 7.976094245952766, 5.208294391972686 ], [ 7.912880898434764, 5.303979873572359 ], [ 7.840874194888215, 5.337450980878089 ], [ 7.901671886048746, 5.33563280081313 ], [ 7.880370140269804, 5.366795539982206 ], [ 7.987501144262467, 5.362585067946554 ], [ 7.90794277234113, 5.535781860344628 ], [ 7.917696953251834, 5.649620055820947 ], [ 7.886644839687676, 5.700051785161804 ], [ 7.921760082162109, 5.759984016449266 ], [ 7.970076084443804, 5.76832675907275 ], [ 7.932170746582756, 5.829515097743638 ], [ 7.958992180344922, 5.843277494960489 ], [ 7.989047593271835, 5.902126349851187 ], [ 8.004966735626397, 5.900077820135323 ], [ 7.982346057624511, 5.926640986592304 ], [ 7.98617696809265, 5.981722832342882 ], [ 8.04101881806406, 5.998460275021728 ], [ 8.050390608140106, 5.950947864652278 ], [ 8.100927067130499, 5.960931769285764 ], [ 8.113847733086459, 5.93814992917595 ], [ 8.214842795858374, 6.012228012412891 ], [ 8.244793891924644, 6.017953872673161 ], [ 8.274305343616788, 5.999013901270587 ], [ 8.302002906808752, 6.108136176943049 ], [ 8.400745391786472, 6.216616630752981 ], [ 8.418000220733632, 6.261117458004321 ], [ 8.391663551231943, 6.306527138316824 ], [ 8.399155617038161, 6.353752612792903 ], [ 8.445018767901843, 6.385539055183301 ], [ 8.456825255681053, 6.428223609831775 ], [ 8.432304382141581, 6.433218956189933 ], [ 8.405966759358535, 6.484985353191519 ], [ 8.419136047390737, 6.514501573089149 ], [ 8.39098167356542, 6.523128986213806 ], [ 8.39143657673668, 6.550374985417307 ], [ 8.375088691589895, 6.545834063791062 ], [ 8.374180793608787, 6.563543320168151 ], [ 8.324751854214753, 6.589499474820968 ], [ 8.322414398405783, 6.634381771101914 ], [ 8.294514655926662, 6.678709030097707 ], [ 8.361105919102954, 6.693262099566311 ], [ 8.419765472098902, 6.757152080803962 ], [ 8.468745231607215, 6.746480942141829 ], [ 8.616160392688016, 6.77876090998808 ], [ 8.641556740051556, 6.818769932086752 ], [ 8.600760460426955, 6.855791091585672 ], [ 8.6647405618275, 6.867979050193071 ], [ 8.70374202667324, 6.896412848773991 ], [ 8.759608269206296, 6.891436100395765 ], [ 8.848406792039896, 6.865565777039023 ], [ 8.974477768334395, 6.788922786857199 ], [ 8.994757652243891, 6.754340173260459 ], [ 8.969207763627423, 6.693666934781277 ], [ 8.992015838759983, 6.692360878152044 ], [ 9.035036086945922, 6.647288798839043 ], [ 9.070367813323969, 6.642453194559323 ], [ 9.149400711373801, 6.684389113966461 ], [ 9.303669930422984, 6.717770100210032 ], [ 9.471092223627295, 6.524884223628078 ], [ 9.467408519587536, 6.401266129328462 ], [ 9.43499946575281, 6.327776908677436 ], [ 9.363332748207824, 6.325833320851132 ], [ 9.223331450586045, 6.150554657271641 ], [ 8.963054657046825, 5.906944275258127 ], [ 8.934165954395326, 5.903332710336372 ], [ 8.865276337033379, 5.84194374101088 ], [ 8.8508319857076, 5.72249984729018 ], [ 8.921665191795228, 5.595276832260026 ], [ 8.859998703377528, 5.497499467326577 ], [ 8.815553665569269, 5.159721374242054 ], [ 8.728762219101156, 5.074591277765307 ], [ 8.725165739407373, 5.043824956156868 ], [ 8.685350206446913, 5.000298464302716 ], [ 8.697673997756851, 4.984713033379819 ], [ 8.650686813046036, 4.943043914944781 ], [ 8.652116626281327, 4.91508004360918 ], [ 8.60351459372356, 4.882923133595796 ], [ 8.628282458868455, 4.82248051456412 ], [ 8.538842211299084, 4.792240100300432 ], [ 8.531806000146844, 4.710415999798613 ], [ 8.459915684161558, 4.694002989346529 ], [ 8.462974541042286, 4.72443970402918 ], [ 8.481806000246763, 4.729583999701845 ], [ 8.460756518798348, 4.754551740970101 ] ] ] } },
{ "type": "Feature", "properties": { "state": "Fct", "zone_code": "NCZ", "state_key": "fct" }, "geometry": { "type": "Polygon", "coordinates": [ [ [ 7.477623463152327, 8.631333351353135 ], [ 7.365309516021398, 8.487671284202463 ], [ 7.133418982899798, 8.449494384358388 ], [ 7.124194216689773, 8.42278890198628 ], [ 6.940821987444792, 8.458870420133849 ], [ 6.784563738725637, 8.457550048995586 ], [ 6.788054466240681, 9.270166397161574 ], [ 7.015266895151115, 9.268970490395873 ], [ 7.2197580344058, 9.113510132786473 ], [ 7.378645291946725, 9.336468363724066 ], [ 7.509100988419902, 9.355031274573719 ], [ 7.542094113252745, 9.387351140842497 ], [ 7.614060356300456, 9.406058770595848 ], [ 7.667490758092072, 9.40136905793571 ], [ 7.692970024746899, 9.349402783012067 ], [ 7.724080473734944, 9.329254915981664 ], [ 7.667605876709899, 9.303650855802402 ], [ 7.588679313599471, 9.129055977351527 ], [ 7.591669082761996, 8.834875106900711 ], [ 7.477623463152327, 8.631333351353135 ] ] ] } },
{ "type": "Feature", "properties": { "state": "Ogun", "zone_code": "SWZ", "state_key": "ogun" }, "geometry": { "type": "Polygon", "coordinates": [ [ [ 4.597553612809008, 6.360569717618432 ], [ 4.571975492674881, 6.297284947742185 ], [ 4.359663678935704, 6.367825533321763 ], [ 4.3686295177381, 6.438459141176452 ], [ 4.353724428439648, 6.451056359663312 ], [ 4.260086784077885, 6.444175170048084 ], [ 4.1693195580512, 6.487503161741586 ], [ 4.163622323211712, 6.506966422562414 ], [ 4.232702014986046, 6.54692713937601 ], [ 4.240955593425952, 6.571563357263187 ], [ 4.222408089761586, 6.595729662294104 ], [ 4.177784630956012, 6.604107106158096 ], [ 4.109519558580814, 6.554182759926505 ], [ 4.069640786193361, 6.572552573742314 ], [ 4.054489672060754, 6.615224574754393 ], [ 4.05851663113765, 6.634483355822283 ], [ 4.093292661027533, 6.646229449629459 ], [ 4.091332317032879, 6.679688255108942 ], [ 3.978807413231607, 6.691934445718118 ], [ 3.459019961302204, 6.673523020271205 ], [ 3.443198472731353, 6.68590903567349 ], [ 3.452062009154474, 6.640944811154156 ], [ 3.392538762553897, 6.638496015678641 ], [ 3.263052932746689, 6.700208927100334 ], [ 3.237830248067553, 6.619846251903027 ], [ 3.193281587675187, 6.577774588826287 ], [ 3.201396128228794, 6.532600029967455 ], [ 3.160445337882095, 6.508068376254585 ], [ 3.077245926658236, 6.492390583158908 ], [ 2.88553154294641, 6.511425637183436 ], [ 2.888786656179263, 6.481257193864451 ], [ 2.858211868582941, 6.449129903022651 ], [ 2.704643681860489, 6.459847241656917 ], [ 2.701519249114085, 6.512342924986058 ], [ 2.743225095861533, 6.563198560565183 ], [ 2.728180168280176, 6.624059195275663 ], [ 2.779953478370373, 6.695159430763169 ], [ 2.78689384337622, 6.750166888191359 ], [ 2.723979947616556, 6.781621451069157 ], [ 2.75067770571161, 6.868445909850891 ], [ 2.703114302882796, 6.964329984241431 ], [ 2.749722001569182, 7.094165796914069 ], [ 2.716640441902939, 7.598554369688486 ], [ 2.743055340731416, 7.796388621038091 ], [ 2.712468227926422, 7.851968501445242 ], [ 2.801683090102586, 7.948571153935632 ], [ 2.929536466934451, 7.929122822760121 ], [ 2.89468583918017, 7.901883915610256 ], [ 2.880924624571833, 7.857462932868089 ], [ 2.886081747274886, 7.768965791737969 ], [ 2.918799073418541, 7.755413701880912 ], [ 2.920243916123866, 7.707824807768702 ], [ 2.96119611301026, 7.744200432104321 ], [ 2.98718139310688, 7.855067406935348 ], [ 3.032663794398616, 7.795670754301909 ], [ 3.013925576903887, 7.703746402074842 ], [ 2.989242778631365, 7.682087567886981 ], [ 2.99829157629523, 7.641407177599206 ], [ 2.972685802907506, 7.611739098180863 ], [ 2.984490436284659, 7.585173792236787 ], [ 3.064471959013758, 7.519765849814178 ], [ 3.075379607682805, 7.451386449325241 ], [ 3.115294454575462, 7.408086297045031 ], [ 3.161624669243167, 7.375266548912123 ], [ 3.249144314758382, 7.367492196707587 ], [ 3.296212910597376, 7.318126199064864 ], [ 3.32402849092216, 7.31515216534018 ], [ 3.385816812296071, 7.401284692934269 ], [ 3.393082855989064, 7.455832003244382 ], [ 3.445929525827012, 7.49379348578077 ], [ 3.482859610982302, 7.417232035330187 ], [ 3.474449634143355, 7.388873574755735 ], [ 3.540519713214223, 7.439661023737301 ], [ 3.707092998742951, 7.447305200874382 ], [ 3.693458774702719, 7.38797476082658 ], [ 3.719827180380094, 7.387421748814688 ], [ 3.714346646180843, 7.30479431090879 ], [ 3.762294529868711, 7.300916194127126 ], [ 3.763602257438265, 7.230483054149659 ], [ 3.794440031082615, 7.139492033630518 ], [ 3.727434396280387, 7.096852302092088 ], [ 3.731213093009899, 7.080647467606582 ], [ 3.938920974123732, 7.083908081093114 ], [ 3.997550963706033, 7.126167295983976 ], [ 4.085114954791379, 7.131877898346374 ], [ 4.168871879133974, 7.174137114136556 ], [ 4.197892666113717, 7.049162387134515 ], [ 4.298218000160603, 7.090554000866518 ], [ 4.36855030095569, 7.05911207076548 ], [ 4.390379905608199, 6.980854988167209 ], [ 4.424521445808125, 7.002435207219094 ], [ 4.488862037752881, 6.991775513329344 ], [ 4.516273497823704, 7.022613047754021 ], [ 4.609585762073323, 7.031077861654069 ], [ 4.561608789813874, 6.988337516663137 ], [ 4.546685124119222, 6.841302612325762 ], [ 4.421871776861053, 6.762031765353754 ], [ 4.376120088871062, 6.663210390946858 ], [ 4.387431622171675, 6.630032063329111 ], [ 4.458051681739789, 6.602722168193566 ], [ 4.496610640568633, 6.505059718631173 ], [ 4.537799834894486, 6.601317405573866 ], [ 4.567274569965491, 6.63656854640135 ], [ 4.592308521121424, 6.636706827957767 ], [ 4.58824872959525, 6.532358645635043 ], [ 4.605220794604008, 6.492155074996788 ], [ 4.564331054734453, 6.498971462163297 ], [ 4.535164832091368, 6.408320426746343 ], [ 4.503599166968002, 6.415532111817527 ], [ 4.473125457773733, 6.393202781782975 ], [ 4.514828203658737, 6.397127150697486 ], [ 4.597553612809008, 6.360569717618432 ] ] ] } },
{ "type": "Feature", "properties": { "state": "Oyo", "zone_code": "SWZ", "state_key": "oyo" }, "geometry": { "type": "Polygon", "coordinates": [ [ [ 3.998963493770248, 7.126570828081299 ], [ 3.938920974123732, 7.083908081093114 ], [ 3.72760057300809, 7.083577632401841 ], [ 3.794440031082615, 7.139492033630518 ], [ 3.763602257438265, 7.230483054149659 ], [ 3.762294529868711, 7.300916194127126 ], [ 3.714346646180843, 7.30479431090879 ], [ 3.719827180380094, 7.387421748814688 ], [ 3.693458774702719, 7.38797476082658 ], [ 3.707092998742951, 7.447305200874382 ], [ 3.540519713214223, 7.439661023737301 ], [ 3.474449634143355, 7.388873574755735 ], [ 3.482859610982302, 7.417232035330187 ], [ 3.445929525827012, 7.49379348578077 ], [ 3.393082855989064, 7.455832003244382 ], [ 3.385816812296071, 7.401284692934269 ], [ 3.319375990409696, 7.314007278912868 ], [ 3.249144314758382, 7.367492196707587 ], [ 3.155272959979186, 7.378180024088863 ], [ 3.082635071751213, 7.439048196017495 ], [ 3.064471959013758, 7.519765849814178 ], [ 3.006826161398294, 7.555838580685986 ], [ 2.973182674740713, 7.606241922926472 ], [ 3.02985003874835, 7.755709070717103 ], [ 3.032663794398616, 7.795670754301909 ], [ 3.011460937172558, 7.830410706089253 ], [ 2.98718139310688, 7.855067406935348 ], [ 2.96119611301026, 7.744200432104321 ], [ 2.923451404858497, 7.709105069143675 ], [ 2.917225657338236, 7.75795742259703 ], [ 2.886081747274886, 7.768965791737969 ], [ 2.888140203707508, 7.890010398660991 ], [ 2.930842990311817, 7.927809247798621 ], [ 2.801683090102586, 7.948571153935632 ], [ 2.712468227926422, 7.851968501445242 ], [ 2.692612538038247, 7.90633333391628 ], [ 2.753611084683882, 8.206943507137169 ], [ 2.709166525314913, 8.338888161659384 ], [ 2.720833299817002, 8.424444193244994 ], [ 2.758333205313249, 8.491109842045603 ], [ 2.756388662406891, 8.575206047321274 ], [ 2.802357195827994, 8.610358232146723 ], [ 2.920714375767886, 8.611895555735373 ], [ 3.014477966584934, 8.710269923917906 ], [ 3.103630065075492, 8.750234600446504 ], [ 3.163577315940415, 8.808645245381797 ], [ 3.237358330622499, 8.782514568292754 ], [ 3.599984013751282, 8.956908512118162 ], [ 3.595700863903801, 8.999334614201132 ], [ 3.691454540194911, 8.996621755289823 ], [ 3.743066311361247, 9.046896934246149 ], [ 3.7707343102403, 9.146808623319373 ], [ 3.862960575670058, 9.188310621637925 ], [ 3.921370743964701, 9.172939300408416 ], [ 4.012060165144533, 9.034599303315247 ], [ 4.210460186288628, 8.970032691055906 ], [ 4.253385544307491, 8.966966627907595 ], [ 4.316407204029304, 8.997709273064572 ], [ 4.334852218255321, 8.98080062914579 ], [ 4.321018218815766, 8.942373276205785 ], [ 4.221106528843279, 8.860906599559996 ], [ 4.194975852653499, 8.816330910043519 ], [ 4.190364361226329, 8.753309249422387 ], [ 4.209143639067747, 8.680658339910508 ], [ 4.391735076912312, 8.304002761618221 ], [ 4.480495623174534, 8.210510320894628 ], [ 4.505629061831769, 8.091958999808071 ], [ 4.568998335604761, 8.054756164665321 ], [ 4.549669266223702, 7.970847129891183 ], [ 4.44979238361168, 7.938063144198793 ], [ 4.433019161405241, 7.891555308930435 ], [ 4.397185326441729, 7.896511077024627 ], [ 4.371104130051606, 7.848700920910801 ], [ 4.328186034957582, 7.935013293129032 ], [ 4.276341437407439, 7.971228599820051 ], [ 4.191331386933996, 7.910234449959944 ], [ 4.197049617346011, 7.865252017766466 ], [ 4.147110938618994, 7.849622249367371 ], [ 4.090156254707438, 7.860070779742728 ], [ 4.061259745940561, 7.754265783838889 ], [ 4.074169636219779, 7.681563377348027 ], [ 4.052928923830791, 7.674966810569913 ], [ 4.153796672278645, 7.568672656318086 ], [ 4.133962630870769, 7.36765098640393 ], [ 4.110903143964947, 7.326942646086309 ], [ 4.129712104829821, 7.276762485900065 ], [ 4.078736624695523, 7.190858714358228 ], [ 4.085450649228108, 7.151198386396459 ], [ 4.071053027575203, 7.138991831607768 ], [ 4.088356017915942, 7.13344621617 ], [ 3.998963493770248, 7.126570828081299 ] ] ] } },
{ "type": "Feature", "properties": { "state": "Sokoto", "zone_code": "NWZ", "state_key": "sokoto" }, "geometry": { "type": "Polygon", "coordinates": [ [ [ 4.632654631605988, 11.671425256170664 ], [ 4.546163707988796, 11.634397927322539 ], [ 4.547455094876796, 11.597402481239556 ], [ 4.569935376116746, 11.573654653239714 ], [ 4.522761340163754, 11.53031450630948 ], [ 4.482785916736702, 11.531998347445835 ], [ 4.496795957567429, 11.552430962319079 ], [ 4.41923090058566, 11.614177970636888 ], [ 4.427280380585159, 11.670561323346419 ], [ 4.375101571580331, 11.714620246227412 ], [ 4.368773788779379, 11.746984187370401 ], [ 4.393904474611873, 11.757455937341661 ], [ 4.417208449410452, 11.708540894846465 ], [ 4.43643449335724, 11.710825178239418 ], [ 4.548973482340386, 11.79550353176262 ], [ 4.55075238991094, 11.89190849078426 ], [ 4.588181817337045, 12.03882752467058 ], [ 4.552319659125033, 12.097726129157593 ], [ 4.562149196927919, 12.22998702937798 ], [ 4.521122757409387, 12.251402331652343 ], [ 4.549203694395032, 12.250755803637503 ], [ 4.548545784560361, 12.301487715885401 ], [ 4.592519297927311, 12.346801725419368 ], [ 4.587833946979117, 12.395935515411736 ], [ 4.629810477971205, 12.43293946278601 ], [ 4.691144436666491, 12.399958087595735 ], [ 4.709199998581141, 12.364899998835938 ], [ 4.75387713881895, 12.363726621886144 ], [ 4.757453541148038, 12.44959761403868 ], [ 4.811936707313237, 12.503556599557498 ], [ 4.730348161738334, 12.701841414849468 ], [ 4.770250369558937, 12.789276137383865 ], [ 4.806835267033989, 12.819476618151441 ], [ 4.694300000344811, 12.933299999995029 ], [ 4.646215274015731, 12.948615238602429 ], [ 4.731627658689547, 13.052771055040182 ], [ 4.702156003796574, 13.073203390224307 ], [ 4.623046776687431, 13.07011233311772 ], [ 4.470874279324562, 13.17884107985202 ], [ 4.374447310295182, 13.201090244319346 ], [ 4.300238917991692, 13.259614568957261 ], [ 4.126404704113838, 13.249674072800246 ], [ 4.126472938375457, 13.468159089370545 ], [ 4.232408444793919, 13.499422486058961 ], [ 4.394354468384051, 13.653460349115846 ], [ 4.708388808296888, 13.758525131030012 ], [ 4.873527551055702, 13.78142202590584 ], [ 4.950179262862719, 13.734384195873986 ], [ 5.077932117972921, 13.751699834279975 ], [ 5.204739586862502, 13.735994803417498 ], [ 5.281272459556419, 13.756080685575228 ], [ 5.350397653429013, 13.834135462081974 ], [ 5.530000892327394, 13.885713987110876 ], [ 6.155662935995736, 13.644746247641251 ], [ 6.296361289142226, 13.679041032317855 ], [ 6.495342785840933, 13.568414243922291 ], [ 6.73537079042967, 13.281849305601042 ], [ 6.792771964354699, 13.132260001997565 ], [ 6.743458595038192, 13.118467016139959 ], [ 6.687695734070928, 13.132893988966487 ], [ 6.683200001578882, 13.107200000179887 ], [ 6.58126297001013, 13.022535604134873 ], [ 6.525432793888399, 13.058042298113605 ], [ 6.50871287989554, 13.131519960677679 ], [ 6.452365363370859, 13.11693458036666 ], [ 6.466248142038182, 13.130642136025813 ], [ 6.448754913608411, 13.158370135873099 ], [ 6.402601602781772, 13.129135537774914 ], [ 6.359030961409815, 13.137130268846875 ], [ 6.355912950722143, 13.164134973650164 ], [ 6.300037315669613, 13.182450693244959 ], [ 6.258309332110059, 13.160332855876675 ], [ 6.261105669690949, 13.13579691059897 ], [ 6.229355021217316, 13.13545889681069 ], [ 6.046889104448667, 13.031196431570095 ], [ 6.048729423124428, 12.948325019284255 ], [ 6.005788094045329, 12.919101791314688 ], [ 6.034077602699256, 12.784066278436057 ], [ 6.024413255967033, 12.748793268794373 ], [ 5.961673507626301, 12.754693031857983 ], [ 5.883320047382313, 12.820349435378205 ], [ 5.847814536012095, 12.810546122705432 ], [ 5.81313276316655, 12.839669228252319 ], [ 5.733987466948065, 12.826781768863611 ], [ 5.6346804001804, 12.882928361554718 ], [ 5.588209408337548, 12.804081079078571 ], [ 5.649277917741756, 12.768875985338525 ], [ 5.686345871664685, 12.713864632047205 ], [ 5.677433761059262, 12.631923897569891 ], [ 5.723075590566111, 12.620634885991251 ], [ 5.717236595592453, 12.486925722044475 ], [ 5.772623778264801, 12.383487566398117 ], [ 5.750572373816055, 12.323924794593665 ], [ 5.566670184881161, 12.351511994782754 ], [ 5.541099998566153, 12.272842643173476 ], [ 5.475761024251938, 12.252433949367344 ], [ 5.422277869128379, 12.353262235563761 ], [ 5.384537242999386, 12.324261085280909 ], [ 5.311578238345078, 12.355773550109291 ], [ 5.160244080000325, 12.316112444233966 ], [ 5.11670000100429, 12.283399998711047 ], [ 4.952949494923303, 12.314414079046571 ], [ 4.950399998760986, 12.231299999995031 ], [ 4.875030323590636, 12.229728729697172 ], [ 4.861730543030205, 12.159646444028226 ], [ 4.866699639077126, 11.932737119022875 ], [ 4.968217072160201, 11.875682862174415 ], [ 4.934999999050774, 11.845100001364017 ], [ 4.919599999340562, 11.789900000884359 ], [ 4.943073067368232, 11.726842023840391 ], [ 4.89387336336506, 11.709247922054033 ], [ 4.889452520117743, 11.750159463288639 ], [ 4.849829730757506, 11.735107461640098 ], [ 4.815210015629759, 11.766086852426326 ], [ 4.727173445198389, 11.697668775693501 ], [ 4.676514174789361, 11.681882357984477 ], [ 4.663289523592709, 11.694563216119604 ], [ 4.666810559160012, 11.667562122993616 ], [ 4.632654631605988, 11.671425256170664 ] ] ] } },
{ "type": "Feature", "properties": { "state": "Zamfara", "zone_code": "NWZ", "state_key": "zamfara" }, "geometry": { "type": "Polygon", "coordinates": [ [ [ 6.572041277682843, 11.022145463342497 ], [ 6.533374177176597, 11.047941457732122 ], [ 6.437006005822582, 11.007609595206702 ], [ 6.403724107781386, 11.03292059960603 ], [ 6.364804655710316, 11.017663432921154 ], [ 6.328605429796824, 11.027146694864143 ], [ 6.278639680576873, 10.963452494237288 ], [ 6.162639094918347, 11.043017554416679 ], [ 6.112670413009198, 11.061291812567163 ], [ 6.046399999160656, 11.054400001059264 ], [ 6.014041581653714, 11.129651230120203 ], [ 6.025346173986804, 11.171727790904868 ], [ 6.059071077168539, 11.229763896086979 ], [ 6.046835324090978, 11.162614907551983 ], [ 6.105919500984214, 11.183345423752371 ], [ 6.109796866831971, 11.2423246722459 ], [ 6.135723549802037, 11.29537450702793 ], [ 6.190564498652748, 11.334081656143553 ], [ 6.174735030397358, 11.359389165777429 ], [ 6.200881533755819, 11.390011927708372 ], [ 6.079570357885757, 11.388411993318869 ], [ 6.009543367032791, 11.462646689892892 ], [ 5.967953207274718, 11.46691018865431 ], [ 5.933799054982444, 11.436640112051577 ], [ 5.835453048719273, 11.435351531947674 ], [ 5.816443093873715, 11.515465361137558 ], [ 5.828838815658855, 11.624814756096157 ], [ 5.780325804292488, 11.683898112807697 ], [ 5.705030877173272, 11.687973035427319 ], [ 5.669687793257083, 11.66144479683993 ], [ 5.564082545772919, 11.684359681753961 ], [ 5.49722284395915, 11.655896177666534 ], [ 5.461490378778024, 11.671355859085679 ], [ 5.440152410105668, 11.708834958766374 ], [ 5.349867734208601, 11.709346592071597 ], [ 5.327990740680207, 11.772153914571561 ], [ 5.296153065711451, 11.755298951185694 ], [ 5.317510023568786, 11.777855753939946 ], [ 5.309547473836915, 11.793685887693584 ], [ 5.237968523828386, 11.755887054743823 ], [ 5.17788648617244, 11.792395444194426 ], [ 5.177447729429218, 11.74413263321452 ], [ 5.081412046428852, 11.732326131945456 ], [ 5.062846882777478, 11.708116977816303 ], [ 5.007116690582848, 11.7497384213911 ], [ 4.941011066707404, 11.730830321062513 ], [ 4.919599999340562, 11.789900000884359 ], [ 4.934999999050774, 11.845100001364017 ], [ 4.968217072160201, 11.875682862174415 ], [ 4.866699639077126, 11.932737119022875 ], [ 4.875030323590636, 12.229728729697172 ], [ 4.950399998760986, 12.231299999995031 ], [ 4.952949494923303, 12.314414079046571 ], [ 5.11670000100429, 12.283399998711047 ], [ 5.160244080000325, 12.316112444233966 ], [ 5.311578238345078, 12.355773550109291 ], [ 5.384537242999386, 12.324261085280909 ], [ 5.422277869128379, 12.353262235563761 ], [ 5.475761024251938, 12.252433949367344 ], [ 5.541099998566153, 12.272842643173476 ], [ 5.566670184881161, 12.351511994782754 ], [ 5.750572373816055, 12.323924794593665 ], [ 5.772623778264801, 12.383487566398117 ], [ 5.717236595592453, 12.486925722044475 ], [ 5.723075590566111, 12.620634885991251 ], [ 5.677433761059262, 12.631923897569891 ], [ 5.686345871664685, 12.713864632047205 ], [ 5.649277917741756, 12.768875985338525 ], [ 5.588209408337548, 12.804081079078571 ], [ 5.6346804001804, 12.882928361554718 ], [ 5.733987466948065, 12.826781768863611 ], [ 5.81313276316655, 12.839669228252319 ], [ 5.847814536012095, 12.810546122705432 ], [ 5.883320047382313, 12.820349435378205 ], [ 5.961673507626301, 12.754693031857983 ], [ 6.024413255967033, 12.748793268794373 ], [ 6.034077602699256, 12.784066278436057 ], [ 6.005788094045329, 12.919101791314688 ], [ 6.048729423124428, 12.948325019284255 ], [ 6.046889104448667, 13.031196431570095 ], [ 6.229355021217316, 13.13545889681069 ], [ 6.261105669690949, 13.13579691059897 ], [ 6.258309332110059, 13.160332855876675 ], [ 6.300037315669613, 13.182450693244959 ], [ 6.355912950722143, 13.164134973650164 ], [ 6.359030961409815, 13.137130268846875 ], [ 6.402601602781772, 13.129135537774914 ], [ 6.448754913608411, 13.158370135873099 ], [ 6.466248142038182, 13.130642136025813 ], [ 6.452365363370859, 13.11693458036666 ], [ 6.50871287989554, 13.131519960677679 ], [ 6.525432793888399, 13.058042298113605 ], [ 6.560280015010733, 13.027747383135249 ], [ 6.58126297001013, 13.022535604134873 ], [ 6.683200001578882, 13.107200000179887 ], [ 6.687695734070928, 13.132893988966487 ], [ 6.743458595038192, 13.118467016139959 ], [ 6.792771964354699, 13.132260001997565 ], [ 6.933332443337633, 12.997220992554787 ], [ 7.051266663126057, 12.995474501047454 ], [ 7.06071415723261, 12.739841594314157 ], [ 6.988991772552311, 12.673441929001854 ], [ 7.044474471319859, 12.65885700914373 ], [ 7.093265967650325, 12.28256746211872 ], [ 7.150427942595513, 12.231585999694175 ], [ 7.156845295174264, 12.185125079358954 ], [ 7.117235417380641, 12.093964401735775 ], [ 7.136398515079463, 12.085571253010983 ], [ 7.153866549002089, 12.025592539364254 ], [ 7.210800652827913, 11.985461921730348 ], [ 7.22032180141008, 11.949761493997812 ], [ 7.246568182575629, 11.932563021066642 ], [ 7.199764885840864, 11.900514497346251 ], [ 7.140817764728126, 11.911340510056561 ], [ 7.141816020293163, 11.849309142403058 ], [ 7.074800000119978, 11.817499999325548 ], [ 7.060018306799464, 11.789875414318942 ], [ 7.01733764801412, 11.815584920008121 ], [ 6.917399338109021, 11.785866567588073 ], [ 6.901247051010671, 11.797558506020266 ], [ 6.852000002198395, 11.620700001603836 ], [ 6.856800001419003, 11.589000002947841 ], [ 6.904012680340998, 11.553189277862941 ], [ 6.889442272842643, 11.383641353365817 ], [ 6.832882401201914, 11.351967991729509 ], [ 6.835676843911244, 11.310018462881828 ], [ 6.773998257813389, 11.322402870296287 ], [ 6.764295775329799, 11.267264479672065 ], [ 6.703353393144653, 11.239022843729288 ], [ 6.68498395434608, 11.151544340399028 ], [ 6.690875429257687, 11.120890682259244 ], [ 6.715999997901633, 11.106221807090776 ], [ 6.687418519848848, 11.091662970269908 ], [ 6.68210000211343, 11.062800000819436 ], [ 6.572041277682843, 11.022145463342497 ] ] ] } },
{ "type": "Feature", "properties": { "state": "Lagos", "zone_code": "SWZ", "state_key": "lagos" }, "geometry": { "type": "Polygon", "coordinates": [ [ [ 3.401716955573079, 6.398581385922284 ], [ 2.699843440722248, 6.375246297278863 ], [ 2.698830793306513, 6.458776587969226 ], [ 2.858211868582941, 6.449129903022651 ], [ 2.888786656179263, 6.481257193864451 ], [ 2.88553154294641, 6.511425637183436 ], [ 3.077245926658236, 6.492390583158908 ], [ 3.160445337882095, 6.508068376254585 ], [ 3.201396128228794, 6.532600029967455 ], [ 3.193281587675187, 6.577774588826287 ], [ 3.237830248067553, 6.619846251903027 ], [ 3.263052932746689, 6.700208927100334 ], [ 3.392538762553897, 6.638496015678641 ], [ 3.452062009154474, 6.640944811154156 ], [ 3.443198472731353, 6.68590903567349 ], [ 3.459019961302204, 6.673523020271205 ], [ 3.978807413231607, 6.691934445718118 ], [ 4.091332317032879, 6.679688255108942 ], [ 4.093292661027533, 6.646229449629459 ], [ 4.05851663113765, 6.634483355822283 ], [ 4.054489672060754, 6.615224574754393 ], [ 4.069640786193361, 6.572552573742314 ], [ 4.109519558580814, 6.554182759926505 ], [ 4.177784630956012, 6.604107106158096 ], [ 4.222408089761586, 6.595729662294104 ], [ 4.240955593425952, 6.571563357263187 ], [ 4.232702014986046, 6.54692713937601 ], [ 4.163622323211712, 6.506966422562414 ], [ 4.173446655738644, 6.48443061897791 ], [ 4.260086784077885, 6.444175170048084 ], [ 4.284765426583192, 6.455905739758123 ], [ 4.3686295177381, 6.438459141176452 ], [ 4.359663678935704, 6.367825533321763 ], [ 3.860232531706004, 6.435687965727084 ], [ 3.430424059023153, 6.423817334702278 ], [ 3.401716955573079, 6.398581385922284 ] ] ] } },
{ "type": "Feature", "properties": { "state": "Akwa Ibom", "zone_code": "SSZ", "state_key": "akwa ibom" }, "geometry": { "type": "Polygon", "coordinates": [ [ [ 7.541235433368627, 4.73246887014227 ], [ 7.48071479814945, 4.882636069998682 ], [ 7.49141883940797, 4.959482192749022 ], [ 7.460275173060836, 4.977698802557768 ], [ 7.533027171766605, 5.0423498152918 ], [ 7.518901825259093, 5.053178786771639 ], [ 7.54690694759762, 5.088057040799868 ], [ 7.52788400744106, 5.156005860282278 ], [ 7.553071022309894, 5.275679110802344 ], [ 7.535016060243038, 5.303812980984333 ], [ 7.572082996133418, 5.32431316372157 ], [ 7.652317046694407, 5.328423977384716 ], [ 7.670481371717983, 5.351851376939521 ], [ 7.660895999850538, 5.36712400027244 ], [ 7.619643000424162, 5.37174900041606 ], [ 7.636445999183536, 5.425255775333824 ], [ 7.66030883788261, 5.447381021317142 ], [ 7.700029850297426, 5.431540966242665 ], [ 7.694026946686279, 5.516333102890428 ], [ 7.742755889772525, 5.517303944421542 ], [ 7.792839049982206, 5.439794064444584 ], [ 7.865297794157925, 5.418447971296871 ], [ 7.8761119843806, 5.368900775550401 ], [ 7.904480933748118, 5.341426850368919 ], [ 7.845976830366453, 5.343263149075142 ], [ 7.857689857001333, 5.318541050429189 ], [ 7.912880898434764, 5.303979873572359 ], [ 7.976094245952766, 5.208294391972686 ], [ 7.992694854983597, 5.206701755581605 ], [ 8.016752243121573, 5.24695110261132 ], [ 8.05515003174861, 5.217342376649412 ], [ 8.125563622263428, 4.981954097703522 ], [ 8.229965081323485, 4.93053161584146 ], [ 8.309542375879971, 4.804202033197328 ], [ 8.301127575077601, 4.772331076118292 ], [ 8.34399785861433, 4.606810482118078 ], [ 8.291644593723049, 4.536641376798173 ], [ 8.026946125962979, 4.542922833721832 ], [ 7.66719645135521, 4.495443137990492 ], [ 7.614222174913493, 4.468633346851504 ], [ 7.527673825086993, 4.549969406862658 ], [ 7.546675873093136, 4.585180070104173 ], [ 7.522531364930614, 4.630766921356383 ], [ 7.541235433368627, 4.73246887014227 ] ] ] } },
{ "type": "Feature", "properties": { "state": "Bayelsa", "zone_code": "SSZ", "state_key": "bayelsa" }, "geometry": { "type": "Polygon", "coordinates": [ [ [ 6.220457301563272, 4.279085286956501 ], [ 6.087868400606226, 4.270203986225056 ], [ 5.977303713995241, 4.312175731924526 ], [ 5.700087545803626, 4.517220569373819 ], [ 5.54179731939081, 4.730483433263885 ], [ 5.443821265439112, 4.923274238915042 ], [ 5.441749838084604, 4.97584346340517 ], [ 5.375165237086094, 5.126203191024501 ], [ 5.448385217803605, 5.133690560570983 ], [ 5.467934542844944, 5.093236976605226 ], [ 5.50287056032812, 5.092460632352356 ], [ 5.533127308078861, 5.062899590243944 ], [ 5.584598063749695, 5.055248259899315 ], [ 5.656670569791004, 5.011776447724912 ], [ 5.666662215788676, 5.028277874124626 ], [ 5.710287094373939, 5.023826122077935 ], [ 5.730586052004753, 5.0544528967838 ], [ 5.77901887891818, 5.058013916209291 ], [ 5.791336535952439, 5.085837363803364 ], [ 5.867738723663194, 5.068109512144304 ], [ 5.880772745565821, 5.1095089913469 ], [ 5.914507865945325, 5.108150005118716 ], [ 5.93320083495064, 5.164695262776206 ], [ 5.960538863577767, 5.157218455767179 ], [ 6.004523276727866, 5.103686810098282 ], [ 6.05496597330108, 5.09716796992592 ], [ 6.08579254229204, 5.1508026122508 ], [ 6.129725933305224, 5.129266738769047 ], [ 6.1659064290385, 5.16113996483756 ], [ 6.190907000957395, 5.158570766327841 ], [ 6.195970558194745, 5.223022590919868 ], [ 6.213285445666827, 5.238669395176487 ], [ 6.290450095695405, 5.234077454111286 ], [ 6.28354215574592, 5.274990559266939 ], [ 6.302890300646879, 5.301016331338644 ], [ 6.338755193697295, 5.319782362166336 ], [ 6.408876895752201, 5.304768561919673 ], [ 6.450234890128115, 5.327586651003173 ], [ 6.490166664060325, 5.324021339113585 ], [ 6.502585887828502, 5.338941097253894 ], [ 6.485476971185335, 5.379205227339412 ], [ 6.561977863087975, 5.379249096268836 ], [ 6.56315994277719, 5.320212840650129 ], [ 6.530881882393032, 5.284537791785738 ], [ 6.566636085986602, 5.236972809747442 ], [ 6.549230098989938, 5.212652206234395 ], [ 6.558826447082936, 5.198422908890166 ], [ 6.493334769683941, 5.163454056259752 ], [ 6.411561012330878, 5.004581928013636 ], [ 6.44064092613786, 4.943194866150179 ], [ 6.398394108401419, 4.864480018737936 ], [ 6.461060046683883, 4.713280201120426 ], [ 6.537438869108598, 4.755611896871585 ], [ 6.607241153556458, 4.746353148878768 ], [ 6.511964797837209, 4.643144130597193 ], [ 6.548893452171114, 4.586297035279983 ], [ 6.543078423230668, 4.568368435155207 ], [ 6.566337109070389, 4.553831576865832 ], [ 6.512575149723432, 4.431702136644333 ], [ 6.514143944187708, 4.368941783936236 ], [ 6.544572830271932, 4.354928017214263 ], [ 6.549243264165341, 4.325280383882671 ], [ 6.464568498937126, 4.315189574139595 ], [ 6.452577190584918, 4.299035374183234 ], [ 6.23922523625572, 4.29262310277403 ], [ 6.281947218889115, 4.375349252066371 ], [ 6.270473507246606, 4.39140146980202 ], [ 6.240843268602021, 4.360469467891676 ], [ 6.241940398330769, 4.400509949174875 ], [ 6.214972693435129, 4.33618440108927 ], [ 6.220457301563272, 4.279085286956501 ] ] ] } },
{ "type": "Feature", "properties": { "state": "Ondo", "zone_code": "SWZ", "state_key": "ondo" }, "geometry": { "type": "Polygon", "coordinates": [ [ [ 5.137675762326637, 6.173091888080194 ], [ 4.97678403015891, 5.887738748444519 ], [ 4.749585168420822, 6.120868693935108 ], [ 4.483238448395753, 6.326054181755126 ], [ 4.571975492674881, 6.297284947742185 ], [ 4.594931484700282, 6.331930879006904 ], [ 4.598449706288989, 6.366196156027854 ], [ 4.582102298682173, 6.378123283362868 ], [ 4.473125457773733, 6.393202781782975 ], [ 4.503599166968002, 6.415532111817527 ], [ 4.535164832091368, 6.408320426746343 ], [ 4.564331054734453, 6.498971462163297 ], [ 4.605220794604008, 6.492155074996788 ], [ 4.58824872959525, 6.532358645635043 ], [ 4.600756167862926, 6.618286609839231 ], [ 4.586719511596243, 6.6412930484355 ], [ 4.564508437014808, 6.633782863088697 ], [ 4.496610640568633, 6.505059718631173 ], [ 4.454317092260055, 6.607318399924281 ], [ 4.379962444111527, 6.639224051948474 ], [ 4.389735221203523, 6.715917110086593 ], [ 4.429247972216217, 6.769459456788525 ], [ 4.546685124119222, 6.841302612325762 ], [ 4.564349174275037, 6.995739937148414 ], [ 4.609585762073323, 7.031077861654069 ], [ 4.613949776261222, 7.080040454903099 ], [ 4.672955513386285, 7.140385627894489 ], [ 4.671884535942638, 7.166234015887198 ], [ 4.708982467866633, 7.164592743260528 ], [ 4.746673106978335, 7.222973347242203 ], [ 4.734695399073473, 7.28397389308077 ], [ 4.754682872016986, 7.361068429264662 ], [ 4.989670277261553, 7.377597331751531 ], [ 5.008897818579499, 7.425555032438865 ], [ 5.06524228999973, 7.460195065050243 ], [ 5.217449664870173, 7.434260845761457 ], [ 5.314757823814546, 7.443110466075211 ], [ 5.346626281677629, 7.381421565652772 ], [ 5.358230114428295, 7.295613290421045 ], [ 5.388226031805971, 7.28318691344532 ], [ 5.473170279784654, 7.301790237129808 ], [ 5.521214485360247, 7.332527637440592 ], [ 5.588349341948629, 7.431698798660705 ], [ 5.624599456899489, 7.582407951565756 ], [ 5.655056475575918, 7.628722667317277 ], [ 5.688617229101908, 7.632442951281234 ], [ 5.716454983111021, 7.700992584440257 ], [ 5.773028373360773, 7.747318744964161 ], [ 5.816439152145222, 7.727849007225927 ], [ 5.92873907075159, 7.746604443140598 ], [ 5.937628268429876, 7.648777007552894 ], [ 6.004090308920695, 7.535572052608188 ], [ 5.954218864409086, 7.515233040972134 ], [ 5.948815822991889, 7.496039867246111 ], [ 5.986714840417619, 7.450263977600514 ], [ 5.968483924193777, 7.414854050673966 ], [ 5.986694813414942, 7.355247973814983 ], [ 5.919308186223873, 7.337144852153244 ], [ 5.923961163377044, 7.296279906592474 ], [ 5.884325027178306, 7.199862003628596 ], [ 5.893875121339818, 7.182878969588842 ], [ 5.842559812585307, 7.118010997209808 ], [ 5.854922771169015, 7.096343040299132 ], [ 5.823740959177997, 7.08144092595802 ], [ 5.792581080752313, 7.021655082715938 ], [ 5.799811840444136, 6.921328545376127 ], [ 5.770835399933787, 6.796514034395216 ], [ 5.702557562581489, 6.736117364424899 ], [ 5.667370796125397, 6.727612018979528 ], [ 5.629253387334018, 6.745868206152863 ], [ 5.576634883593044, 6.704025745192041 ], [ 5.543577670373224, 6.812798976891315 ], [ 5.571213244195917, 6.845269680151659 ], [ 5.555240153310478, 6.883038998251209 ], [ 5.254822253344344, 6.882708581036241 ], [ 5.201615809721886, 6.780433655289016 ], [ 5.150810717840386, 6.745987890628726 ], [ 5.115957738358986, 6.677465916119161 ], [ 5.114416598946946, 6.621132374159799 ], [ 5.164249896915237, 6.554492473848654 ], [ 5.153385162095617, 6.498033046587864 ], [ 5.102768742583464, 6.441383590780163 ], [ 5.103693484866483, 6.402212143275847 ], [ 5.02924537737232, 6.363563060686772 ], [ 5.035301207884459, 6.328475951703865 ], [ 5.012897014685507, 6.302100182377558 ], [ 5.073347569334885, 6.239534854849694 ], [ 5.075622559133819, 6.213434218714269 ], [ 5.095841407854721, 6.197087765288188 ], [ 5.122467995401735, 6.205872058848513 ], [ 5.137675762326637, 6.173091888080194 ] ] ] } },
{ "type": "Feature", "properties": { "state": "Delta", "zone_code": "SSZ", "state_key": "delta" }, "geometry": { "type": "Polygon", "coordinates": [ [ [ 6.28354215574592, 5.270599364868815 ], [ 6.290450095695405, 5.234077454111286 ], [ 6.213285445666827, 5.238669395176487 ], [ 6.195970558194745, 5.223022590919868 ], [ 6.190907000957395, 5.158570766327841 ], [ 6.1659064290385, 5.16113996483756 ], [ 6.129725933305224, 5.129266738769047 ], [ 6.08579254229204, 5.1508026122508 ], [ 6.05496597330108, 5.09716796992592 ], [ 6.004523276727866, 5.103686810098282 ], [ 5.960538863577767, 5.157218455767179 ], [ 5.93320083495064, 5.164695262776206 ], [ 5.914507865945325, 5.108150005118716 ], [ 5.880772745565821, 5.1095089913469 ], [ 5.867738723663194, 5.068109512144304 ], [ 5.791336535952439, 5.085837363803364 ], [ 5.77901887891818, 5.058013916209291 ], [ 5.730586052004753, 5.0544528967838 ], [ 5.710287094373939, 5.023826122077935 ], [ 5.666662215788676, 5.028277874124626 ], [ 5.656670569791004, 5.011776447724912 ], [ 5.584598063749695, 5.055248259899315 ], [ 5.533127308078861, 5.062899590243944 ], [ 5.50287056032812, 5.092460632352356 ], [ 5.467934542844944, 5.093236976605226 ], [ 5.443864242241034, 5.146742253252455 ], [ 5.372635031381662, 5.145608756738795 ], [ 5.352651265443569, 5.167922286584314 ], [ 5.320573029022114, 5.364431103612617 ], [ 5.467054626369986, 5.37167706544426 ], [ 5.526882133403774, 5.407116060258033 ], [ 5.507319618905342, 5.443729416779206 ], [ 5.519514356602315, 5.501133913699221 ], [ 5.599956110985772, 5.516716965015974 ], [ 5.5243327649452, 5.513388137952234 ], [ 5.47229741759179, 5.399435055883146 ], [ 5.43104945526818, 5.385542119373383 ], [ 5.354906703081951, 5.38982514781236 ], [ 5.260153709626024, 5.428466453064402 ], [ 5.176634026439217, 5.510247249411066 ], [ 5.159739852612176, 5.547128895282356 ], [ 5.214059118233763, 5.601242467965562 ], [ 5.387273630873437, 5.585654357062992 ], [ 5.417851885356299, 5.639915977040744 ], [ 5.466868782368465, 5.631111971240557 ], [ 5.510555267211885, 5.596110344616761 ], [ 5.497776986418842, 5.624166489092261 ], [ 5.444999694780165, 5.654443739586952 ], [ 5.412792048614222, 5.647005225710643 ], [ 5.387807707659647, 5.608041552175962 ], [ 5.351223494568671, 5.596144247259247 ], [ 5.247196434068201, 5.622020884756068 ], [ 5.170141575073671, 5.593835492414087 ], [ 5.12146403363829, 5.643242591772264 ], [ 5.079804339198915, 5.746776305781907 ], [ 4.97678403015891, 5.887738748444519 ], [ 5.126955985630275, 6.163946629133704 ], [ 5.145542144854176, 6.141641616767231 ], [ 5.168694495754437, 6.16357469561575 ], [ 5.222382314092556, 6.147946124214286 ], [ 5.234040821127053, 6.064757327688596 ], [ 5.270169735345064, 6.054296017047591 ], [ 5.248584974716834, 5.984231742101258 ], [ 5.275984516072583, 5.906816275650669 ], [ 5.358699322216012, 5.969638347931436 ], [ 5.32695054972811, 5.98268556738509 ], [ 5.334343908644541, 6.021393299261376 ], [ 5.413356766201844, 6.02145256998017 ], [ 5.428089602952866, 6.00704731937833 ], [ 5.442778489835462, 6.041352430969937 ], [ 5.45619106336693, 6.022396564050212 ], [ 5.497275351776125, 6.042482852701539 ], [ 5.546327591245415, 5.985361575676222 ], [ 5.668930054178702, 6.052030087018977 ], [ 5.812038897976834, 5.983871936840444 ], [ 5.83331012706077, 5.941052913760984 ], [ 5.921317100803606, 5.877292156108183 ], [ 5.894185114951142, 5.798591687056785 ], [ 5.906148911243292, 5.770370007070198 ], [ 5.924606800163758, 5.748332024103661 ], [ 5.981730937033149, 5.748114109378719 ], [ 6.093735217906044, 5.794122219265034 ], [ 6.1208791728356, 5.839725018195054 ], [ 6.201406002185308, 5.896959781568739 ], [ 6.25663995656879, 6.016697884000223 ], [ 6.232762814152579, 6.033836841597008 ], [ 6.244851975937991, 6.053682279213888 ], [ 6.195523070833076, 6.054463880903427 ], [ 6.134387016047981, 6.135653018671917 ], [ 6.112161160209439, 6.240878104740773 ], [ 6.07663202274972, 6.27872276264543 ], [ 6.11304283126168, 6.349068164764049 ], [ 6.167523860637687, 6.331490992715203 ], [ 6.212637901418077, 6.279160976198114 ], [ 6.281655788184139, 6.357406139182046 ], [ 6.412735939711922, 6.396037102230537 ], [ 6.523318768346542, 6.487541198567499 ], [ 6.668920994208577, 6.50123405570713 ], [ 6.731006144917728, 6.239092827272202 ], [ 6.769402026981993, 6.167984008655139 ], [ 6.755330085814876, 6.120709896144831 ], [ 6.704537202230142, 6.081095483070158 ], [ 6.724527836290633, 6.012269973880223 ], [ 6.660915851685274, 5.856529237334485 ], [ 6.643630027603763, 5.747325420132086 ], [ 6.600627332385557, 5.706621920865018 ], [ 6.621345997319963, 5.642564773645461 ], [ 6.584760188831694, 5.561688422782538 ], [ 6.530831336896711, 5.531958579724744 ], [ 6.524530411449405, 5.438663960173699 ], [ 6.483125209860589, 5.420644283007277 ], [ 6.493532180765555, 5.326040745184287 ], [ 6.450234890128115, 5.327586651003173 ], [ 6.408876895752201, 5.304768561919673 ], [ 6.338755193697295, 5.319782362166336 ], [ 6.28354215574592, 5.270599364868815 ] ] ] } },
{ "type": "Feature", "properties": { "state": "Rivers", "zone_code": "SSZ", "state_key": "rivers" }, "geometry": { "type": "Polygon", "coordinates": [ [ [ 6.858177814054898, 4.398239956908526 ], [ 6.875197479280303, 4.357069429810394 ], [ 6.716943741060845, 4.34999942843092 ], [ 6.697141399855752, 4.49605853327472 ], [ 6.732069947570096, 4.572289694214078 ], [ 6.724456046109708, 4.612705196387765 ], [ 6.689794418977328, 4.518517127363566 ], [ 6.700298586810391, 4.419594540555636 ], [ 6.681656287407804, 4.409390798446623 ], [ 6.706372928967539, 4.338723196218552 ], [ 6.640951640605806, 4.311949642362151 ], [ 6.549243264165341, 4.325280383882671 ], [ 6.544572830271932, 4.354928017214263 ], [ 6.514143944187708, 4.368941783936236 ], [ 6.512575149723432, 4.431702136644333 ], [ 6.566337109070389, 4.553831576865832 ], [ 6.543078423230668, 4.568368435155207 ], [ 6.548893452171114, 4.586297035279983 ], [ 6.511964797837209, 4.643144130597193 ], [ 6.607241153556458, 4.746353148878768 ], [ 6.537438869108598, 4.755611896871585 ], [ 6.461060046683883, 4.713280201120426 ], [ 6.444660187018087, 4.775567055375348 ], [ 6.429982184630148, 4.765873908753917 ], [ 6.399279117737137, 4.83844184861249 ], [ 6.44064092613786, 4.943194866150179 ], [ 6.411561012330878, 5.004581928013636 ], [ 6.493334769683941, 5.163454056259752 ], [ 6.558826447082936, 5.198422908890166 ], [ 6.549230098989938, 5.212652206234395 ], [ 6.566636085986602, 5.236972809747442 ], [ 6.530881882393032, 5.284537791785738 ], [ 6.56315994277719, 5.320212840650129 ], [ 6.569632053276678, 5.372142791956321 ], [ 6.485476971185335, 5.379205227339412 ], [ 6.476556778372696, 5.404050827183994 ], [ 6.524530411449405, 5.438663960173699 ], [ 6.530831336896711, 5.531958579724744 ], [ 6.584760188831694, 5.561688422782538 ], [ 6.617601394788608, 5.631519318261951 ], [ 6.601873333187825, 5.687458521893291 ], [ 6.668868064609569, 5.689925194092496 ], [ 6.639080048005837, 5.493445873028691 ], [ 6.741359711381619, 5.494053840812171 ], [ 6.762536049399216, 5.410212994434175 ], [ 6.755795002037758, 5.323452949594014 ], [ 6.818212986440244, 5.257966994581182 ], [ 6.903954983435767, 5.219525813665427 ], [ 7.039992332080487, 5.249618052930828 ], [ 7.210087776429759, 5.196576595333681 ], [ 7.27495002732195, 5.209591866371568 ], [ 7.2910690314107, 5.160048008009198 ], [ 7.241197109359177, 4.994009017802 ], [ 7.217877864971513, 4.961559772365661 ], [ 7.168517113074358, 4.944752215842129 ], [ 7.141855510423511, 4.901298027681889 ], [ 7.218010078802138, 4.857304672572639 ], [ 7.319794177959011, 4.879632950400378 ], [ 7.416359900688917, 4.866746902047964 ], [ 7.495132284027761, 4.828270242877466 ], [ 7.54225845896076, 4.730119211432509 ], [ 7.517499923382786, 4.679721832596556 ], [ 7.543707575244468, 4.579796084421787 ], [ 7.521420911745736, 4.550237687219521 ], [ 7.542669707241259, 4.514729457198712 ], [ 7.589435099350396, 4.489530197160946 ], [ 7.580250995087397, 4.450080850151153 ], [ 7.418445176703585, 4.43152835614876 ], [ 7.33342266612317, 4.443715811135803 ], [ 7.308054924395321, 4.408888816665581 ], [ 7.137316659935948, 4.374508025325156 ], [ 7.134745544970997, 4.410417690224278 ], [ 7.217447516889422, 4.520663660699427 ], [ 7.216747768794562, 4.54484232331464 ], [ 7.190276745975098, 4.609984379375646 ], [ 7.152780442263634, 4.659988713108646 ], [ 7.102399169386217, 4.678520317658581 ], [ 7.085702707014377, 4.723166614747527 ], [ 7.083538115291844, 4.684146329789314 ], [ 7.150220917761203, 4.640579460174024 ], [ 7.176110268074467, 4.584444046055921 ], [ 7.158905853322494, 4.463628911944795 ], [ 7.024137982282127, 4.441202241090593 ], [ 6.983824241995194, 4.617081009680874 ], [ 6.975576589188279, 4.503307866664784 ], [ 7.022499084765002, 4.37944412344757 ], [ 6.957471959363488, 4.37300528066919 ], [ 6.858177814054898, 4.398239956908526 ] ] ] } },
{ "type": "Feature", "properties": { "state": "Kwara", "zone_code": "NCZ", "state_key": "kwara" }, "geometry": { "type": "Polygon", "coordinates": [ [ [ 5.299073072664214, 8.007673264209814 ], [ 5.195789336908433, 8.018210411081668 ], [ 5.142349719763786, 8.061864853080579 ], [ 5.117887973051552, 8.062618255628024 ], [ 5.075738429584931, 8.024984360140138 ], [ 5.03971576666936, 8.071867942951258 ], [ 4.97318069043655, 8.021380363912726 ], [ 4.926877498597719, 8.07987308457524 ], [ 4.861309052370927, 8.094740868196538 ], [ 4.830049992213446, 8.055476187975728 ], [ 4.766197204237642, 8.0680561071037 ], [ 4.665557383566465, 8.043276787293962 ], [ 4.62896108628513, 8.074536324092151 ], [ 4.568998335604761, 8.054756164665321 ], [ 4.505629061831769, 8.091958999808071 ], [ 4.480495623174534, 8.210510320894628 ], [ 4.391735076912312, 8.304002761618221 ], [ 4.209143639067747, 8.680658339910508 ], [ 4.190364361226329, 8.753309249422387 ], [ 4.194975852653499, 8.816330910043519 ], [ 4.221106528843279, 8.860906599559996 ], [ 4.321018218815766, 8.942373276205785 ], [ 4.334852218255321, 8.98080062914579 ], [ 4.316407204029304, 8.997709273064572 ], [ 4.253385544307491, 8.966966627907595 ], [ 4.210460186288628, 8.970032691055906 ], [ 4.012060165144533, 9.034599303315247 ], [ 3.921370743964701, 9.172939300408416 ], [ 3.826070068778677, 9.182162284162132 ], [ 3.7707343102403, 9.146808623319373 ], [ 3.743066311361247, 9.046896934246149 ], [ 3.691454540194911, 8.996621755289823 ], [ 3.595700863903801, 8.999334614201132 ], [ 3.599984013751282, 8.956908512118162 ], [ 3.237358330622499, 8.782514568292754 ], [ 3.163577315940415, 8.808645245381797 ], [ 3.103630065075492, 8.750234600446504 ], [ 3.014477966584934, 8.710269923917906 ], [ 2.920714375767886, 8.611895555735373 ], [ 2.802357195827994, 8.610358232146723 ], [ 2.756388662406891, 8.575206047321274 ], [ 2.742957589820946, 8.770763390618015 ], [ 2.794722077561858, 9.056943886751014 ], [ 2.967930003566835, 9.081300724848631 ], [ 2.987499712641693, 9.061109538374524 ], [ 3.094999789408803, 9.090555186672589 ], [ 3.166388509422234, 9.302776332561734 ], [ 3.141666411675601, 9.44111060726874 ], [ 3.352777480296538, 9.703054424622053 ], [ 3.331110953307871, 9.755832668642768 ], [ 3.341165032939955, 9.80786118024929 ], [ 3.366577676918325, 9.837271317917043 ], [ 3.476943967690033, 9.856943127923046 ], [ 3.525277614670244, 9.844165800411417 ], [ 3.60944414063465, 9.948055264638811 ], [ 3.684285566625647, 10.15666566039198 ], [ 3.730682371594241, 10.068286895224105 ], [ 3.743058919833345, 10.084303854139591 ], [ 3.775092125401329, 10.033341406980412 ], [ 3.78819656332081, 10.034069059239755 ], [ 3.784556388266765, 10.062462805614018 ], [ 3.818045616012398, 10.066830633826726 ], [ 3.903416395350405, 10.019194601749518 ], [ 3.887048720622033, 9.988095281871836 ], [ 3.949246166977048, 9.99136924579409 ], [ 3.934515236788798, 9.966817854660292 ], [ 3.970524071728562, 9.948813437190438 ], [ 3.936151980429599, 9.91607761289157 ], [ 3.985255240237223, 9.893489836586753 ], [ 4.002277849842926, 9.906583784813847 ], [ 4.021918772633285, 9.856825828449246 ], [ 4.083461759852355, 9.851588247899372 ], [ 4.114887714396559, 9.881705284171574 ], [ 4.118815898235141, 9.85551643263733 ], [ 4.152861117446662, 9.862063407200537 ], [ 4.350583553388333, 9.588395119339339 ], [ 4.501166820092749, 9.440430639762269 ], [ 4.609726906171829, 9.361758232256648 ], [ 4.639310360284924, 9.308178900935559 ], [ 4.737516879900113, 9.268896102972803 ], [ 4.754539488606554, 9.247945786169169 ], [ 4.751920699680568, 9.179856300128222 ], [ 4.785332679259795, 9.135293961047523 ], [ 4.828239917738074, 9.134222031221839 ], [ 5.016323089039361, 9.20533180222094 ], [ 5.159452914920109, 9.106972693734861 ], [ 5.208971977175054, 9.035068512002283 ], [ 5.52541780508767, 8.940100669610274 ], [ 5.642038344693901, 8.835411073162561 ], [ 5.728248118655813, 8.819958687043822 ], [ 5.795752048018642, 8.741881370828651 ], [ 6.084474086709804, 8.760587692068384 ], [ 6.131645202564073, 8.751641273226255 ], [ 6.149538039349068, 8.720735550405379 ], [ 6.208536148424571, 8.732375145596563 ], [ 6.12513923618684, 8.555635452414265 ], [ 6.11131286569622, 8.431200981440213 ], [ 6.077967643691863, 8.397855759435799 ], [ 5.704662323307616, 8.445839882204837 ], [ 5.503032207170691, 8.534453392010505 ], [ 5.321502686100132, 8.341078758178185 ], [ 5.353197575707611, 8.309869765976941 ], [ 5.356675147939768, 8.274656296850651 ], [ 5.418407439751604, 8.283785820359356 ], [ 5.422319889051664, 8.228139876654041 ], [ 5.466228008216035, 8.202490807205038 ], [ 5.537089825335215, 8.205533981707958 ], [ 5.536654949166632, 8.156409264076331 ], [ 5.497963905110169, 8.11066436776639 ], [ 5.371161938272905, 8.096487999121905 ], [ 5.351968765446202, 8.025736809406283 ], [ 5.299073072664214, 8.007673264209814 ] ] ] } },
{ "type": "Feature", "properties": { "state": "Kogi", "zone_code": "NCZ", "state_key": "kogi" }, "geometry": { "type": "Polygon", "coordinates": [ [ [ 6.808122635351367, 6.580162525380274 ], [ 6.661695818407338, 6.557928405671419 ], [ 6.652776241630306, 6.634282111830032 ], [ 6.617936134145339, 6.704879283652076 ], [ 6.631689072292886, 6.769058228754318 ], [ 6.610790253367554, 6.822104931197657 ], [ 6.672980309094044, 6.93566131601699 ], [ 6.677258967727255, 7.0340757373055 ], [ 6.715768814579178, 7.120723248179388 ], [ 6.693305016113641, 7.216476058423382 ], [ 6.637670039640682, 7.294242953849277 ], [ 6.511441232327059, 7.26702499370856 ], [ 6.497326851253206, 7.33301019656335 ], [ 6.466869830778137, 7.36531877544121 ], [ 6.435657977833444, 7.359745025612483 ], [ 6.428203108886407, 7.415325460901329 ], [ 6.379771711895046, 7.398233711416708 ], [ 6.295480889731323, 7.499175627852992 ], [ 6.226923943285385, 7.47103691122453 ], [ 6.182785033802304, 7.429427147145191 ], [ 6.112411976631449, 7.448655128231621 ], [ 6.110102176774092, 7.494141101630589 ], [ 6.165878772187625, 7.548480033626674 ], [ 6.133570670849849, 7.552076817291322 ], [ 6.118761062573014, 7.59141683641792 ], [ 6.043387889939197, 7.577459812420443 ], [ 6.004125594720449, 7.529235839562375 ], [ 5.937628268429876, 7.648777007552894 ], [ 5.92873907075159, 7.746604443140598 ], [ 5.816439152145222, 7.727849007225927 ], [ 5.773028373360773, 7.747318744964161 ], [ 5.791615485866032, 7.782068728688898 ], [ 5.728981495099958, 7.828348637080012 ], [ 5.623199463384594, 7.842963219277181 ], [ 5.59884166840834, 7.958487988030299 ], [ 5.645469665692588, 7.963011741598621 ], [ 5.668087482051703, 8.002331734621919 ], [ 5.639902114890731, 8.053831100424986 ], [ 5.659736156298607, 8.06983757144684 ], [ 5.576571940942358, 8.071229935113479 ], [ 5.505934715115075, 8.018686295436225 ], [ 5.514633655818614, 8.104982376435601 ], [ 5.497963905110169, 8.114674567976977 ], [ 5.532742500765835, 8.146844864399043 ], [ 5.537089825335215, 8.205533981707958 ], [ 5.466228008216035, 8.202490807205038 ], [ 5.422319889051664, 8.228139876654041 ], [ 5.418407439751604, 8.283785820359356 ], [ 5.356675147939768, 8.274656296850651 ], [ 5.353197575707611, 8.309869765976941 ], [ 5.321502686100132, 8.341078758178185 ], [ 5.503032207170691, 8.534453392010505 ], [ 5.704662323307616, 8.445839882204837 ], [ 6.077967643691863, 8.397855759435799 ], [ 6.11131286569622, 8.431200981440213 ], [ 6.12513923618684, 8.555635452414265 ], [ 6.16987037711624, 8.662991524339418 ], [ 6.208536148424571, 8.732375145596563 ], [ 6.267717361267273, 8.738791465753593 ], [ 6.358722687302247, 8.684555053772783 ], [ 6.405604360852635, 8.61193466185523 ], [ 6.452945709377047, 8.448308945701342 ], [ 6.608298302124979, 8.314098357553235 ], [ 6.691258429832715, 8.183006287310377 ], [ 6.712633133112661, 8.20195102691838 ], [ 6.719986915563766, 8.274571418835933 ], [ 6.761353016428586, 8.272732735127647 ], [ 6.751241206616442, 8.304905891393844 ], [ 6.772384167195582, 8.335241318132375 ], [ 6.807315349923499, 8.342595099684161 ], [ 6.836731433908597, 8.391315459640794 ], [ 6.827889919184486, 8.457550048995586 ], [ 6.980814908980904, 8.443727660703019 ], [ 6.934631347658637, 8.310421944317341 ], [ 7.002655506046835, 8.167018890009842 ], [ 6.952556610399313, 7.91790342320445 ], [ 6.963587761166309, 7.879294872160642 ], [ 7.072845458551114, 7.942744732383517 ], [ 7.305553913382425, 8.027669527127046 ], [ 7.505344868271095, 8.047198296364343 ], [ 7.677225590088938, 8.016626357820201 ], [ 7.663638114607352, 7.905889033751976 ], [ 7.752635479343951, 7.744198798935486 ], [ 7.754673958236651, 7.647728443912627 ], [ 7.72425571113223, 7.620496190846552 ], [ 7.737407710597438, 7.539083313444223 ], [ 7.755783081324182, 7.530394076425523 ], [ 7.76412105574218, 7.433673383419944 ], [ 7.799378785003, 7.401134003431537 ], [ 7.802608319718217, 7.36428830705978 ], [ 7.76869506882241, 7.301886573406705 ], [ 7.801155285088385, 7.292601656041654 ], [ 7.789968967094183, 7.216886044055741 ], [ 7.718049202808515, 7.183600029817569 ], [ 7.691022244281214, 7.191829895833052 ], [ 7.643081219722546, 7.158281663567948 ], [ 7.601947784262904, 7.09056615790189 ], [ 7.607784271027356, 7.017608643424182 ], [ 7.530513762700025, 7.032278060883868 ], [ 7.470391429121207, 7.093908550339393 ], [ 7.400589888412696, 7.094882213943094 ], [ 7.384659289594595, 7.05166816815148 ], [ 7.24128818460207, 6.971317291160119 ], [ 7.210115060961357, 6.903500398624544 ], [ 7.156210423272455, 6.883088588667476 ], [ 7.081373691742556, 6.800374508277002 ], [ 6.990782260692811, 6.785407066283142 ], [ 6.986843108722553, 6.844488620753282 ], [ 6.963210582802219, 6.844488620753282 ], [ 6.944765314967356, 6.798650740839093 ], [ 6.896804810193885, 6.792390822678385 ], [ 6.800278187288541, 6.693467139596862 ], [ 6.808122635351367, 6.580162525380274 ] ] ] } },
{ "type": "Feature", "properties": { "state": "Benue", "zone_code": "NCZ", "state_key": "benue" }, "geometry": { "type": "Polygon", "coordinates": [ [ [ 9.737985610947248, 7.078073026049367 ], [ 9.645699501031174, 6.894820213282287 ], [ 9.64602947218242, 6.738594055071644 ], [ 9.598013759827211, 6.499882084190858 ], [ 9.525276184448387, 6.429721832696487 ], [ 9.467408519587536, 6.401266129328462 ], [ 9.471092223627295, 6.524884223628078 ], [ 9.300264358813138, 6.720088958938334 ], [ 9.135676384257749, 6.679891108887603 ], [ 9.070367813323969, 6.642453194559323 ], [ 9.035036086945922, 6.647288798839043 ], [ 8.992015838759983, 6.692360878152044 ], [ 8.969207763627423, 6.693666934781277 ], [ 8.994757652243891, 6.754340173260459 ], [ 8.974477768334395, 6.788922786857199 ], [ 8.848406792039896, 6.865565777039023 ], [ 8.720853805858496, 6.896295070860901 ], [ 8.600760460426955, 6.855791091585672 ], [ 8.641556740051556, 6.818769932086752 ], [ 8.62074089077953, 6.781025886735335 ], [ 8.468745231607215, 6.746480942141829 ], [ 8.419765472098902, 6.757152080803962 ], [ 8.366844177416908, 6.697814940806893 ], [ 8.321065902769249, 6.678613185749953 ], [ 8.278820991595524, 6.697955131624099 ], [ 8.229325293727356, 6.800125599317028 ], [ 8.220243454072204, 6.778783321093442 ], [ 8.173017502056098, 6.77333450328473 ], [ 8.127608299283622, 6.711577892006176 ], [ 8.031993555658119, 6.732458244252598 ], [ 7.987260177215433, 6.721696584329948 ], [ 7.974455105618688, 6.711260243365587 ], [ 7.987066268993146, 6.611223221174782 ], [ 7.959155246317607, 6.590753583011519 ], [ 7.950778277295683, 6.543111689153193 ], [ 7.878084183238514, 6.561727046665908 ], [ 7.811020853329751, 6.645724790566703 ], [ 7.903395652587335, 6.781468390953535 ], [ 7.88645887427765, 6.794072628648962 ], [ 7.888034344409505, 6.853941917285681 ], [ 7.818617992326551, 6.891946633830116 ], [ 7.674552917383267, 6.855517387417535 ], [ 7.620197773308632, 6.919325352283238 ], [ 7.57135725043679, 6.939806938839183 ], [ 7.530513762700025, 7.032278060883868 ], [ 7.607784271027356, 7.017608643424182 ], [ 7.601947784262904, 7.09056615790189 ], [ 7.643081219722546, 7.158281663567948 ], [ 7.691022244281214, 7.191829895833052 ], [ 7.718049202808515, 7.183600029817569 ], [ 7.779389874043488, 7.208916560550904 ], [ 7.797056197685436, 7.233145237163001 ], [ 7.801155285088385, 7.292601656041654 ], [ 7.76869506882241, 7.301886573406705 ], [ 7.802608319718217, 7.36428830705978 ], [ 7.799378785003, 7.401134003431537 ], [ 7.76412105574218, 7.433673383419944 ], [ 7.755783081324182, 7.530394076425523 ], [ 7.737407710597438, 7.539083313444223 ], [ 7.72425571113223, 7.620496190846552 ], [ 7.754673958236651, 7.647728443912627 ], [ 7.752635479343951, 7.744198798935486 ], [ 7.663638114607352, 7.905889033751976 ], [ 7.676837921133199, 8.014471054295768 ], [ 7.877028942132029, 7.983425139758424 ], [ 8.072406769057181, 7.877362251566694 ], [ 8.183121681120724, 7.853172779100532 ], [ 8.403155326657043, 7.766182899021601 ], [ 8.420060107987638, 7.782645516077764 ], [ 8.39110648507625, 7.890456929144023 ], [ 8.347916116635531, 7.928151386777131 ], [ 8.339716166567882, 7.960989481979084 ], [ 8.344406738979842, 7.973415652110702 ], [ 8.360296248672967, 7.962283598309455 ], [ 8.390913337680445, 8.078293828297603 ], [ 8.466258048570126, 8.139229774934222 ], [ 8.524424552750929, 8.157265663279759 ], [ 8.780536652444596, 8.075201987881485 ], [ 8.910846710007718, 8.056263923941003 ], [ 9.062466620738007, 8.074473382340784 ], [ 9.183191299239127, 7.895742893220017 ], [ 9.124285698026597, 7.826904773736373 ], [ 9.130218505779453, 7.788012981214138 ], [ 9.386640548722369, 7.844702721253611 ], [ 9.60153484305863, 7.829541205562236 ], [ 9.643062591665341, 7.7998781200792 ], [ 9.74721336380577, 7.654858111712542 ], [ 9.845761299344531, 7.574437618201557 ], [ 9.884653090967447, 7.507860184799711 ], [ 9.888607979274866, 7.46171760558309 ], [ 9.824958801407604, 7.254598140991448 ], [ 9.824008941959164, 7.172336103028783 ], [ 9.737985610947248, 7.078073026049367 ] ] ] } },
{ "type": "Feature", "properties": { "state": "Borno", "zone_code": "NEZ", "state_key": "borno" }, "geometry": { "type": "Polygon", "coordinates": [ [ [ 11.989193783566293, 10.037551040847916 ], [ 11.92073480027085, 10.024698729662703 ], [ 11.789934078894646, 10.039304656784509 ], [ 11.710892006860661, 10.173268616653388 ], [ 11.623104179914037, 10.209670941860509 ], [ 11.589769665237895, 10.282574223621566 ], [ 11.529335622141275, 10.313622265954848 ], [ 11.552433174651355, 10.368514793622865 ], [ 11.597003859440633, 10.395011619790466 ], [ 11.602510642152481, 10.427255061671815 ], [ 11.656472935377735, 10.460607730962067 ], [ 11.662756957167915, 10.496819822576811 ], [ 11.599836275124062, 10.534209644759358 ], [ 11.572779010343083, 10.572588160914961 ], [ 11.583307265617862, 10.593869208797003 ], [ 11.714348147349142, 10.634094832610458 ], [ 11.753748839237574, 10.662563407075652 ], [ 11.766960738946977, 10.705763688743275 ], [ 11.751243478204003, 10.812960548290732 ], [ 11.633808780550851, 10.833141203703633 ], [ 11.640248962419719, 10.875703878631157 ], [ 11.722138112683808, 10.896030424764319 ], [ 11.783325952230939, 10.936618080560038 ], [ 11.854852550005205, 10.934976253051673 ], [ 11.899573611333153, 10.968891394322441 ], [ 11.907947829328918, 10.939309532009361 ], [ 11.937693361959134, 10.94771459225467 ], [ 12.04253903484863, 11.049259288285555 ], [ 12.151343335426645, 11.048522828965417 ], [ 12.167161518988962, 11.08540985637984 ], [ 12.120513884108504, 11.140180264207856 ], [ 12.103222487827622, 11.247841789067365 ], [ 12.186900138730493, 11.301859856447265 ], [ 12.201899530039327, 11.356550218317977 ], [ 12.322065598248798, 11.450897686778887 ], [ 12.373544407348561, 11.549756497264582 ], [ 12.299958763186396, 11.608619083903648 ], [ 12.274844400049062, 11.694021494196647 ], [ 12.223719519140559, 11.63285502433996 ], [ 12.195800202017779, 11.657500007019735 ], [ 12.244301686773497, 11.809345082809386 ], [ 12.270383413763568, 11.826470028968686 ], [ 12.256122671624041, 11.885600599188365 ], [ 12.2805792166576, 11.995364176915302 ], [ 12.23796180629239, 12.089630787331032 ], [ 12.236437327720523, 12.137348869055131 ], [ 12.263557584614887, 12.178513286159273 ], [ 12.2502719126187, 12.212718507353259 ], [ 12.284858450856859, 12.26623331681418 ], [ 12.284636287734543, 12.315216255425923 ], [ 12.268436659424367, 12.323458506904615 ], [ 12.286157437915449, 12.329891546357828 ], [ 12.286791860156256, 12.424610842216623 ], [ 12.353099855773792, 12.459763706929607 ], [ 12.376953432355094, 12.519854223393736 ], [ 12.418808687071305, 12.524414570376166 ], [ 12.443757995834915, 12.561075412900038 ], [ 12.427527108889024, 12.602468475439821 ], [ 12.464610142644005, 12.61369227897552 ], [ 12.50392150757159, 12.691330202626773 ], [ 12.484987701920943, 12.801647797807675 ], [ 12.40924346901096, 12.859631009363625 ], [ 12.394541236189127, 12.916384550906344 ], [ 12.429575920092702, 13.07302761143518 ], [ 12.459165574131987, 13.066110610816111 ], [ 12.508494136595175, 13.139692157667014 ], [ 12.556287021229082, 13.161286972715686 ], [ 12.559080406335738, 13.20121506482343 ], [ 12.534162377791574, 13.207036940302601 ], [ 12.592979000080845, 13.254960000004019 ], [ 12.590984999857881, 13.282954000426855 ], [ 12.625541165292589, 13.278644878158673 ], [ 12.646140456017292, 13.307691469385873 ], [ 12.643720858830648, 13.288552331425024 ], [ 12.676596650914746, 13.276211106757216 ], [ 12.681778283740869, 13.320599666241662 ], [ 12.719585177314116, 13.30941544636579 ], [ 12.708277292563025, 13.323522703010383 ], [ 12.739227001225174, 13.32640671369893 ], [ 12.736415782562347, 13.348106120800878 ], [ 12.77288835561319, 13.393717276231371 ], [ 12.877127126415814, 13.485563814618388 ], [ 13.062049607903134, 13.549949020131237 ], [ 13.061013325404701, 13.527465414996982 ], [ 13.088502768388082, 13.516073469714911 ], [ 13.104175152960977, 13.539870436671379 ], [ 13.125227612064691, 13.521732661433248 ], [ 13.122446759910076, 13.541171289823239 ], [ 13.146644611359761, 13.55052911162926 ], [ 13.140448301348101, 13.517671141410119 ], [ 13.181120056345549, 13.53754452366087 ], [ 13.197764768129616, 13.513363482338889 ], [ 13.206659243029719, 13.549086797817495 ], [ 13.239673677298413, 13.565037921862654 ], [ 13.226321064265733, 13.589047023601324 ], [ 13.251424797416519, 13.58010152476561 ], [ 13.262614757665006, 13.595226891308016 ], [ 13.243295358693899, 13.616278623759513 ], [ 13.263140139805671, 13.619536128289724 ], [ 13.309239723334599, 13.69622738238786 ], [ 13.335376165078003, 13.693536216023574 ], [ 13.338353513703737, 13.721308985021665 ], [ 13.363361936704052, 13.707716863642418 ], [ 13.633536013975913, 13.70830004521099 ], [ 14.083228622103263, 13.083426859861731 ], [ 14.20327642676574, 12.538118868690901 ], [ 14.200139053674434, 12.501458447949062 ], [ 14.176120722193616, 12.479120682273731 ], [ 14.182259989107251, 12.446986266103352 ], [ 14.196998508674312, 12.448973266003463 ], [ 14.175785593430419, 12.409514716231229 ], [ 14.228313491374593, 12.362349277796966 ], [ 14.431372902737337, 12.370364766121099 ], [ 14.444445287919734, 12.35021236380959 ], [ 14.485407282020503, 12.351355876072887 ], [ 14.520345062174954, 12.327376130004438 ], [ 14.511610617136341, 12.296184467739067 ], [ 14.547753147090134, 12.280734397374601 ], [ 14.550024757236827, 12.23597940282724 ], [ 14.593223046006813, 12.228464058969223 ], [ 14.613604083861446, 12.185777888238988 ], [ 14.659298010195073, 12.198032716836451 ], [ 14.675172639705579, 12.173171665739858 ], [ 14.635819665844963, 12.092205771179465 ], [ 14.653385966888891, 12.063850079617509 ], [ 14.622300270840867, 12.042286119408914 ], [ 14.65640900377258, 11.962279396776808 ], [ 14.63401856480499, 11.932536480274393 ], [ 14.643207261905673, 11.912113709380208 ], [ 14.604653817719566, 11.869464343404786 ], [ 14.612220763777259, 11.825277324688841 ], [ 14.588609696580306, 11.754999156785686 ], [ 14.588609696580306, 11.692220683637686 ], [ 14.641109467328079, 11.646944041834104 ], [ 14.646387100983986, 11.57583236427223 ], [ 14.617776871605372, 11.505554196369133 ], [ 14.466665267588098, 11.416387555841084 ], [ 14.410831451010722, 11.403888699803701 ], [ 14.164443970612808, 11.234165190770966 ], [ 14.003610610741134, 11.28333282405066 ], [ 13.810751098684307, 11.051735043637393 ], [ 13.750673561235885, 10.914141311172614 ], [ 13.669883729650451, 10.944691656994451 ], [ 13.585414885788396, 10.949460982138646 ], [ 13.383103623133763, 10.878444668686541 ], [ 13.388671172136924, 10.895939577949207 ], [ 13.345744133285166, 10.930559158178653 ], [ 13.319385529318765, 10.737255095046635 ], [ 13.232516224943879, 10.58885586070943 ], [ 13.247998953289084, 10.507907357238821 ], [ 13.19707232522768, 10.40891665757772 ], [ 13.05197038232734, 10.464411736412558 ], [ 12.958608525862815, 10.548149108594544 ], [ 12.875391860246225, 10.57351112433895 ], [ 12.744581223844477, 10.579531670849974 ], [ 12.652495384854149, 10.439009665763535 ], [ 12.607284914267439, 10.450932374729348 ], [ 12.60256697098896, 10.484011375824366 ], [ 12.578842672851124, 10.492144442412155 ], [ 12.557374172979735, 10.395055795388714 ], [ 12.421584598350591, 10.371391918202505 ], [ 12.379230192019804, 10.350452662160706 ], [ 12.386869285289322, 10.317130148037961 ], [ 12.312801360794197, 10.315073012709433 ], [ 12.306364432672467, 10.3360524810372 ], [ 12.279784267230184, 10.328704705158088 ], [ 12.257152920570888, 10.359777549894034 ], [ 12.212732014271069, 10.280779547338284 ], [ 12.135995729319518, 10.236650820878708 ], [ 12.088993786733909, 10.1425141319217 ], [ 12.096594612051774, 10.067908027033866 ], [ 12.018753997399131, 10.066901094809737 ], [ 11.989193783566293, 10.037551040847916 ] ] ] } },
{ "type": "Feature", "properties": { "state": "Katsina", "zone_code": "NWZ", "state_key": "katsina" }, "geometry": { "type": "Polygon", "coordinates": [ [ [ 7.144266285260926, 11.130118950429278 ], [ 7.068960525807654, 11.203290701404796 ], [ 6.96773385972989, 11.245169639767084 ], [ 7.008699893585288, 11.293840408408187 ], [ 7.013628480569992, 11.349229694594783 ], [ 6.889442272842643, 11.383641353365817 ], [ 6.904012680340998, 11.553189277862941 ], [ 6.856800001419003, 11.589000002947841 ], [ 6.852000002198395, 11.620700001603836 ], [ 6.902210167365354, 11.798850444192681 ], [ 6.917399338109021, 11.785866567588073 ], [ 7.01733764801412, 11.815584920008121 ], [ 7.060018306799464, 11.789875414318942 ], [ 7.074800000119978, 11.817499999325548 ], [ 7.141816020293163, 11.849309142403058 ], [ 7.140817764728126, 11.911340510056561 ], [ 7.199764885840864, 11.900514497346251 ], [ 7.246568182575629, 11.932563021066642 ], [ 7.22032180141008, 11.949761493997812 ], [ 7.210800652827913, 11.985461921730348 ], [ 7.153866549002089, 12.025592539364254 ], [ 7.136398515079463, 12.085571253010983 ], [ 7.117235417380641, 12.093964401735775 ], [ 7.156845295174264, 12.185125079358954 ], [ 7.150427942595513, 12.231585999694175 ], [ 7.093265967650325, 12.28256746211872 ], [ 7.044474471319859, 12.65885700914373 ], [ 6.988991772552311, 12.673441929001854 ], [ 7.06071415723261, 12.739841594314157 ], [ 7.051266663126057, 12.995474501047454 ], [ 7.090555190669591, 12.995277404728483 ], [ 7.218888282967953, 13.125555039033884 ], [ 7.37972164194025, 13.099721908938989 ], [ 7.819701154684594, 13.352274842709846 ], [ 8.122220993304268, 13.303609848615679 ], [ 8.287221908664208, 13.198331832947758 ], [ 8.408609390211211, 13.088333130169872 ], [ 8.541942596173897, 13.074998855213039 ], [ 8.614999770822806, 13.021944046280737 ], [ 8.663610457556615, 12.943332672165127 ], [ 8.977528487249913, 12.837483301013606 ], [ 9.040895137700488, 12.846141420590129 ], [ 9.047338499572163, 12.816157329297369 ], [ 8.982868786565291, 12.806768769563121 ], [ 8.951332270268097, 12.738121687665796 ], [ 8.864637001796268, 12.669043435706044 ], [ 8.744812943062925, 12.666652041258772 ], [ 8.688016502059952, 12.688210581253372 ], [ 8.651846301765488, 12.733124862822194 ], [ 8.603826894995279, 12.737272796002799 ], [ 8.589058318286789, 12.808618953801727 ], [ 8.563190272912834, 12.834138750203181 ], [ 8.435351537043857, 12.815188293604933 ], [ 8.337479200105065, 12.836011287990573 ], [ 8.152061002413404, 12.818632779779023 ], [ 8.127836427609111, 12.80111341974856 ], [ 8.152304576594986, 12.796827571035635 ], [ 8.18489826574239, 12.735066746433233 ], [ 8.144535414377913, 12.721262380554492 ], [ 8.153242574884985, 12.655401583616253 ], [ 8.182134731832434, 12.651782658642844 ], [ 8.190395136126654, 12.624009392319635 ], [ 8.246199606926382, 12.594415679639951 ], [ 8.179865977932593, 12.564088130063226 ], [ 8.174343142322186, 12.519545844964796 ], [ 8.190386523319432, 12.505182900270654 ], [ 8.156739727156719, 12.440300485678904 ], [ 8.002419378051911, 12.39360169376323 ], [ 7.89235439793714, 12.330264883717462 ], [ 7.864537483018466, 12.280680187140945 ], [ 7.878136519284965, 12.253424836786849 ], [ 7.854221736643865, 12.155142348740469 ], [ 7.879790754739588, 12.044340710555389 ], [ 7.826216259972455, 11.95332943910239 ], [ 7.865105309562409, 11.873462988226379 ], [ 7.860846674334596, 11.761995857123168 ], [ 7.902302970006133, 11.653218495737065 ], [ 7.766854120621247, 11.628626162967123 ], [ 7.704876688908143, 11.592487098101174 ], [ 7.718539932272108, 11.569013019235513 ], [ 7.67960486886966, 11.523740264301807 ], [ 7.675170903614344, 11.483252131081031 ], [ 7.6944776050575, 11.420322715720829 ], [ 7.722348714921281, 11.415519916910682 ], [ 7.750667224912547, 11.371434143870715 ], [ 7.720486177595092, 11.369706341174776 ], [ 7.706176062675183, 11.310041560169907 ], [ 7.60750208175574, 11.271802082799923 ], [ 7.573983846377473, 11.319052097076678 ], [ 7.521725197360013, 11.340404114958005 ], [ 7.520295247427782, 11.361600846002318 ], [ 7.489499212218902, 11.352181935947613 ], [ 7.467724414050508, 11.377658567588867 ], [ 7.397914129233698, 11.37804232269508 ], [ 7.35778190810862, 11.264257115273722 ], [ 7.289577098404436, 11.28432877735122 ], [ 7.194785908043286, 11.257561206684386 ], [ 7.219711441429922, 11.194185952419843 ], [ 7.200276174705721, 11.151728553030352 ], [ 7.144266285260926, 11.130118950429278 ] ] ] } },
{ "type": "Feature", "properties": { "state": "Plateau", "zone_code": "NCZ", "state_key": "plateau" }, "geometry": { "type": "Polygon", "coordinates": [ [ [ 9.850530691038614, 8.422071364401972 ], [ 9.756654738925135, 8.367341996236178 ], [ 9.652753829925359, 8.384195328251849 ], [ 9.620464026193929, 8.383374038581053 ], [ 9.625098781283782, 8.366913888365332 ], [ 9.601553986927001, 8.392717346228608 ], [ 9.366942405667544, 8.481543541201518 ], [ 9.288908005100382, 8.460703850002744 ], [ 9.174925803882786, 8.46722602755915 ], [ 9.132393837205882, 8.428657532319335 ], [ 9.09715843181624, 8.440607070759768 ], [ 9.101412772781259, 8.473614692664 ], [ 9.049360275356491, 8.519665718198382 ], [ 9.019470215378192, 8.509875298206509 ], [ 8.975144386304407, 8.537506103823659 ], [ 8.98343181612546, 8.596580505086308 ], [ 8.951176642588052, 8.621312141042552 ], [ 8.891933441275341, 8.740353583651029 ], [ 8.900554657171767, 8.775506972668722 ], [ 8.945146560565377, 8.799559592601156 ], [ 8.958789824590781, 8.84952163661427 ], [ 9.023541450777373, 8.865909575766352 ], [ 9.071894646320914, 8.945277214072235 ], [ 9.0669631958948, 9.007926941175469 ], [ 9.044990539681692, 9.027093887073306 ], [ 8.951128006352462, 9.015204429640789 ], [ 8.798154830880776, 9.031578064176358 ], [ 8.799438477303909, 9.071156501671283 ], [ 8.76006889296508, 9.105176925674641 ], [ 8.764998435929101, 9.165241241290289 ], [ 8.66148471834515, 9.195393561563662 ], [ 8.698085784731234, 9.320570946292207 ], [ 8.695412636284175, 9.378367424417149 ], [ 8.642338752731291, 9.401107787794217 ], [ 8.553649902221252, 9.568984031787693 ], [ 8.580059611062268, 9.67273440237085 ], [ 8.599026454207547, 9.67872672815605 ], [ 8.598860068837155, 9.727923997694404 ], [ 8.64394792315818, 9.775360122171946 ], [ 8.63469241092605, 9.866834108307501 ], [ 8.679919242878782, 10.005089759784653 ], [ 8.672030659687266, 10.146223459445139 ], [ 8.686072779335348, 10.211230412153839 ], [ 8.734277066033826, 10.275103278393658 ], [ 8.799274878932579, 10.302921225734053 ], [ 8.818318428852479, 10.380446247596296 ], [ 8.929770470231063, 10.352089882442158 ], [ 8.954892159245787, 10.308810233805275 ], [ 8.930326461696893, 10.21504974385067 ], [ 8.973875998678466, 10.189959525711572 ], [ 8.977134704702905, 10.161149978688627 ], [ 8.938685901133454, 10.026567162944275 ], [ 8.977460860930023, 9.987416266747346 ], [ 9.002775390671786, 9.988791448866323 ], [ 9.003884225077002, 10.03176947568079 ], [ 9.058896064901546, 10.018059731071787 ], [ 9.124002523098, 10.058030656989274 ], [ 9.183000586308083, 10.038271278196987 ], [ 9.229707321036074, 10.048247259803247 ], [ 9.254759193881739, 10.030099895094111 ], [ 9.214289646050361, 10.017503611902214 ], [ 9.232135603875065, 9.861648915964736 ], [ 9.271268844581584, 9.842160225913744 ], [ 9.218720337773391, 9.77325565732275 ], [ 9.150382995878601, 9.747989654998605 ], [ 9.216561886621832, 9.683967479715477 ], [ 9.267150223903741, 9.680388445070719 ], [ 9.284633191968283, 9.698052392703801 ], [ 9.28975510441461, 9.614358402018695 ], [ 9.327155113217941, 9.595750809252479 ], [ 9.30929232008458, 9.598940875421135 ], [ 9.304031869775031, 9.571528104138736 ], [ 9.351026224780526, 9.53226699782374 ], [ 9.397403716808128, 9.531158446704978 ], [ 9.425445269783438, 9.476876502948301 ], [ 9.569105228023886, 9.472712446722085 ], [ 9.58992166725119, 9.511536043653564 ], [ 9.57046521789556, 9.529120419271976 ], [ 9.579220546091392, 9.551672913374318 ], [ 9.692341656342421, 9.522470311355846 ], [ 9.763830397155175, 9.540113729265215 ], [ 9.838871002294979, 9.601239204425781 ], [ 9.96229171788849, 9.612709998667526 ], [ 9.991197585899897, 9.638402938844592 ], [ 9.972589634304256, 9.699527657675333 ], [ 9.98432193161193, 9.712981361700542 ], [ 10.068202719579915, 9.730941534324415 ], [ 10.103291093009602, 9.719512445243197 ], [ 10.108758992633454, 9.690579709985684 ], [ 10.152244380074137, 9.67876298792163 ], [ 10.260596111221616, 9.687117869594033 ], [ 10.372870445015053, 9.603427887187308 ], [ 10.48890018489567, 9.552595139354253 ], [ 10.522958902931066, 9.4883910078388 ], [ 10.576660156241246, 9.446454047916006 ], [ 10.559869765976941, 9.351113318724742 ], [ 10.580260277289995, 9.326922418135155 ], [ 10.580149650785813, 9.245836258136876 ], [ 10.635760306892678, 9.126684189024161 ], [ 10.62252521456702, 9.094029426916563 ], [ 10.640036583221786, 9.073219299131381 ], [ 10.603165626692373, 8.985055923392224 ], [ 10.463807106013178, 8.963215828148009 ], [ 10.406956673311868, 8.934706687963342 ], [ 10.248636245866123, 8.808208466247777 ], [ 10.051827431191043, 8.591742515804526 ], [ 9.850530691038614, 8.422071364401972 ] ] ] } },
{ "type": "Feature", "properties": { "state": "Edo", "zone_code": "SSZ", "state_key": "edo" }, "geometry": { "type": "Polygon", "coordinates": [ [ [ 6.100496133090132, 5.801685168735617 ], [ 6.03978013994157, 5.76461076667357 ], [ 5.924606800163758, 5.748332024103661 ], [ 5.894185114951142, 5.798591687056785 ], [ 5.921317100803606, 5.877292156108183 ], [ 5.83331012706077, 5.941052913760984 ], [ 5.812038897976834, 5.983871936840444 ], [ 5.668930054178702, 6.052030087018977 ], [ 5.546327591245415, 5.985361575676222 ], [ 5.497275351776125, 6.042482852701539 ], [ 5.45619106336693, 6.022396564050212 ], [ 5.442778489835462, 6.041352430969937 ], [ 5.428089602952866, 6.00704731937833 ], [ 5.413356766201844, 6.02145256998017 ], [ 5.334343908644541, 6.021393299261376 ], [ 5.32695054972811, 5.98268556738509 ], [ 5.358699322216012, 5.969638347931436 ], [ 5.275984516072583, 5.906816275650669 ], [ 5.248584974716834, 5.984231742101258 ], [ 5.270169735345064, 6.054296017047591 ], [ 5.234040821127053, 6.064757327688596 ], [ 5.222382314092556, 6.147946124214286 ], [ 5.168694495754437, 6.16357469561575 ], [ 5.142962932393459, 6.143306732219969 ], [ 5.122467995401735, 6.205872058848513 ], [ 5.089201927227236, 6.201057433953451 ], [ 5.012897014685507, 6.302100182377558 ], [ 5.035301207884459, 6.328475951703865 ], [ 5.02924537737232, 6.363563060686772 ], [ 5.103693484866483, 6.402212143275847 ], [ 5.102768742583464, 6.441383590780163 ], [ 5.153385162095617, 6.498033046587864 ], [ 5.164249896915237, 6.554492473848654 ], [ 5.114416598946946, 6.621132374159799 ], [ 5.115957738358986, 6.677465916119161 ], [ 5.150810717840386, 6.745987890628726 ], [ 5.201615809721886, 6.780433655289016 ], [ 5.254822253344344, 6.882708581036241 ], [ 5.555240153310478, 6.883038998251209 ], [ 5.571213244195917, 6.845269680151659 ], [ 5.543577670373224, 6.812798976891315 ], [ 5.576634883593044, 6.704025745192041 ], [ 5.629253387334018, 6.745868206152863 ], [ 5.667370796125397, 6.727612018979528 ], [ 5.702557562581489, 6.736117364424899 ], [ 5.767152308332413, 6.791876792679886 ], [ 5.799811840444136, 6.921328545376127 ], [ 5.792581080752313, 7.021655082715938 ], [ 5.823740959177997, 7.08144092595802 ], [ 5.854922771169015, 7.096343040299132 ], [ 5.842559812585307, 7.118010997209808 ], [ 5.893875121339818, 7.182878969588842 ], [ 5.884325027178306, 7.199862003628596 ], [ 5.923961163377044, 7.296279906592474 ], [ 5.919308186223873, 7.337144852153244 ], [ 5.986694813414942, 7.355247973814983 ], [ 5.968483924193777, 7.414854050673966 ], [ 5.987259866449733, 7.447926998432308 ], [ 5.948134898606725, 7.487301826717953 ], [ 5.954218864409086, 7.515233040972134 ], [ 6.012996197116877, 7.53340578095208 ], [ 6.048503875853214, 7.580123900197862 ], [ 6.118761062573014, 7.59141683641792 ], [ 6.133570670849849, 7.552076817291322 ], [ 6.166984081250405, 7.54524647714328 ], [ 6.110102176774092, 7.494141101630589 ], [ 6.112411976631449, 7.448655128231621 ], [ 6.182785033802304, 7.429427147145191 ], [ 6.226923943285385, 7.47103691122453 ], [ 6.295480889731323, 7.499175627852992 ], [ 6.379771711895046, 7.398233711416708 ], [ 6.428203108886407, 7.415325460901329 ], [ 6.435657977833444, 7.359745025612483 ], [ 6.466869830778137, 7.36531877544121 ], [ 6.497326851253206, 7.33301019656335 ], [ 6.511441232327059, 7.26702499370856 ], [ 6.637670039640682, 7.294242953849277 ], [ 6.693305016113641, 7.216476058423382 ], [ 6.715768814579178, 7.120723248179388 ], [ 6.677258967727255, 7.0340757373055 ], [ 6.672980309094044, 6.93566131601699 ], [ 6.610790253367554, 6.822104931197657 ], [ 6.631689072292886, 6.769058228754318 ], [ 6.617936134145339, 6.704879283652076 ], [ 6.652776241630306, 6.634282111830032 ], [ 6.668920994208577, 6.50123405570713 ], [ 6.523318768346542, 6.487541198567499 ], [ 6.412735939711922, 6.396037102230537 ], [ 6.281655788184139, 6.357406139182046 ], [ 6.212637901418077, 6.279160976198114 ], [ 6.126613139584776, 6.356115817990656 ], [ 6.08801698659471, 6.318346977431133 ], [ 6.07663202274972, 6.27872276264543 ], [ 6.112161160209439, 6.240878104740773 ], [ 6.134387016047981, 6.135653018671917 ], [ 6.195523070833076, 6.054463880903427 ], [ 6.244851975937991, 6.053682279213888 ], [ 6.232762814152579, 6.033836841597008 ], [ 6.25663995656879, 6.016697884000223 ], [ 6.217640876725113, 5.916512012319572 ], [ 6.1208791728356, 5.839725018195054 ], [ 6.100496133090132, 5.801685168735617 ] ] ] } },
{ "type": "Feature", "properties": { "state": "Jigawa", "zone_code": "NWZ", "state_key": "jigawa" }, "geometry": { "type": "Polygon", "coordinates": [ [ [ 9.857819742087486, 11.023190370339364 ], [ 9.855164527920692, 11.076539993226163 ], [ 9.888989096669548, 11.093950039762547 ], [ 9.880956695694977, 11.196144315208016 ], [ 9.861470585798941, 11.198206727758304 ], [ 9.824922361777624, 11.279555851321504 ], [ 9.677649954581796, 11.221295040633663 ], [ 9.595624084883639, 11.247570586813197 ], [ 9.609396987980688, 11.315467894927451 ], [ 9.511793670641453, 11.313130586607315 ], [ 9.497519398201689, 11.278085663022978 ], [ 9.411639492868346, 11.299995817253205 ], [ 9.346144315307981, 11.346746133127567 ], [ 9.194971659014925, 11.326648778318486 ], [ 9.232485631706595, 11.405689055305686 ], [ 9.23151869323317, 11.449527157752186 ], [ 9.284237399436506, 11.502553683905433 ], [ 9.330505706573149, 11.516636082389311 ], [ 9.360311527055387, 11.560817456060818 ], [ 9.281907228136106, 11.613094105008997 ], [ 9.273991099609589, 11.644108900305525 ], [ 9.241398688398817, 11.645355392137674 ], [ 9.233001830869853, 11.67663773394429 ], [ 9.248879980326876, 11.696680444147205 ], [ 9.225754626175103, 11.735739992606625 ], [ 9.171219264257672, 11.702619054325964 ], [ 9.141502206861389, 11.75936458200988 ], [ 9.143934869398777, 11.826556042827178 ], [ 9.187067168614988, 11.834580513579908 ], [ 9.230000264400758, 11.894658304637119 ], [ 9.226550036954677, 11.908821296765495 ], [ 9.202028048255897, 11.904682221007761 ], [ 9.201046073117823, 11.961946890436707 ], [ 9.227965202931841, 12.014366012681364 ], [ 9.198712532057755, 12.082790336105177 ], [ 9.15629583598411, 12.067532689182315 ], [ 9.14894371458081, 12.019373484598702 ], [ 9.133339497719703, 12.035312798746702 ], [ 9.08469409355763, 12.027426902729417 ], [ 9.07408547576415, 12.073533917356428 ], [ 8.914999998651069, 12.07620000162882 ], [ 8.952237695113581, 12.185331892852616 ], [ 8.909896060954509, 12.300987923054265 ], [ 8.83962324401756, 12.308195393003018 ], [ 8.77460538163308, 12.275354881322755 ], [ 8.723540749905737, 12.294803306027802 ], [ 8.755630468871118, 12.343993654383667 ], [ 8.780027502167513, 12.341198902307553 ], [ 8.795099048782106, 12.382300603390206 ], [ 8.763844511315199, 12.419931273909185 ], [ 8.709885424173024, 12.415942697897265 ], [ 8.695567820598512, 12.442824899749382 ], [ 8.687487108043626, 12.482753999997158 ], [ 8.737576067081875, 12.550970528766925 ], [ 8.719116211344101, 12.566590309295407 ], [ 8.645744572554008, 12.559826921875015 ], [ 8.640747477014486, 12.592996530565472 ], [ 8.488667951564764, 12.600500829849466 ], [ 8.458427349342742, 12.586906936805747 ], [ 8.365613978602255, 12.431705143277782 ], [ 8.35467942401624, 12.479670207614049 ], [ 8.297087994915103, 12.53361246394411 ], [ 8.288612586102033, 12.599858144637722 ], [ 8.246199606926382, 12.594415679639951 ], [ 8.190395136126654, 12.624009392319635 ], [ 8.182134731832434, 12.651782658642844 ], [ 8.153242574884985, 12.655401583616253 ], [ 8.144535414377913, 12.721262380554492 ], [ 8.18489826574239, 12.735066746433233 ], [ 8.152304576594986, 12.796827571035635 ], [ 8.127836427609111, 12.80111341974856 ], [ 8.152061002413404, 12.818632779779023 ], [ 8.337479200105065, 12.836011287990573 ], [ 8.435351537043857, 12.815188293604933 ], [ 8.563190272912834, 12.834138750203181 ], [ 8.589058318286789, 12.808618953801727 ], [ 8.603826894995279, 12.737272796002799 ], [ 8.651846301765488, 12.733124862822194 ], [ 8.688016502059952, 12.688210581253372 ], [ 8.744812943062925, 12.666652041258772 ], [ 8.864637001796268, 12.669043435706044 ], [ 8.951332270268097, 12.738121687665796 ], [ 8.982868786565291, 12.806768769563121 ], [ 9.047338499572163, 12.816157329297369 ], [ 9.040895137700488, 12.846141420590129 ], [ 9.634931564739986, 12.802434921334623 ], [ 9.661990387146716, 12.833807799690248 ], [ 9.784418924793613, 12.798724061366386 ], [ 9.78695638173167, 12.81440605609464 ], [ 9.858193870850528, 12.820207731901348 ], [ 9.910233031329369, 12.858542380026847 ], [ 9.929673063561097, 12.918537914593117 ], [ 9.943062360839349, 12.911209778108798 ], [ 9.987998941098283, 12.956416817781985 ], [ 10.05117222741643, 12.952841703282047 ], [ 10.062216946255091, 12.977225857387452 ], [ 10.088749543856409, 12.983572616782908 ], [ 10.103655039648402, 12.966299776213759 ], [ 10.098623263552838, 12.985513558803746 ], [ 10.224334273607894, 13.014821153973116 ], [ 10.2820115043275, 12.979373909678259 ], [ 10.263975635767054, 12.954846954923084 ], [ 10.304662749386409, 12.861060255126745 ], [ 10.290516513426383, 12.815451401960672 ], [ 10.325251021617419, 12.811462194624653 ], [ 10.331009735011321, 12.847262016329012 ], [ 10.385395140373475, 12.841130544738917 ], [ 10.475218500933124, 12.790039292179642 ], [ 10.495064649913729, 12.815870398799916 ], [ 10.537698451322512, 12.823605224901257 ], [ 10.558079488277826, 12.809467985758999 ], [ 10.598615604826364, 12.706096874571131 ], [ 10.581006034700806, 12.647813126674521 ], [ 10.596496781401413, 12.616869896728417 ], [ 10.585722284555857, 12.568009870259345 ], [ 10.602550010174866, 12.562609212944892 ], [ 10.58600750094547, 12.538611109015505 ], [ 10.605231036683051, 12.511714984758783 ], [ 10.590513908390221, 12.504948748286154 ], [ 10.605591947210655, 12.488953508897339 ], [ 10.451978731433371, 12.439292699098814 ], [ 10.393866037287864, 12.465170574962087 ], [ 10.339213937073566, 12.441315396688253 ], [ 10.258073357299622, 12.459621498933075 ], [ 10.225000978812147, 12.433852896094322 ], [ 10.254056937377811, 12.391029850347365 ], [ 10.207682932021726, 12.354248277436113 ], [ 10.194995491748614, 12.328129204299387 ], [ 10.206627538030489, 12.311860835409277 ], [ 10.147536091017855, 12.238220385662316 ], [ 10.170390128701513, 12.164979934576365 ], [ 10.152493027331388, 12.089872270588842 ], [ 10.174489592021132, 12.039453532854282 ], [ 10.096590061881898, 12.018706410672337 ], [ 10.092727765973677, 11.994179739203673 ], [ 10.054045389583109, 11.978079265645647 ], [ 10.020079612883876, 11.983550072777689 ], [ 9.888763882147487, 11.936630699647139 ], [ 9.833508327847085, 11.890391750878678 ], [ 9.707925729289002, 11.849871787952679 ], [ 9.682552490005435, 11.866753680637885 ], [ 9.669522971008348, 11.784340499914208 ], [ 9.620054966863279, 11.75368070030413 ], [ 9.639735107289425, 11.732978133234326 ], [ 9.703725172278951, 11.720727179815526 ], [ 9.77956752122418, 11.736505050367839 ], [ 9.801982061123283, 11.691472456688587 ], [ 9.827777643623392, 11.692276464986946 ], [ 9.828206061760397, 11.634650231223247 ], [ 9.81067579924877, 11.624813298295123 ], [ 9.834908586661982, 11.598879487298575 ], [ 9.819567964689895, 11.579875789036464 ], [ 9.830783568207153, 11.540342700755104 ], [ 9.787869533552168, 11.504716107362526 ], [ 9.784703517953062, 11.468231546348818 ], [ 9.801438171834207, 11.443355710397782 ], [ 9.855712725861679, 11.465970105735835 ], [ 9.874845178262433, 11.452697158247304 ], [ 9.882633209155301, 11.358969687800879 ], [ 9.918282961889247, 11.347373859915763 ], [ 9.912999998850921, 11.316399999060764 ], [ 9.941470758668629, 11.313944955095678 ], [ 9.998535675181301, 11.264628530782147 ], [ 10.084171342633397, 11.269661234978059 ], [ 10.119931979077649, 11.237383418310174 ], [ 10.366720200077225, 11.202480316013805 ], [ 10.334010002859372, 11.118081768558795 ], [ 10.313522011331827, 11.130535393193895 ], [ 10.269551260682192, 11.087994977386359 ], [ 10.209846112707964, 11.092286615035277 ], [ 10.168825681560008, 11.058146053297776 ], [ 10.155629407571155, 11.005614535582424 ], [ 10.220297377022405, 10.946765754436058 ], [ 10.13403987873744, 10.947500228952435 ], [ 10.111239117791115, 10.962589713444572 ], [ 10.111928562353341, 10.992182408991027 ], [ 9.985526601371589, 10.95821580491554 ], [ 9.929153422692366, 10.991567538910829 ], [ 9.881496112655498, 10.989273191204859 ], [ 9.857819742087486, 11.023190370339364 ] ] ] } },
{ "type": "Feature", "properties": { "state": "Anambra", "zone_code": "SEZ", "state_key": "anambra" }, "geometry": { "type": "Polygon", "coordinates": [ [ [ 6.883046627200144, 5.751523018372666 ], [ 6.81068086572941, 5.787612914604381 ], [ 6.751369688260581, 5.749550841997802 ], [ 6.714305400873627, 5.761296272105312 ], [ 6.694906234735015, 5.746217728765203 ], [ 6.691257999956804, 5.699708999570703 ], [ 6.653137033447365, 5.681609277346297 ], [ 6.601873333187825, 5.687458521893291 ], [ 6.643630027603763, 5.747325420132086 ], [ 6.660915851685274, 5.856529237334485 ], [ 6.715875148619261, 5.969895840920344 ], [ 6.725514463621664, 6.040748672013649 ], [ 6.703152852422249, 6.051150246986367 ], [ 6.704537202230142, 6.081095483070158 ], [ 6.755330085814876, 6.120709896144831 ], [ 6.769402026981993, 6.167984008655139 ], [ 6.723134636254485, 6.265575642901638 ], [ 6.661695818407338, 6.557928405671419 ], [ 6.808122635351367, 6.580162525380274 ], [ 6.800278187288541, 6.693467139596862 ], [ 6.860965587392002, 6.753429071894175 ], [ 6.909815110678835, 6.696418646203597 ], [ 6.990934848664381, 6.713077545692215 ], [ 7.129078864597943, 6.659475803265764 ], [ 7.10946846030123, 6.593236445705429 ], [ 7.055431365964807, 6.545300007689264 ], [ 7.03224207271353, 6.442438967684268 ], [ 7.143867590616878, 6.388251376300047 ], [ 7.161759235800162, 6.315592934966048 ], [ 7.142588615272416, 6.289057255388059 ], [ 7.143441514314475, 6.23555519471654 ], [ 7.199536799783516, 6.234766961426203 ], [ 7.261300592148643, 6.079419043354221 ], [ 7.309481081886474, 6.078960749738883 ], [ 7.299537386840996, 6.048146257743667 ], [ 7.339062690590765, 6.042149544166193 ], [ 7.318281651377163, 5.998603343669402 ], [ 7.264029979699842, 5.991465091840553 ], [ 7.259231566883329, 5.936359881703254 ], [ 7.212119578755619, 5.928934574371169 ], [ 7.191403866295445, 5.900374888690237 ], [ 7.062781334391104, 5.931398392122162 ], [ 7.003111839140104, 5.905193329408689 ], [ 6.948365687826254, 5.838615894208203 ], [ 6.891510962660846, 5.80886983907186 ], [ 6.883046627200144, 5.751523018372666 ] ] ] } },
{ "type": "Feature", "properties": { "state": "Kano", "zone_code": "NWZ", "state_key": "kano" }, "geometry": { "type": "Polygon", "coordinates": [ [ [ 7.878918252275582, 11.386228914233072 ], [ 7.750667224912547, 11.371434143870715 ], [ 7.722348714921281, 11.415519916910682 ], [ 7.6944776050575, 11.420322715720829 ], [ 7.675170903614344, 11.483252131081031 ], [ 7.67960486886966, 11.523740264301807 ], [ 7.718539932272108, 11.569013019235513 ], [ 7.706871185556793, 11.595021802214433 ], [ 7.766854120621247, 11.628626162967123 ], [ 7.902302970006133, 11.653218495737065 ], [ 7.860846674334596, 11.761995857123168 ], [ 7.865105309562409, 11.873462988226379 ], [ 7.826216259972455, 11.95332943910239 ], [ 7.879790754739588, 12.044340710555389 ], [ 7.854221736643865, 12.155142348740469 ], [ 7.878136519284965, 12.253424836786849 ], [ 7.864537483018466, 12.280680187140945 ], [ 7.89235439793714, 12.330264883717462 ], [ 8.002419378051911, 12.39360169376323 ], [ 8.156739727156719, 12.440300485678904 ], [ 8.190386523319432, 12.505182900270654 ], [ 8.174343142322186, 12.519545844964796 ], [ 8.179865977932593, 12.564088130063226 ], [ 8.278800273913532, 12.604603956107724 ], [ 8.300039530300126, 12.527191023946671 ], [ 8.35467942401624, 12.479670207614049 ], [ 8.365613978602255, 12.431705143277782 ], [ 8.458427349342742, 12.586906936805747 ], [ 8.49243279873474, 12.601892556796088 ], [ 8.640747477014486, 12.592996530565472 ], [ 8.645744572554008, 12.559826921875015 ], [ 8.69192202837894, 12.572209768066386 ], [ 8.729983675606206, 12.559105350831317 ], [ 8.687487108043626, 12.482753999997158 ], [ 8.695567820598512, 12.442824899749382 ], [ 8.709885424173024, 12.415942697897265 ], [ 8.763844511315199, 12.419931273909185 ], [ 8.795099048782106, 12.382300603390206 ], [ 8.780027502167513, 12.341198902307553 ], [ 8.755630468871118, 12.343993654383667 ], [ 8.723540749905737, 12.294803306027802 ], [ 8.77460538163308, 12.275354881322755 ], [ 8.83962324401756, 12.308195393003018 ], [ 8.909896060954509, 12.300987923054265 ], [ 8.952237695113581, 12.185331892852616 ], [ 8.914999998651069, 12.07620000162882 ], [ 9.07408547576415, 12.073533917356428 ], [ 9.08469409355763, 12.027426902729417 ], [ 9.133339497719703, 12.035312798746702 ], [ 9.14894371458081, 12.019373484598702 ], [ 9.15629583598411, 12.067532689182315 ], [ 9.198712532057755, 12.082790336105177 ], [ 9.227965202931841, 12.014366012681364 ], [ 9.201046073117823, 11.961946890436707 ], [ 9.202028048255897, 11.904682221007761 ], [ 9.226550036954677, 11.908821296765495 ], [ 9.230000264400758, 11.894658304637119 ], [ 9.187067168614988, 11.834580513579908 ], [ 9.143934869398777, 11.826556042827178 ], [ 9.141502206861389, 11.75936458200988 ], [ 9.171219264257672, 11.702619054325964 ], [ 9.225754626175103, 11.735739992606625 ], [ 9.248879980326876, 11.696680444147205 ], [ 9.233001830869853, 11.67663773394429 ], [ 9.241398688398817, 11.645355392137674 ], [ 9.273991099609589, 11.644108900305525 ], [ 9.281907228136106, 11.613094105008997 ], [ 9.360311527055387, 11.560817456060818 ], [ 9.330505706573149, 11.516636082389311 ], [ 9.284237399436506, 11.502553683905433 ], [ 9.23151869323317, 11.449527157752186 ], [ 9.222237733784425, 11.373755062945861 ], [ 9.180426281447751, 11.30852368172259 ], [ 9.12957671719181, 11.328953610320923 ], [ 9.10181427420946, 11.30680688492987 ], [ 9.084915245841955, 11.314917490949483 ], [ 8.919893777375989, 11.177489674409003 ], [ 8.893353945628121, 11.117053995445588 ], [ 8.856180749442103, 11.098483736235494 ], [ 8.805270799308005, 11.103674185115608 ], [ 8.780375263707526, 11.019260269146173 ], [ 8.788697242783599, 10.94225025214746 ], [ 8.766717375806309, 10.941724745001011 ], [ 8.745073648430207, 10.859451852221241 ], [ 8.821589469978107, 10.76924038023941 ], [ 8.854420661984022, 10.696880341154895 ], [ 8.821880200111195, 10.672254869266851 ], [ 8.783176767893565, 10.596968705141705 ], [ 8.711128244972599, 10.543358511785925 ], [ 8.643929963696905, 10.63047962093782 ], [ 8.514212301256748, 10.643323252765924 ], [ 8.481234260752558, 10.715861896309491 ], [ 8.571637026627513, 10.748272388160217 ], [ 8.558667729831939, 10.789157126000589 ], [ 8.585043322891067, 10.861487555806093 ], [ 8.568487802270283, 10.90746791890939 ], [ 8.614759426106673, 11.01773997511981 ], [ 8.607312127652619, 11.071241218307648 ], [ 8.51963207725862, 11.114907427036201 ], [ 8.506047334816685, 11.132235616380626 ], [ 8.518701660253441, 11.162322834731071 ], [ 8.4646532902172, 11.169598067696711 ], [ 8.433814344756229, 11.226583402302197 ], [ 8.297907885240761, 11.234223938983632 ], [ 8.286115695782769, 11.268240543566264 ], [ 8.257274956673939, 11.279668045344067 ], [ 8.264405349327433, 11.313230860116164 ], [ 8.206780772114996, 11.318701683436018 ], [ 8.122913757264143, 11.386672797111942 ], [ 8.113721870268137, 11.408484264237472 ], [ 8.143324521309637, 11.420267574688864 ], [ 8.16170309002564, 11.497152818847553 ], [ 8.150081420121467, 11.519170437565663 ], [ 8.101531468202722, 11.523989174161102 ], [ 8.046956557699048, 11.486477749248763 ], [ 7.995718253394728, 11.491590777292572 ], [ 7.893784674323285, 11.427243269561302 ], [ 7.878918252275582, 11.386228914233072 ] ] ] } },
{ "type": "Feature", "properties": { "state": "Nasarawa", "zone_code": "NCZ", "state_key": "nasarawa" }, "geometry": { "type": "Polygon", "coordinates": [ [ [ 7.877028942132029, 7.983425139758424 ], [ 7.450995444783985, 8.048606492595582 ], [ 7.305553913382425, 8.027669527127046 ], [ 7.072845458551114, 7.942744732383517 ], [ 6.963587761166309, 7.879294872160642 ], [ 6.952556610399313, 7.91790342320445 ], [ 7.002655506046835, 8.167018890009842 ], [ 6.934631347658637, 8.310421944317341 ], [ 6.980814908980904, 8.443727660703019 ], [ 7.079858211787098, 8.44308110480921 ], [ 7.083543498633617, 8.41933623467952 ], [ 7.124194216689773, 8.42278890198628 ], [ 7.133418982899798, 8.449494384358388 ], [ 7.365309516021398, 8.487671284202463 ], [ 7.496000767421549, 8.654301644305463 ], [ 7.591669082761996, 8.834875106900711 ], [ 7.588679313599471, 9.129055977351527 ], [ 7.667605876709899, 9.303650855802402 ], [ 7.724080473734944, 9.329254915981664 ], [ 7.792929648584447, 9.275596618788995 ], [ 7.919086634240841, 9.317365551179307 ], [ 8.060933895582878, 9.265762078057492 ], [ 8.087242992769973, 9.230739065555497 ], [ 8.061646934758301, 9.052055201786175 ], [ 8.09906714683143, 9.039674703724643 ], [ 8.191895424734128, 9.052430753276667 ], [ 8.232776338657175, 9.104816294836212 ], [ 8.258407754414407, 9.182891938312366 ], [ 8.343294226347496, 9.194487277865619 ], [ 8.387311935097784, 9.175717353872813 ], [ 8.446608542650154, 9.11261749270318 ], [ 8.504345893947914, 9.001431465389885 ], [ 8.533261299269611, 9.004377364723666 ], [ 8.576347513626899, 9.034392360319202 ], [ 8.566833496668607, 9.060831069598237 ], [ 8.62071514139069, 9.114884376912528 ], [ 8.657807350029202, 9.207689285931849 ], [ 8.667521476934667, 9.18986988059055 ], [ 8.764998435929101, 9.165241241290289 ], [ 8.76006889296508, 9.105176925674641 ], [ 8.799438477303909, 9.071156501671283 ], [ 8.798154830880776, 9.031578064176358 ], [ 9.056705474677983, 9.023753167374821 ], [ 9.071894646320914, 8.945277214072235 ], [ 9.01620674114821, 8.857862472675038 ], [ 8.958789824590781, 8.84952163661427 ], [ 8.945146560565377, 8.799559592601156 ], [ 8.900554657171767, 8.775506972668722 ], [ 8.891933441275341, 8.740353583651029 ], [ 8.951176642588052, 8.621312141042552 ], [ 8.98343181612546, 8.596580505086308 ], [ 8.979003906005516, 8.530584334999105 ], [ 9.019470215378192, 8.509875298206509 ], [ 9.049360275356491, 8.519665718198382 ], [ 9.101412772781259, 8.473614692664 ], [ 9.09715843181624, 8.440607070759768 ], [ 9.132393837205882, 8.428657532319335 ], [ 9.174925803882786, 8.46722602755915 ], [ 9.288908005100382, 8.460703850002744 ], [ 9.355316161811459, 8.482957840232189 ], [ 9.601553986927001, 8.392717346228608 ], [ 9.616835972202409, 8.371847741779902 ], [ 9.609673499832184, 8.291272162880034 ], [ 9.483206748992302, 8.306058884310119 ], [ 9.389717101563008, 8.349109650090327 ], [ 9.363276482123979, 8.340537071328811 ], [ 9.323423386280297, 8.253451346902182 ], [ 9.411823272925744, 8.176929473816188 ], [ 9.386946677946867, 8.148825644587873 ], [ 9.415376663402355, 8.061924934088495 ], [ 9.335517882844044, 7.985507965120519 ], [ 9.179125786226109, 7.90808343889961 ], [ 9.057020187032037, 8.077641487065023 ], [ 8.910846710007718, 8.056263923941003 ], [ 8.780536652444596, 8.075201987881485 ], [ 8.503683090002653, 8.158167838874704 ], [ 8.390913337680445, 8.078293828297603 ], [ 8.360296248672967, 7.962283598309455 ], [ 8.344406738979842, 7.973415652110702 ], [ 8.339716166567882, 7.960989481979084 ], [ 8.347916116635531, 7.928151386777131 ], [ 8.39110648507625, 7.890456929144023 ], [ 8.420060107987638, 7.782645516077764 ], [ 8.403155326657043, 7.766182899021601 ], [ 8.183121681120724, 7.853172779100532 ], [ 8.072406769057181, 7.877362251566694 ], [ 7.877028942132029, 7.983425139758424 ] ] ] } },
{ "type": "Feature", "properties": { "state": "Kebbi", "zone_code": "NWZ", "state_key": "kebbi" }, "geometry": { "type": "Polygon", "coordinates": [ [ [ 5.396665073834129, 11.026059791326361 ], [ 5.387077541795179, 11.092206728257963 ], [ 5.393826354802457, 11.117807543683227 ], [ 5.41340085636449, 11.120896574617291 ], [ 5.389159190844055, 11.231079426174631 ], [ 5.333141327110582, 11.356429100322771 ], [ 5.249651102116729, 11.309372012208655 ], [ 5.233390218284001, 11.218191828290287 ], [ 5.071302413875344, 11.237557411045714 ], [ 5.052829266157744, 11.205430031171034 ], [ 5.058451653121324, 11.270487784783484 ], [ 5.011866568787184, 11.252014160425233 ], [ 4.966084956755424, 11.362051009746324 ], [ 4.898118060000513, 11.390632979728309 ], [ 4.878998152242957, 11.354755512357031 ], [ 4.711885107112039, 11.297079433668955 ], [ 4.703856605597935, 11.267968897946332 ], [ 4.738990615124862, 11.25110476237495 ], [ 4.70340633393522, 11.228543282246733 ], [ 4.746122360358697, 11.147592544860117 ], [ 4.802551745766493, 11.114037513720348 ], [ 4.979896069348172, 11.080523490766552 ], [ 4.995954513989659, 11.053992270926585 ], [ 5.04063987672896, 11.051897049309446 ], [ 5.08221006434303, 10.927081108406469 ], [ 5.025326252404682, 10.8902740478091 ], [ 5.028672217848623, 10.859322547697445 ], [ 5.047075748147336, 10.825024604601879 ], [ 5.108979224111977, 10.79574584979116 ], [ 5.101048355697117, 10.761334760290993 ], [ 5.055343616814525, 10.738048212554986 ], [ 5.026853812053844, 10.750420853239859 ], [ 5.011998827583852, 10.723858124752724 ], [ 4.946934004400816, 10.690052951682446 ], [ 4.862528522273522, 10.708221214837238 ], [ 4.806992053940178, 10.692852973785762 ], [ 4.796117306068879, 10.629277229160834 ], [ 4.823722363196566, 10.594979286065268 ], [ 4.818703174911661, 10.507143974015264 ], [ 4.853419303657972, 10.460297585365311 ], [ 4.93203527780588, 10.439524839699629 ], [ 4.950309537755004, 10.389651336639929 ], [ 4.946502400865143, 10.285335767331844 ], [ 4.871501790375362, 10.218330145120149 ], [ 4.793936082284404, 10.260665922894077 ], [ 4.696988582057486, 10.24029064159987 ], [ 4.646518671999161, 10.205048731413854 ], [ 4.624814229593085, 10.102672476353746 ], [ 4.529982567041884, 10.100580215304717 ], [ 4.527485370953173, 10.143033981433121 ], [ 4.568690777357517, 10.246047973635143 ], [ 4.482961178415678, 10.328677176010899 ], [ 4.485558032876952, 10.469764708974196 ], [ 4.510058401873778, 10.535167694333666 ], [ 4.600756675080561, 10.570699512672434 ], [ 4.690782877727656, 10.662859613180672 ], [ 4.698091581661231, 10.801210713303817 ], [ 4.722656257580297, 10.866920114771517 ], [ 4.694990337933802, 10.919294419302048 ], [ 4.614792611889584, 10.888466287289361 ], [ 4.539826393273472, 10.919966696705728 ], [ 4.381127597660566, 10.87997159970962 ], [ 4.338548177356529, 10.903487060879229 ], [ 4.329844857853971, 10.951355314995851 ], [ 4.277214161104723, 10.954357939067677 ], [ 4.256551806320829, 10.990335822040606 ], [ 4.267120184848693, 11.025278875819538 ], [ 4.100380421319414, 11.026324271148269 ], [ 3.99297318606375, 11.016467241070359 ], [ 3.932783798133812, 10.943011363683524 ], [ 3.802273546986669, 10.946065857953045 ], [ 3.770033367845713, 10.919743774555627 ], [ 3.717231055269053, 11.019837692355679 ], [ 3.722477218049221, 11.132389131553225 ], [ 3.663109865328067, 11.147833119802669 ], [ 3.488282685697413, 11.305782467187157 ], [ 3.474999904122342, 11.429721829898597 ], [ 3.510660586317044, 11.524691871132973 ], [ 3.510850900848425, 11.669978309051771 ], [ 3.613887471429734, 11.699619676806662 ], [ 3.664936108714471, 11.759182257954876 ], [ 3.660395338174339, 11.81010919628244 ], [ 3.631666659089092, 11.825277325588161 ], [ 3.618736929765532, 11.908223657695714 ], [ 3.671666144776793, 11.975554464866718 ], [ 3.628404008638142, 12.125261162372794 ], [ 3.666075013750913, 12.207109767601764 ], [ 3.657777309175515, 12.52888870025339 ], [ 3.952777384668593, 12.748888015069895 ], [ 4.10499954259484, 12.996386526916751 ], [ 4.142128342848764, 13.161862063083788 ], [ 4.126404704113838, 13.249674072800246 ], [ 4.300238917991692, 13.259614568957261 ], [ 4.374447310295182, 13.201090244319346 ], [ 4.470874279324562, 13.17884107985202 ], [ 4.623046776687431, 13.07011233311772 ], [ 4.702156003796574, 13.073203390224307 ], [ 4.731627658689547, 13.052771055040182 ], [ 4.646215274015731, 12.948615238602429 ], [ 4.694300000344811, 12.933299999995029 ], [ 4.806835267033989, 12.819476618151441 ], [ 4.770250369558937, 12.789276137383865 ], [ 4.730348161738334, 12.701841414849468 ], [ 4.811936707313237, 12.503556599557498 ], [ 4.757453541148038, 12.44959761403868 ], [ 4.75387713881895, 12.363726621886144 ], [ 4.709199998581141, 12.364899998835938 ], [ 4.691144436666491, 12.399958087595735 ], [ 4.629810477971205, 12.43293946278601 ], [ 4.587833946979117, 12.395935515411736 ], [ 4.592519297927311, 12.346801725419368 ], [ 4.548545784560361, 12.301487715885401 ], [ 4.549203694395032, 12.250755803637503 ], [ 4.521122757409387, 12.251402331652343 ], [ 4.562149196927919, 12.22998702937798 ], [ 4.552319659125033, 12.097726129157593 ], [ 4.588181817337045, 12.03882752467058 ], [ 4.55075238991094, 11.89190849078426 ], [ 4.548973482340386, 11.79550353176262 ], [ 4.43643449335724, 11.710825178239418 ], [ 4.417208449410452, 11.708540894846465 ], [ 4.393904474611873, 11.757455937341661 ], [ 4.368773788779379, 11.746984187370401 ], [ 4.375101571580331, 11.714620246227412 ], [ 4.427280380585159, 11.670561323346419 ], [ 4.41923090058566, 11.614177970636888 ], [ 4.496795957567429, 11.552430962319079 ], [ 4.482785916736702, 11.531998347445835 ], [ 4.522761340163754, 11.53031450630948 ], [ 4.569935376116746, 11.573654653239714 ], [ 4.547455094876796, 11.597402481239556 ], [ 4.546163707988796, 11.634397927322539 ], [ 4.634991580197322, 11.672292985033266 ], [ 4.666810559160012, 11.667562122993616 ], [ 4.661502217253599, 11.693896467747834 ], [ 4.676514174789361, 11.681882357984477 ], [ 4.721083571749489, 11.694750074556339 ], [ 4.815210015629759, 11.766086852426326 ], [ 4.849829730757506, 11.735107461640098 ], [ 4.889452520117743, 11.750159463288639 ], [ 4.89387336336506, 11.709247922054033 ], [ 5.007116690582848, 11.7497384213911 ], [ 5.062846882777478, 11.708116977816303 ], [ 5.081412046428852, 11.732326131945456 ], [ 5.177447729429218, 11.74413263321452 ], [ 5.17788648617244, 11.792395444194426 ], [ 5.237968523828386, 11.755887054743823 ], [ 5.309547473836915, 11.793685887693584 ], [ 5.317510023568786, 11.777855753939946 ], [ 5.296153065711451, 11.755298951185694 ], [ 5.327990740680207, 11.772153914571561 ], [ 5.349867734208601, 11.709346592071597 ], [ 5.440152410105668, 11.708834958766374 ], [ 5.461490378778024, 11.671355859085679 ], [ 5.49722284395915, 11.655896177666534 ], [ 5.564082545772919, 11.684359681753961 ], [ 5.669687793257083, 11.66144479683993 ], [ 5.705030877173272, 11.687973035427319 ], [ 5.787831458854782, 11.678871712859291 ], [ 5.828838815658855, 11.624814756096157 ], [ 5.816443093873715, 11.515465361137558 ], [ 5.835453048719273, 11.435351531947674 ], [ 5.933799054982444, 11.436640112051577 ], [ 5.967953207274718, 11.46691018865431 ], [ 6.009543367032791, 11.462646689892892 ], [ 6.079570357885757, 11.388411993318869 ], [ 6.204431513103884, 11.383673602155056 ], [ 6.174735030397358, 11.359389165777429 ], [ 6.190564498652748, 11.334081656143553 ], [ 6.135723549802037, 11.29537450702793 ], [ 6.105919500984214, 11.183345423752371 ], [ 6.046835324090978, 11.162614907551983 ], [ 6.059071077168539, 11.229763896086979 ], [ 6.015900000984288, 11.138 ], [ 5.977745701103288, 11.16697766538698 ], [ 5.914968404268507, 11.145087557944464 ], [ 5.897509750274821, 11.113565839991566 ], [ 5.800322574427298, 11.082531736250701 ], [ 5.729028951424993, 10.998357718034299 ], [ 5.679967797875634, 10.975718497810476 ], [ 5.578291906945992, 10.968852775635128 ], [ 5.556249047855317, 10.9473666841252 ], [ 5.522374994810207, 10.990498728833302 ], [ 5.500747952556026, 10.975300292374641 ], [ 5.447270014399692, 10.983490145753649 ], [ 5.396665073834129, 11.026059791326361 ] ] ] } },
{ "type": "Feature", "properties": { "state": "Imo", "zone_code": "SEZ", "state_key": "imo" }, "geometry": { "type": "Polygon", "coordinates": [ [ [ 7.432285786160151, 5.609393119896595 ], [ 7.322801113380706, 5.407506943390786 ], [ 7.264343654236313, 5.215610503621917 ], [ 7.231534003691365, 5.19455194531605 ], [ 7.039992332080487, 5.249618052930828 ], [ 6.903954983435767, 5.219525813665427 ], [ 6.827092647707559, 5.252425670708192 ], [ 6.755795002037758, 5.323452949594014 ], [ 6.762536049399216, 5.410212994434175 ], [ 6.741359711381619, 5.494053840812171 ], [ 6.639080048005837, 5.493445873028691 ], [ 6.668868064609569, 5.689925194092496 ], [ 6.691257999956804, 5.699708999570703 ], [ 6.694906234735015, 5.746217728765203 ], [ 6.714305400873627, 5.761296272105312 ], [ 6.751369688260581, 5.749550841997802 ], [ 6.81068086572941, 5.787612914604381 ], [ 6.876645564940929, 5.744104384909463 ], [ 6.891510962660846, 5.80886983907186 ], [ 6.948365687826254, 5.838615894208203 ], [ 7.003111839140104, 5.905193329408689 ], [ 7.062781334391104, 5.931398392122162 ], [ 7.188812733321015, 5.899531364181144 ], [ 7.212119578755619, 5.928934574371169 ], [ 7.260983943554209, 5.938930988574327 ], [ 7.284521102666815, 5.918389797651116 ], [ 7.395909785907918, 5.907576560709742 ], [ 7.400300980306042, 5.71271181140105 ], [ 7.381607532861381, 5.705608845371955 ], [ 7.432285786160151, 5.609393119896595 ] ] ] } },
{ "type": "Feature", "properties": { "state": "Gombe", "zone_code": "NEZ", "state_key": "gombe" }, "geometry": { "type": "Polygon", "coordinates": [ [ [ 10.969134278724027, 9.615353467688408 ], [ 10.989894507625479, 9.640553670215752 ], [ 10.95691314502568, 9.668597445415799 ], [ 10.956704504109609, 9.711389004099317 ], [ 10.981629401675605, 9.774779088184403 ], [ 10.945419806578855, 9.880443018230778 ], [ 10.717475890699859, 10.049853324871094 ], [ 10.711544209797466, 10.076210499814749 ], [ 10.73838875523694, 10.120955921078917 ], [ 10.807442704817049, 10.137963781803137 ], [ 10.857159615224134, 10.235681534275443 ], [ 10.8628708318235, 10.26827002714009 ], [ 10.819189562148608, 10.312951689169154 ], [ 10.835403442015263, 10.39955139208314 ], [ 10.804135832902432, 10.424469619377476 ], [ 10.810256426293108, 10.447773729973733 ], [ 10.790739231330519, 10.435145830215959 ], [ 10.730184902111603, 10.487406280575442 ], [ 10.661892961590979, 10.491392697315177 ], [ 10.558191220948117, 10.600614668232424 ], [ 10.56257781621332, 10.642259985210217 ], [ 10.528571757080954, 10.649671115629531 ], [ 10.494281108386474, 10.688327978253653 ], [ 10.568740360279435, 10.810789363638264 ], [ 10.652005119840453, 10.881438007258282 ], [ 10.677222530895108, 10.930871482832742 ], [ 10.642670943908968, 10.977034646631694 ], [ 10.707912077380513, 11.084798329079661 ], [ 10.738369176995946, 11.100978664233992 ], [ 10.772404477584644, 11.060340694967124 ], [ 10.799132485276004, 11.084257034334712 ], [ 10.929565693302152, 11.090735142412939 ], [ 11.008531705174107, 11.149093151827572 ], [ 10.98171599739544, 11.178820010934828 ], [ 11.077443462945496, 11.286717677079196 ], [ 11.091866404111329, 11.226097376292955 ], [ 11.181895937847287, 11.199021082756815 ], [ 11.223755760220229, 11.16483054029726 ], [ 11.248563215320189, 11.183573933390335 ], [ 11.311445166261478, 11.168915585685795 ], [ 11.31938185418926, 11.186231233084982 ], [ 11.371196303766453, 11.098431671784283 ], [ 11.448561668086541, 11.046656608915441 ], [ 11.517026900770929, 10.962398529268739 ], [ 11.539074897688408, 10.850962638814792 ], [ 11.516614914146999, 10.732112884901767 ], [ 11.516513824053789, 10.57027816770335 ], [ 11.583307265617862, 10.593869208797003 ], [ 11.572779010343083, 10.572588160914961 ], [ 11.599836275124062, 10.534209644759358 ], [ 11.662756957167915, 10.496819822576811 ], [ 11.65520817112025, 10.456442593750751 ], [ 11.602510642152481, 10.427255061671815 ], [ 11.597003859440633, 10.395011619790466 ], [ 11.552433174651355, 10.368514793622865 ], [ 11.529335622141275, 10.313622265954848 ], [ 11.589769665237895, 10.282574223621566 ], [ 11.623104179914037, 10.209670941860509 ], [ 11.710892006860661, 10.173268616653388 ], [ 11.789934078894646, 10.039304656784509 ], [ 11.835776250373726, 10.033885796292509 ], [ 11.822669510189769, 9.969896652208774 ], [ 11.834728303668328, 9.929654027611321 ], [ 11.801160789039216, 9.840684685749693 ], [ 11.85180331676969, 9.814048709280542 ], [ 11.854544455762095, 9.793490165938465 ], [ 11.776087387323116, 9.707141013247224 ], [ 11.756587981849918, 9.718674660207455 ], [ 11.654569626387172, 9.636945724165912 ], [ 11.634469729194677, 9.627462758099853 ], [ 11.613612785401756, 9.656329749318502 ], [ 11.5629872143885, 9.605118869839998 ], [ 11.468048096342613, 9.598470688271675 ], [ 11.42015361799514, 9.546006203323657 ], [ 11.278014183108098, 9.547817751787875 ], [ 11.222452164136087, 9.569261550879901 ], [ 11.11423819293833, 9.525595789114448 ], [ 11.076408086064362, 9.551371838339719 ], [ 10.99238205039137, 9.559283257116647 ], [ 10.969134278724027, 9.615353467688408 ] ] ] } },
{ "type": "Feature", "properties": { "state": "Adamawa", "zone_code": "NEZ", "state_key": "adamawa" }, "geometry": { "type": "Polygon", "coordinates": [ [ [ 12.201569479747718, 8.106791707171624 ], [ 12.221130370969888, 7.994506836021742 ], [ 12.03305435197683, 7.714999198854002 ], [ 12.02499961813794, 7.660554886099135 ], [ 12.043609619288532, 7.577776908877297 ], [ 11.852672103235022, 7.391217192719296 ], [ 11.771935462951319, 7.487935542990954 ], [ 11.758036511775629, 7.724809170107164 ], [ 11.632977594740282, 7.750405304561184 ], [ 11.646420377398556, 7.86579704289926 ], [ 11.590420504602662, 7.908017723639091 ], [ 11.551552773441813, 7.903331756655291 ], [ 11.514193535403365, 7.815756320797618 ], [ 11.489813805063079, 7.799793719604509 ], [ 11.341521262696176, 8.018668174996321 ], [ 11.362618345260501, 8.064387321018103 ], [ 11.546277046348678, 8.245888710395718 ], [ 11.629787914380813, 8.386566553603586 ], [ 11.612894521165288, 8.403721100948076 ], [ 11.785982132269623, 8.522228241040523 ], [ 11.792665337935034, 8.564482414332019 ], [ 11.757611853704134, 8.617212345873099 ], [ 11.788899319847758, 8.641214370846569 ], [ 11.743142417588558, 8.677604538118999 ], [ 11.769168402799608, 8.712018703300544 ], [ 11.827069597983609, 8.73908943632847 ], [ 11.843366776655444, 8.8666979646394 ], [ 11.873633521270051, 8.937624937640805 ], [ 11.831108167308116, 9.008385974033501 ], [ 11.706756592242982, 9.07449054660151 ], [ 11.687405585699253, 9.229547500716649 ], [ 11.647747040193792, 9.305399895089124 ], [ 11.599039086384778, 9.301582478048999 ], [ 11.53069396355562, 9.326079954826128 ], [ 11.525925635759506, 9.407815932559288 ], [ 11.443759674169655, 9.488472193237158 ], [ 11.429598808038634, 9.549625397194347 ], [ 11.468048096342613, 9.598470688271675 ], [ 11.5629872143885, 9.605118869839998 ], [ 11.613612785401756, 9.656329749318502 ], [ 11.634469729194677, 9.627462758099853 ], [ 11.756587981849918, 9.718674660207455 ], [ 11.776087387323116, 9.707141013247224 ], [ 11.817163230198958, 9.740880339755904 ], [ 11.854544455762095, 9.793490165938465 ], [ 11.85180331676969, 9.814048709280542 ], [ 11.801160789039216, 9.840684685749693 ], [ 11.834728303668328, 9.929654027611321 ], [ 11.822669510189769, 9.969896652208774 ], [ 11.835776250373726, 10.033885796292509 ], [ 11.931144942185369, 10.025888459884584 ], [ 11.991216874159477, 10.035313536590479 ], [ 12.018753997399131, 10.066901094809737 ], [ 12.096594612051774, 10.067908027033866 ], [ 12.088993786733909, 10.1425141319217 ], [ 12.135995729319518, 10.236650820878708 ], [ 12.212732014271069, 10.280779547338284 ], [ 12.257152920570888, 10.359777549894034 ], [ 12.279784267230184, 10.328704705158088 ], [ 12.306364432672467, 10.3360524810372 ], [ 12.312801360794197, 10.315073012709433 ], [ 12.386869285289322, 10.317130148037961 ], [ 12.379230192019804, 10.350452662160706 ], [ 12.421584598350591, 10.371391918202505 ], [ 12.557374172979735, 10.395055795388714 ], [ 12.578842672851124, 10.492144442412155 ], [ 12.60256697098896, 10.484011375824366 ], [ 12.607284914267439, 10.450932374729348 ], [ 12.652495384854149, 10.439009665763535 ], [ 12.728324892379931, 10.568127632384403 ], [ 12.760801315328479, 10.582926750069532 ], [ 12.958608525862815, 10.548149108594544 ], [ 13.05197038232734, 10.464411736412558 ], [ 13.19707232522768, 10.40891665757772 ], [ 13.247998953289084, 10.507907357238821 ], [ 13.232516224943879, 10.58885586070943 ], [ 13.319385529318765, 10.737255095046635 ], [ 13.345744133285166, 10.930559158178653 ], [ 13.388671172136924, 10.895939577949207 ], [ 13.383103623133763, 10.878444668686541 ], [ 13.585414885788396, 10.949460982138646 ], [ 13.669883729650451, 10.944691656994451 ], [ 13.750673561235885, 10.914141311172614 ], [ 13.560832977060272, 10.643610000701017 ], [ 13.518814913577444, 10.393795715699753 ], [ 13.492162320334842, 10.389801305785682 ], [ 13.487548915150342, 10.278110014165861 ], [ 13.517369148167688, 10.257323410846766 ], [ 13.507680933428389, 10.214493113866183 ], [ 13.463609695231298, 10.21749877764654 ], [ 13.462221145589467, 10.171943662570015 ], [ 13.410276413026111, 10.119720459431733 ], [ 13.318009267114007, 10.099689892774393 ], [ 13.245109988235413, 10.037584387709387 ], [ 13.286440330257108, 9.97112671612507 ], [ 13.235496070087606, 9.907690286377658 ], [ 13.259721755554608, 9.751665114953141 ], [ 13.23916626091426, 9.578887938127878 ], [ 13.186665535086433, 9.52666664155231 ], [ 13.023887634107098, 9.496110915986037 ], [ 12.968165685997633, 9.451904335216966 ], [ 12.897777557088659, 9.348054885424688 ], [ 12.942341750571359, 9.063494760774631 ], [ 12.92520963231874, 8.993062715272117 ], [ 12.844306339565946, 8.971222590350294 ], [ 12.881046835043435, 8.845536132686448 ], [ 12.878667373700409, 8.750357691554257 ], [ 12.857252225210061, 8.686112245184006 ], [ 12.816801387773864, 8.650420330433974 ], [ 12.826318654882073, 8.564764930956869 ], [ 12.754935401847376, 8.571898116904606 ], [ 12.731140792913322, 8.5124115923212 ], [ 12.681172111903493, 8.467201833098159 ], [ 12.602649898374182, 8.493375904274615 ], [ 12.585993670771359, 8.464822371755076 ], [ 12.440846548629338, 8.4553045281815 ], [ 12.336111068770833, 8.419721603169478 ], [ 12.275276184348456, 8.428333282654933 ], [ 12.247220993154372, 8.393888473973959 ], [ 12.237220764027086, 8.326665878627466 ], [ 12.255554199366884, 8.197776794863216 ], [ 12.201569479747718, 8.106791707171624 ] ] ] } },
{ "type": "Feature", "properties": { "state": "Yobe", "zone_code": "NEZ", "state_key": "yobe" }, "geometry": { "type": "Polygon", "coordinates": [ [ [ 11.714348147349142, 10.634094832610458 ], [ 11.516513824053789, 10.57027816770335 ], [ 11.53036212900912, 10.934866905383444 ], [ 11.448561668086541, 11.046656608915441 ], [ 11.371196303766453, 11.098431671784283 ], [ 11.31938185418926, 11.186231233084982 ], [ 11.311445166261478, 11.168915585685795 ], [ 11.248563215320189, 11.183573933390335 ], [ 11.223755760220229, 11.16483054029726 ], [ 11.181895937847287, 11.199021082756815 ], [ 11.091866404111329, 11.226097376292955 ], [ 11.077443462945496, 11.286717677079196 ], [ 10.98171599739544, 11.178820010934828 ], [ 10.926039709664906, 11.251214390631674 ], [ 10.94783633527868, 11.265765915065003 ], [ 10.91794404408239, 11.268766671244919 ], [ 10.933095644748278, 11.314892864813885 ], [ 10.910279247289452, 11.330908497229416 ], [ 10.939494905665413, 11.554035528217128 ], [ 10.927723747752793, 11.776640976699753 ], [ 10.905356812566879, 11.827323496382292 ], [ 10.877517119619426, 11.828989119951984 ], [ 10.817000389256634, 11.886130333148401 ], [ 10.799904609909845, 11.943920414395677 ], [ 10.823660583069511, 11.977205126415527 ], [ 10.826686273852488, 12.095884605390268 ], [ 10.799495321252095, 12.128041829267033 ], [ 10.750508165719339, 12.476171442857833 ], [ 10.651284642372389, 12.529352396995591 ], [ 10.589715305017364, 12.525692409876854 ], [ 10.602550010174866, 12.562609212944892 ], [ 10.585722284555857, 12.568009870259345 ], [ 10.596496781401413, 12.616869896728417 ], [ 10.581006034700806, 12.647813126674521 ], [ 10.600145113306382, 12.695164374935985 ], [ 10.558079488277826, 12.809467985758999 ], [ 10.537698451322512, 12.823605224901257 ], [ 10.495064649913729, 12.815870398799916 ], [ 10.475218500933124, 12.790039292179642 ], [ 10.385395140373475, 12.841130544738917 ], [ 10.331009735011321, 12.847262016329012 ], [ 10.325251021617419, 12.811462194624653 ], [ 10.290516513426383, 12.815451401960672 ], [ 10.304662749386409, 12.861060255126745 ], [ 10.263975635767054, 12.954846954923084 ], [ 10.2820115043275, 12.979373909678259 ], [ 10.224334273607894, 13.014821153973116 ], [ 10.098623263552838, 12.985513558803746 ], [ 10.103655039648402, 12.966299776213759 ], [ 10.088749543856409, 12.983572616782908 ], [ 10.05688302942832, 12.973972112023375 ], [ 10.05117222741643, 12.952841703282047 ], [ 10.029083420163772, 12.965077221636534 ], [ 9.964408593381904, 12.944368898006303 ], [ 9.943062360839349, 12.911209778108798 ], [ 9.929673063561097, 12.918537914593117 ], [ 9.915366912852789, 12.863380631910672 ], [ 9.858193870850528, 12.820207731901348 ], [ 9.78695638173167, 12.81440605609464 ], [ 9.765183857948728, 12.796216203814822 ], [ 9.661990387146716, 12.833807799690248 ], [ 9.962092456901416, 13.155631389976691 ], [ 10.17305374163692, 13.269721985581214 ], [ 10.463888168204448, 13.318609237226553 ], [ 10.704999923307867, 13.384443282931215 ], [ 11.10588547683335, 13.360545909366294 ], [ 11.392499923732544, 13.381109238000988 ], [ 11.819721222256646, 13.273054123049405 ], [ 12.090306750156458, 13.121543595960247 ], [ 12.199574724993624, 13.130401149193744 ], [ 12.233196293374306, 13.106265222362197 ], [ 12.258614369257771, 13.117693351866762 ], [ 12.280750547399919, 13.096610963325361 ], [ 12.429575920092702, 13.07302761143518 ], [ 12.394541236189127, 12.916384550906344 ], [ 12.40924346901096, 12.859631009363625 ], [ 12.484987701920943, 12.801647797807675 ], [ 12.50392150757159, 12.691330202626773 ], [ 12.464610142644005, 12.61369227897552 ], [ 12.427527108889024, 12.602468475439821 ], [ 12.443757995834915, 12.561075412900038 ], [ 12.418808687071305, 12.524414570376166 ], [ 12.376953432355094, 12.519854223393736 ], [ 12.353099855773792, 12.459763706929607 ], [ 12.286791860156256, 12.424610842216623 ], [ 12.286157437915449, 12.329891546357828 ], [ 12.268436659424367, 12.323458506904615 ], [ 12.284636287734543, 12.315216255425923 ], [ 12.284858450856859, 12.26623331681418 ], [ 12.2502719126187, 12.212718507353259 ], [ 12.263557584614887, 12.178513286159273 ], [ 12.236437327720523, 12.137348869055131 ], [ 12.23796180629239, 12.089630787331032 ], [ 12.2805792166576, 11.995364176915302 ], [ 12.256122671624041, 11.885600599188365 ], [ 12.270383413763568, 11.826470028968686 ], [ 12.244301686773497, 11.809345082809386 ], [ 12.195800202017779, 11.657500007019735 ], [ 12.223719519140559, 11.63285502433996 ], [ 12.274844400049062, 11.694021494196647 ], [ 12.299958763186396, 11.608619083903648 ], [ 12.373544407348561, 11.549756497264582 ], [ 12.322065598248798, 11.450897686778887 ], [ 12.201899530039327, 11.356550218317977 ], [ 12.186900138730493, 11.301859856447265 ], [ 12.103222487827622, 11.247841789067365 ], [ 12.120513884108504, 11.140180264207856 ], [ 12.167161518988962, 11.08540985637984 ], [ 12.151343335426645, 11.048522828965417 ], [ 12.04253903484863, 11.049259288285555 ], [ 11.937693361959134, 10.94771459225467 ], [ 11.907947829328918, 10.939309532009361 ], [ 11.899573611333153, 10.968891394322441 ], [ 11.854852550005205, 10.934976253051673 ], [ 11.783325952230939, 10.936618080560038 ], [ 11.722138112683808, 10.896030424764319 ], [ 11.640248962419719, 10.875703878631157 ], [ 11.633808780550851, 10.833141203703633 ], [ 11.733725634430527, 10.824247089431708 ], [ 11.75560190580336, 10.803954376693184 ], [ 11.766960738946977, 10.705763688743275 ], [ 11.753748839237574, 10.662563407075652 ], [ 11.714348147349142, 10.634094832610458 ] ] ] } },
{ "type": "Feature", "properties": { "state": "Abia", "zone_code": "SEZ", "state_key": "abia" }, "geometry": { "type": "Polygon", "coordinates": [ [ [ 7.479434014268406, 4.924125211609294 ], [ 7.499338149735877, 4.855082989188645 ], [ 7.488712310824553, 4.821804522960406 ], [ 7.416359900688917, 4.866746902047964 ], [ 7.319794177959011, 4.879632950400378 ], [ 7.218010078802138, 4.857304672572639 ], [ 7.141855510423511, 4.901298027681889 ], [ 7.168517113074358, 4.944752215842129 ], [ 7.217877864971513, 4.961559772365661 ], [ 7.241197109359177, 4.994009017802 ], [ 7.2910690314107, 5.160048008009198 ], [ 7.264343654236313, 5.215610503621917 ], [ 7.292263508254337, 5.327637195600119 ], [ 7.432285786160151, 5.609393119896595 ], [ 7.381607532861381, 5.705608845371955 ], [ 7.400300980306042, 5.71271181140105 ], [ 7.395909785907918, 5.907576560709742 ], [ 7.284521102666815, 5.918389797651116 ], [ 7.256415844415756, 5.950538635349801 ], [ 7.264029979699842, 5.991465091840553 ], [ 7.318281651377163, 5.998603343669402 ], [ 7.339062690590765, 6.042149544166193 ], [ 7.386810303352888, 6.036674976069321 ], [ 7.415839671663548, 6.006217957392892 ], [ 7.533384799768726, 6.010976791046119 ], [ 7.503497155369473, 5.900165637134478 ], [ 7.534576807973338, 5.834697727917842 ], [ 7.566697597616098, 5.843938827614863 ], [ 7.786321639731909, 5.804915428304412 ], [ 7.803929806015788, 5.744953156063332 ], [ 7.915388106675834, 5.655356884212893 ], [ 7.90794277234113, 5.535781860344628 ], [ 7.987501144262467, 5.362585067946554 ], [ 7.877982615605276, 5.367052077891117 ], [ 7.865297794157925, 5.418447971296871 ], [ 7.792839049982206, 5.439794064444584 ], [ 7.757159232912329, 5.510495186203912 ], [ 7.695939063636899, 5.518277644897466 ], [ 7.700029850297426, 5.431540966242665 ], [ 7.656886100912857, 5.445621013898744 ], [ 7.621983999561962, 5.388088000261064 ], [ 7.624836999827721, 5.364508000144156 ], [ 7.660895999850538, 5.36712400027244 ], [ 7.665349007350869, 5.344111919329634 ], [ 7.645483016627963, 5.323750974128188 ], [ 7.572082996133418, 5.32431316372157 ], [ 7.535016060243038, 5.303812980984333 ], [ 7.553071022309894, 5.275679110802344 ], [ 7.52788400744106, 5.156005860282278 ], [ 7.54690694759762, 5.088057040799868 ], [ 7.518901825259093, 5.053178786771639 ], [ 7.533027171766605, 5.0423498152918 ], [ 7.460275173060836, 4.977698802557768 ], [ 7.49141883940797, 4.959482192749022 ], [ 7.479434014268406, 4.924125211609294 ] ] ] } },
{ "type": "Feature", "properties": { "state": "Ekiti", "zone_code": "SWZ", "state_key": "ekiti" }, "geometry": { "type": "Polygon", "coordinates": [ [ [ 5.605469696169564, 7.473188396227556 ], [ 5.508306025902414, 7.319529057819807 ], [ 5.388226031805971, 7.28318691344532 ], [ 5.358230114428295, 7.295613290421045 ], [ 5.320331097002565, 7.441294670112995 ], [ 5.217449664870173, 7.434260845761457 ], [ 5.06524228999973, 7.460195065050243 ], [ 5.004573458198593, 7.413932547748914 ], [ 4.98710870680145, 7.419235229322396 ], [ 4.947844028379279, 7.454688071897067 ], [ 4.9022479060161, 7.576392650800244 ], [ 4.86386156126207, 7.622681618062245 ], [ 4.927299975813298, 7.880373954294612 ], [ 5.016461849035181, 7.955217360592769 ], [ 5.05763292202181, 8.039464951446405 ], [ 5.084393977999753, 8.02423191087405 ], [ 5.117887973051552, 8.062618255628024 ], [ 5.195789336908433, 8.018210411081668 ], [ 5.317722321128258, 8.007673264209814 ], [ 5.351968765446202, 8.025736809406283 ], [ 5.364011288390316, 8.090466499329523 ], [ 5.387344359854353, 8.102132797190905 ], [ 5.513937950176285, 8.1112461104197 ], [ 5.508718490965634, 8.017642974843454 ], [ 5.576571940942358, 8.071229935113479 ], [ 5.656256676604414, 8.07470893906634 ], [ 5.639902114890731, 8.053831100424986 ], [ 5.668087482051703, 8.002331734621919 ], [ 5.645469665692588, 7.963011741598621 ], [ 5.59884166840834, 7.958487988030299 ], [ 5.623199463384594, 7.842963219277181 ], [ 5.728981495099958, 7.828348637080012 ], [ 5.791615485866032, 7.782068728688898 ], [ 5.767605781581608, 7.737181187561816 ], [ 5.699404240013735, 7.682898045008812 ], [ 5.688617229101908, 7.632442951281234 ], [ 5.655056475575918, 7.628722667317277 ], [ 5.624599456899489, 7.582407951565756 ], [ 5.605469696169564, 7.473188396227556 ] ] ] } },
{ "type": "Feature", "properties": { "state": "Osun", "zone_code": "SWZ", "state_key": "osun" }, "geometry": { "type": "Polygon", "coordinates": [ [ [ 5.004573458198593, 7.413932547748914 ], [ 4.989670277261553, 7.377597331751531 ], [ 4.754682872016986, 7.361068429264662 ], [ 4.734695399073473, 7.28397389308077 ], [ 4.746673106978335, 7.222973347242203 ], [ 4.708982467866633, 7.164592743260528 ], [ 4.671884535942638, 7.166234015887198 ], [ 4.672955513386285, 7.140385627894489 ], [ 4.626796722091115, 7.104118824224429 ], [ 4.609585762073323, 7.031077861654069 ], [ 4.516273497823704, 7.022613047754021 ], [ 4.488862037752881, 6.991775513329344 ], [ 4.424521445808125, 7.002435207219094 ], [ 4.390379905608199, 6.980854988167209 ], [ 4.36855030095569, 7.05911207076548 ], [ 4.298218000160603, 7.090554000866518 ], [ 4.200775622796812, 7.047416686131214 ], [ 4.168871879133974, 7.174137114136556 ], [ 4.071053027575203, 7.138991831607768 ], [ 4.084511757012024, 7.207849978094089 ], [ 4.129712104829821, 7.276762485900065 ], [ 4.110903143964947, 7.326942646086309 ], [ 4.13174641536483, 7.358294694344693 ], [ 4.133833487325603, 7.464661389711409 ], [ 4.155370159405379, 7.509179003708084 ], [ 4.138718604679923, 7.598668574595081 ], [ 4.093373298738811, 7.621484278676576 ], [ 4.052928923830791, 7.674966810569913 ], [ 4.074169636219779, 7.681563377348027 ], [ 4.061259745940561, 7.754265783838889 ], [ 4.090156254707438, 7.860070779742728 ], [ 4.147110938618994, 7.849622249367371 ], [ 4.197049617346011, 7.865252017766466 ], [ 4.191331386933996, 7.910234449959944 ], [ 4.276341437407439, 7.971228599820051 ], [ 4.328186034957582, 7.935013293129032 ], [ 4.371104130051606, 7.848700920910801 ], [ 4.397185326441729, 7.896511077024627 ], [ 4.433019161405241, 7.891555308930435 ], [ 4.44979238361168, 7.938063144198793 ], [ 4.549669266223702, 7.970847129891183 ], [ 4.560724734658834, 8.053951263340196 ], [ 4.621718406978971, 8.075679778798815 ], [ 4.665557383566465, 8.043276787293962 ], [ 4.766197204237642, 8.0680561071037 ], [ 4.830049992213446, 8.055476187975728 ], [ 4.857497213825411, 8.072630881909731 ], [ 4.854066372165391, 8.095502852974334 ], [ 4.88723135024668, 8.090929031449718 ], [ 4.960805415637481, 8.052426337805286 ], [ 4.97318069043655, 8.021380363912726 ], [ 5.044290542374654, 8.0699615483868 ], [ 5.056488990674438, 8.031078338994178 ], [ 5.031329155116453, 7.976946353591416 ], [ 4.911100863713955, 7.850109576695672 ], [ 4.914290428060838, 7.783000468596811 ], [ 4.86386156126207, 7.622681618062245 ], [ 4.9022479060161, 7.576392650800244 ], [ 4.952418804084573, 7.447825909238361 ], [ 5.004573458198593, 7.413932547748914 ] ] ] } },
{ "type": "Feature", "properties": { "state": "Bauchi", "zone_code": "NEZ", "state_key": "bauchi" }, "geometry": { "type": "Polygon", "coordinates": [ [ [ 9.579220546091392, 9.551672913374318 ], [ 9.57046521789556, 9.529120419271976 ], [ 9.58992166725119, 9.511536043653564 ], [ 9.569105228023886, 9.472712446722085 ], [ 9.425445269783438, 9.476876502948301 ], [ 9.397403716808128, 9.531158446704978 ], [ 9.351026224780526, 9.53226699782374 ], [ 9.304031869775031, 9.571528104138736 ], [ 9.30929232008458, 9.598940875421135 ], [ 9.327155113217941, 9.595750809252479 ], [ 9.28975510441461, 9.614358402018695 ], [ 9.284633191968283, 9.698052392703801 ], [ 9.267150223903741, 9.680388445070719 ], [ 9.216561886621832, 9.683967479715477 ], [ 9.152183533043683, 9.744761466568491 ], [ 9.218720337773391, 9.77325565732275 ], [ 9.271268844581584, 9.842160225913744 ], [ 9.232135603875065, 9.861648915964736 ], [ 9.214289646050361, 10.017503611902214 ], [ 9.251268387226332, 10.024669648285681 ], [ 9.243869502875327, 10.038906159991313 ], [ 9.124002523098, 10.058030656989274 ], [ 9.058896064901546, 10.018059731071787 ], [ 9.003884225077002, 10.03176947568079 ], [ 9.002775390671786, 9.988791448866323 ], [ 8.977460860930023, 9.987416266747346 ], [ 8.938685901133454, 10.026567162944275 ], [ 8.978166579623974, 10.180500031950942 ], [ 8.930326461696893, 10.21504974385067 ], [ 8.953860283425399, 10.289460183240919 ], [ 8.94631004317398, 10.327730180003869 ], [ 8.925834657443545, 10.353850364702623 ], [ 8.810734765297241, 10.380740108269435 ], [ 8.749219530257164, 10.44069800081212 ], [ 8.776749334813985, 10.47946860429272 ], [ 8.793080213780911, 10.565462608412702 ], [ 8.781905254224171, 10.601013806242236 ], [ 8.85521888674225, 10.707400322666786 ], [ 8.766169519607672, 10.851136632449652 ], [ 8.745073648430207, 10.859451852221241 ], [ 8.766717375806309, 10.941724745001011 ], [ 8.788697242783599, 10.94225025214746 ], [ 8.792689084233871, 11.082900533832628 ], [ 8.802353822171199, 11.074312418383442 ], [ 8.805270799308005, 11.103674185115608 ], [ 8.856180749442103, 11.098483736235494 ], [ 8.893353945628121, 11.117053995445588 ], [ 8.919893777375989, 11.177489674409003 ], [ 9.084915245841955, 11.314917490949483 ], [ 9.10181427420946, 11.30680688492987 ], [ 9.12957671719181, 11.328953610320923 ], [ 9.174776019997353, 11.306259581814288 ], [ 9.287123236648085, 11.349394847893961 ], [ 9.346144315307981, 11.346746133127567 ], [ 9.464064574920258, 11.281500499448555 ], [ 9.497519398201689, 11.278085663022978 ], [ 9.520261226574405, 11.315387935305012 ], [ 9.609396987980688, 11.315467894927451 ], [ 9.595624084883639, 11.247570586813197 ], [ 9.677649954581796, 11.221295040633663 ], [ 9.824922361777624, 11.279555851321504 ], [ 9.861470585798941, 11.198206727758304 ], [ 9.880956695694977, 11.196144315208016 ], [ 9.888989096669548, 11.093950039762547 ], [ 9.85293197622974, 11.066160201632044 ], [ 9.868856429980326, 10.999569892636487 ], [ 10.006312746036429, 10.955663158428081 ], [ 10.010325577663309, 10.970077216990035 ], [ 10.111928562353341, 10.992182408991027 ], [ 10.111239117791115, 10.962589713444572 ], [ 10.13403987873744, 10.947500228952435 ], [ 10.220297377022405, 10.946765754436058 ], [ 10.155629407571155, 11.005614535582424 ], [ 10.168825681560008, 11.058146053297776 ], [ 10.209846112707964, 11.092286615035277 ], [ 10.269551260682192, 11.087994977386359 ], [ 10.313522011331827, 11.130535393193895 ], [ 10.334010002859372, 11.118081768558795 ], [ 10.365509986896427, 11.205920219242785 ], [ 10.175620079403188, 11.224349975570988 ], [ 10.119931979077649, 11.237383418310174 ], [ 10.084171342633397, 11.269661234978059 ], [ 10.011856859606439, 11.261368384043749 ], [ 9.912999998850921, 11.316399999060764 ], [ 9.918282961889247, 11.347373859915763 ], [ 9.882633209155301, 11.358969687800879 ], [ 9.874845178262433, 11.452697158247304 ], [ 9.855712725861679, 11.465970105735835 ], [ 9.801438171834207, 11.443355710397782 ], [ 9.784703517953062, 11.468231546348818 ], [ 9.787869533552168, 11.504716107362526 ], [ 9.830783568207153, 11.540342700755104 ], [ 9.819567964689895, 11.579875789036464 ], [ 9.834908586661982, 11.598879487298575 ], [ 9.81067579924877, 11.624813298295123 ], [ 9.828206061760397, 11.634650231223247 ], [ 9.827777643623392, 11.692276464986946 ], [ 9.801982061123283, 11.691472456688587 ], [ 9.77956752122418, 11.736505050367839 ], [ 9.703725172278951, 11.720727179815526 ], [ 9.639735107289425, 11.732978133234326 ], [ 9.620054966863279, 11.75368070030413 ], [ 9.669522971008348, 11.784340499914208 ], [ 9.682552490005435, 11.866753680637885 ], [ 9.707925729289002, 11.849871787952679 ], [ 9.833508327847085, 11.890391750878678 ], [ 9.888763882147487, 11.936630699647139 ], [ 10.020079612883876, 11.983550072777689 ], [ 10.054045389583109, 11.978079265645647 ], [ 10.092727765973677, 11.994179739203673 ], [ 10.096590061881898, 12.018706410672337 ], [ 10.174489592021132, 12.039453532854282 ], [ 10.152493027331388, 12.089872270588842 ], [ 10.170390128701513, 12.164979934576365 ], [ 10.147536091017855, 12.238220385662316 ], [ 10.206627538030489, 12.311860835409277 ], [ 10.194995491748614, 12.328129204299387 ], [ 10.207682932021726, 12.354248277436113 ], [ 10.254056937377811, 12.391029850347365 ], [ 10.225000978812147, 12.433852896094322 ], [ 10.258073357299622, 12.459621498933075 ], [ 10.339213937073566, 12.441315396688253 ], [ 10.393866037287864, 12.465170574962087 ], [ 10.451978731433371, 12.439292699098814 ], [ 10.538997579574698, 12.477849174899575 ], [ 10.570082595735244, 12.469947450814232 ], [ 10.605591947210655, 12.488953508897339 ], [ 10.592510417721655, 12.519845372266161 ], [ 10.651284642372389, 12.529352396995591 ], [ 10.750508165719339, 12.476171442857833 ], [ 10.799495321252095, 12.128041829267033 ], [ 10.826686273852488, 12.095884605390268 ], [ 10.823660583069511, 11.977205126415527 ], [ 10.799904609909845, 11.943920414395677 ], [ 10.817000389256634, 11.886130333148401 ], [ 10.877517119619426, 11.828989119951984 ], [ 10.905356812566879, 11.827323496382292 ], [ 10.927723747752793, 11.776640976699753 ], [ 10.939494905665413, 11.554035528217128 ], [ 10.910279247289452, 11.330908497229416 ], [ 10.933095644748278, 11.314892864813885 ], [ 10.917039944837654, 11.270896318910047 ], [ 10.944268966639527, 11.275769635360405 ], [ 10.926039709664906, 11.251214390631674 ], [ 11.008531705174107, 11.149093151827572 ], [ 10.929565693302152, 11.090735142412939 ], [ 10.799132485276004, 11.084257034334712 ], [ 10.772404477584644, 11.060340694967124 ], [ 10.738369176995946, 11.100978664233992 ], [ 10.707912077380513, 11.084798329079661 ], [ 10.642670943908968, 10.977034646631694 ], [ 10.677222530895108, 10.930871482832742 ], [ 10.652005119840453, 10.881438007258282 ], [ 10.568740360279435, 10.810789363638264 ], [ 10.494281108386474, 10.688327978253653 ], [ 10.528571757080954, 10.649671115629531 ], [ 10.56257781621332, 10.642259985210217 ], [ 10.558191220948117, 10.600614668232424 ], [ 10.661892961590979, 10.491392697315177 ], [ 10.730184902111603, 10.487406280575442 ], [ 10.790739231330519, 10.435145830215959 ], [ 10.810256426293108, 10.447773729973733 ], [ 10.804135832902432, 10.424469619377476 ], [ 10.835403442015263, 10.39955139208314 ], [ 10.819189562148608, 10.312951689169154 ], [ 10.8628708318235, 10.26827002714009 ], [ 10.857159615224134, 10.235681534275443 ], [ 10.807442704817049, 10.137963781803137 ], [ 10.73838875523694, 10.120955921078917 ], [ 10.711544209797466, 10.076210499814749 ], [ 10.717475890699859, 10.049853324871094 ], [ 10.945419806578855, 9.880443018230778 ], [ 10.981629401675605, 9.774779088184403 ], [ 10.956318280364371, 9.671869203301128 ], [ 10.988169966770613, 9.630225100408097 ], [ 10.773542915872895, 9.447321510579286 ], [ 10.522958902931066, 9.4883910078388 ], [ 10.48890018489567, 9.552595139354253 ], [ 10.372870445015053, 9.603427887187308 ], [ 10.260596111221616, 9.687117869594033 ], [ 10.152244380074137, 9.67876298792163 ], [ 10.108758992633454, 9.690579709985684 ], [ 10.103291093009602, 9.719512445243197 ], [ 10.071076025638149, 9.730845437267192 ], [ 9.972589634304256, 9.699527657675333 ], [ 9.991656303095965, 9.645744324141276 ], [ 9.980644226050231, 9.623262405235835 ], [ 9.831425263265317, 9.598602098108415 ], [ 9.745687007449476, 9.531488184032526 ], [ 9.651006958904077, 9.521902661078968 ], [ 9.579220546091392, 9.551672913374318 ] ] ] } },
{ "type": "Feature", "properties": { "state": "Niger", "zone_code": "NCZ", "state_key": "niger" }, "geometry": { "type": "Polygon", "coordinates": [ [ [ 6.837650775762768, 8.39683151256429 ], [ 6.749403000448183, 8.299390792651025 ], [ 6.755837916786504, 8.268136024058322 ], [ 6.719986915563766, 8.274571418835933 ], [ 6.712633133112661, 8.20195102691838 ], [ 6.691258429832715, 8.183006287310377 ], [ 6.608298302124979, 8.314098357553235 ], [ 6.452945709377047, 8.448308945701342 ], [ 6.39825057930085, 8.62940025411848 ], [ 6.30264902063584, 8.727760314986597 ], [ 6.246574879127422, 8.738791465753593 ], [ 6.149538039349068, 8.720735550405379 ], [ 6.131645202564073, 8.751641273226255 ], [ 6.084474086709804, 8.760587692068384 ], [ 5.795752048018642, 8.741881370828651 ], [ 5.728248118655813, 8.819958687043822 ], [ 5.642038344693901, 8.835411073162561 ], [ 5.52541780508767, 8.940100669610274 ], [ 5.208971977175054, 9.035068512002283 ], [ 5.159452914920109, 9.106972693734861 ], [ 5.016323089039361, 9.20533180222094 ], [ 4.828239917738074, 9.134222031221839 ], [ 4.764554977430294, 9.149931907631469 ], [ 4.737516879900113, 9.268896102972803 ], [ 4.639310360284924, 9.308178900935559 ], [ 4.609726906171829, 9.361758232256648 ], [ 4.501166820092749, 9.440430639762269 ], [ 4.350583553388333, 9.588395119339339 ], [ 4.152861117446662, 9.862063407200537 ], [ 4.118815898235141, 9.85551643263733 ], [ 4.114887714396559, 9.881705284171574 ], [ 4.083461759852355, 9.851588247899372 ], [ 4.021918772633285, 9.856825828449246 ], [ 4.002277849842926, 9.906583784813847 ], [ 3.985255240237223, 9.893489836586753 ], [ 3.945972443173787, 9.9078931797265 ], [ 3.934515236788798, 9.927535055798216 ], [ 3.970524071728562, 9.948813437190438 ], [ 3.934515236788798, 9.966817854660292 ], [ 3.949246166977048, 9.99136924579409 ], [ 3.887048720622033, 9.988095281871836 ], [ 3.903416395350405, 10.019194601749518 ], [ 3.818045616012398, 10.066830633826726 ], [ 3.784556388266765, 10.062462805614018 ], [ 3.78819656332081, 10.034069059239755 ], [ 3.775092125401329, 10.033341406980412 ], [ 3.743058919833345, 10.084303854139591 ], [ 3.730682371594241, 10.068286895224105 ], [ 3.715393780798365, 10.089399337309601 ], [ 3.680555341555817, 10.180831906967001 ], [ 3.581943987624982, 10.27527618205022 ], [ 3.637221812736527, 10.41166495967019 ], [ 3.683888435003325, 10.4480552654382 ], [ 3.793611048611069, 10.405553817254884 ], [ 3.854999542195173, 10.584999083940602 ], [ 3.848790006753461, 10.682798928327941 ], [ 3.748610974416977, 10.803054808232844 ], [ 3.770033367845713, 10.919743774555627 ], [ 3.802273546986669, 10.946065857953045 ], [ 3.932783798133812, 10.943011363683524 ], [ 3.99297318606375, 11.016467241070359 ], [ 4.100380421319414, 11.026324271148269 ], [ 4.267120184848693, 11.025278875819538 ], [ 4.256551806320829, 10.990335822040606 ], [ 4.277214161104723, 10.954357939067677 ], [ 4.329844857853971, 10.951355314995851 ], [ 4.338548177356529, 10.903487060879229 ], [ 4.381127597660566, 10.87997159970962 ], [ 4.539826393273472, 10.919966696705728 ], [ 4.614792611889584, 10.888466287289361 ], [ 4.694990337933802, 10.919294419302048 ], [ 4.722656257580297, 10.866920114771517 ], [ 4.698091581661231, 10.801210713303817 ], [ 4.690782877727656, 10.662859613180672 ], [ 4.600756675080561, 10.570699512672434 ], [ 4.510058401873778, 10.535167694333666 ], [ 4.485558032876952, 10.469764708974196 ], [ 4.482961178415678, 10.328677176010899 ], [ 4.568690777357517, 10.246047973635143 ], [ 4.527485370953173, 10.143033981433121 ], [ 4.529982567041884, 10.100580215304717 ], [ 4.624814229593085, 10.102672476353746 ], [ 4.646518671999161, 10.205048731413854 ], [ 4.696988582057486, 10.24029064159987 ], [ 4.793936082284404, 10.260665922894077 ], [ 4.871501790375362, 10.218330145120149 ], [ 4.946502400865143, 10.285335767331844 ], [ 4.950309537755004, 10.389651336639929 ], [ 4.93203527780588, 10.439524839699629 ], [ 4.853419303657972, 10.460297585365311 ], [ 4.818703174911661, 10.507143974015264 ], [ 4.823722363196566, 10.594979286065268 ], [ 4.796117306068879, 10.629277229160834 ], [ 4.806992053940178, 10.692852973785762 ], [ 4.862528522273522, 10.708221214837238 ], [ 4.941673278898747, 10.688670157701665 ], [ 5.011998827583852, 10.723858124752724 ], [ 5.026853812053844, 10.750420853239859 ], [ 5.055343616814525, 10.738048212554986 ], [ 5.101048355697117, 10.761334760290993 ], [ 5.099777222440935, 10.80829429624481 ], [ 5.047075748147336, 10.825024604601879 ], [ 5.028672217848623, 10.859322547697445 ], [ 5.025326252404682, 10.8902740478091 ], [ 5.08221006434303, 10.927081108406469 ], [ 5.04063987672896, 11.051897049309446 ], [ 4.995954513989659, 11.053992270926585 ], [ 4.979896069348172, 11.080523490766552 ], [ 4.908679008329614, 11.081920624437316 ], [ 4.788587570360107, 11.118925095217037 ], [ 4.741311523408115, 11.153228379386235 ], [ 4.705303044599873, 11.221051656208999 ], [ 4.738990615124862, 11.25110476237495 ], [ 4.703856605597935, 11.267968897946332 ], [ 4.711885107112039, 11.297079433668955 ], [ 4.878998152242957, 11.354755512357031 ], [ 4.898118060000513, 11.390632979728309 ], [ 4.966084956755424, 11.362051009746324 ], [ 5.011866568787184, 11.252014160425233 ], [ 5.058451653121324, 11.270487784783484 ], [ 5.057648181718264, 11.204626083127266 ], [ 5.071302413875344, 11.237557411045714 ], [ 5.233390218284001, 11.218191828290287 ], [ 5.249651102116729, 11.309372012208655 ], [ 5.333141327110582, 11.356429100322771 ], [ 5.389159190844055, 11.231079426174631 ], [ 5.41340085636449, 11.120896574617291 ], [ 5.393826354802457, 11.117807543683227 ], [ 5.388993313590618, 11.037473873420595 ], [ 5.447270014399692, 10.983490145753649 ], [ 5.500747952556026, 10.975300292374641 ], [ 5.522374994810207, 10.990498728833302 ], [ 5.556249047855317, 10.9473666841252 ], [ 5.578291906945992, 10.968852775635128 ], [ 5.636488925123842, 10.964990980649304 ], [ 5.729028951424993, 10.998357718034299 ], [ 5.800322574427298, 11.082531736250701 ], [ 5.892312197649858, 11.110845783805928 ], [ 5.914968404268507, 11.145087557944464 ], [ 5.977745701103288, 11.16697766538698 ], [ 6.015900000984288, 11.138 ], [ 6.046399999160656, 11.054400001059264 ], [ 6.119951564413213, 11.059721368746239 ], [ 6.242303449244844, 10.988623074895031 ], [ 6.266548480927725, 10.966106377407414 ], [ 6.231029271084026, 10.918600339633997 ], [ 6.164607024694476, 10.893103743043355 ], [ 6.162805356182275, 10.856142839020833 ], [ 6.122599639761631, 10.844865478159363 ], [ 6.136355167057388, 10.825324444867306 ], [ 6.11258957115183, 10.813869531753539 ], [ 6.101987019285559, 10.774670867166833 ], [ 6.116676077938678, 10.740296049123401 ], [ 6.092813034194194, 10.702090412342727 ], [ 6.141041018927922, 10.673198987443357 ], [ 6.114705622866268, 10.606761634242048 ], [ 6.134005216967239, 10.590127533558871 ], [ 6.125739210795984, 10.556733864176522 ], [ 6.093640193739986, 10.546197091422698 ], [ 6.092243006109868, 10.521783838853139 ], [ 6.158331775790884, 10.500831663150791 ], [ 6.169712083845639, 10.358468160377356 ], [ 6.235651125399158, 10.384797583142017 ], [ 6.254453987061879, 10.427448306194435 ], [ 6.297077520011612, 10.418143797098594 ], [ 6.32163017829015, 10.443505847916583 ], [ 6.32708856668404, 10.495207666400745 ], [ 6.435582469855149, 10.590823655587258 ], [ 6.49454360780129, 10.615692841951159 ], [ 6.549167156339252, 10.545209884928283 ], [ 6.647069930832686, 10.593429565322253 ], [ 6.725868225438319, 10.589385032593214 ], [ 6.719780155130081, 10.643503330314502 ], [ 6.81662845563875, 10.638379097617303 ], [ 6.839519023783964, 10.531555176130496 ], [ 6.869102477897059, 10.5553569787416 ], [ 6.912609100129941, 10.537981032698553 ], [ 6.953519821182852, 10.48217868789618 ], [ 6.926263332287022, 10.370115280196046 ], [ 7.020236492120489, 10.354051589809046 ], [ 7.050757407628282, 10.317104340193168 ], [ 7.008188725229559, 10.242407800379738 ], [ 6.982486726181492, 10.244014739588636 ], [ 6.954472543173381, 10.191998483043619 ], [ 6.915019035000512, 10.188594817996488 ], [ 6.885301114255071, 10.150844575416897 ], [ 6.901178837433463, 10.076381683068291 ], [ 6.952273368920885, 10.047554969786063 ], [ 7.105361461562268, 10.026526450635231 ], [ 7.232373714175594, 10.043349265955896 ], [ 7.277795315001811, 10.01643276216231 ], [ 7.291253566898661, 9.800258636327044 ], [ 7.273589611171644, 9.783435821905698 ], [ 7.223962307414581, 9.787641525735864 ], [ 7.204740046915674, 9.758296013350389 ], [ 7.276364999045541, 9.689948173669336 ], [ 7.305647140703002, 9.627715322803965 ], [ 7.233942260427, 9.564821187847599 ], [ 7.251372950900986, 9.521033495999063 ], [ 7.200896645763635, 9.459821223670588 ], [ 7.232257439928958, 9.317718875026117 ], [ 7.378645291946725, 9.336468363724066 ], [ 7.2197580344058, 9.113510132786473 ], [ 7.015266895151115, 9.268970490395873 ], [ 6.788054466240681, 9.270166397161574 ], [ 6.784563738725637, 8.457550048995586 ], [ 6.827889919184486, 8.457550048995586 ], [ 6.837650775762768, 8.39683151256429 ] ] ] } },
{ "type": "Feature", "properties": { "state": "Kaduna", "zone_code": "NWZ", "state_key": "kaduna" }, "geometry": { "type": "Polygon", "coordinates": [ [ [ 8.577750939854013, 9.499240867871777 ], [ 8.642338752731291, 9.401107787794217 ], [ 8.695412636284175, 9.378367424417149 ], [ 8.698085784731234, 9.320570946292207 ], [ 8.62071514139069, 9.114884376912528 ], [ 8.566833496668607, 9.060831069598237 ], [ 8.576347513626899, 9.034392360319202 ], [ 8.514039039669967, 9.000653266734901 ], [ 8.446608542650154, 9.11261749270318 ], [ 8.387311935097784, 9.175717353872813 ], [ 8.343294226347496, 9.194487277865619 ], [ 8.258407754414407, 9.182891938312366 ], [ 8.232776338657175, 9.104816294836212 ], [ 8.191895424734128, 9.052430753276667 ], [ 8.137571263203256, 9.036153770680016 ], [ 8.061646934758301, 9.052055201786175 ], [ 8.087242992769973, 9.230739065555497 ], [ 8.060933895582878, 9.265762078057492 ], [ 7.919086634240841, 9.317365551179307 ], [ 7.792929648584447, 9.275596618788995 ], [ 7.692970024746899, 9.349402783012067 ], [ 7.646955230199751, 9.408684983425303 ], [ 7.542094113252745, 9.387351140842497 ], [ 7.509100988419902, 9.355031274573719 ], [ 7.232257439928958, 9.317718875026117 ], [ 7.200896645763635, 9.459821223670588 ], [ 7.251372950900986, 9.521033495999063 ], [ 7.233942260427, 9.564821187847599 ], [ 7.305647140703002, 9.627715322803965 ], [ 7.276364999045541, 9.689948173669336 ], [ 7.204740046915674, 9.758296013350389 ], [ 7.223962307414581, 9.787641525735864 ], [ 7.273589611171644, 9.783435821905698 ], [ 7.291253566898661, 9.800258636327044 ], [ 7.277795315001811, 10.01643276216231 ], [ 7.232373714175594, 10.043349265955896 ], [ 7.105361461562268, 10.026526450635231 ], [ 6.952273368920885, 10.047554969786063 ], [ 6.901178837433463, 10.076381683068291 ], [ 6.885301114255071, 10.150844575416897 ], [ 6.915019035000512, 10.188594817996488 ], [ 6.942327022674021, 10.180562973702308 ], [ 6.970438956592602, 10.232769965661419 ], [ 7.008188725229559, 10.242407800379738 ], [ 7.049150944160772, 10.301040648906849 ], [ 7.020236492120489, 10.354051589809046 ], [ 6.926263332287022, 10.370115280196046 ], [ 6.947949408738282, 10.491395950162996 ], [ 6.882088183722772, 10.550831795251213 ], [ 6.839519023783964, 10.531555176130496 ], [ 6.829479218191409, 10.62472534210093 ], [ 6.80297422258235, 10.643198967358501 ], [ 6.719780155130081, 10.643503330314502 ], [ 6.725868225438319, 10.589385032593214 ], [ 6.647069930832686, 10.593429565322253 ], [ 6.549167156339252, 10.545209884928283 ], [ 6.49454360780129, 10.615692841951159 ], [ 6.397239953561041, 10.572697538260854 ], [ 6.315423916380666, 10.480156502020975 ], [ 6.32163017829015, 10.443505847916583 ], [ 6.297077520011612, 10.418143797098594 ], [ 6.254453987061879, 10.427448306194435 ], [ 6.235651125399158, 10.384797583142017 ], [ 6.169712083845639, 10.358468160377356 ], [ 6.158331775790884, 10.500831663150791 ], [ 6.092243006109868, 10.521783838853139 ], [ 6.134005216967239, 10.590127533558871 ], [ 6.114705622866268, 10.606761634242048 ], [ 6.141041018927922, 10.673198987443357 ], [ 6.092813034194194, 10.698951542779525 ], [ 6.116676077938678, 10.740296049123401 ], [ 6.101987019285559, 10.774670867166833 ], [ 6.11258957115183, 10.813869531753539 ], [ 6.136355167057388, 10.825324444867306 ], [ 6.122599639761631, 10.844865478159363 ], [ 6.162805356182275, 10.856142839020833 ], [ 6.164607024694476, 10.893103743043355 ], [ 6.217795000738761, 10.905103993354658 ], [ 6.32419116419095, 11.025472471977025 ], [ 6.403724107781386, 11.03292059960603 ], [ 6.437006005822582, 11.007609595206702 ], [ 6.510769296665785, 11.043658428393826 ], [ 6.577289365911554, 11.021567448379074 ], [ 6.60319645625151, 11.045969176136623 ], [ 6.676782100413675, 11.057306189928795 ], [ 6.687418519848848, 11.091662970269908 ], [ 6.715999997901633, 11.106221807090776 ], [ 6.690875429257687, 11.120890682259244 ], [ 6.68498395434608, 11.151544340399028 ], [ 6.703353393144653, 11.239022843729288 ], [ 6.764295775329799, 11.267264479672065 ], [ 6.773998257813389, 11.322402870296287 ], [ 6.835676843911244, 11.310018462881828 ], [ 6.832882401201914, 11.351967991729509 ], [ 6.889442272842643, 11.383641353365817 ], [ 7.006193161085548, 11.361789702732665 ], [ 7.008699893585288, 11.293840408408187 ], [ 6.96773385972989, 11.245169639767084 ], [ 7.068960525807654, 11.203290701404796 ], [ 7.152109716190523, 11.128836295958365 ], [ 7.200276174705721, 11.151728553030352 ], [ 7.219711441429922, 11.194185952419843 ], [ 7.194785908043286, 11.257561206684386 ], [ 7.289577098404436, 11.28432877735122 ], [ 7.35778190810862, 11.264257115273722 ], [ 7.397914129233698, 11.37804232269508 ], [ 7.467724414050508, 11.377658567588867 ], [ 7.489499212218902, 11.352181935947613 ], [ 7.520295247427782, 11.361600846002318 ], [ 7.521725197360013, 11.340404114958005 ], [ 7.573983846377473, 11.319052097076678 ], [ 7.60750208175574, 11.271802082799923 ], [ 7.715667914942344, 11.317955384633365 ], [ 7.720994807164686, 11.370172679225789 ], [ 7.769377192903164, 11.379124867218877 ], [ 7.788996544554948, 11.359880111977645 ], [ 7.798442528699809, 11.37673605382588 ], [ 7.855785315040293, 11.378065418184576 ], [ 7.968423113435961, 11.478677663843143 ], [ 8.046956557699048, 11.486477749248763 ], [ 8.101531468202722, 11.523989174161102 ], [ 8.150081420121467, 11.519170437565663 ], [ 8.16170309002564, 11.497152818847553 ], [ 8.143324521309637, 11.420267574688864 ], [ 8.113721870268137, 11.408484264237472 ], [ 8.122913757264143, 11.386672797111942 ], [ 8.206780772114996, 11.318701683436018 ], [ 8.264405349327433, 11.313230860116164 ], [ 8.257274956673939, 11.279668045344067 ], [ 8.286115695782769, 11.268240543566264 ], [ 8.297907885240761, 11.234223938983632 ], [ 8.433814344756229, 11.226583402302197 ], [ 8.4646532902172, 11.169598067696711 ], [ 8.518701660253441, 11.162322834731071 ], [ 8.506047334816685, 11.132235616380626 ], [ 8.51963207725862, 11.114907427036201 ], [ 8.607312127652619, 11.071241218307648 ], [ 8.614759426106673, 11.01773997511981 ], [ 8.568487802270283, 10.90746791890939 ], [ 8.585043322891067, 10.861487555806093 ], [ 8.558667729831939, 10.789157126000589 ], [ 8.571637026627513, 10.748272388160217 ], [ 8.481234260752558, 10.715861896309491 ], [ 8.506330352363932, 10.650457082628293 ], [ 8.53454247435576, 10.632666846797576 ], [ 8.593646539756037, 10.645065435621405 ], [ 8.643929963696905, 10.63047962093782 ], [ 8.711128244972599, 10.543358511785925 ], [ 8.779194469149502, 10.598132018677745 ], [ 8.793080213780911, 10.565462608412702 ], [ 8.776749334813985, 10.47946860429272 ], [ 8.749219530257164, 10.44069800081212 ], [ 8.818318428852479, 10.380446247596296 ], [ 8.799274878932579, 10.302921225734053 ], [ 8.734277066033826, 10.275103278393658 ], [ 8.686072779335348, 10.211230412153839 ], [ 8.672030659687266, 10.146223459445139 ], [ 8.679919242878782, 10.005089759784653 ], [ 8.63469241092605, 9.866834108307501 ], [ 8.64394792315818, 9.775360122171946 ], [ 8.598860068837155, 9.727923997694404 ], [ 8.599026454207547, 9.67872672815605 ], [ 8.580059611062268, 9.67273440237085 ], [ 8.555038451863084, 9.58062934936504 ], [ 8.577750939854013, 9.499240867871777 ] ] ] } },
{ "type": "Feature", "properties": { "state": "Enugu", "zone_code": "SEZ", "state_key": "enugu" }, "geometry": { "type": "Polygon", "coordinates": [ [ [ 7.533384799768726, 6.010976791046119 ], [ 7.415839671663548, 6.006217957392892 ], [ 7.386810303352888, 6.036674976069321 ], [ 7.303809242102886, 6.045017242052154 ], [ 7.309481081886474, 6.078960749738883 ], [ 7.261300592148643, 6.079419043354221 ], [ 7.199536799783516, 6.234766961426203 ], [ 7.143441514314475, 6.23555519471654 ], [ 7.142588615272416, 6.289057255388059 ], [ 7.161759235800162, 6.315592934966048 ], [ 7.143867590616878, 6.388251376300047 ], [ 7.03224207271353, 6.442438967684268 ], [ 7.055431365964807, 6.545300007689264 ], [ 7.10946846030123, 6.593236445705429 ], [ 7.129078864597943, 6.659475803265764 ], [ 6.990934848664381, 6.713077545692215 ], [ 6.909815110678835, 6.696418646203597 ], [ 6.860965587392002, 6.753429071894175 ], [ 6.912057400228889, 6.800670623550502 ], [ 6.929928002175586, 6.786487314837757 ], [ 6.944765314967356, 6.798650740839093 ], [ 6.97817802389676, 6.850002767114063 ], [ 6.990782260692811, 6.785407066283142 ], [ 7.081373691742556, 6.800374508277002 ], [ 7.156210423272455, 6.883088588667476 ], [ 7.210115060961357, 6.903500398624544 ], [ 7.24128818460207, 6.971317291160119 ], [ 7.379182339193619, 7.047325591103174 ], [ 7.386762054725068, 7.086116196405385 ], [ 7.431851734669863, 7.101550166207232 ], [ 7.502034664368296, 7.068998814443773 ], [ 7.57135725043679, 6.939806938839183 ], [ 7.620197773308632, 6.919325352283238 ], [ 7.674552917383267, 6.855517387417535 ], [ 7.785626410730345, 6.872848033709829 ], [ 7.803624837816074, 6.891231445275025 ], [ 7.863614081624632, 6.879937649303145 ], [ 7.888034344409505, 6.853941917285681 ], [ 7.88645887427765, 6.794072628648962 ], [ 7.903395652587335, 6.781468390953535 ], [ 7.817716096420781, 6.637506170573374 ], [ 7.720029654744792, 6.646857043317937 ], [ 7.688214926877436, 6.629262079981061 ], [ 7.726122319689352, 6.560058200825381 ], [ 7.749842978270863, 6.436949316158064 ], [ 7.751392365365405, 6.385539055183301 ], [ 7.708026408791795, 6.29835319484414 ], [ 7.733001708861821, 6.226606369288561 ], [ 7.726202385431804, 6.11489963540987 ], [ 7.663694217014552, 6.047228742412585 ], [ 7.714838027752819, 5.945977210979549 ], [ 7.691889286061723, 5.924640179400797 ], [ 7.664433478622186, 5.930084229004024 ], [ 7.573160648345265, 5.969135760906681 ], [ 7.533384799768726, 6.010976791046119 ] ] ] } },
{ "type": "Feature", "properties": { "state": "Taraba", "zone_code": "NEZ", "state_key": "taraba" }, "geometry": { "type": "Polygon", "coordinates": [ [ [ 11.261597294779392, 6.433376140596465 ], [ 11.116943359048832, 6.444166183122888 ], [ 11.06232129709025, 6.596391431119685 ], [ 11.082221984557009, 6.697777748444366 ], [ 11.071109771598742, 6.719165802160092 ], [ 11.019165039035386, 6.778610228579225 ], [ 10.94333267256485, 6.778055191294072 ], [ 10.882776261415358, 6.827776908577505 ], [ 10.844618550405812, 6.956870128553646 ], [ 10.766886769908581, 6.955510769106752 ], [ 10.614999771322459, 7.068610191307357 ], [ 10.559999466202441, 7.021666526589001 ], [ 10.513332367294936, 6.878054619125407 ], [ 10.237777710073317, 6.878054619125407 ], [ 10.194999695179831, 6.917777060562969 ], [ 10.164999007798031, 7.021110534223851 ], [ 9.874721526877011, 6.775833130194826 ], [ 9.795555114576928, 6.801666259390402 ], [ 9.708845138592324, 6.521250725140874 ], [ 9.637777328161235, 6.523332596322291 ], [ 9.598013759827211, 6.499882084190858 ], [ 9.64602947218242, 6.738594055071644 ], [ 9.645699501031174, 6.894820213282287 ], [ 9.737985610947248, 7.078073026049367 ], [ 9.834555626141309, 7.199362754887261 ], [ 9.824958801407604, 7.254598140991448 ], [ 9.882676124803368, 7.414256095942108 ], [ 9.884653090967447, 7.507860184799711 ], [ 9.845761299344531, 7.574437618201557 ], [ 9.74721336380577, 7.654858111712542 ], [ 9.643062591665341, 7.7998781200792 ], [ 9.60153484305863, 7.829541205562236 ], [ 9.386640548722369, 7.844702721253611 ], [ 9.130218505779453, 7.788012981214138 ], [ 9.115716934189209, 7.808447360557295 ], [ 9.179125786226109, 7.90808343889961 ], [ 9.335517882844044, 7.985507965120519 ], [ 9.415376663402355, 8.061924934088495 ], [ 9.386946677946867, 8.148825644587873 ], [ 9.411823272925744, 8.176929473816188 ], [ 9.323423386280297, 8.253451346902182 ], [ 9.363276482123979, 8.340537071328811 ], [ 9.389717101563008, 8.349109650090327 ], [ 9.483206748992302, 8.306058884310119 ], [ 9.609673499832184, 8.291272162880034 ], [ 9.620464026193929, 8.383374038581053 ], [ 9.756654738925135, 8.367341996236178 ], [ 9.869446753964553, 8.431289672580363 ], [ 10.051827431191043, 8.591742515804526 ], [ 10.248636245866123, 8.808208466247777 ], [ 10.420206070253982, 8.943953513643805 ], [ 10.596746444892574, 8.976116180217616 ], [ 10.637447356810128, 9.055801391621003 ], [ 10.62252521456702, 9.094029426916563 ], [ 10.635760306892678, 9.126684189024161 ], [ 10.580149650785813, 9.245836258136876 ], [ 10.580260277289995, 9.326922418135155 ], [ 10.559869765976941, 9.351113318724742 ], [ 10.578940391785693, 9.438833237863662 ], [ 10.540963806034881, 9.483537022315772 ], [ 10.773542915872895, 9.447321510579286 ], [ 10.917232286440935, 9.554528495593672 ], [ 10.969134278724027, 9.615353467688408 ], [ 10.99238205039137, 9.559283257116647 ], [ 11.076408086064362, 9.551371838339719 ], [ 11.11423819293833, 9.525595789114448 ], [ 11.222452164136087, 9.569261550879901 ], [ 11.278014183108098, 9.547817751787875 ], [ 11.429598808038634, 9.549625397194347 ], [ 11.443759674169655, 9.488472193237158 ], [ 11.525925635759506, 9.407815932559288 ], [ 11.53069396355562, 9.326079954826128 ], [ 11.599039086384778, 9.301582478048999 ], [ 11.647747040193792, 9.305399895089124 ], [ 11.687405585699253, 9.229547500716649 ], [ 11.706756592242982, 9.07449054660151 ], [ 11.831108167308116, 9.008385974033501 ], [ 11.873633521270051, 8.937624937640805 ], [ 11.843366776655444, 8.8666979646394 ], [ 11.827069597983609, 8.73908943632847 ], [ 11.769168402799608, 8.712018703300544 ], [ 11.743142417588558, 8.677604538118999 ], [ 11.788899319847758, 8.641214370846569 ], [ 11.757611853704134, 8.617212345873099 ], [ 11.792665337935034, 8.564482414332019 ], [ 11.785982132269623, 8.522228241040523 ], [ 11.612894521165288, 8.403721100948076 ], [ 11.629787914380813, 8.386566553603586 ], [ 11.546277046348678, 8.245888710395718 ], [ 11.362618345260501, 8.064387321018103 ], [ 11.341521262696176, 8.018668174996321 ], [ 11.489813805063079, 7.799793719604509 ], [ 11.514193535403365, 7.815756320797618 ], [ 11.544662476392205, 7.896922112165782 ], [ 11.590420504602662, 7.908017723639091 ], [ 11.650643614411308, 7.857326742235387 ], [ 11.632977594740282, 7.750405304561184 ], [ 11.758036511775629, 7.724809170107164 ], [ 11.771935462951319, 7.487935542990954 ], [ 11.852672103235022, 7.391217192719296 ], [ 11.799439429985739, 7.296663283983435 ], [ 11.749721526727114, 7.264999391308891 ], [ 11.794998169430016, 7.250277519991585 ], [ 11.882499695404647, 7.132222175912716 ], [ 11.864166260064906, 7.084721566447172 ], [ 11.762777328411005, 7.003333092148523 ], [ 11.637777328660832, 6.94388866393075 ], [ 11.587499618112929, 6.892221449560282 ], [ 11.554721832346729, 6.821110725279823 ], [ 11.589166641927022, 6.779999733301111 ], [ 11.562498092912733, 6.667499542869677 ], [ 11.514720916736962, 6.604166032436524 ], [ 11.437221527351653, 6.590832709861729 ], [ 11.406387329411757, 6.477221488880673 ], [ 11.371944427293556, 6.449721337669644 ], [ 11.261597294779392, 6.433376140596465 ] ] ] } },
{ "type": "Feature", "properties": { "state": "Ebonyi", "zone_code": "SEZ", "state_key": "ebonyi" }, "geometry": { "type": "Polygon", "coordinates": [ [ [ 7.520816639276518, 6.000288162368861 ], [ 7.691889286061723, 5.924640179400797 ], [ 7.714838027752819, 5.945977210979549 ], [ 7.663694217014552, 6.047228742412585 ], [ 7.726202385431804, 6.11489963540987 ], [ 7.733001708861821, 6.226606369288561 ], [ 7.708026408791795, 6.29835319484414 ], [ 7.751392365365405, 6.385539055183301 ], [ 7.749842978270863, 6.436949316158064 ], [ 7.691221265149295, 6.638367245352129 ], [ 7.831766604944903, 6.638468741938937 ], [ 7.869002341784721, 6.568992614617514 ], [ 7.944760342415918, 6.540019822656745 ], [ 7.959155246317607, 6.590753583011519 ], [ 7.987066268993146, 6.611223221174782 ], [ 7.984430910957826, 6.720462039991219 ], [ 8.019998760634337, 6.733300205739965 ], [ 8.127608299283622, 6.711577892006176 ], [ 8.173017502056098, 6.77333450328473 ], [ 8.220243454072204, 6.778783321093442 ], [ 8.234319686804156, 6.79921770133592 ], [ 8.266089812794689, 6.741573250005558 ], [ 8.25157546993205, 6.735644816555066 ], [ 8.285632133016577, 6.710215570192474 ], [ 8.322414398405783, 6.634381771101914 ], [ 8.324751854214753, 6.589499474820968 ], [ 8.374180793608787, 6.563543320168151 ], [ 8.375088691589895, 6.545834063791062 ], [ 8.39143657673668, 6.550374985417307 ], [ 8.39098167356542, 6.523128986213806 ], [ 8.419136047390737, 6.514501573089149 ], [ 8.405966759358535, 6.484985353191519 ], [ 8.432304382141581, 6.433218956189933 ], [ 8.456825255681053, 6.428223609831775 ], [ 8.445018767901843, 6.385539055183301 ], [ 8.399155617038161, 6.353752612792903 ], [ 8.391663551231943, 6.306527138316824 ], [ 8.418000220733632, 6.261117458004321 ], [ 8.400745391786472, 6.216616630752981 ], [ 8.302002906808752, 6.108136176943049 ], [ 8.282233237973628, 6.00473976063148 ], [ 8.214842795858374, 6.012228012412891 ], [ 8.113847733086459, 5.93814992917595 ], [ 8.100927067130499, 5.960931769285764 ], [ 8.050390608140106, 5.950947864652278 ], [ 8.04101881806406, 5.998460275021728 ], [ 7.98617696809265, 5.981722832342882 ], [ 7.982346057624511, 5.926640986592304 ], [ 8.004966735626397, 5.900077820135323 ], [ 7.989047593271835, 5.902126349851187 ], [ 7.958992180344922, 5.843277494960489 ], [ 7.932170746582756, 5.829515097743638 ], [ 7.970076084443804, 5.76832675907275 ], [ 7.921760082162109, 5.759984016449266 ], [ 7.890100001713733, 5.684799670868188 ], [ 7.803929806015788, 5.744953156063332 ], [ 7.769443999940677, 5.81372738411153 ], [ 7.566697597616098, 5.843938827614863 ], [ 7.534576807973338, 5.834697727917842 ], [ 7.503497155369473, 5.900165637134478 ], [ 7.529133840254588, 5.951950052053292 ], [ 7.520816639276518, 6.000288162368861 ] ] ] } }
]
}
