national_rank,lga_uid,zone,state,lga,lga_cohort_12_23m_2024,rate_2026,rate_lo95,rate_hi95,children_2026,children_lo95,children_hi95,rank_lo95,rank_hi95,p_top155
1,NG-ZAM-766,North West,Zamfara,Gusau,25015.949001457106,64.35870349357964,22.915819009476916,94.19877062607121,16099.940443952844,5732.609596676958,23564.71641981753,1.0,132.0,0.98125
2,NG-KEB-451,North West,Kebbi,Bagudo,16500.230831446133,76.16011867097053,34.78476082292295,97.47178096588641,12566.595382213414,5739.565829948729,16083.068854892834,1.9750000000000085,127.05000000000018,0.984
3,NG-ZAM-773,North West,Zamfara,Zurmi,19164.11502528499,64.73760435422446,22.258241585759126,94.51438449041528,12406.388963057474,4265.595020100697,18112.845359183302,2.0,184.0250000000001,0.963
4,NG-SOK-721,North West,Sokoto,Tambuwal,14325.678480339231,84.95335542426089,52.40259310987297,98.60078360501181,12170.14455633946,7507.027004280801,14125.23123834903,3.0,80.0,0.994
5,NG-KEB-455,North West,Kebbi,Danko/Wasagu,18386.782918149467,65.48526693815589,21.626959348558554,94.70332579833656,12040.633875289399,3976.502067215894,17412.894930807986,1.0,196.0,0.95875
6,NG-ZAM-769,North West,Zamfara,Maru,19109.15102425645,62.29548787218506,19.65279364025029,93.80478578556219,11904.138858793194,3755.482017200895,17925.298183743325,2.0,209.0250000000001,0.95475
7,NG-SOK-707,North West,Sokoto,Gada,15795.355677604091,75.15208488323425,33.72277245449349,96.98735199669859,11870.53910644181,5326.631853536346,15319.497210168396,2.0,141.0250000000001,0.98
8,NG-KEB-452,North West,Kebbi,Birnin Kebbi,18618.03769006794,60.65438021951969,16.450118367118975,92.89218914957614,11292.655369947272,3062.6892376509995,17294.702786997288,2.0,246.0,0.944
9,NG-KAT-431,North West,Katsina,Kankara,18247.497395984028,61.21824682746717,16.760433761941854,94.2323430659393,11170.797995709117,3058.3597142659683,17195.044347132007,2.0,244.0,0.9405
10,NG-ZAM-772,North West,Zamfara,Tsafe,17401.60272563641,63.87538008581352,21.20607096175456,94.21925341326113,11115.339882023503,3690.1962224810723,16395.660170036324,3.0,213.0250000000001,0.952
11,NG-SOK-710,North West,Sokoto,Gwadabawa,14685.749393669124,75.54945863776909,36.2406218353909,97.20438235169782,11095.004163816506,5322.20690145284,14275.19199183428,5.0,142.0250000000001,0.9775
12,NG-ZAM-767,North West,Zamfara,Kaura Namoda,18603.482214793865,58.356819915832624,15.453420231099049,92.40039898174663,10856.400614161194,2874.8742842698684,17189.691790967805,2.0,253.0250000000001,0.93075
13,NG-ZAM-764,North West,Zamfara,Bungudu,16862.9555155567,64.1850822539755,21.720311531017916,94.36012510963086,10823.501868111389,3662.686471315884,15911.905921660698,4.0,208.0250000000001,0.95075
14,NG-ZAM-765,North West,Zamfara,Gummi,13477.173052198508,79.91555322394656,41.495830200158224,97.96993501029546,10770.357403613014,5592.464845521774,13203.57768046393,9.0,134.0,0.98125
15,NG-KEB-458,North West,Kebbi,Jega,13708.945163377548,77.89022768648057,36.355130125744225,97.4509307899196,10677.928601169573,4983.904853012827,13359.494663191084,8.0,151.05000000000018,0.97625
16,NG-FCT-276,North Central,FCT,Abuja Municipal Area Council,53545.666829665846,19.900830932733584,4.206489688309155,45.463765030251416,10656.032627576598,2252.3929537262698,24343.87615132055,1.0,297.0,0.84275
17,NG-KEB-448,North West,Kebbi,Arewa,13153.122290520869,80.6399429433831,42.64829154760191,98.10383940299383,10606.670310349422,5609.5819420739535,12903.717968371977,9.0,132.0250000000001,0.98375
18,NG-ZAM-763,North West,Zamfara,Bukkuyum,14103.762663923888,75.14681709033334,33.89398021859641,96.9990043176513,10598.52873191363,4780.326527388149,13680.509355330823,8.0,164.07500000000027,0.97175
19,NG-JIG-321,North West,Jigawa,Birnin Kudu,21986.87392985732,47.6319721973505,10.732653223555511,86.23236321305579,10472.781677336123,2359.7749335919175,18959.80098639124,1.0,281.0250000000001,0.90225
20,NG-KAN-392,North West,Kano,Kiru,15223.49840255591,68.32594885623713,23.87964150528156,95.70515130635967,10401.59973266042,3635.3168430926157,14569.67218028738,5.0,206.0250000000001,0.9505
21,NG-KEB-449,North West,Kebbi,Argungu,13879.343416370106,72.69155826952594,28.56358569938996,96.75633232468395,10089.111006938267,3964.438151247514,13429.143640427203,8.0,205.0,0.961
22,NG-ZAM-771,North West,Zamfara,Talata Mafara,14059.791463101055,71.04617932248118,28.285132697344658,95.99442445176273,9988.944655241688,3976.830672308069,13496.61589412193,9.0,199.0,0.9515
23,NG-BAU-096,North East,Bauchi,Gamawa,20067.75935153091,49.27641425549117,10.141147552407308,87.5859368627957,9888.672229855467,2035.1010863007652,17576.535035409644,2.0,314.0,0.88475
24,NG-ZAM-768,North West,Zamfara,Maradun,13532.137053227052,71.10190174666968,28.581730668134757,95.85593837011619,9621.606791810193,3867.7189661962234,12971.35695390098,12.0,200.0250000000001,0.95025
25,NG-SOK-706,North West,Sokoto,Dange-Shuni,12268.130404168429,78.4041479537589,40.55135630694873,97.28716171756234,9618.72311324432,4974.8932723954495,11935.315866024774,13.975000000000009,154.0250000000001,0.976
26,NG-KAN-373,North West,Kano,Bichi,15857.522118456624,60.335121453961804,16.006835938389035,94.89229416620775,9567.65522975967,2538.287549395105,15047.566536117316,4.0,273.0,0.91475
27,NG-GOM-285,North East,Gombe,Funakaye,14720.30150753769,64.60321278320737,18.279154785955022,95.18522371656988,9509.787705244284,2690.746697522085,14011.55192170336,6.0,258.0250000000001,0.92125
28,NG-KEB-461,North West,Kebbi,Maiyama,12045.533646069234,78.30397299366221,37.638814972960695,97.80061675388076,9432.13141316056,4533.796121549724,11780.606197151932,16.0,174.0,0.96625
29,NG-BAU-103,North East,Bauchi,Misau,18443.847342576544,50.306119023165905,10.133377635119402,89.39577559460555,9278.383796607593,1868.984701668216,16488.02038138135,3.0,324.0,0.86875
30,NG-ZAM-761,North West,Zamfara,Bakura,12198.343961601096,75.9199127680523,34.0479353831313,97.33784802258127,9260.97209479456,4153.284269858041,11873.605506614995,17.0,189.0,0.9585
31,NG-BAU-104,North East,Bauchi,Ningi,27235.098485942617,33.26419113990752,5.062071439845011,74.57748319267206,9059.535217506022,1378.6601420705624,20311.25099586154,1.0,382.0750000000003,0.80275
32,NG-JIG-329,North West,Jigawa,Gwaram,18994.770182691027,47.67775967074223,9.716415879848803,87.98404513416229,9056.280877713238,1845.6108663717766,16712.367170669273,2.0,321.0250000000001,0.8525
33,NG-SOK-705,North West,Sokoto,Bodinga,11055.646716424915,81.56546211459145,44.15251500565119,98.41558823350567,9017.589334008639,4881.346075441294,10880.479748987837,21.0,164.0,0.9725
34,NG-KAD-366,North West,Kaduna,Soba,15199.437871591324,58.73039622683328,15.226246071028628,92.81164791582252,8926.690086236897,2314.3038117416113,14106.848762565529,8.0,291.0,0.89325
35,NG-BAU-094,North East,Bauchi,Darazo,17633.866900154055,50.583755123432454,11.884056474500003,89.27220789192583,8919.872051565944,2095.618701052471,15742.142318491025,4.0,311.0250000000001,0.871
36,NG-KAD-360,North West,Kaduna,Kubau,14651.805870174156,60.43139636986907,16.51063732431536,93.79249599107249,8854.290880748697,2419.106528687203,13742.294433402818,8.0,288.0,0.90275
37,NG-YOB-747,North East,Yobe,Fune,15740.524974655453,55.75989098913268,15.641759145415048,89.89212537407938,8776.899566985061,2462.095004759509,14149.492444755559,6.0,282.0250000000001,0.888
38,NG-KEB-460,North West,Kebbi,Koko/Besse,10731.032837269491,81.2834094474817,40.456483039717696,98.46805718035878,8722.549359061464,4341.398479796469,10566.6395502456,24.0,175.0250000000001,0.9655
39,NG-KAN-409,North West,Kano,Tudun Wada,13030.399975423938,65.85268910451819,21.932434713807464,95.73716103803288,8580.86878489115,2857.883967557839,12474.935008371413,15.0,248.05000000000018,0.912
40,NG-SOK-724,North West,Sokoto,Wamako,11367.9531208437,74.90269755823556,36.82357357061894,96.59959313652253,8514.903544667566,4186.086580927352,10981.39646268563,23.0,190.0250000000001,0.9525
41,NG-KEB-467,North West,Kebbi,Zuru,11461.31106438046,74.16737441377914,31.960791238307486,97.19794901803502,8500.553489846912,3663.125702459676,11140.159285154927,22.0,205.0250000000001,0.948
42,NG-BAU-091,North East,Bauchi,Bauchi,34833.11014827652,24.35160043983448,2.832874012871321,64.53340372520289,8482.419804075731,986.7781252653683,22478.991602031907,1.0,424.0,0.71375
43,NG-SOK-717,North West,Sokoto,Shagari,9949.714625483108,85.1211045614644,50.401203197048204,98.8325308542083,8469.30698992479,5014.775885916165,9833.554777136267,30.0,152.0,0.97725
44,NG-KAN-404,North West,Kano,Sumaila,14267.265913000738,59.06394234836602,15.314777130939902,92.78893150236806,8426.809713542809,2184.999977254621,13238.44359527496,11.975000000000009,301.0,0.88975
45,NG-BAU-101,North East,Bauchi,Katagum,20672.28134026574,40.75430298349047,6.997574436250349,81.44287942441855,8424.844171011451,1446.5582744561864,16836.1011662292,3.0,363.0,0.8115
46,NG-SOK-708,North West,Sokoto,Goronyo,11547.988577508646,72.34743232236741,30.437581807202257,96.16162085776328,8354.673220707777,3514.928470365566,11104.732992601676,22.0,219.05000000000018,0.9375
47,NG-KAD-348,North West,Kaduna,Giwa,15263.033845949449,54.51216822260703,13.109208980372719,92.19483915146796,8320.2106859774,2000.8630036105328,14071.729503907207,9.0,306.0500000000002,0.85075
48,NG-KEB-457,North West,Kebbi,Gwandu,10471.378356518926,77.5634051473142,35.49212830990692,97.88125683385861,8121.95761917493,3716.515042111519,10249.516743189373,29.0,210.0250000000001,0.93875
49,NG-GOM-291,North East,Gombe,Yamaltu/Deba,15837.269109365923,50.7342672245714,11.559157271789182,89.31901355307215,8034.9224310202235,1830.6548439080927,14145.69254223106,8.0,329.0,0.8295
50,NG-SOK-716,North West,Sokoto,Sabon Birni,13157.285108513668,60.69152681374973,16.675915197124908,94.12405394432417,7985.357219595073,2194.097706939683,12384.170133145937,14.0,307.0,0.858
51,NG-KAT-422,North West,Katsina,Daura,16870.64459039793,47.22581286154593,9.426695952907643,89.08313372703186,7967.299042797836,1590.3443708324737,15028.898881076455,5.0,351.0250000000001,0.81075
52,NG-NIG-553,North Central,Niger,Mashegu,12591.27442655817,62.21145684536245,18.866595392477045,93.89184180917778,7833.215256159388,2375.544800815164,11822.179466343452,17.97500000000001,279.0500000000002,0.881
53,NG-KAT-444,North West,Katsina,Safana,13894.459714908477,56.2224850364198,15.283163778428337,92.36115379450807,7811.810534105769,2123.5130343572096,12833.083306202587,14.0,302.0,0.85225
54,NG-KAT-425,North West,Katsina,Faskari,14582.88611770152,53.42218086262018,12.146386842705986,91.71634179831238,7790.495796788427,1771.2937606872954,13374.889675769775,11.0,334.0500000000002,0.82825
55,NG-KAN-385,North West,Kano,Gezawa,16086.186409437209,48.24422073680296,9.597305484994815,89.03340601142348,7760.65527950249,1543.8404505994076,14322.079657668652,7.0,354.0250000000001,0.797
56,NG-ZAM-762,North West,Zamfara,Birnin Magaji,12000.473557898344,64.33865173989318,21.07597649150776,94.22505041360537,7720.942889554153,2529.21698593226,11307.452259801097,24.0,277.0,0.88225
57,NG-SOK-725,North West,Sokoto,Wurno,10298.762959833512,74.82825774689579,32.97290476484786,97.44875147845116,7706.384892326049,3395.8013027033307,10036.01592208294,33.0,231.0250000000001,0.92725
58,NG-KAD-368,North West,Kaduna,Zaria,21244.588545299543,36.12934974546466,4.604322159406537,81.15266504851408,7675.5316975161895,978.1692980659695,17240.549783101927,2.0,424.0,0.732
59,NG-KEB-465,North West,Kebbi,Suru,10292.865901002911,74.21307920070112,27.866562920921353,97.39484881699667,7638.65272313323,2868.2679526690354,10024.721183217987,35.0,250.0,0.922
60,NG-KAD-349,North West,Kaduna,Igabi,22484.710045282933,33.79286052282796,4.796605557617084,79.21779351945159,7598.226704564742,1078.502851646128,17811.891177119625,2.0,419.0500000000002,0.70525
61,NG-KWA-490,North Central,Kwara,Baruten,10990.82932049224,68.9113487833971,25.411536998160642,96.02880203594769,7573.928727232297,2792.9386591815733,10554.361730284387,27.0,256.0250000000001,0.88675
62,NG-KAD-362,North West,Kaduna,Lere,17732.677516856547,42.06702859942104,6.461343673120507,85.14297080874117,7459.610522459127,1145.769236810273,15098.128441785377,6.0,407.0,0.75025
63,NG-SOK-715,North West,Sokoto,Rabah,9457.37276439938,78.08341155751643,39.036339093826385,97.56334467158511,7384.639298154429,3691.8121016781242,9226.929187007585,42.0,208.0250000000001,0.92825
64,NG-KAT-429,North West,Katsina,Kafur,15707.8756051926,46.98743893761473,8.635597989228788,89.30821585708124,7380.728458386372,1356.4689899125715,14028.423452047211,10.0,388.10000000000036,0.767
65,NG-KAT-436,North West,Katsina,Mai'Adua,15141.183139478811,48.61362615821617,10.275859457277075,88.8827582583635,7360.678167357088,1555.8866995817755,13457.901207319044,10.0,359.0,0.78
66,NG-NIG-559,North Central,Niger,Shiroro,13788.656524559232,53.07779736359814,10.78615599505571,90.52156442305409,7318.715169268104,1487.266002361386,12481.707598952537,14.0,361.10000000000036,0.781
67,NG-KAD-346,North West,Kaduna,Birnin Gwari,13496.479002668262,53.37712556072771,12.833813153678888,91.93423959597551,7204.032543531482,1732.1128975279485,12407.885343333568,18.0,341.0,0.77525
68,NG-KAT-427,North West,Katsina,Ingawa,12689.71351002064,56.54602745545743,14.828469797022075,93.69799828435981,7175.528885395126,1881.6903351620404,11890.007546909315,22.0,323.0500000000002,0.8155
69,NG-KAN-398,North West,Kano,Minjibir,12514.17301548292,57.31321360185603,14.700047099201532,92.5454546488933,7172.27471086954,1839.589327351558,11581.29831272779,22.0,330.0250000000001,0.8085
70,NG-BAU-099,North East,Bauchi,Itas/Gadau,16124.537490371653,44.32253812497214,7.207639644872905,85.16727715788656,7146.804276645385,1162.1985567084218,13732.829534852151,9.0,407.0500000000002,0.724
71,NG-KAN-410,North West,Kano,Ungogo,20839.63197345785,33.85290837551903,5.5533487525213925,77.36847836703096,7054.821517770047,1157.2974422280706,16123.306155153605,4.0,403.0250000000001,0.68
72,NG-NIG-541,North Central,Niger,Borgu,10114.637950350849,69.73017847389409,25.509294144578895,95.79282935941599,7052.955094767882,2580.172746414204,9689.097872102318,36.97500000000001,271.0250000000001,0.878
73,NG-BAU-097,North East,Bauchi,Ganjuwa,19648.94019593684,35.873305809494184,5.560482843917575,77.76382962807426,7048.724404813038,1092.5759486066925,15279.768377690525,5.0,411.0250000000001,0.6915
74,NG-GOM-284,North East,Gombe,Dukku,12859.921693896618,54.778252223570334,13.739936246446069,92.60465015787193,7044.440341236327,1766.945042084283,11908.885495209242,21.0,340.0,0.79175
75,NG-KAN-402,North West,Kano,Rogo,12968.036986974686,54.2905381852679,13.442788541233153,91.72502945588921,7040.41707229318,1743.2657901079103,11894.935746153138,22.0,333.0250000000001,0.80375
76,NG-BAU-090,North East,Bauchi,Alkaleri,23161.48952917389,30.377698400196827,4.112151401698127,71.33641975602688,7035.92743416561,952.4355163280891,16522.5773922797,3.0,419.0250000000001,0.66725
77,NG-SOK-711,North West,Sokoto,Illela,9519.834045283138,73.82479600627438,31.047636849298986,97.04916207893926,7027.998064066169,2955.6835030354378,9238.919172252874,43.0,254.0250000000001,0.88975
78,NG-KAT-439,North West,Katsina,Mashi,12832.43605694115,54.181426257475096,12.94921069565447,92.36766713882466,6952.79687922921,1661.699182398444,11853.021822877918,22.0,345.0750000000003,0.78375
79,NG-KEB-454,North West,Kebbi,Dandi,10134.638951795534,68.50501520906276,23.822171182981737,96.46532606861213,6942.735955311144,2414.2910398738786,9776.412510726137,39.0,285.0,0.8545
80,NG-JIG-333,North West,Jigawa,Kafin Hausa,18709.80792105614,37.10328466869704,5.860546973448383,81.40917760174511,6941.953293915887,1096.4970818554616,15231.500759397968,5.0,412.0250000000001,0.67575
81,NG-KAT-415,North West,Katsina,Batsari,15594.537112049842,43.867589896758574,7.9986649728888315,87.0884700881209,6840.947586611861,1247.3547776656803,13581.043788208439,11.0,399.0,0.7045
82,NG-KAD-350,North West,Kaduna,Ikara,10164.756568239944,67.14571345500458,22.329219799722637,95.63563140553914,6825.198318709184,2269.7108362290405,9721.129124872283,41.0,294.0,0.83825
83,NG-SOK-713,North West,Sokoto,Kebbe,7811.334303462736,86.24151336996879,51.43080111652872,98.96503005384382,6736.6129176937975,4017.4318101611034,7730.489341028109,61.0,194.0250000000001,0.942
84,NG-KAT-437,North West,Katsina,Malumfashi,13722.353114210213,48.93223237163435,11.030485715319308,90.50223934774844,6714.653712701573,1513.6422000686318,12419.03685956574,19.0,369.0250000000001,0.73075
85,NG-KAT-446,North West,Katsina,Zango,11707.44656945007,57.30610797691556,13.994908504384048,93.49919755335102,6709.081972428758,1638.4464355941864,10946.368596423137,29.0,348.0250000000001,0.774
86,NG-KAT-426,North West,Katsina,Funtua,16891.633200239183,39.707037403047494,5.714908293177051,84.30968154125505,6707.167112804586,965.3413466135172,14241.282158238562,8.0,426.0250000000001,0.67325
87,NG-NIG-554,North Central,Niger,Mokwa,14211.663305619437,47.159719807180075,9.456765128748609,85.86304214024749,6702.180594869939,1343.9636197009809,12202.566452934107,17.0,376.0,0.7285
88,NG-KAT-438,North West,Katsina,Mani,13227.021921956675,50.21011137600747,11.009056890993426,90.83891066980236,6641.302438743352,1456.1703683723824,12015.282627961398,22.0,365.0500000000002,0.7365
89,NG-GOM-281,North East,Gombe,Akko,20896.91043155476,31.6243622887264,4.334630101542395,71.84491539003677,6608.514662025551,905.8037698585254,15013.367618682285,6.0,444.0500000000002,0.65075
90,NG-KAT-432,North West,Katsina,Kankia,11359.035646085296,58.17691258485116,16.136662641612514,92.188671268979,6608.336238305119,1832.969261549295,10471.744031095717,35.0,332.0,0.789
91,NG-KAN-405,North West,Kano,Takai,11547.54669451954,57.16983129482035,13.226126837603347,93.54513270714992,6601.712963947422,1527.293172448627,10802.167879808405,30.0,364.0250000000001,0.7625
92,NG-ZAM-760,North West,Zamfara,Anka,9362.201508528327,70.44049244939099,24.5159404770069,96.5887580198258,6594.780846711672,2295.2317491682466,9042.834160400907,48.0,294.0250000000001,0.83425
93,NG-KAN-397,North West,Kano,Makoda,12541.889899238142,52.196878418979075,11.32250695922131,91.43726373076711,6546.475022147559,1420.056356659113,11467.96094398882,25.0,374.0250000000001,0.731
94,NG-SOK-712,North West,Sokoto,Isa,9530.856624262624,68.4567420937345,25.890800596911582,95.69399699110836,6524.51393859508,2467.6150837653745,9120.457651248727,48.0,284.0250000000001,0.827
95,NG-JIG-320,North West,Jigawa,Babura,14907.597172956395,43.62768881919406,8.3053088039932,86.3410491903658,6503.840105036379,1238.121980469389,12871.375808203862,15.0,389.0250000000001,0.68725
96,NG-BAU-107,North East,Bauchi,Toro,24410.04474773734,26.509611358303736,3.539963820883387,65.41435741997165,6471.007995013191,864.1067527313471,15967.673917659919,4.0,446.0,0.587
97,NG-KAN-384,North West,Kano,Gaya,11817.786311132955,54.72994426541972,11.088699795619943,92.82402462860665,6467.867861489461,1310.4388465294016,10969.74487600216,27.0,389.0250000000001,0.73025
98,NG-KAN-374,North West,Kano,Bunkure,9939.96743671664,65.06100283564346,21.414168815844018,95.69929083664576,6467.04249586426,2128.561407138425,9512.478346331342,47.0,303.0250000000001,0.796
99,NG-KAT-424,North West,Katsina,Dutsin-Ma,12740.086173639644,50.74229351251962,10.57406765412259,90.49224700099596,6464.611919976132,1347.1453311941739,11528.790248389721,25.0,376.0500000000002,0.722
100,NG-BAU-105,North East,Bauchi,Shira,16507.796528981322,38.890315112736424,5.387370447475994,83.13040356062803,6419.934088290179,889.3361517318076,13722.99787350952,10.0,444.0250000000001,0.63075
101,NG-KAN-378,North West,Kano,Dawakin Tofa,14028.207790611945,45.41076722692858,8.215753576113968,87.27643651518281,6370.316785904675,1152.522983221899,12243.31986659136,18.0,398.0250000000001,0.68075
102,NG-KAD-347,North West,Kaduna,Chikun,19432.103276093047,32.59079989383255,3.9840690540750674,76.79873042882957,6333.077893874379,774.1884131787305,14923.60861165846,6.0,461.0250000000001,0.5865
103,NG-KAN-372,North West,Kano,Bebeji,10934.310641435242,57.80843773333571,15.839655744879368,93.5068780975719,6320.954158723598,1731.9571636790536,10224.332522296685,38.0,341.0250000000001,0.751
104,NG-KAT-416,North West,Katsina,Baure,15225.137578843816,41.159296970999314,6.7243982189330485,87.34702936021488,6266.559590319529,1023.7988801818799,13298.705391125817,13.0,424.0,0.63475
105,NG-SOK-714,North West,Sokoto,Kware,8502.082586177221,73.69631919802593,33.96890311098257,97.00115391699364,6265.7219211889205,2888.0641961142624,8247.11821556768,60.0,255.0,0.842
106,NG-KAN-388,North West,Kano,Kabo,8727.353772425658,71.65497799244672,25.40456215529475,96.73867188072309,6253.583424954579,2217.1460136283376,8442.726129776767,60.0,303.0250000000001,0.83025
107,NG-KAT-441,North West,Katsina,Musawa,12752.679339544393,48.76596455717603,11.650318348081203,89.8864342692719,6218.967086812512,1485.7277409669011,11462.92873211059,27.0,369.0,0.68675
108,NG-KAD-367,North West,Kaduna,Zangon Kataf,16651.545952768458,36.819474920817896,4.7428459280562985,82.39980206317537,6131.011786008037,789.7571691793021,13720.840905539899,11.0,448.0,0.585
109,NG-KAT-433,North West,Katsina,Katsina,23868.247111471173,25.67398968601887,2.958791693932134,70.15622111554057,6127.931301632627,706.2117130214056,16745.06021992734,3.0,481.0250000000001,0.52675
110,NG-KAN-377,North West,Kano,Dawakin Kudu,12850.24023101499,47.65251375017572,10.02098456109204,87.4614564339616,6123.462493015063,1287.7205896132505,11239.007261308581,27.0,393.0,0.6695
111,NG-KWA-491,North Central,Kwara,Edu,10721.63723916533,56.67426284898032,13.451827157147509,92.30161151569777,6076.40887063871,1442.256109828882,9896.243952616765,38.0,363.0250000000001,0.6995
112,NG-KEB-456,North West,Kebbi,Fakai,8300.829181494662,73.10431113929505,26.549304146093785,96.67550561559823,6068.263991981253,2203.812386042725,8024.868581497089,65.0,296.0500000000002,0.822
113,NG-KEB-464,North West,Kebbi,Shanga,8812.023940472338,68.8626946141109,24.461212510955608,95.53253457341303,6068.197135449808,2155.527902595223,8418.349817549168,58.0,298.0750000000003,0.78575
114,NG-KAN-387,North West,Kano,Gwarzo,10463.12361759646,57.86630113619713,13.234623632520762,93.57902356198288,6054.622620810954,1384.7550309942826,9791.288915429986,44.0,363.0250000000001,0.71375
115,NG-KAN-376,North West,Kano,Danbatta,11994.4814450725,50.054898726097704,9.288664163907182,91.48364834379223,6003.8255400516255,1114.1270996349456,10972.989225871535,31.0,411.0,0.661
116,NG-KAT-414,North West,Katsina,Batagarawa,14184.102530717742,42.0192199499743,7.491948334378053,84.80761839539261,5960.049240312169,1062.6656332965833,12029.199547062328,20.0,417.0250000000001,0.6235
117,NG-KEB-453,North West,Kebbi,Bunza,8564.540763506957,69.36705949844165,24.893073608305027,95.99686014524893,5940.970087190121,2131.977436473076,8221.690218826609,62.0,311.0,0.76775
118,NG-ZAM-770,North West,Zamfara,Shinkafi,8863.861232536214,66.9543557072092,21.386800399281373,96.12853238151459,5934.741179025717,1895.696309471802,8520.699715171093,57.0,328.0,0.73875
119,NG-KEB-450,North West,Kebbi,Augie,8065.517308314461,73.366365206031,29.176717293635647,96.91586871277133,5917.376884173627,2353.2531833161615,7816.766165531891,68.0,297.0,0.78925
120,NG-KAT-417,North West,Katsina,Bindawa,11329.651592307544,52.1261334140037,11.751818014779968,91.0442104975906,5905.7093043480145,1331.4400368366032,10314.991844344106,38.0,378.0500000000002,0.65925
121,NG-JIG-332,North West,Jigawa,Jahun,16092.226003467127,36.59219850452671,5.891598130232254,81.31398184077814,5888.499282985738,948.0892863330181,13085.22973023624,14.0,429.0,0.57725
122,NG-KAT-443,North West,Katsina,Sabuwa,10553.07302818124,55.639142740166356,12.807759279284246,92.41056047323266,5871.639365623747,1351.6121900165258,9752.15393249183,46.0,375.0250000000001,0.6805
123,NG-NAS-532,North Central,Nasarawa,Lafia,18579.038115038114,31.386459813182054,5.485420397151439,69.37545038441444,5831.3023316522,1019.138346356841,12889.291369399712,12.0,416.0,0.56725
124,NG-KAN-381,North West,Kano,Gabasawa,12036.056770705334,48.055342519193346,10.180259000879296,89.58248740327127,5783.968306967002,1225.3017527506718,10782.199040467685,33.0,390.0,0.62425
125,NG-SOK-722,North West,Sokoto,Tangaza,7278.576319454224,79.11014168090911,39.941705104663185,97.91633965429509,5758.092038673356,2907.1874893342538,7126.91551095389,80.0,259.0250000000001,0.80325
126,NG-KAT-428,North West,Katsina,Jibia,12559.58412900488,45.797875194716575,9.059227550602152,86.22632164814485,5752.022664377074,1137.8013056558655,10829.667408745097,30.0,412.0500000000002,0.60875
127,NG-NIG-550,North Central,Niger,Lavun,12274.019340763016,46.59365778819635,8.337309753263375,86.97835172163516,5718.914568492133,1023.323011614868,10675.739712590383,30.0,426.0750000000003,0.6185
128,NG-NIG-552,North Central,Niger,Mariga,11680.44530927531,48.82333543900603,10.178431624833015,87.77458065386685,5702.7829941171385,1188.8861392806027,10252.461888720665,34.0,396.0250000000001,0.619
129,NG-SOK-718,North West,Sokoto,Silame,6631.918352657685,85.9119691594375,50.233691418308695,99.0843826332648,5697.611649814342,3331.457400388243,6571.195356473053,87.0,227.0250000000001,0.833
130,NG-KAT-423,North West,Katsina,Dutsi,9071.277173388886,62.60049922179155,17.772338745656988,95.79254613618006,5678.664796333867,1612.178107812131,8689.607371459319,60.0,351.0,0.681
131,NG-KAT-413,North West,Katsina,Bakori,11216.313099164789,50.6127770667849,11.243256454105575,89.76766175832738,5676.887543992884,1261.0788464345342,10068.622004613213,41.0,395.0,0.626
132,NG-NIG-558,North Central,Niger,Rijau,10309.0846158382,54.33017748286443,11.802582375580535,91.62389865284754,5600.943968643548,1216.7382039526035,9445.585240451888,45.0,401.0250000000001,0.62375
133,NG-KEB-462,North West,Kebbi,Ngaski,8738.996117761242,63.722288256988016,18.375481518772585,94.8111200821075,5568.688296926844,1605.8326165454705,8285.540103181324,64.0,362.0,0.6705
134,NG-SOK-704,North West,Sokoto,Binji,6613.547387691874,84.01702869972763,48.995934318678614,98.68878208453965,5556.506006787181,3240.3693342081956,6526.829369496998,89.0,236.0250000000001,0.792
135,NG-BOR-143,North East,Borno,Bama,11722.842804548802,47.28905731143557,8.733046116403429,88.94034810556343,5543.621852372601,1023.7612682747279,10426.337198233698,34.0,432.0,0.578
136,NG-JIG-324,North West,Jigawa,Dutse,17578.100653420457,31.52179366468479,4.953908050376158,72.7884391005599,5540.93261814177,870.80294337302,12794.82508915007,14.0,442.0,0.515
137,NG-KAT-442,North West,Katsina,Rimi,11560.526300561309,47.777698155291795,10.325898248759751,89.16363804808555,5523.353361045296,1193.7281828170708,10307.78582708622,37.0,402.0250000000001,0.5865
138,NG-KAN-379,North West,Kano,Doguwa,8585.304743180142,64.25034445464928,19.19270247457914,95.53668247581028,5516.087869974564,1647.7519958944954,8202.115332072693,68.0,347.0,0.66225
139,NG-KAD-353,North West,Kaduna,Kachia,13182.032240564213,41.67968103136708,5.909974517981252,85.89920693987263,5494.228991319155,779.0547463694179,11323.261153202982,27.0,463.0,0.5475
140,NG-OYO-662,South West,Oyo,Saki West,11421.006306261128,47.9874975313781,8.862486170093423,89.67443840718855,5480.655119275624,1012.1851043778902,10241.723265589255,35.97500000000001,425.0,0.57725
141,NG-KAT-420,North West,Katsina,Dandume,10901.483951546012,50.21556887647054,10.531151743123543,90.78811025692553,5474.242182245977,1148.051817189571,9897.251269570635,44.0,400.0,0.596
142,NG-GOM-289,North East,Gombe,Nafada,8680.539607585666,62.56994349340245,17.224522438798928,94.62795481225886,5431.408727388781,1495.1814925174215,8214.217097326398,62.0,359.0,0.64475
143,NG-JIG-335,North West,Jigawa,Kazaure,11280.434671289506,48.14251910104588,10.135348719104453,88.19865777177984,5430.685416306552,1143.3113909659555,9949.19197089983,42.0,405.0250000000001,0.5755
144,NG-SOK-726,North West,Sokoto,Yabo,7311.644056392683,73.94541429737714,30.818827642118205,97.36078256003013,5406.625489449119,2253.362979544841,7118.673871307847,80.0,295.0250000000001,0.6805
145,NG-KAN-390,North West,Kano,Karaye,8207.662202015237,64.96637468444109,22.299455646673785,95.78116149047388,5332.220578994458,1830.2639923671966,7861.394188304799,77.0,337.0,0.63875
146,NG-NIG-544,North Central,Niger,Edati,9350.49666843564,56.97871915131847,13.139100452004834,92.9285350745766,5327.793235961336,1228.5711500271243,8689.279576174331,57.0,392.0,0.59625
147,NG-BAU-098,North East,Bauchi,Giade,11007.831768727132,48.352741953000624,9.169581305284272,89.3257063641843,5322.5884897530705,1009.372083982346,9832.823482796592,42.0,427.0,0.54325
148,NG-KAN-371,North West,Kano,Bagwai,9205.470017203244,57.74316221393132,14.197899846977794,92.808910103591,5315.529484588464,1306.9834134860862,8543.496392879182,64.0,385.0250000000001,0.6
149,NG-NIG-557,North Central,Niger,Rafi,10889.013267291704,48.72946725525486,10.584190444014686,88.56090929673724,5306.158154505261,1152.51390168418,9643.40916295589,44.0,408.0250000000001,0.5585
150,NG-KAD-364,North West,Kaduna,Sabon Gari,15210.037200651012,34.417978419913474,4.221151113150024,82.59565971556296,5234.987321380882,642.038654605813,12562.830568860247,18.0,486.0500000000002,0.47325
151,NG-YOB-751,North East,Yobe,Jakusko,12119.574211579034,43.07435804665288,8.95974974593005,83.18568060844103,5220.428789625371,1085.8835196297564,10081.75029474712,37.0,412.0500000000002,0.52
152,NG-NIG-551,North Central,Niger,Magama,10619.51701161625,49.049901626057114,8.509827185124351,90.31203411690096,5208.862647360191,903.7025455834249,9590.70182658097,45.0,432.0250000000001,0.5345
153,NG-OND-592,South West,Ondo,Ilaje,12372.109926076406,41.71518684228824,6.875554201267712,84.69265253087619,5161.0487719960665,850.6511238078059,10478.268070429935,33.0,455.0250000000001,0.5
154,NG-KAN-400,North West,Kano,Rano,8450.184934873434,60.84309604846353,15.636027212329084,94.9508514893523,5141.354136197842,1321.2732159089426,8023.522548087296,74.0,381.0250000000001,0.57975
155,NG-KAT-419,North West,Katsina,Dan Musa,8491.991541770345,60.2454081279941,16.722552039042686,94.07803607679469,5116.0349625342615,1420.0777047236493,7989.098866305059,74.0,368.0500000000002,0.55675
156,NG-SOK-709,North West,Sokoto,Gudu,6051.395859738065,84.0988797906099,46.00070965344126,98.9666208744693,5089.156129735067,2783.685039418473,5988.861998120302,105.0,261.0,0.6135
157,NG-GOM-288,North East,Gombe,Kwami,12012.949571980504,42.11089953263005,7.168303090061102,84.1159187562327,5058.7611251622,861.1246353757602,10104.802902194324,39.0,450.0250000000001,0.49675
158,NG-KAT-430,North West,Katsina,Kaita,13684.573616495958,36.927697261746616,6.1596714002977695,83.52870344912213,5053.397916660479,842.9247673079957,11430.546914399718,27.0,459.0250000000001,0.459
159,NG-KAN-382,North West,Kano,Garko,9229.722290489064,54.6108184207641,13.420623712080037,92.23794553883566,5040.426880799776,1238.686298276512,8513.306219687078,66.97500000000001,385.0250000000001,0.527
160,NG-TAR-731,North East,Taraba,Gassol,13168.404219645105,37.77015945861183,5.881855725137513,79.73866305514544,4973.727271914531,774.5465375024454,10500.309470442362,35.0,461.0750000000003,0.4655
161,NG-KAN-408,North West,Kano,Tsanyawa,8987.199557630867,55.29493126399804,13.105863596580253,92.52720406292377,4969.465817950318,1177.8501151755654,8315.604474231295,70.0,401.0250000000001,0.5115
162,NG-KAD-363,North West,Kaduna,Makarfi,7652.715581094098,64.84761362618524,18.854010107689966,95.95998212210134,4962.603431938781,1442.843769172246,7343.544503473159,83.0,373.0,0.54325
163,NG-KAT-445,North West,Katsina,Sandamu,10271.82565630847,48.07907086415642,10.232157358837703,89.02744164496751,4938.598336339155,1051.0293647789463,9144.743592042825,58.0,421.0,0.486
164,NG-JIG-322,North West,Jigawa,Birniwa,9941.112041605547,48.950204540501865,7.79219560616353,89.3824515839826,4866.194677966391,774.630895709781,8885.609657497544,55.0,455.0250000000001,0.48725
165,NG-KAT-418,North West,Katsina,Charanchi,10276.02337827672,47.33440215458226,9.690958646144457,88.64895173862932,4864.094231372389,995.8451760569336,9109.587005258798,57.0,428.0,0.4595
166,NG-BAU-109,North East,Bauchi,Zaki,13382.457358463316,36.30178410853585,4.981579518835862,79.089569516739,4858.0707786862195,666.6577548861512,10584.1279155698,33.0,487.0250000000001,0.43075
167,NG-GOM-282,North East,Gombe,Balanga,13096.630059846972,37.04560629378717,5.0351258238219385,79.5998484919082,4851.726009724715,659.4318021937814,10424.897685183896,34.0,491.0250000000001,0.44775
168,NG-KAN-403,North West,Kano,Shanono,7927.02875399361,60.67408817337437,16.4870271107112,94.62962654069226,4809.652415726822,1306.9313797447987,7501.317705677445,86.0,385.0250000000001,0.47575
169,NG-PLA-680,North Central,Plateau,Wase,7415.034871642677,64.66526896455343,16.71567760662651,95.4693675704711,4794.952243563166,1239.4733235627216,7079.086897087158,85.0,391.0,0.51375
170,NG-JIG-330,North West,Jigawa,Gwiwa,9012.949246566208,53.17264456489259,11.414716642474362,92.3385600284294,4792.423467690827,1028.8026176255605,8322.427550372413,68.0,425.0250000000001,0.4655
171,NG-BAY-116,South South,Bayelsa,Southern Ijaw,13035.543075589188,36.70570001332186,6.652024933860611,78.41869510910536,4784.787336433101,867.1275756523331,10222.302780262382,34.0,452.0250000000001,0.43775
172,NG-KAN-370,North West,Kano,Albasu,10691.787908577046,44.516156058496136,8.3130611648979,87.30826608566235,4759.572990825576,888.8148684611676,9334.81463653512,53.0,452.0,0.43625
173,NG-JIG-337,North West,Jigawa,Kiyawa,12106.82523003067,38.862510668912,6.403635757714453,81.52902827686076,4705.0162466872,775.276989554239,9870.576965221817,42.0,461.0250000000001,0.42225
174,NG-TAR-737,North East,Taraba,Sardauna,12054.811541148523,38.532379309591775,4.323065405678704,83.63930363978467,4645.005708091787,521.1373874551556,10082.560428105018,38.0,512.0750000000003,0.4115
175,NG-KAT-434,North West,Katsina,Kurfi,8756.448025770114,53.00082133558978,11.994388392176798,91.73679872256865,4640.989373482196,1050.282385569965,8032.885100647065,76.0,420.0500000000002,0.4135
176,NG-JIG-338,North West,Jigawa,Maigatari,12395.85838111748,37.17545596663921,5.652095884748078,81.08601101938315,4608.2168741592905,700.6258014383407,10051.30709286005,39.0,479.0750000000003,0.395
177,NG-YOB-756,North East,Yobe,Potiskum,10680.47839548456,43.07785154138044,7.5710644140577115,86.13412841267474,4600.920627116057,808.6258990516535,9199.536976254652,50.0,458.0,0.40675
178,NG-KAN-369,North West,Kano,Ajingi,9836.029122634554,46.33470703628452,9.573630215930608,88.13997804582607,4557.495277976345,941.6650561322759,8669.473909271157,64.0,441.0250000000001,0.401
179,NG-NIG-548,North Central,Niger,Kontagora,8893.376437289935,51.00620078157757,9.697737830112235,90.37290455369421,4536.173441865623,862.4563311333537,8037.202599272765,68.97500000000001,446.0250000000001,0.40575
180,NG-KWA-493,North Central,Kwara,Ifelodun,10898.737292669875,41.6100200066262,7.408168253508465,82.60810205967869,4534.966767949547,807.3967961488577,9003.240025944993,54.0,457.0,0.4045
181,NG-KAN-391,North West,Kano,Kibiya,7899.311870238388,56.90238285703138,12.092227812979147,94.17278740283768,4494.896683473986,955.2027870069296,7439.0021738467185,89.0,437.0,0.4075
182,NG-SOK-719,North West,Sokoto,Sokoto North,14777.604218498178,29.921760632306828,3.400766130589548,77.38985816901311,4421.719361448717,502.5517591752583,11436.366945473837,23.0,540.0500000000002,0.35525
183,NG-KEB-466,North West,Kebbi,Yauri,6970.09996764801,63.09868222256559,16.92039366858456,95.11554975775219,4398.041229181376,1179.3683536199283,6629.648902893312,101.0,407.0250000000001,0.365
184,NG-KAD-359,North West,Kaduna,Kauru,11549.735565372392,37.781458361319416,6.185101778201918,82.09632036645716,4363.65853347367,714.3628998314671,9481.907911226761,51.0,480.0,0.3615
185,NG-KOG-479,North Central,Kogi,Lokoja,9011.732375131529,48.38442861575156,10.148613237514967,85.96487155488373,4360.275218088095,914.5658647520203,7746.924161151691,74.0,441.0,0.37425
186,NG-KAT-421,North West,Katsina,Danja,9415.49037478541,46.19827257679065,9.34299982268838,88.55681563272712,4349.79390778485,879.6892490214425,8338.058452115883,69.97500000000001,460.0,0.358
187,NG-NIG-540,North Central,Niger,Bida,10858.311162214752,39.95859847094799,5.450080814102988,84.26302888645405,4338.8289580355295,591.7867333874694,9149.54187119808,52.0,503.0500000000002,0.359
188,NG-KWA-499,North Central,Kwara,Kaiama,6595.205992509364,65.63173295998514,20.85389443640368,95.12064781326723,4328.54798516469,1375.3572955412724,6273.402664694327,105.0,378.0250000000001,0.34125
189,NG-BAU-102,North East,Bauchi,Kirfi,10276.8738084922,42.012588646826515,7.434356911929337,83.67177247208348,4317.580718915282,764.0194783118956,8598.842470284733,60.0,470.0,0.34525
190,NG-KAT-440,North West,Katsina,Matazu,8538.166483421099,50.208681074076566,10.439964419121171,90.33058830850459,4286.90077923459,891.381542914492,7712.576015233837,82.0,451.0500000000002,0.32075
191,NG-BOR-157,North East,Borno,Kukawa,8823.231105293298,48.49356463940192,8.53976353801096,90.3881742452552,4278.699279329214,753.4830728042784,7975.157505514063,72.0,467.0,0.36075
192,NG-KEB-459,North West,Kebbi,Kalgo,5886.8539307667415,72.12630829563832,27.072754662595045,97.35234821296382,4245.970415018719,1593.7335220218129,5730.990537468586,122.0,352.0250000000001,0.247
193,NG-BAY-111,South South,Bayelsa,Ekeremor,10921.009261448728,38.854000012031655,6.059257562524402,81.81686444147422,4243.248939757271,661.7320795783223,8935.22734308035,51.0,488.0500000000002,0.349
194,NG-BOR-151,North East,Borno,Gwoza,12001.252916632577,34.866501775061586,4.61012332147961,76.60299191221203,4184.417061207338,553.2725595794303,9193.318801092164,48.0,508.0,0.33025
195,NG-KAN-412,North West,Kano,Wudil,10750.686286556896,38.80828415688358,4.956560925767628,83.99364354910742,4172.156882902119,532.8643157313379,9029.893118613372,58.0,509.0,0.31825
196,NG-JIG-341,North West,Jigawa,Ringim,13470.573196426189,30.414291338008187,4.109733140058606,73.9182473381043,4096.979376860696,553.6046108093789,9957.211613194693,41.0,514.0,0.2935
197,NG-KAN-394,North West,Kano,Kunchi,6277.874170557877,64.44051377945034,19.37040192207815,95.57766545256891,4045.4943699349155,1216.0494589993905,6000.245572269042,123.97500000000001,401.0250000000001,0.19475
198,NG-NIG-542,North Central,Niger,Bosso,8668.227666725634,46.49260589796844,9.184367297918168,86.45256121013439,4030.0849274294114,796.1218671318442,7493.904829409782,82.0,461.0,0.29525
199,NG-BOR-160,North East,Borno,Magumeri,6086.518939703837,65.2832914176187,21.173038790185913,95.31600703318772,3973.4798965954146,1288.7010160755055,5801.426820644412,123.0,395.0,0.19825
200,NG-BOR-153,North East,Borno,Jere,9074.984930049906,43.67282018403231,7.335463154402832,86.90947178520636,3963.3018502287246,665.6921758114204,7887.0214672934535,75.97500000000001,485.0,0.2965
201,NG-JIG-336,North West,Jigawa,Kiri Kasamma,13482.785864781972,29.332387679505466,3.924040676630139,72.05761407558728,3954.8230198554334,529.0700016769832,9715.373805082427,43.0,526.0500000000002,0.275
202,NG-JIG-326,North West,Jigawa,Garki,10519.17834377917,37.251000141619116,6.193772739721738,80.48738698314335,3918.499139738346,651.5340006997068,8466.61178100455,65.0,494.0,0.26775
203,NG-KEB-463,North West,Kebbi,Sakaba,6357.477677127144,61.27151214945974,16.11552895700606,94.80342870539397,3895.3227073401486,1024.541155992621,6027.106817096567,120.0,427.12500000000045,0.202
204,NG-BOR-147,North East,Borno,Damboa,10120.503755215575,38.396222892789986,6.164596524098089,83.07747632680743,3885.8911797257456,623.888222715236,8407.859111392874,65.97500000000001,500.0500000000002,0.27125
205,NG-DEL-189,South South,Delta,Burutu,8576.647800862269,44.777326659439545,6.969717824244736,87.44923771274603,3840.393602221742,597.7681504993917,7500.21312316105,82.97500000000001,499.0750000000003,0.27275
206,NG-NIG-545,North Central,Niger,Gbako,7423.086738604871,51.643436694906995,10.223016108997536,89.47896275227238,3833.5371006594573,758.8633530724358,6642.101017905124,103.0,460.0,0.22575
207,NG-PLA-670,North Central,Plateau,Kanam,7774.437072053929,48.61668438504975,10.272319074345814,88.94933931706362,3779.6735340347564,798.614982275608,6915.310411212836,97.0,457.0,0.23225
208,NG-KWA-504,North Central,Kwara,Pategi,5893.889780631354,64.08328993119288,18.323332403961768,94.18885772593922,3776.9984763469415,1079.9570160282162,5551.387460002537,128.0,415.0250000000001,0.1515
209,NG-KAD-361,North West,Kaduna,Kudan,7253.47418651255,51.921888980214156,10.806914007708622,91.94044937857683,3766.140814329542,783.8767179077538,6668.876762638709,105.0,464.0,0.221
210,NG-KAT-435,North West,Katsina,Kusada,7379.595220184016,50.7017750235607,9.69965143873655,91.38930619992503,3741.5857661871373,715.7950139475126,6744.160872089003,107.97500000000001,479.0,0.18975
211,NG-GOM-287,North East,Gombe,Kaltungo,9934.354233478953,37.60608769293186,4.573350495231163,82.85393007123002,3735.9219647685836,454.3328385348277,8231.002909634934,68.0,545.0,0.2475
212,NG-PLA-679,North Central,Plateau,Shendam,9514.70035825578,39.00482169924171,5.772126877828882,81.78109277051135,3711.1919099547604,549.2005767237629,7781.225926821336,77.0,506.0500000000002,0.24025
213,NG-KAN-411,North West,Kano,Warawa,7514.740108134677,49.30917081564928,9.693696040916711,90.54867095113813,3705.456036272234,728.4560643474315,6804.49729334807,106.97500000000001,475.0,0.19025
214,NG-SOK-723,North West,Sokoto,Tureta,4339.221924924502,85.29321790760018,49.23656902356994,98.89246154635096,3701.0620119202117,2136.483998151333,4291.1633735167925,163.0,309.0,0.0085
215,NG-PLA-677,North Central,Plateau,Qua'An Pan,9148.992856082928,40.233715004197705,7.068836001459207,81.88594787886547,3680.979711470812,646.727300781721,7491.739521573193,81.0,490.0250000000001,0.2295
216,NG-BAU-093,North East,Bauchi,Dambam,10596.91486135182,34.51784403757877,4.56494897938192,78.10902096324672,3657.8265446364176,483.7437568092508,8277.1464505107,69.0,528.0500000000002,0.232
217,NG-JIG-345,North West,Jigawa,Yankwashi,6696.6131484197895,54.43556794337999,10.997287877128944,92.77363309690793,3645.339400313384,736.4458259493924,6212.69131223427,119.0,473.0250000000001,0.14925
218,NG-JIG-323,North West,Jigawa,Buji,6810.598053073742,52.417957058661266,11.232561782653057,89.91752811727042,3569.976362898216,765.0046340796744,6123.9214193268535,122.0,469.0250000000001,0.14475
219,NG-BOR-165,North East,Borno,Ngala,10262.670620960484,34.71991041986134,3.988922215898498,79.96018965826582,3563.1900462829058,409.36994834398104,8206.05089252313,69.0,554.0250000000001,0.2345
220,NG-KOG-470,North Central,Kogi,Ankpa,12201.545570555443,29.155612429705812,3.2370996145883923,70.98950305529198,3557.4353369850733,394.9761846382773,8661.8165656023,56.0,546.0500000000002,0.222
221,NG-BAU-106,North East,Bauchi,Tafawa-Balewa,15614.842480261892,22.610231833530356,2.6501354432408375,60.417330863308905,3530.5520852278073,413.81447497564704,9434.071045084338,49.0,545.0250000000001,0.2115
222,NG-JIG-339,North West,Jigawa,Malam Madori,11536.900706760902,30.561634480688987,3.926767730029563,75.34640151636333,3525.8654244002983,453.02729399863966,8692.639529060229,60.0,542.0500000000002,0.209
223,NG-KAD-356,North West,Kaduna,Kagarko,12478.943412938295,28.211404828948837,3.1355486945292936,70.99870224280693,3520.485244599478,391.28334727543603,8859.88787680043,58.0,558.0250000000001,0.2155
224,NG-KAN-395,North West,Kano,Kura,8152.228434504792,42.085424707480925,7.248709781018344,85.27386998681625,3430.899959785357,590.9313799029075,6951.720676267882,102.0,517.0250000000001,0.164
225,NG-KAN-396,North West,Kano,Madobi,7843.878102727943,43.585393622217936,8.18294252843124,86.25164544782427,3418.7851463209445,641.8600371464304,6765.473930524431,106.0,499.0250000000001,0.1495
226,NG-YOB-748,North East,Yobe,Geidam,8120.61210510453,41.999701310284806,8.34644751087496,84.03161722585988,3410.632828710718,677.7826269143077,6823.88168055828,98.0,494.0250000000001,0.16625
227,NG-BEN-136,North Central,Benue,Otukpo,11227.880123100971,30.295661272388358,3.6298574945713087,73.3072584142423,3401.5605301644955,407.55604812986286,8230.851096282975,65.0,549.0500000000002,0.19625
228,NG-BOR-156,North East,Borno,Konduga,6826.971365458561,49.69940280036532,10.341808465748844,90.14679717223477,3392.963997984848,706.032302627243,6154.296029826475,117.97500000000001,481.0,0.1335
229,NG-KEB-447,North West,Kebbi,Aleiro,4649.438045939825,72.8612411288218,26.456075435747934,97.264694422701,3387.6382657873887,1230.0588367722048,4522.261707756171,165.0,399.0500000000002,0.00875
230,NG-SOK-720,North West,Sokoto,Sokoto South,12536.346492669263,26.69879758971922,2.234490759144944,77.24374620248913,3347.0537752236305,280.1235039130859,9683.543667862094,45.0,609.0,0.218
231,NG-BOR-149,North East,Borno,Gubio,6566.332111592898,50.88317466455321,10.471626612779897,90.36495054772976,3341.1582373964634,687.601780881074,5933.662765440623,125.0,487.0500000000002,0.11975
232,NG-PLA-672,North Central,Plateau,Langtang North,6601.650944396159,50.19441756451768,9.274461688471355,90.0076980576899,3313.6602411821236,612.267587644629,5941.994048854729,123.0,496.0,0.125
233,NG-KAN-383,North West,Kano,Garum Mallam,6759.455025804866,48.85144743065945,8.619353822851547,89.56029393918719,3302.0916185301385,582.6213451706426,6053.787789797999,126.97500000000001,503.0500000000002,0.09775
234,NG-YOB-746,North East,Yobe,Fika,7129.161300928843,46.03012707325443,8.681490188530073,87.398784289285,3281.5620060748206,618.9174388646205,6230.800307033985,115.0,494.0250000000001,0.122
235,NG-KAN-401,North West,Kano,Rimin Gado,5889.837797984763,55.61469703501564,13.56153052190644,92.9376595774651,3275.6154472030626,798.7521506644857,5473.877402355946,142.0,463.0250000000001,0.06625
236,NG-BOR-161,North East,Borno,Maiduguri,23433.838370285524,13.973772936506112,0.7896265400547616,49.41166582977245,3274.5913641715442,185.03980712531074,11579.049906614477,20.97500000000001,642.0250000000001,0.20175
237,NG-TAR-734,North East,Taraba,Karim-Lamido,10421.997736481766,31.07964418479338,4.227781805185415,73.4093377400368,3239.119813445765,440.61932403981183,7650.71951763289,78.0,553.0250000000001,0.1605
238,NG-NIG-556,North Central,Niger,Paikoro,9254.979008196238,34.661862818167485,5.228888693426529,77.52701181641356,3207.9481276711663,483.9325509385718,7175.108669290892,90.97500000000001,539.0,0.14825
239,NG-KOG-477,North Central,Kogi,Kabba/Bunu,6627.874112879755,48.39429980845868,7.515643021080323,90.86015331441753,3207.5132691142494,498.1273582106367,6022.096580449136,121.0,527.0,0.12575
240,NG-PLA-674,North Central,Plateau,Mangu,13937.869544018824,22.981421934557744,2.2318312242897713,60.385773311372155,3203.1206085991757,311.06972448418645,8416.490307285989,58.0,582.0,0.17975
241,NG-BAU-100,North East,Bauchi,Jama'Are,8289.458381475062,38.62680299300577,4.818567746991291,84.25059869364561,3201.9527581995794,399.4331679700236,6983.918314853326,95.0,574.0,0.166
242,NG-KAN-393,North West,Kano,Kumbotso,16775.643892848366,18.90245566399993,1.8604426149660347,58.23680101814578,3171.0086491961683,312.1012279174981,9769.59835339083,44.97500000000001,586.0,0.1605
243,NG-NIG-538,North Central,Niger,Agaie,7730.107789374373,40.918434181613215,6.209768602435401,85.42891934213924,3163.0390679629163,480.02180643898305,6603.747548445056,108.97500000000001,532.0250000000001,0.126
244,NG-KAN-399,North West,Kano,Nasarawa,33984.36409437208,9.227086088296963,0.4668707127514085,37.78636014237678,3135.7665315480017,158.6630428714287,12841.454208796018,12.0,663.0,0.1745
245,NG-OGU-570,South West,Ogun,Ijebu North,11612.58917207436,26.514449349665835,2.778816609215662,70.90212776182766,3079.0140742144354,322.6925566735818,8233.572811240329,68.97500000000001,575.0250000000001,0.1565
246,NG-OND-595,South West,Ondo,Odigbo,9915.473543629969,30.810813427475075,3.4733728232851493,72.75845055805355,3055.0380539784805,344.40136336447233,7214.344915838891,88.0,575.0250000000001,0.145
247,NG-JIG-334,North West,Jigawa,Kaugama,9029.232804373916,33.819663058036916,4.652474893351728,79.03665719397664,3053.6561111650067,420.08278928577465,7136.403778839095,94.0,550.0500000000002,0.1255
248,NG-TAR-728,North East,Taraba,Bali,11340.882492664525,26.84085377477066,2.7206356890495553,66.4242473390146,3043.989686624654,308.5440965486039,7533.095837354489,80.97500000000001,574.0250000000001,0.14875
249,NG-ADA-022,North East,Adamawa,Guyuk,9681.504498072254,31.33361830163767,3.770439419558199,76.42550344939306,3033.565665281838,365.03526200161645,7399.138554127354,86.0,568.0250000000001,0.1345
250,NG-GOM-283,North East,Gombe,Billiri,12552.940531804752,23.94622106238536,2.292400910859213,67.8837878973272,3005.9548895757443,287.7637230907075,8521.411525487956,63.0,592.0250000000001,0.13725
251,NG-KAD-352,North West,Kaduna,Jema'A,14521.08081177135,20.65654326770612,1.6961670462375829,61.39362003752285,2999.5533408221145,246.30178748679452,8915.017178920541,59.0,607.0,0.14575
252,NG-JIG-319,North West,Jigawa,Auyo,9257.202613681824,32.378520711953506,4.320163469071458,76.75773569868966,2997.3452656184736,399.9262855742104,7105.619115302085,93.0,565.0,0.119
253,NG-PLA-666,North Central,Plateau,Bokkos,8326.150976194009,35.76629359730123,5.063097253919346,77.82315231193405,2977.9556035001133,421.56112143285765,6479.673155925047,105.0,549.0,0.11475
254,NG-JIG-340,North West,Jigawa,Miga,8951.885904787305,33.00122908322361,4.053016628407247,78.27085177414278,2954.2323747076725,362.82142427707396,7006.717347526453,98.0,566.0250000000001,0.114
255,NG-NIG-547,North Central,Niger,Katcha,7075.129547732768,41.58790096218303,7.0400052320455675,83.53674483735867,2942.3978692572446,498.0894903343887,5910.33291720209,127.0,529.0500000000002,0.077
256,NG-YOB-749,North East,Yobe,Gujba,6767.729402416637,43.466208318509565,7.3792490447605035,86.17331268355197,2941.6753604874452,499.4076072798054,5831.976619521171,127.0,521.0500000000002,0.08025
257,NG-JIG-328,North West,Jigawa,Guri,7934.163541805574,37.02408342448945,5.800587327259813,81.608941344289,2937.551328753536,460.2280849300425,6474.986870992073,112.0,552.0500000000002,0.09775
258,NG-BAY-110,South South,Bayelsa,Brass,7459.378615906045,39.0671410103745,5.742601635976537,84.36405021763584,2914.165962373732,428.3623984307045,6293.033921446565,112.97500000000001,558.0,0.10225
259,NG-NIG-562,North Central,Niger,Wushishi,4782.705701987145,60.15027469216757,16.134848016715303,93.38637272229774,2876.810617463227,771.6822961024025,4466.395373068302,171.0,474.0250000000001,0.00425
260,NG-YOB-750,North East,Yobe,Gulani,5394.951365865687,53.212527390195476,11.018317169604131,90.35997207412396,2870.789973248991,594.4328526369717,4874.876547608804,158.0,505.0250000000001,0.021
261,NG-NIG-549,North Central,Niger,Lapai,6846.569432159915,41.66216559628022,5.855860660261086,85.84455615301887,2852.429094490765,400.9255659553133,5877.407140745943,128.0,554.0500000000002,0.08075
262,NG-BEN-122,North Central,Benue,Gboko,15230.330369791413,18.693729549581985,1.152749589848171,56.7284716657505,2847.116768836641,175.56757087029192,8639.933648427314,57.0,629.0250000000001,0.1285
263,NG-JIG-343,North West,Jigawa,Sule-Tankarkar,9436.321749566609,29.955986869370903,3.441892927532996,75.49911010178836,2826.743304251766,324.788090917591,7124.338947264296,96.0,582.0250000000001,0.107
264,NG-ADA-018,North East,Adamawa,Fufore,11488.33928316436,24.55360096809388,3.036114750553527,65.38253912595644,2820.800985448954,348.79916356978845,7511.36792673756,80.0,571.0250000000001,0.11275
265,NG-PLA-673,North Central,Plateau,Langtang South,4877.150912598308,57.749909596515494,12.44332576425747,94.07892209061983,2816.5502429111534,606.8797760690636,4588.371007305317,169.97500000000002,498.0250000000001,0.00725
266,NG-RIV-681,South South,Rivers,Abua/Odual,10953.601043199144,25.49946185675962,2.3039498137082366,69.42551763155457,2793.109319952187,252.36547082913012,7604.594223536367,80.0,609.0,0.126
267,NG-OND-589,South West,Ondo,Ese Odo,6755.750051727706,41.16343235577533,5.1588388851763005,85.89649138551754,2780.89860266819,348.5182606538469,5802.952261209386,127.0,573.0250000000001,0.083
268,NG-KOG-472,North Central,Kogi,Dekina,11960.099155976448,23.22431702147089,2.047997122356147,64.3486024971813,2777.651344066226,244.94248654533945,7696.156664148019,79.0,609.0250000000001,0.12175
269,NG-KOG-473,North Central,Kogi,Ibaji,5845.723755792867,47.457525218605376,9.4821984080472,88.25649887691333,2774.235825615415,554.3031249106283,5159.231120878787,149.0,510.0250000000001,0.03825
270,NG-NAS-534,North Central,Nasarawa,Nasarawa,10542.591822591825,25.92459985985862,3.4038424125000577,64.22886893787461,2733.1247448651006,358.85321183414334,6771.38748438759,97.97500000000001,568.0,0.0975
271,NG-KAD-351,North West,Kaduna,Jaba,8140.284717839705,33.53985184135263,3.587986191699527,79.34071447173373,2730.239433827704,292.0722916411154,6458.560055167376,110.0,594.0500000000002,0.092
272,NG-BOR-145,North East,Borno,Biu,7626.659985273664,35.6553397813977,5.104453116957512,77.50140116776092,2719.3115317212255,389.2992833380529,5910.768350888038,124.0,564.0,0.06875
273,NG-JIG-342,North West,Jigawa,Roni,5418.353860514735,50.08818547698611,10.734849517524944,89.93487923744267,2713.9551314540577,581.6521332532602,4872.99000111124,163.97500000000002,516.0250000000001,0.01575
274,NG-NAS-527,North Central,Nasarawa,Doma,7828.51282051282,34.16577698290373,5.109056209415539,76.07347362411052,2674.6722313344485,399.9631203613018,5955.42163567293,123.0,558.0250000000001,0.068
275,NG-JIG-344,North West,Jigawa,Taura,9228.706387518336,28.891136055780343,3.6149478128004215,74.12923207450065,2666.278118606411,333.6129197053669,6841.169175477732,104.0,581.0250000000001,0.08575
276,NG-YOB-744,North East,Yobe,Busari,5719.908485628956,46.46921606954021,9.43256257573737,86.5214006783796,2657.9966331668734,539.533947181863,4948.944939287665,158.0,518.0,0.0205
277,NG-YOB-755,North East,Yobe,Nguru,7855.340986930433,33.635338352140245,3.730868868080866,80.74788151761967,2642.1705196683984,293.0724713629838,6343.021432931603,113.0,595.0500000000002,0.091
278,NG-KAN-407,North West,Kano,Tofa,5619.598181371344,46.986390228243174,8.955934447122127,89.57612486628794,2640.4463307583965,503.2875293152848,5033.818283928842,161.0,539.0,0.0175
279,NG-GOM-290,North East,Gombe,Shongom,9349.980455039013,28.234303089340784,3.0894678158385966,69.67078590368816,2639.9018204698255,288.8646369456295,6514.204864866917,106.0,593.0250000000001,0.08875
280,NG-KOG-487,North Central,Kogi,Yagba East,6767.300915664809,38.91557770152895,5.490660333072276,80.69137436278612,2633.534246131823,371.56950699604454,5460.628116115344,137.0,560.0250000000001,0.052
281,NG-ADA-034,North East,Adamawa,Song,10705.85177780951,24.51043280821023,2.8809100684977254,63.83796410790071,2624.0506065465975,308.4259617853569,6834.397815363086,99.0,590.0500000000002,0.08975
282,NG-NAS-535,North Central,Nasarawa,Obi,8390.29799029799,31.26490734409235,4.726729100990333,76.6385139077818,2623.2188925599007,396.58665676722217,6430.199692198862,110.0,566.0,0.081
283,NG-PLA-676,North Central,Plateau,Pankshin,8817.964513598881,29.392370167950883,3.6008888066006253,70.94838389331575,2591.808771115523,317.5250971401974,6256.203314684488,112.0,582.0,0.07275
284,NG-KWA-500,North Central,Kwara,Moro,5780.545746388443,44.60851523722291,7.49766213962302,85.10566913401753,2578.61563007233,433.40578989055524,4919.572137061872,157.0,537.0,0.02175
285,NG-BEN-123,North Central,Benue,Guma,8182.981795385342,31.169856084457887,4.234519511031571,74.81490399808233,2550.6236490389956,346.5099607097539,6122.089974398098,119.97500000000001,591.0,0.06925
286,NG-OND-598,South West,Ondo,Ondo West,12333.20392001956,20.421706146704953,1.8154406211644878,58.449237295515886,2518.6506630202903,223.90199385508606,7208.663625352099,87.97500000000001,627.0,0.10075
287,NG-YOB-745,North East,Yobe,Damaturu,4572.610899525988,54.965667356083046,12.351884390891154,91.05694328138476,2513.3660965214553,564.8036119547382,4163.679713259797,187.0,508.0,0.001
288,NG-BAU-108,North East,Bauchi,Warji,8111.657796553051,30.82816730333617,3.824650102458022,75.25695426234033,2500.6754365954794,310.24252822691045,6104.586597869493,122.0,591.0250000000001,0.0715
289,NG-TAR-740,North East,Taraba,Wukari,12802.899874248988,19.330259995189245,1.7748386385270822,55.514034630075095,2474.833832616084,227.23081382010625,7107.406269844423,91.0,613.0,0.09425
290,NG-ADA-033,North East,Adamawa,Shelleng,8144.983578466371,30.31544933965748,4.073084081949932,72.89844762632322,2469.1883704533907,331.7520296119497,5937.566588120933,124.0,588.0250000000001,0.0635
291,NG-KAD-365,North West,Kaduna,Sanga,7907.099478526588,30.982657782191815,4.220625236225997,77.89035973926748,2449.829571929369,333.72903604418735,6158.868228766102,120.0,593.0,0.061
292,NG-RIV-685,South South,Rivers,Andoni,8451.153537515045,28.95533407878363,2.7433337933017943,73.53154318611271,2447.059740298426,231.84335091847026,6214.263613162569,115.0,614.0250000000001,0.075
293,NG-BOR-163,North East,Borno,Mobbar,5061.7327824592985,48.25350757724264,8.627791993047348,90.21543653441607,2442.463611723779,436.71577571447614,4566.464325901301,173.0,546.0,0.0045
294,NG-JIG-327,North West,Jigawa,Gumel,7445.656807574343,32.72338781613971,4.271877872812721,79.81882468172795,2436.4711526013507,318.06936564834234,5943.0357536409065,130.0,598.0250000000001,0.051
295,NG-NIG-539,North Central,Niger,Agwara,3356.763488413232,72.573751846716,24.954030569983196,97.44121641729713,2436.129204162193,837.6477870606723,3270.8711753615503,222.0,465.0,0.0
296,NG-BEN-127,North Central,Benue,Konshisha,9546.325533681793,25.37179082117806,2.583962078757288,66.09552793124246,2422.073745514452,246.67343170506177,6309.694259521981,111.0,619.0,0.0655
297,NG-NAS-526,North Central,Nasarawa,Awe,6369.330561330562,37.91154647829202,6.515343402983618,80.42774847050522,2414.711716114887,414.9837585418702,5122.709163121962,149.97500000000002,563.0,0.032
298,NG-BAY-117,South South,Bayelsa,Yenagoa,14271.06218964294,16.803430274302325,1.7063368140026962,47.748391674436625,2398.027984438968,243.51238789109678,6814.202670413143,91.97500000000001,616.0,0.08825
299,NG-BEN-129,North Central,Benue,Logo,7146.607005031508,33.164572055363486,3.843244857227096,76.72071947907189,2370.1416296973325,274.6616061871048,5482.9283126019245,138.0,600.0250000000001,0.04375
300,NG-YOB-743,North East,Yobe,Bade,7288.323971833302,32.44662030526172,4.057390270508455,76.74275602029653,2364.814805758121,295.71574771629975,5593.2606836728155,134.0,596.0,0.04475
301,NG-BOR-159,North East,Borno,Mafa,4496.027129182688,52.268250589669776,12.03134918016972,90.34827322317682,2349.994726460753,540.9327231471295,4062.082874862128,189.0,538.0250000000001,0.0
302,NG-OYO-646,South West,Oyo,Iseyin,10683.978498533135,21.951407784485664,2.2517603238178916,63.33182463998822,2345.2836878197763,240.5775888352037,6766.358527265052,104.0,616.1250000000005,0.0735
303,NG-KOG-488,North Central,Kogi,Yagba West,6413.632928112476,36.547645865011035,4.285319808673504,81.06134853362396,2344.031849648276,274.84468232401036,5198.977341524526,147.97500000000002,594.0,0.0345
304,NG-NAS-533,North Central,Nasarawa,Nasarawa Eggon,8357.466389466388,27.981357856140736,3.176016139319147,69.98263609006915,2338.5325781432825,265.4344813676257,5848.775289690105,128.97500000000002,605.0250000000001,0.05025
305,NG-KWA-494,North Central,Kwara,Ilorin East,11033.333333333332,21.15495009522465,1.756845296093666,63.3205681515459,2334.09616050647,193.83859766900113,6986.369352720562,96.0,630.0250000000001,0.079
306,NG-PLA-664,North Central,Plateau,Barkin Ladi,8338.761579717211,27.98470161119425,2.9886759254211293,71.4708296444592,2333.5775461527583,249.21855981127496,5959.782083097302,125.0,609.0,0.05475
307,NG-FCT-277,North Central,FCT,Bwari,15813.267970660148,14.753938536092761,1.7197107420734672,44.182803753630154,2333.0798369388403,271.94246796430554,6986.745154512427,90.0,621.0,0.0835
308,NG-KOG-481,North Central,Kogi,Ofu,8777.087268005462,25.900400586337334,2.6896508339204774,66.50169537620152,2273.3007622258187,236.07300089783692,5836.9118378723615,128.0,612.0,0.05325
309,NG-YOB-758,North East,Yobe,Yunusari,6565.460174808889,34.558715483753474,4.3589928163499865,81.08379576352749,2268.9387020113445,286.18793738023874,5323.524319077775,147.0,603.0250000000001,0.03325
310,NG-NAS-528,North Central,Nasarawa,Karu,12176.875952875953,18.628436139906825,2.1879384094060472,52.23928945493696,2268.3615607171682,266.42254603870157,6361.113475591482,111.0,609.0,0.05925
311,NG-KAD-354,North West,Kaduna,Kaduna North,19029.328771824938,11.882607011322744,0.7326644446353022,45.23531937801648,2261.180354848525,139.42112596391698,8607.97764542779,63.0,682.0250000000001,0.09575
312,NG-YOB-757,North East,Yobe,Tarmuwa,4048.700441132148,55.81231692852806,13.438855836557144,92.96184654418836,2259.673521691389,544.0990155378024,3763.746691119145,205.0,519.0250000000001,0.0
313,NG-YOB-759,North East,Yobe,Yusufari,5772.962709263775,38.94899391484613,4.993355742677631,84.51781306479927,2248.5108943374894,288.26456496566084,4879.181830916129,162.0,607.0250000000001,0.01975
314,NG-BEN-128,North Central,Benue,Kwande,10480.52252780356,21.32424369562984,1.7205848754291306,60.42553073905437,2234.892164404216,180.32628547933083,6332.911361651458,111.97500000000001,645.0250000000001,0.063
315,NG-OYO-634,South West,Oyo,Atisbo,4597.649657731752,48.55331805745659,9.214785999840398,87.82619221371482,2232.3114614860556,423.66357698237545,4037.94062571269,191.97500000000002,549.0250000000001,0.0005
316,NG-BOR-162,North East,Borno,Marte,5615.591196923832,39.73262686340293,5.922595489990212,82.78990854630365,2231.2218964478498,332.58875096529823,4649.14281626752,169.0,579.0250000000001,0.01025
317,NG-BOR-150,North East,Borno,Guzamala,4164.304442444572,53.06269710216526,11.010006963315352,91.96344280453042,2209.692252706371,458.49020908679785,3829.637734134033,202.97500000000002,545.0,0.0
318,NG-KAD-357,North West,Kaduna,Kajuru,5730.703911604168,38.400347999251764,5.293825237173103,83.88759832669624,2200.61024486274,303.37344994016763,4807.349878658773,165.97500000000002,597.0250000000001,0.01475
319,NG-BAY-115,South South,Bayelsa,Sagbama,7570.956333254512,29.04431937702255,3.8595753592446123,72.4772508072235,2198.932737325356,292.20676509746056,5487.221010158245,141.0,596.0250000000001,0.036
320,NG-TAR-742,North East,Taraba,Zing,6862.600279446695,31.95391173795448,2.956322655631488,79.0515234534211,2192.8692362230136,202.88060682671244,5424.990069421346,143.0,625.0250000000001,0.0395
321,NG-KOG-475,North Central,Kogi,Igalamela-Odolu,6740.095685853091,32.427820894857526,3.7939084155549696,74.61466312160475,2185.666157150475,255.71305744203787,5029.099690073099,154.0,606.0250000000001,0.02625
322,NG-RIV-687,South South,Rivers,Bonny,8337.896215059516,26.205399771694044,1.930010104136936,73.66001427293159,2184.9790357052952,160.92223942309982,6141.695542075063,116.0,658.0750000000003,0.0575
323,NG-FCT-278,North Central,FCT,Gwagwalada,10940.593317033414,19.95268264745834,2.2075429455378277,57.33714642018056,2182.9418642967207,241.51829597015416,6273.024009423938,109.0,617.0250000000001,0.06
324,NG-ADA-021,North East,Adamawa,Gombi,8105.859203198629,26.90978418528046,3.4353317875192775,69.74857280004437,2181.269217943438,278.4631578590393,5653.721107412092,134.0,600.0250000000001,0.04275
325,NG-OYO-645,South West,Oyo,Irepo,5068.528534891301,42.85232911415445,6.425173732652462,84.81968609122762,2171.98252901645,325.66176405583064,4299.1099927391,180.0,584.0250000000001,0.0035
326,NG-YOB-754,North East,Yobe,Nangere,4562.663232594459,47.588966455441465,9.010717111157016,89.80813046555161,2171.32427523414,411.12867662385884,4097.642548632186,192.0,563.0250000000001,0.001
327,NG-OND-596,South West,Ondo,Okitipupa,9996.064556176289,21.60282971556102,1.789815773886673,59.97470172104517,2159.432804328312,178.91114019433806,5995.109901409846,116.97500000000001,647.0,0.05575
328,NG-PLA-665,North Central,Plateau,Bassa,8805.353910075679,24.44310188905365,2.9410125100407933,64.66974362730564,2152.3016279315557,258.9665600486918,5694.399799122873,133.0,613.0500000000002,0.042
329,NG-BEN-130,North Central,Benue,Makurdi,12661.288635956556,16.904638183915356,1.1243492752557451,52.421405103398705,2140.345033329643,142.35710701641557,6637.22540716537,100.97500000000001,669.0250000000001,0.06425
330,NG-NIG-555,North Central,Niger,Muya,6055.137390176307,35.12644593652214,3.9950192298646847,80.23633450160295,2126.9545617424183,241.90390313227007,4858.420290913492,163.0,628.0,0.01975
331,NG-OYO-649,South West,Oyo,Kajola,8382.228956144529,25.35963832198905,1.9946638059132697,69.88301091417563,2125.702946599286,167.19728711699656,5857.75397627367,128.0,654.0,0.0525
332,NG-KOG-471,North Central,Kogi,Bassa,6403.430966933082,32.89588747366616,4.006278100782631,76.42992535333742,2106.465445336198,256.53925252697354,4894.137508079448,158.0,605.0500000000002,0.023
333,NG-ADA-024,North East,Adamawa,Jada,9236.909324575185,22.748523439249166,2.0405389358110373,62.64562688416764,2101.260482763176,188.48273123351697,5786.519751102259,126.97500000000001,652.0250000000001,0.046
334,NG-BEN-138,North Central,Benue,Ukum,9146.372445573412,22.84245258890417,1.6474227100368155,64.82229878205621,2089.255789484702,150.67941681292606,5928.8888743892585,119.0,660.0250000000001,0.0525
335,NG-ADA-023,North East,Adamawa,Hong,9279.5904612309,22.40119893031365,2.3060051112553412,62.574105732968135,2078.7395191387454,213.98783033954768,5806.620746797049,134.0,631.0,0.0435
336,NG-BEN-124,North Central,Benue,Gwer East,7108.655252145311,29.118980846881808,3.161890393656238,70.8396623056877,2069.9679613430517,224.76788753572222,5035.74737509527,156.0,617.0500000000002,0.02425
337,NG-BOR-148,North East,Borno,Dikwa,4558.225132946085,45.31024288343707,7.686715929729792,86.97667793821441,2065.3428789117515,350.37781740711375,3964.592793581262,197.97500000000002,585.0250000000001,0.0005
338,NG-RIV-684,South South,Rivers,Akuku Toru,6248.028955463421,32.943784199508045,3.4921914939495924,78.33037182995331,2058.3371758106505,218.19313572220116,4894.104312857646,157.97500000000002,638.0,0.02425
339,NG-JIG-325,North West,Jigawa,Gagarawa,5752.166795572743,35.710998987615,4.970977048860444,82.04974545580765,2054.1562261329123,285.9388912200923,4719.638213960923,173.0,610.0,0.01
340,NG-ADA-019,North East,Adamawa,Ganye,9322.27159788662,21.99067106075286,2.089216087061146,62.408986894459574,2050.0300824812316,194.76239790257938,5817.935259790987,127.97500000000001,640.0250000000001,0.04575
341,NG-DEL-210,South South,Delta,Warri South West,4805.932118588436,42.53687029050522,4.9355702339937215,87.1651289006547,2044.2931115336823,237.20015511099473,4189.096926045576,186.0,628.0250000000001,0.00175
342,NG-OND-594,South West,Ondo,Irele,6152.706957846623,33.22007076561206,3.5742227150994506,77.6245060438311,2043.933605397382,219.91144968085834,4776.008384352868,163.0,630.0,0.017
343,NG-GOM-286,North East,Gombe,Gombe,16525.202797909144,12.256161610578578,0.6574134710620417,43.38456425569977,2025.355561387602,108.63890931377614,7169.38722624359,85.0,682.0250000000001,0.0665
344,NG-BOR-154,North East,Borno,Kaga,3906.626998281928,51.51101749952599,10.484421654897998,90.31971263665183,2012.3433167262078,409.5872469839621,3528.454278634095,215.0,552.0250000000001,0.0
345,NG-NIG-560,North Central,Niger,Suleja,12584.45173654107,15.683387942866963,0.8749056571317202,53.28576407015565,1973.6683863245917,110.10208016200882,6705.721261855881,104.0,691.0250000000001,0.06175
346,NG-BOR-166,North East,Borno,Nganzai,4300.547688783441,45.76808914078531,8.492601389719784,88.95596679357094,1968.2784997443928,365.22837278318457,3825.59377397588,204.0,575.0,0.0
347,NG-BOR-164,North East,Borno,Monguno,4765.551812157408,41.281064265936045,6.9858936248016645,84.52389476155756,1967.2705062031803,332.91638023212454,4028.0299985154265,195.97500000000002,589.0,0.00075
348,NG-BEN-126,North Central,Benue,Katsina-Ala,9502.535049582337,20.69212799017926,1.6250710078186272,60.83756829077557,1966.2767147712277,154.42294209856598,5781.111250144539,122.0,656.0,0.0405
349,NG-PLA-671,North Central,Plateau,Kanke,5763.045810103237,34.05366572638869,4.578991620311232,79.64799778641638,1962.5283558311992,263.8893847193248,4590.150599261188,172.0,617.0750000000003,0.0115
350,NG-KAN-375,North West,Kano,Dala,23860.77230277709,8.224775221216555,0.26827586142569815,35.654362133218335,1962.4948879497138,64.01269243809963,8507.406164614804,61.0,733.0,0.08225
351,NG-BEN-121,North Central,Benue,Buruku,8690.951410939053,22.573633019294267,1.7975250689090445,61.649450786844504,1961.8634773905624,156.22203033833378,5357.92381299544,140.0,649.0250000000001,0.0355
352,NG-ADA-028,North East,Adamawa,Mayo-Belwa,8379.729830072825,23.250655907941457,2.1270993975479224,62.80333420669244,1948.3421488053543,178.2451827316226,5262.749730798538,148.97500000000002,633.0250000000001,0.03075
353,NG-ADA-017,North East,Adamawa,Demsa,9784.650578323575,19.90977084655765,2.1807439747038813,57.78929354818632,1948.1015082805973,213.3781779326198,5654.4804453717215,135.0,639.0250000000001,0.03875
354,NG-PLA-668,North Central,Plateau,Jos North,20277.850465308547,9.560574491538585,0.7030819850103269,34.78692703474791,1938.6789990186257,142.56991356891717,7054.041045582174,91.97500000000001,675.0,0.0595
355,NG-KWA-496,North Central,Kwara,Ilorin West,19420.79186730872,9.968977562492746,0.5214649705701561,35.6190761902398,1936.0543837104267,101.27262659535268,6917.506651964588,93.97500000000001,679.0250000000001,0.05725
356,NG-BAY-113,South South,Bayelsa,Nembe,5306.745093402696,36.39400165335612,4.1053988623249875,83.87165107501876,1931.336897032373,217.86305269104133,4450.854728179387,175.0,636.0250000000001,0.007
357,NG-OND-600,South West,Ondo,Owo,9487.507477004683,20.293654956350757,1.768013098227975,58.3457531417457,1925.362031341315,167.74037488880128,5535.557691837818,140.0,656.0,0.036
358,NG-RIV-698,South South,Rivers,Okrika,8621.039521198341,22.25030435758043,1.3736456383157065,66.46814038286404,1918.2075322539256,118.42253336041429,5730.244651412303,126.0,682.0,0.047
359,NG-OYO-661,South West,Oyo,Saki East,4553.7789548908,41.91265722177785,6.5144105075047065,85.55884112945412,1908.609764000844,296.6518547259443,3896.1605014015363,198.0,596.0,0.00025
360,NG-KAD-358,North West,Kaduna,Kaura,9115.42299133092,20.75803765452202,1.796727225468967,61.01535282339658,1892.1829369094307,163.77928660190034,5561.807499505571,133.0,661.0250000000001,0.0405
361,NG-ADA-026,North East,Adamawa,Madagali,7412.290732543196,25.46134691366938,2.3735220927778067,70.73185128687814,1887.2690576625823,175.93235811783467,5242.8504578935035,151.0,648.0,0.028
362,NG-KWA-495,North Central,Kwara,Ilorin South,11125.425361155698,16.959500648787962,1.1927498823118132,52.67738299855215,1886.81658630562,132.69849790187322,5860.58292771404,126.0,667.0250000000001,0.042
363,NG-PLA-675,North Central,Plateau,Mikang,4470.45894897505,42.20207865307009,5.609614908422568,84.90931857838737,1886.6266017996588,250.77553167661523,3795.8362309012527,206.97500000000002,619.0,0.00025
364,NG-NIG-546,North Central,Niger,Gurara,5318.286868329501,35.429259280126075,4.74488674363808,77.88884637623265,1884.229643841357,252.3466886040113,4142.35228872052,191.0,621.0,0.00375
365,NG-DEL-209,South South,Delta,Warri South,12867.981051398969,14.485401842409884,0.7013881383095288,53.501578461255555,1863.978764300305,90.25449273443016,6884.572978593717,92.0,720.0,0.06775
366,NG-YOB-752,North East,Yobe,Karasuwa,5501.059813135326,33.81874496876341,4.691700919058025,79.13009377924166,1860.3893887833783,258.09327381080175,4352.993788986159,182.0,628.0250000000001,0.0065
367,NG-LAG-511,South West,Lagos,Epe,6019.761258857363,30.840650475389193,3.4648974700957913,75.43623807899647,1856.533529297086,208.57855556395532,4541.081435018835,172.97500000000002,639.0250000000001,0.014
368,NG-KAD-355,North West,Kaduna,Kaduna South,21022.00263504612,8.829973381731971,0.4452370577143257,34.40504566180642,1856.2372369815716,93.59774600490735,7232.629605613766,88.97500000000001,706.0250000000001,0.06375
369,NG-ADA-029,North East,Adamawa,Michika,8514.886762815937,21.796399032050193,1.7493576890845843,65.2199192643666,1855.9386959505778,148.95582630216606,5553.402272160793,136.97500000000002,664.0,0.0345
370,NG-NIG-543,North Central,Niger,Chanchaga,11827.133144642965,15.490136835768112,0.6714626137947626,56.57170467535004,1832.0391078536784,79.41477735000635,6690.810834147858,106.0,713.0500000000002,0.0535
371,NG-BOR-141,North East,Borno,Abadam,4342.013024625706,42.172615416043904,5.511127532249779,87.19317294219998,1831.1404541899371,239.29387525401864,3785.9389257347398,206.0,620.0,0.0
372,NG-OYO-658,South West,Oyo,Ori Ire,6244.263371028811,29.212538922991648,3.3074203528370636,69.25687972277326,1824.1078677159092,206.52403761815663,4324.581972446611,179.0,629.0,0.0095
373,NG-ADA-037,North East,Adamawa,Yola South,10759.20319862916,16.884262933688884,1.562423065499518,52.339612695950315,1816.6121576264118,168.10427243934393,5631.325283332801,131.97500000000002,658.0250000000001,0.034
374,NG-DEL-208,South South,Delta,Warri North,5615.447296985612,32.34900917449681,3.0856306033919934,76.90732449641436,1816.5415612909112,173.27196031313656,4318.690274617854,180.97500000000002,648.0,0.008
375,NG-BAU-095,North East,Bauchi,Dass,6357.358691989217,28.133329677664705,2.5485032223536574,75.94255530631672,1788.5366796090052,162.01749112192553,4827.940640684844,166.0,660.0,0.01725
376,NG-OYO-633,South West,Oyo,Atiba,7033.936022165944,25.414525204184713,2.1332715493801455,67.97453793026452,1787.6414431995893,150.05295596246762,4781.285509377729,160.97500000000002,664.0,0.02025
377,NG-OGU-567,South West,Ogun,Ifo,22319.73228000878,8.006578533249018,0.283196021511287,28.863518261407574,1787.0468934098355,63.20859382895532,6442.260002537614,106.97500000000001,710.0,0.04975
378,NG-NAS-537,North Central,Nasarawa,Wamba,4093.006237006237,43.47712744383542,7.679615320461232,86.80602232452614,1779.5215379473364,314.32713404456473,3552.975907839881,218.0,599.0,0.0
379,NG-RIV-688,South South,Rivers,Degema,9675.411261201016,18.375015221747677,1.0772832100899425,55.46352902122203,1777.85829201237,104.23158102407008,5366.324532778809,141.0,695.0250000000001,0.03625
380,NG-OND-590,South West,Ondo,Idanre,5541.3268626676445,32.07563153675197,3.4405223169223094,74.71407098408301,1777.415586716322,190.65058736369116,4140.150885633564,186.0,646.0250000000001,0.00425
381,NG-KWA-497,North Central,Kwara,Irepodun,7849.074371321562,22.44077649474867,1.954916415743947,60.67741012022014,1761.3932365748713,153.44284336891621,4762.615046927874,165.0,661.0250000000001,0.01975
382,NG-TAR-730,North East,Taraba,Gashaka,4683.237920916586,37.492640404829416,4.001508673050968,83.74952310550822,1755.8695529918655,187.40017158508903,3922.1894246639586,201.0,652.0,0.00075
383,NG-KOG-485,North Central,Kogi,Olamaboro,7263.796359728659,23.888017126714097,2.200811318386185,65.80233815964124,1735.176918461619,159.86245242943198,4779.747843856363,164.0,657.0,0.02
384,NG-BEN-139,North Central,Benue,Ushongo,8089.562095973165,21.42606490344008,1.4280226639961444,59.916163840597115,1733.2748250872955,115.52078014853832,4846.955279410124,161.97500000000002,676.0250000000001,0.021
385,NG-KOG-486,North Central,Kogi,Omala,4947.951172006179,34.840831668867686,4.232939164097798,78.27890778979463,1723.90733889644,209.4437629802855,3873.2021354187796,203.97500000000002,634.0,0.0015
386,NG-BEN-140,North Central,Benue,Vandeikya,9887.891309657563,17.416407348815703,1.2441597624124967,53.54720227671558,1722.1154286981096,123.02116502584147,5294.689160484117,148.95000000000002,681.0250000000001,0.02875
387,NG-BOR-144,North East,Borno,Bayo,3432.737445798904,49.87460508178126,9.6109677775967,90.99600338031314,1712.0642445866295,329.91928980522863,3123.6538822164457,241.0,594.0,0.0
388,NG-BEN-134,North Central,Benue,Oju,7102.8165209320505,24.02617172205041,2.550648443172462,65.44404623449559,1706.5348944212978,181.16787901254978,4648.370527910161,168.0,652.0,0.01975
389,NG-BOR-142,North East,Borno,Askira/Uba,6219.800376339687,27.238505848918265,3.874903198494617,68.37699631187469,1694.1806893003286,241.01124372276675,4252.912673935756,183.97500000000002,624.0250000000001,0.00825
390,NG-OGU-568,South West,Ogun,Ijebu East,4524.796325903633,37.37034644182089,4.739264272159549,82.30011298956529,1690.9320627769744,214.44205566153883,3723.912488766389,209.0,640.0,0.00025
391,NG-LAG-521,South West,Lagos,Ojo,20180.74610868985,8.367740839745208,0.5187005902229253,29.494985346400803,1688.6725339021389,104.67764917716427,5952.3081075524215,126.0,699.0,0.0425
392,NG-ADA-027,North East,Adamawa,Maiha,6042.937598172212,27.229470216644742,2.8291936242914875,71.0151153746381,1645.4598935047247,170.96640524740135,4291.399107359381,182.97500000000002,658.0500000000002,0.008
393,NG-KOG-483,North Central,Kogi,Okehi,10246.169677838225,16.058057927437492,1.0145296750097816,53.812330498636676,1645.3358622107867,103.95043193352292,5513.702690489403,139.0,697.0,0.03425
394,NG-TAR-732,North East,Taraba,Ibi,4529.521140142518,36.22524439521593,5.039915351103135,79.92271820747268,1640.830102949605,228.28403127350447,3620.116416984009,218.0,628.0,0.0
395,NG-CRO-169,South South,Cross River,Akamkpa,5571.1542826017885,29.42642779084054,2.7856103922670292,75.46298520893997,1639.3916920861352,155.1906526653851,4204.159332247013,188.97500000000002,676.0250000000001,0.0055
396,NG-BEN-135,North Central,Benue,Okpokwu,7400.591812808363,22.054163349869444,1.495933589171888,61.827824749602414,1632.1386072538198,110.70793872530503,4575.624936456579,168.0,691.0,0.0175
397,NG-ANA-071,South East,Anambra,Anambra West,7300.041454606534,22.350973317757923,1.8334272709712012,63.494919139984376,1631.6303177043724,133.84095082095897,4635.155418787757,167.97500000000002,675.0,0.0185
398,NG-OYO-657,South West,Oyo,Orelope,4346.1242947769615,37.32432407578759,4.0157807140751265,81.80058902921111,1622.161516519095,174.53082123938682,3555.1552730692024,215.0,654.0,0.0
399,NG-RIV-694,South South,Rivers,Khana,11360.788083455933,14.233489031802494,0.8439179601981802,44.82628953255257,1617.0365257850278,95.87573105633923,5092.619759469686,147.97500000000002,696.0250000000001,0.02875
400,NG-OYO-647,South West,Oyo,Itesiwaju,5325.903324891553,30.29856468713262,2.6479624707922027,75.69170632968516,1613.67226406641,141.02792127380243,4031.267104079852,195.0,667.0,0.002
401,NG-OGU-565,South West,Ogun,Ado Odo/Ota,21825.63133640553,7.371455341325015,0.21847841699943876,26.649896076358772,1608.8666669253682,47.68429384391226,5816.5080691612675,126.0,714.0250000000001,0.04075
402,NG-ADA-030,North East,Adamawa,Mubi North,8308.594602313295,19.125260420584155,1.5583885555315393,57.64232520818674,1589.0403549830148,129.48018740796158,4789.267120895279,168.0,677.0,0.02075
403,NG-KAN-389,North West,Kano,Kano Municipal,21154.91152617351,7.479059100392813,0.3218804001268461,30.974151288658977,1582.1883356783258,68.09351386692758,6552.554301098939,110.92500000000003,727.0,0.04175
404,NG-OND-599,South West,Ondo,Ose,6152.706957846623,25.54318171121143,1.8906203608070087,67.37393216818181,1571.597118401112,116.32433048583775,4145.320612286586,187.97500000000002,673.0,0.007
405,NG-OGU-581,South West,Ogun,Yewa North,7611.101727326875,20.62915557482821,1.5470976865991521,61.21054309907944,1570.1060162887018,117.7511787481822,4658.796703120196,169.0,685.0,0.0165
406,NG-BAY-114,South South,Bayelsa,Ogbia,7277.044297312209,21.536009374088664,2.256748273909116,61.374422596533336,1567.1849420257406,164.22457157119507,4466.243919569324,176.0,665.0,0.01275
407,NG-NAS-531,North Central,Nasarawa,Kokona,6113.973665973666,25.56380450314887,3.1700785146150396,66.75140353140955,1562.9642753435082,193.8177655742527,4081.163233578196,197.0,641.0,0.0075
408,NG-EKI-252,South West,Ekiti,Ikole,7899.896773475127,19.762637744147295,1.7990107990083453,54.19288947639199,1561.2279815034663,142.11999606532936,4281.182327198432,184.0,669.0250000000001,0.00925
409,NG-NAS-529,North Central,Nasarawa,Keana,4607.367983367984,33.81503494729858,4.003859777533133,78.93409952358293,1557.9830937265303,184.4725534890102,3636.7844294093807,216.0,644.0250000000001,0.00025
410,NG-BOR-152,North East,Borno,Hawul,5239.441364640432,28.8550967564133,3.3413182623944273,72.94109140181449,1511.8458752625436,175.06641116417853,3821.705714726854,206.0,644.0,0.00225
411,NG-OND-588,South West,Ondo,Akure South,15378.988394183923,9.823140673012945,0.560516589005239,33.15700449092587,1510.6996640470159,86.2017811705913,5099.211872518532,152.0,703.0,0.02675
412,NG-TAR-741,North East,Taraba,Yorro,4830.12284476736,31.2045845387598,3.170336599226173,74.24781344705983,1507.2197664213772,153.13115233524402,3586.260599046688,216.0,663.0250000000001,0.001
413,NG-KOG-478,North Central,Kogi,Kogi,5274.413929746793,28.527338523245092,2.9012027635416726,73.16839894728632,1504.6499168560629,153.0214426904409,3859.204226248375,205.0,660.0250000000001,0.00125
414,NG-PLA-669,North Central,Plateau,Jos South,14442.293684946895,10.415663117911455,0.7799249283986993,38.401338375459,1504.2606567234698,112.63904868145194,5546.034067134003,136.0,688.0,0.03275
415,NG-KAN-386,North West,Kano,Gwale,20389.232612435488,7.35171020283979,0.25208121634662284,31.959309761677265,1498.9572942491602,51.39742557316969,6516.258008637179,108.0,739.0250000000001,0.044
416,NG-TAR-736,North East,Taraba,Lau,5113.6449070839735,29.26030479149091,3.1056019127927623,71.74510634792854,1496.2680857673206,158.80945404782955,3668.7899768428288,211.0,657.0250000000001,0.00075
417,NG-KAN-406,North West,Kano,Tarauni,12642.363602850824,11.821104717312672,0.5623763420959292,46.192391207718394,1494.4670402364172,71.0976619841796,5839.810053331055,130.0,724.0,0.0345
418,NG-KWA-489,North Central,Kwara,Asa,6630.626003210274,22.499728272484763,2.136846735852231,61.53242390824298,1491.872833487022,141.686315316168,4079.9849000655345,193.0,671.0500000000002,0.00675
419,NG-OND-593,South West,Ondo,Ile-Oluji/Okeigbo,7336.561142147735,20.134322516837557,1.7364848861573756,56.620713194494655,1477.1668820050106,127.39827539709034,4154.013242634211,189.0,681.0500000000002,0.01075
420,NG-BEN-131,North Central,Benue,Obi,4160.095989448489,34.95409039587606,4.177631959146312,79.22538323432087,1454.1237127070387,173.79349958636402,3295.8519905561784,233.0,655.0250000000001,0.0
421,NG-OYO-656,South West,Oyo,Ona Ara,11099.287818760811,13.09219640174887,0.81296240090328,41.036898938328,1453.140560427561,90.23303673456319,4554.803525059025,167.0,694.0,0.02
422,NG-CRO-170,South South,Cross River,Akpabuyo,10133.147723662112,14.336176788755377,1.2181300317291415,44.65569567490682,1452.705971929936,123.43491558140607,4525.027609767301,173.97500000000002,684.0,0.01875
423,NG-OGU-575,South West,Ogun,Obafemi Owode,9731.1111947083,14.680029223214063,1.0080368490854705,48.13326524251476,1428.5299671266375,98.09318666814104,4683.901562392994,169.97500000000002,693.0,0.01925
424,NG-BAU-092,North East,Bauchi,Bogoro,5914.832791738879,24.120226691250288,2.1308311415409626,67.48863917144801,1426.6710777758271,126.03509909644876,3991.840160411137,196.0,679.0250000000001,0.00525
425,NG-PLA-678,North Central,Plateau,Riyom,6112.990057872087,23.336323534080964,2.2412086835673324,63.78959058980872,1426.5471375112318,137.0048640026369,3899.4513307123157,199.97500000000002,673.0250000000001,0.005
426,NG-TAR-733,North East,Taraba,Jalingo,7538.954114852591,18.88799583360331,1.2166278811964022,58.60778816334325,1423.9573391106223,91.72101771190006,4418.414257364457,178.97500000000002,696.0500000000002,0.01375
427,NG-OYO-654,South West,Oyo,Olorunsogo,3398.5171134124016,41.8943038402427,6.831126563308484,83.78720720029709,1423.7850855556426,232.15700529289927,2847.5225755524043,254.0,628.0,0.0
428,NG-DEL-205,South South,Delta,Ughelli South,8769.246207618473,16.228857704569187,1.5460890197963737,48.31525941597673,1423.1484887977288,135.5803527348991,4236.884054036566,186.97500000000002,677.0,0.0105
429,NG-BEN-119,North Central,Benue,Agatu,4872.421197466335,29.18200213348286,2.803364617609617,73.75030093420294,1421.8700577968978,136.59173187068205,3593.425295913316,214.0,679.0,0.00025
430,NG-LAG-506,South West,Lagos,Ajeromi/Ifelodun,22769.914798837795,6.244334394196453,0.27828872516993697,23.523402135720705,1421.829621313058,63.36610561596652,5356.258624091594,145.0,718.0250000000001,0.03025
431,NG-ABI-009,South East,Abia,Ohafia,12050.801032968096,11.69671682441878,0.7362751250365452,38.6182807950778,1409.5480719004127,88.72705037339114,4653.812180967755,167.97500000000002,700.0250000000001,0.0205
432,NG-TAR-735,North East,Taraba,Kurmi,4905.273270923572,28.53697079763431,2.5901636681255176,74.21683321861462,1399.8164008676215,127.05460608573456,3640.5384823986305,213.0,699.0250000000001,0.0005
433,NG-OYO-635,South West,Oyo,Egbeda,11856.788621147916,11.760738183649911,0.6974588565174916,41.27851006854059,1394.4458667220008,82.69622233675432,4894.305684786118,160.97500000000002,697.0,0.02175
434,NG-OYO-655,South West,Oyo,Oluyole,8505.066924099196,16.3124654385714,1.0124776512049143,51.993066951539404,1387.3861025210497,86.1119018265256,4422.045140120128,179.0,691.0,0.014
435,NG-KAN-380,North West,Kano,Fagge,11402.03305480462,12.149519665273244,0.7511449552173446,45.03771575835214,1385.2922482344388,85.645796083379,5135.215237896261,159.95000000000002,712.0,0.02425
436,NG-ADA-031,North East,Adamawa,Mubi South,7127.74982150507,19.365461165475907,1.7507272758005739,60.343918558726315,1380.3216236558408,124.78746027591598,4301.16354735878,182.97500000000002,687.0,0.013
437,NG-OND-586,South West,Ondo,Akoko South West,9748.733517672066,14.09913005870387,0.9217234117617561,43.85956142123161,1374.4866177330412,89.85635918264883,4275.751764975573,181.97500000000002,704.0,0.015
438,NG-RIV-683,South South,Rivers,Ahoada West,9664.624849538584,14.135709096895177,0.7965346352219251,46.95710837018859,1366.1632540370172,76.9820842908397,4538.22836417001,177.0,709.0250000000001,0.0175
439,NG-ABI-002,South East,Abia,Arochukwu,8296.280108123763,16.458646166942966,1.1915313988558245,50.507635387627104,1365.4553880145647,98.85278242532458,4190.254907747386,185.0,699.0,0.0115
440,NG-OGU-580,South West,Ogun,Sagamu,10592.745352518888,12.8479605750262,0.628285506251599,44.92138086185146,1360.9517467045507,66.55268376401602,4758.407483531079,163.0,718.0,0.0205
441,NG-LAG-507,South West,Lagos,Alimosho,43715.9985843043,3.112302364666542,0.16755650616285614,11.48476599009497,1360.5740576768947,73.24899986206395,5020.680137640579,151.0,716.0,0.0265
442,NG-FCT-280,North Central,FCT,Kwali,5944.599837000815,22.88147307604598,2.020999278037251,66.67194163035037,1360.2120111820195,120.14031978799005,3963.3801334830873,199.0,697.0,0.0045
443,NG-JIG-331,North West,Jigawa,Hadejia,7299.104787304974,18.616592316178053,1.278631035336864,62.93643449504401,1358.844580983206,93.32861911224019,4593.796303186817,175.0,707.0500000000002,0.016
444,NG-LAG-516,South West,Lagos,Ikorodu,17488.63726318598,7.736356458554234,0.45396312675852535,25.840039950028014,1352.9833184236113,79.39196454741568,4519.070855522744,174.97500000000002,709.0,0.01775
445,NG-BEN-125,North Central,Benue,Gwer West,5155.599661309495,26.15897721217803,2.480668261748875,67.98108521804086,1348.6521405530773,127.89332450093714,3504.8325992558334,220.0,683.0250000000001,0.00125
446,NG-KOG-469,North Central,Kogi,Ajaokuta,5611.078648666801,24.022326633147824,2.290262712988194,63.53637559960952,1347.9116406255553,128.50844208685757,3565.076005406433,218.0,675.0,0.00275
447,NG-BOR-167,North East,Borno,Shani,4383.478360467971,30.554180920849213,3.5243375663564223,77.70564682883153,1339.3359088836598,154.48857457107727,3406.2102136034964,228.0,682.0,0.0
448,NG-KOG-468,North Central,Kogi,Adavi,9957.114111088724,13.313238497458165,0.786765752534177,43.7054870234261,1325.6143490733052,78.33916376679393,4351.8052157296115,184.0,710.0250000000001,0.0155
449,NG-NAS-525,North Central,Nasarawa,Akwanga,6303.66735966736,21.026676388514296,1.851660102170846,62.975213857578424,1325.4517363256573,116.7224934725269,3969.748000620887,200.0,690.0250000000001,0.0065
450,NG-TAR-727,North East,Taraba,Ardo-Kola,4717.397205533044,27.856090933271616,3.181187851857739,70.8140714495206,1314.0824552568915,150.06926682629364,3340.5810276838583,231.0,671.0,0.00025
451,NG-CRO-174,South South,Cross River,Boki,6944.39494348872,18.723983270736042,1.495513755590356,58.89859561773801,1300.2673474726698,103.85438162239492,4090.1510958640674,190.97500000000002,709.0250000000001,0.01025
452,NG-BEN-118,North Central,Benue,Ado,7771.351244850439,16.55584246307672,1.1805168784282944,52.28725866630467,1286.6126693497922,91.74211312740681,4063.426527262038,192.0,710.0250000000001,0.01075
453,NG-DEL-195,South South,Delta,Isoko South,9699.135390238276,13.264206088736977,0.8840585676496606,42.53299302768708,1286.5133069868286,85.74603740534182,4125.332579275976,188.0,702.0,0.0125
454,NG-ADA-020,North East,Adamawa,Girei,7120.636298729116,18.01957126327825,1.7017881455322215,55.43456032600448,1283.1081322483533,121.17814441823644,3947.293424614364,202.97500000000002,697.0,0.009
455,NG-NAS-536,North Central,Nasarawa,Toto,6704.94248094248,18.83669960484679,1.6278581108187407,56.28342093811494,1262.9898738128975,109.14695000175345,3773.7710002073436,207.0,696.0,0.006
456,NG-BEN-120,North Central,Benue,Apa,4078.3537524628337,30.73936687959084,3.602731165584469,75.6593818455599,1253.6601226171028,146.9321216827622,3085.6572385885765,244.0,688.0250000000001,0.0
457,NG-EBO-223,South East,Ebonyi,Onicha,12406.488373527416,10.094079766736568,0.8705691052388491,32.25599299121243,1252.3208326747608,108.00705482497948,4001.836020220588,188.0,694.0,0.00925
458,NG-RIV-700,South South,Rivers,Opobo/Nkoro,5927.133208506085,20.591675869636685,1.3854702384453352,60.904912178218225,1220.4960586571685,82.11866659686191,3609.9152753266394,213.97500000000002,707.0,0.00425
459,NG-KOG-476,North Central,Kogi,Ijumu,5434.244654890636,22.37578415386224,1.9747563268745854,61.565303616128325,1215.9548543711219,107.31309014029682,3345.609221026645,226.97500000000002,699.0250000000001,0.0005
460,NG-RIV-692,South South,Rivers,Gokana,9068.675605189246,13.149352420272256,0.5889291671265061,46.08367014972323,1192.4721151775925,53.408075711045655,4179.1785528438295,185.97500000000002,725.0,0.01425
461,NG-ANA-084,South East,Anambra,Ogbaru,9743.595599227345,12.073857504298463,0.8025535701514718,40.17851862882226,1176.4278484458023,78.19757434272074,3914.8323729526646,203.0,722.0,0.0115
462,NG-OSU-614,South West,Osun,Ife South,4673.54134355275,25.16821644463257,2.55622896346321,65.80252836698519,1176.2470009747472,119.46641744332304,3075.3083683340788,245.0,695.0,0.00025
463,NG-OGU-578,South West,Ogun,Ogun Waterside,3071.7014326467915,38.22069225019542,4.092723160199903,86.01001729581233,1174.025551416773,125.71623594612744,2641.9709334952204,271.0,700.0,0.0
464,NG-ADA-025,North East,Adamawa,Lamurde,6103.402541767813,19.105445192035646,1.596485448796777,58.649900038753195,1166.082227466758,97.43993346081577,3579.6394897095443,217.0,706.0,0.00375
465,NG-KWA-503,North Central,Kwara,Oyun,5022.557517388978,23.084431076867318,1.7678664531004058,66.27213638293067,1159.4288283976723,88.79210943759233,3328.5561678351605,232.97500000000002,706.0,0.00125
466,NG-OGU-563,South West,Ogun,Abeokuta North,8229.336405529953,14.008954564219,0.8727982438465604,47.57678621818701,1152.8439979874258,71.82550362769109,3915.2537888344214,198.0,717.0250000000001,0.01075
467,NG-BOR-158,North East,Borno,Kwaya Kusar,2461.2638632087046,46.47635611137106,7.529294308666955,88.81929067672367,1143.9057579053658,185.3157999738494,2186.077104984498,299.0,653.0,0.0
468,NG-FCT-275,North Central,FCT,Abaji,4044.2251018744905,28.134336584706865,3.1254788277010896,74.71435112476648,1137.815902404573,126.40139930366003,3021.616542890452,247.97500000000002,696.0,0.0
469,NG-BOR-146,North East,Borno,Chibok,2878.8790313343698,39.316964996145074,4.575129728429654,86.48763403835041,1131.8878610310896,131.71245040810638,2489.874361027277,277.975,685.0,0.0
470,NG-ABI-003,South East,Abia,Bende,9436.766303036156,11.991462866120537,0.8714792773846726,38.8520465039662,1131.606326991163,82.23946278617979,3666.37683252622,208.97500000000002,712.0,0.00925
471,NG-ENU-270,South East,Enugu,Nsukka,14093.198801731303,8.018461316721394,0.45448919202234933,28.379546985672967,1130.0576942054677,64.05206536409202,3999.585975721635,195.0,716.0,0.014
472,NG-OYO-648,South West,Oyo,Iwajowa,4299.32887841328,26.181696905352354,2.4321434781472595,67.49655889738314,1125.6372559104448,104.5658469204303,2901.8990486104217,254.97500000000002,699.0,0.0
473,NG-EDO-228,South South,Edo,Esan South-East,7576.791559379514,14.845428531139945,1.07747561411856,46.273079847161526,1124.8071759011323,81.63808138490765,3506.014808124677,221.0,708.0250000000001,0.006
474,NG-CRO-182,South South,Cross River,Odukpani,7178.9698606509,15.610736199683148,1.5607636403677616,45.482850957950696,1120.6900468009735,112.04675133799941,3265.2001620360497,233.97500000000002,700.0250000000001,0.003
475,NG-LAG-513,South West,Lagos,Ibeju/Lekki,3902.77458566812,28.43513147796993,2.610432213928081,76.52224789091609,1109.7590847235256,101.87928502127879,2986.490843068632,245.97500000000002,713.0,0.0
476,NG-ANA-070,South East,Anambra,Anambra East,6638.628302679096,16.610886602985627,1.449093737892783,52.511813292420776,1102.7350193517318,96.19994701610074,3486.0640994806495,223.0,711.0250000000001,0.0045
477,NG-TAR-729,North East,Taraba,Donga,7152.954198686601,15.247197956708616,1.003123249888171,47.71816256248675,1090.6250864264405,71.75294662087742,3413.2583125494934,228.97500000000002,720.0,0.00275
478,NG-DEL-204,South South,Delta,Ughelli North,13226.093713961289,8.220301260163245,0.5238343556119095,29.21872597827945,1087.2247482391306,69.2828227791564,3864.4960799127925,208.0,724.0250000000001,0.01025
479,NG-KOG-484,North Central,Kogi,Okene,14925.46920545369,7.273771312088989,0.35100284767081064,25.321518951403043,1085.644497260965,52.38882193937237,3779.355513444781,208.97500000000002,737.0,0.01125
480,NG-EDO-237,South South,Edo,Ovia North-East,7077.222885134711,15.041942616704882,1.3575395652378002,46.500130921046114,1064.5518052382688,96.07610078576786,3290.9179071618773,234.97500000000002,711.0,0.00275
481,NG-LAG-517,South West,Lagos,Kosofe,22619.980224732422,4.705168385615837,0.23214130569255015,17.277693325855395,1064.30815836666,52.510317441090486,3908.210813598404,204.0,735.0,0.013
482,NG-EDO-238,South South,Edo,Ovia South-West,6290.86478678641,16.894213168584415,1.1915206115854151,50.38865211829931,1062.7921072271097,74.95695058152894,3169.8819726463958,235.0,722.0250000000001,0.001
483,NG-TAR-738,North East,Taraba,Takum,7231.520553304457,14.662821960404635,1.046952350025235,47.54652217846226,1060.3449837610972,75.71057437537888,3438.3365237169605,231.0,726.0,0.0045
484,NG-EKI-242,South West,Ekiti,Ado Ekiti,14539.896216697754,7.270159128792472,0.6198166353498573,24.771237209703504,1057.0735921152072,90.12069551369721,3601.712181882906,210.95000000000002,714.0,0.0095
485,NG-RIV-686,South South,Rivers,Asari-Toru,8523.961816236459,12.391720339891515,0.5935253095253236,46.0105472395106,1056.2655101471616,50.591870753637835,3921.9214781373216,202.0,737.0,0.0105
486,NG-FCT-279,North Central,FCT,Kuje,6706.646943765281,15.72778951823369,1.3228609085457999,52.24053545152848,1054.8073150464545,88.71961069325253,3503.5882742665535,220.97500000000002,723.0250000000001,0.002
487,NG-RIV-682,South South,Rivers,Ahoada East,6450.274174134011,16.32733707181239,0.9901219404979978,53.573801723202266,1053.1580064669236,63.86557982037689,3455.6570966534778,222.0,725.0,0.005
488,NG-CRO-185,South South,Cross River,Yala,7872.920657255686,13.351939414895536,0.8934099018613105,42.14412595797838,1051.1875963395778,70.33745271760687,3317.9735983655355,231.0,724.0,0.00325
489,NG-OND-584,South West,Ondo,Akoko North West,9045.64640821624,11.536972235079258,0.6561193375864713,39.93902141466137,1043.5937145993555,59.35023529400283,3612.7426560720305,216.95000000000002,724.0,0.00775
490,NG-OYO-631,South West,Oyo,Afijio,5524.7838444372,18.88321748672719,1.4561278042623582,53.06214310415883,1043.2569490166463,80.4479136842449,2931.568709730715,254.97500000000002,710.0,0.0015
491,NG-CRO-173,South South,Cross River,Biase,6255.331124324815,16.52604162954293,1.2925254041290737,52.31230852046521,1033.7586256716706,80.85174389429103,3272.3081167334826,226.97500000000002,719.0,0.00425
492,NG-OYO-663,South West,Oyo,Surulere,5866.975326596625,17.615789848399356,1.1800012085916316,54.22764800392336,1033.5140439907034,69.230379761613,3181.522728583851,239.0,718.0250000000001,0.003
493,NG-BEN-133,North Central,Benue,Ohimini,2980.672284369759,34.62050708489915,3.778167811346382,79.8273819698779,1031.9238593878595,112.61480080978113,2379.392649714133,287.975,699.0,0.0
494,NG-OGU-582,South West,Ogun,Yewa South,6968.527101163046,14.786558734272296,0.964856985770363,48.63504272547225,1030.4053527271537,67.23632054087263,3389.14613298676,228.0,723.0250000000001,0.00575
495,NG-ADA-032,North East,Adamawa,Numan,5022.147079822933,20.43964976651963,1.7998106829319218,61.0824601053039,1026.5092738753,90.3891396552067,3067.650986462528,250.0,720.0,0.00075
496,NG-EKI-250,South West,Ekiti,Ijero,10283.48631719607,9.95335141695404,0.8074175762944761,32.202642444507326,1023.5515310649105,83.03067598087858,3311.5543295564844,235.0,719.0,0.00525
497,NG-OYO-660,South West,Oyo,Oyo West,5703.191369323738,17.910687490890165,1.2047102897248732,56.582055628671476,1021.4807831669956,68.70693326894397,3226.9829132003483,237.0,726.0,0.00025
498,NG-OGU-574,South West,Ogun,Ipokia,6226.158688360137,16.350680594217508,1.024117640753791,53.82774371200545,1018.0193204228881,63.76318946882101,3351.4007418732544,226.97500000000002,725.0,0.002
499,NG-BOR-155,North East,Borno,Kala/Balge,2638.972445389839,38.45756375182558,4.248018525523251,83.86986690591958,1014.8845105789042,112.1040383636143,2213.302677632349,297.0,702.0,0.0
500,NG-RIV-690,South South,Rivers,Emohua,7798.5756319379425,12.795235784662045,0.6959189373959509,43.75317652351916,997.8461399516541,54.271764669802096,3412.124562561958,225.0,729.0,0.0075
501,NG-KOG-474,North Central,Kogi,Idah,3655.7027559495823,26.979072254863727,2.559406758546883,72.04408800330779,986.2746879506798,93.56430340815828,2633.7177106356653,271.975,709.0,0.0
502,NG-CRO-180,South South,Cross River,Obubra,6421.4883573146935,15.328166540495088,1.2803908574010734,45.88572164714341,984.2964297876999,82.22014983613171,2946.546273241142,254.97500000000002,722.0,0.0025
503,NG-DEL-188,South South,Delta,Bomadi,3548.0237744619694,27.525800979040664,2.299367112927801,73.65362675636922,976.621962847449,81.58209182883819,2613.2481880694622,271.0,711.0250000000001,0.0
504,NG-ANA-069,South East,Anambra,Aguata,16143.380263710422,6.046056512840409,0.27002843676985433,22.265437482320817,976.0378938266592,43.59171736791044,3594.394240149761,211.0,731.0,0.01025
505,NG-YOB-753,North East,Yobe,Machina,3179.937529111982,30.456328851146175,2.6123408489696884,77.30022152033386,968.4922311273554,83.07080704470967,2458.0987542117928,286.0,728.0,0.0
506,NG-LAG-520,South West,Lagos,Mushin,20932.65680868096,4.602566905552267,0.18012086256105433,18.08524753425456,963.4395347291808,37.70408200074142,3785.7227993459423,204.97500000000002,750.0,0.01325
507,NG-EBO-220,South East,Ebonyi,Izzi,12410.008943440447,7.72763307928501,0.5416515027828666,26.561609622559548,958.9999562555321,67.21899993763333,3296.298129681378,233.97500000000002,732.0,0.00625
508,NG-ANA-075,South East,Anambra,Ayamelum,6901.968724279835,13.877216920453558,0.8544686987430027,47.233437358997335,957.8011716501735,58.97516234600293,3260.0370739203036,230.97500000000002,726.0,0.0045
509,NG-OND-591,South West,Ondo,Ifedore,7528.312171999322,12.69147914403774,0.8010708326127738,39.850874098599064,955.4541692073451,60.30711299792377,3000.0982054129586,250.0,726.0,0.00475
510,NG-DEL-202,South South,Delta,Sapele,7186.328052090911,13.270079772674043,0.8863235853263091,44.273236373385295,953.6314652385169,63.69412044460247,3181.6200050691045,239.97500000000002,722.0250000000001,0.00375
511,NG-OSU-603,South West,Osun,Ayedaade,5198.177141568981,18.034096573078802,1.7077209246644538,49.70633894687917,937.4442857502544,88.77035874769807,2583.8235490474726,271.0,714.0,0.0
512,NG-EKI-243,South West,Ekiti,Aiyekire (Gbonyin),6859.784972578715,13.624665806413674,1.1864079829877534,41.78763212211985,934.6227775524367,81.38503653046813,2866.5417087096534,254.97500000000002,719.0,0.00175
513,NG-EKI-246,South West,Ekiti,Ekiti South West,7652.251106595028,12.159537444903608,0.8799069603270555,38.472998677029054,930.4783386844742,67.3326901086338,2944.0504670032465,253.0,727.0250000000001,0.00375
514,NG-KWA-502,North Central,Kwara,Oke-Ero,3028.410914927769,30.69564171054558,3.5362601103903906,74.10079930915126,929.5901639692842,107.09248716329937,2244.076694327058,298.0,705.0,0.0
515,NG-OGU-573,South West,Ogun,Imeko Afon,3434.366657261983,26.840700968834412,2.2051889264338174,70.45713326355975,921.8080846490464,75.73427321907651,2419.756292466338,282.975,724.0,0.0
516,NG-OND-583,South West,Ondo,Akoko North East,7645.030190169855,11.86658648914187,0.8294200142672487,41.62843343567224,907.2041196375114,63.40941049404227,3182.506303851905,245.0,734.0,0.005
517,NG-EDO-239,South South,Edo,Owan East,7046.385312650463,12.86825173757758,0.8722430409085561,42.548506716594304,906.7466004315523,61.46160552519627,2998.1317280301964,247.97500000000002,731.0,0.002
518,NG-EDO-224,South South,Edo,Akoko-Edo,11915.63800791308,7.587707829122883,0.4237515818352663,26.047387152619727,904.1237980163631,50.49270454429589,3103.7123636258248,242.0,737.0,0.00525
519,NG-BAY-112,South South,Bayelsa,Kolokuma/Opokuma,3211.261133443683,28.02542442211284,2.515203341137463,74.38661902623389,899.9695619499421,80.76974732102427,2388.7485852722725,287.0,723.0250000000001,0.0
520,NG-OYO-636,South West,Oyo,Ibadan North East,13854.367957172588,6.494964626157379,0.23437595457983193,26.45884134665926,899.836297996043,32.47130715062562,3665.705237370693,208.97500000000002,750.0250000000001,0.01
521,NG-OGU-576,South West,Ogun,Odeda,4534.532305087933,19.785715427162852,1.3732970024064093,61.81038874773325,897.1896578374678,62.27259621892285,2802.812045666401,258.975,726.0250000000001,0.0
522,NG-NAS-530,North Central,Nasarawa,Keffi,5212.928620928621,16.934282254494143,1.375616052254086,54.835335819513844,882.7720463933648,71.70988290204166,2858.526915317761,259.975,732.0,0.0
523,NG-RIV-695,South South,Rivers,Obio/Akpor,17932.409388792297,4.922575203425527,0.20473551739179138,19.957434691538744,882.7363379494401,36.714011142958086,3578.848892387585,219.0,744.0,0.01025
524,NG-EBO-217,South East,Ebonyi,Ikwo,11272.86486153087,7.7606983424351395,0.5856335086799643,26.562923777072903,874.8530364537778,66.01767401733403,2994.40250066088,249.0,732.0250000000001,0.0035
525,NG-ENU-259,South East,Enugu,Awgu,8987.151318735208,9.713747816140906,0.5156776475421492,33.68754359927153,872.9892149569226,46.34473050150695,3027.5505188314296,247.0,740.0,0.0055
526,NG-PLA-667,North Central,Plateau,Jos East,4095.293494159795,21.172320522220815,1.7803091400193964,62.55282135177483,867.0686649091676,72.90888438714653,2561.7216232326336,276.0,731.0,0.0
527,NG-ANA-072,South East,Anambra,Anaocha,12401.496598639456,6.987080692896843,0.3305862862894135,25.16690751694844,866.5025744737967,40.997647049750114,3121.073179697099,245.95000000000002,739.0,0.00775
528,NG-ADA-035,North East,Adamawa,Toungo,2863.192917321148,30.257586369966077,2.6985813479987497,78.74689857433664,866.3330698971992,77.26559002404976,2254.6756225904746,296.975,738.0,0.0
529,NG-OYO-642,South West,Oyo,Ibarapa East,4898.895150572955,17.523309734570717,1.3320928831477619,53.98742309276814,858.4485708067631,65.25783365365315,2644.7872518109216,273.0,728.0,0.0
530,NG-EKI-245,South West,Ekiti,Ekiti East,6410.927201358537,13.339493563730237,0.9671606965716855,43.03728954792133,855.1852214006547,62.00396817736289,2759.0893023551234,263.0,732.0,0.001
531,NG-ANA-078,South East,Anambra,Idemili North,18807.40545897372,4.539445432255959,0.2008592662657245,17.196220668561182,853.7519080332406,37.77641660851443,3234.1629447561436,235.97500000000002,740.0250000000001,0.0065
532,NG-AKW-054,South South,Akwa Ibom,Mbo,3314.8090609687524,25.448370803499067,2.255332946512704,70.49727595127892,843.5649012633137,74.75998086601666,2336.8500909691393,289.0,719.0250000000001,0.0
533,NG-OGU-571,South West,Ogun,Ijebu Ode,6506.068089908775,12.955544736385278,0.6299959829381804,45.729487099763965,842.8965619678207,40.98796761364808,2975.191567876693,254.97500000000002,745.0,0.00425
534,NG-ANA-080,South East,Anambra,Ihiala,13191.517863441672,6.383953104259301,0.3289685501347814,24.134913627643403,842.1403141421036,43.395945056134764,3183.761442516798,240.97500000000002,739.0,0.00825
535,NG-LAG-510,South West,Lagos,Badagry,7874.921884728275,10.665705110213015,0.5970022016981236,36.2031674299523,839.9159458847486,47.01345703383517,2850.9711549061326,258.0,743.0,0.0025
536,NG-LAG-522,South West,Lagos,Oshodi/Isolo,20840.90580064633,4.008762478485492,0.17865553919785163,15.265151886528702,835.4624119128141,37.233432631861035,3181.3959249970335,242.97500000000002,747.0,0.00875
537,NG-EDO-235,South South,Edo,Oredo,17062.428855533923,4.885527482431307,0.23429377266994847,18.662066799200243,833.5896509073993,39.976208274756345,3184.201870585758,236.0,747.0250000000001,0.00675
538,NG-NIG-561,North Central,Niger,Tafa,4908.925467303497,16.830859028806913,1.1229693267281968,51.22003126434717,826.2143252310506,55.125727269767054,2514.353159096351,282.0,734.0,0.00025
539,NG-TAR-739,North East,Taraba,Ussa,4884.777700153696,16.91123708681526,0.9167687309558639,57.26768656299924,826.0763380368733,44.78211453171407,2797.3991826233014,259.0,746.0,0.00025
540,NG-OGU-577,South West,Ogun,Odogbolu,5201.446879212514,15.809131053738227,0.9658990740593235,49.82435934744924,822.3035538252833,50.24072724400125,2591.587584365527,273.975,739.0,0.0
541,NG-EDO-232,South South,Edo,Etsako West,9066.246310368648,9.053207904496317,0.5931346322618876,30.119365957815194,820.7861276114039,53.77504671296203,2730.6959048568506,271.975,740.0,0.00225
542,NG-BEN-137,North Central,Benue,Tarka,3342.673619591943,24.47611452665943,1.8815955246228044,68.58069522718976,818.156623383754,62.89559722898911,2292.428807492023,298.0,735.0250000000001,0.0
543,NG-BEN-132,North Central,Benue,Ogbadibo,5520.520362138309,14.733762868136392,0.9099720115527548,47.032520352039604,813.3803792446406,50.23519018752939,2596.4398628611907,275.0,743.0250000000001,0.0
544,NG-EKI-247,South West,Ekiti,Ekiti West,8323.989978007294,9.67763952348526,0.7899892453848623,30.48686065195714,805.5657440425808,65.75862561317139,2537.7232252779613,280.975,730.0500000000002,0.00225
545,NG-EKI-255,South West,Ekiti,Ise/Orun,5281.04384621809,15.082511323244708,1.0398316250764774,49.13644809411235,796.5140360913598,54.913964047130875,2594.9173683242666,278.0,741.0,0.0
546,NG-OYO-643,South West,Oyo,Ibarapa North,4191.114478072264,18.952889065050154,1.1384534151058168,58.59560609269077,794.3372776182961,47.71388590660802,2455.8089304649566,284.0,741.0250000000001,0.0
547,NG-OSU-613,South West,Osun,Ife North,5326.659377817854,14.808345924549116,1.1147225558390512,45.622520028303164,788.790146889703,59.37747355725169,2430.1562414844393,286.975,729.0,0.0
548,NG-IMO-309,South East,Imo,Ohaji/Egbema,7525.420783645656,10.43478075391935,0.5255087512170629,37.51238220582805,785.2611595833027,39.54674478396559,2822.9646069579785,263.975,744.0,0.00225
549,NG-OYO-639,South West,Oyo,Ibadan South East,11137.309094556304,7.047289040519712,0.23375052089531845,28.23705386604311,784.8783632294717,26.033518022247037,3144.847968257581,240.0,755.0,0.007
550,NG-ENU-274,South East,Enugu,Uzo-Uwani,5791.508176797936,13.481642995626336,0.8070637406894349,42.99791334139592,780.7904564584038,46.74116253399991,2490.2276670194356,284.0,739.0,0.00075
551,NG-LAG-523,South West,Lagos,Shomolu,13368.793219484716,5.835638090053092,0.2495254008640123,23.356126541401366,780.1543892966844,33.358534871600135,3122.4322614011357,245.97500000000002,751.0,0.006
552,NG-EDO-236,South South,Edo,Orhionmwon,8381.652201218363,9.264808657863282,0.5531895345039185,31.806462465382218,776.5440388104681,46.36642279565729,2665.907061359401,272.0,741.0,0.0025
553,NG-KWA-498,North Central,Kwara,Isin,3163.006955591225,24.463965073577537,2.009659975590882,69.06307984138654,773.7969168906659,63.56568481167252,2184.4700191285774,306.975,740.0,0.0
554,NG-OSU-621,South West,Osun,Irewole,4962.6263751127135,15.409998627142189,1.1521612570200874,48.85810534558492,764.7406562750645,57.17745842470904,2424.645222260352,288.975,733.0250000000001,0.00025
555,NG-DEL-201,South South,Delta,Patani,2780.6394975427143,27.390139162382315,2.5948992041671475,71.17766594053322,761.6210279811189,72.15479219249325,1979.1942925714745,317.0,725.0,0.0
556,NG-ENU-264,South East,Enugu,Igbo-Etiti,9488.553122534702,7.99544273252341,0.4250808751891571,28.178965154323095,758.6518310573211,40.33402465605861,2673.7760780484896,266.0,745.0250000000001,0.0035
557,NG-ENU-260,South East,Enugu,Enugu East,12620.727681712542,6.010421790977027,0.3337381161955201,20.441125859380794,758.55896676152,42.12017881511397,2579.8188297885727,279.0,745.0,0.00575
558,NG-OND-587,South West,Ondo,Akure North,5583.011869157121,13.570231807105108,0.851243851207274,45.49968898207364,757.6276524628136,47.52504524837229,2540.2530362987463,283.975,741.0250000000001,0.0005
559,NG-OSU-612,South West,Osun,Ife East,6555.2707619477005,11.473174787018452,0.8126276304444766,37.18486712023377,752.0976722805758,53.26994146203518,2437.5687222017878,284.975,737.0,0.00125
560,NG-LAG-514,South West,Lagos,Ifako/Ijaye,14169.936167689526,5.275460010279269,0.21124086475783027,20.68763887244432,747.5293160085591,29.93269569625991,2931.4252228274854,251.95000000000002,757.0,0.006
561,NG-ABI-001,South East,Abia,Aba South,20939.191967949027,3.563355641661483,0.1829969983393664,13.460122551345203,746.1378783082426,38.31809277786442,2818.4409001473705,262.975,752.0,0.00625
562,NG-LAG-508,South West,Lagos,Amuwo Odofin,10898.229490942513,6.8355908911721235,0.363486349814124,23.320285695473313,744.9583823819012,39.613576570993324,2541.498253036121,285.0,746.0250000000001,0.00375
563,NG-OYO-632,South West,Oyo,Akinyele,8853.107833304079,8.267297436365094,0.34827640869897625,31.69821656682686,731.912756941383,30.833286020079193,2806.27729389544,266.0,750.0250000000001,0.00425
564,NG-EDO-234,South South,Edo,Ikpoba-Okha,16951.413594590635,4.281625382332847,0.2427104690649925,16.29447011371187,725.7960271302139,41.14285544857783,2762.1430220222624,269.0,748.0,0.00275
565,NG-OYO-637,South West,Oyo,Ibadan North,12880.438354103457,5.580890788208944,0.1930106341344272,22.535683415609483,718.8431975850924,24.86061574654906,2902.694810023496,257.0,758.0,0.0055
566,NG-EKI-256,South West,Ekiti,Moba,6739.057709974667,10.540805822627753,0.75728859781824,36.063690109118475,710.3509874832566,51.03411563802914,2430.35288879992,290.95000000000005,742.0250000000001,0.00075
567,NG-OYO-659,South West,Oyo,Oyo East,5188.441789323237,13.650157754372353,0.6715399127532116,45.685258572236,708.2304892364027,34.84245746527244,2370.353047322269,289.975,750.0,0.00025
568,NG-KWA-492,North Central,Kwara,Ekiti,2893.8148742643125,24.469058916486745,1.926397863675216,67.93629585429333,708.0892665177907,55.746387916543355,1965.9506344557499,320.0,736.0,0.0
569,NG-ANA-087,South East,Anambra,Orumba North,7538.885092802554,9.317282443898254,0.5380363913096604,31.78675088817866,702.4192172173562,40.56194529829681,2396.366624195184,290.975,745.0,0.00325
570,NG-CRO-178,South South,Cross River,Ikom,6091.617380055376,11.527670549852747,0.7116640279642525,40.50800290947981,702.2215827303527,43.35184961507256,2467.5925455472097,282.0,749.0,0.001
571,NG-KOG-480,North Central,Kogi,Mopa-Muro,2006.385698614189,34.951234622102206,3.6817963457491016,82.44726793698787,701.2565729469505,73.8710353332098,1654.2101927858464,348.975,733.0,0.0
572,NG-LAG-505,South West,Lagos,Agege,15297.802217676184,4.580347752800609,0.16433216572873277,18.87753825623518,700.692540105213,25.13920969320538,2887.848466005015,260.975,759.0,0.0055
573,NG-EKI-249,South West,Ekiti,Ido-Osi,7416.9877230589345,9.36997186521055,0.5639352525200966,33.128695934590375,694.96966289674,41.827008445416965,2457.1513102780923,293.0,749.0,0.001
574,NG-OYO-641,South West,Oyo,Ibarapa Central,4316.87715954966,16.010432620082508,0.9808745491534965,50.8351289883396,691.1507089214301,42.34314937624299,2194.4900723252404,301.0,744.0250000000001,0.0
575,NG-ENU-265,South East,Enugu,Igbo-Eze North,11789.289247564016,5.816552229555682,0.23354946033996246,20.62969998305918,685.730166577952,27.533821415602983,2432.0950019075117,284.95000000000005,752.0250000000001,0.00475
576,NG-EKI-251,South West,Ekiti,Ikere,6884.549539266724,9.948231393481906,0.6804560049632423,34.3070471229778,684.8909185651443,46.84633075460966,2361.885654640986,296.0,749.0,0.00075
577,NG-CRO-177,South South,Cross River,Etung,2978.612750215605,22.85494212879257,1.613311721704129,65.7491905453616,680.7602203026134,48.05430864340208,1958.4137727476939,323.0,754.0,0.0
578,NG-DEL-196,South South,Delta,Ndokwa East,4258.230399375477,15.966143044697741,1.170721619885606,50.88740344029473,679.8751567370955,49.85202391002991,2166.9028827474726,309.0,747.0,0.0
579,NG-KWA-501,North Central,Kwara,Offa,4732.113429641519,14.317991408310702,0.6279488904116819,54.010098595988815,677.5435942875864,29.71525377445611,2555.819129023412,279.0,761.0,0.0
580,NG-ABI-008,South East,Abia,Obi Nwga,8911.940797412752,7.559233291610553,0.49018391613677603,26.859229976980718,673.6743956866493,43.68490040454885,2393.67867418946,291.975,750.0,0.0015
581,NG-LAG-519,South West,Lagos,Lagos Mainland,10822.1432891577,6.214220403752165,0.1676366073036135,27.202244066783898,672.5118363981314,18.141873847479655,2943.8658307737524,249.97500000000002,765.0,0.0075
582,NG-DEL-190,South South,Delta,Ethiope East,8287.75019072796,8.070718239243995,0.34753941365769647,30.696407473540678,668.880966266061,28.803198418270572,2544.0415689349993,277.0,754.0,0.0025
583,NG-ENU-273,South East,Enugu,Udi,10853.127651862433,6.152551284381975,0.3791904954166994,21.301489428982833,667.7442447402746,41.154028511303956,2311.877839475489,297.0,744.0250000000001,0.004
584,NG-ENU-258,South East,Enugu,Aninri,6204.053964734228,10.74833875179088,0.6186547517003902,37.732920634235725,666.8327364735435,38.381674650884754,2340.9707586183217,291.975,750.0,0.001
585,NG-ANA-073,South East,Anambra,Awka North,4896.294583018393,13.493159565553539,0.9741905869319183,44.3963332431209,660.6648408862237,47.6992409362226,2173.775259641722,305.95000000000005,745.0,0.0
586,NG-ENU-268,South East,Enugu,Nkanu East,6994.237820089124,9.4226278614774,0.589183409611416,30.8305619094685,659.041001533707,41.20888886473228,2156.362821218038,304.0,750.0,0.002
587,NG-EDO-240,South South,Edo,Owan West,4511.536854445351,14.547850912714777,0.9275284163863405,47.01550694815176,656.3316554568912,41.84578634072309,2121.121923270182,309.975,753.0,0.0
588,NG-ANA-088,South East,Anambra,Orumba South,8053.317544301672,8.124337702838872,0.41286137082125607,29.637640830127502,654.2787135810372,33.2490372099926,2386.8133286897737,294.95000000000005,750.0,0.00275
589,NG-CRO-176,South South,Cross River,Calabar South,7127.6565975216745,9.143024593133934,0.5485458790473617,33.614954588777124,651.6833956255398,39.09846653835254,2395.958528500888,297.0,758.0,0.00175
590,NG-EKI-248,South West,Ekiti,Emure,4370.94602043373,14.895509474291485,0.9941589217914868,49.90074261924546,651.0746785898748,43.454149828831866,2181.134523682788,308.975,750.0,0.0
591,NG-OSU-623,South West,Osun,Iwo,6648.95572587917,9.787021588614715,0.5587772040843393,34.20752742316818,650.7347323092299,37.15284890587322,2274.443353284428,303.0,746.0,0.00125
592,NG-OND-597,South West,Ondo,Ondo East,3248.6515057464776,20.028536425596773,1.4383638977774817,60.858097978830386,650.6573501691307,46.727430423261886,1977.0675163579401,318.0,747.0500000000002,0.0
593,NG-LAG-524,South West,Lagos,Surulere,16658.4025319458,3.8770550523820573,0.1421324133021496,16.122190451576753,645.8554370109429,23.67698953624096,2685.699382390586,269.0,761.0250000000001,0.005
594,NG-AKW-047,South South,Akwa Ibom,Ibiono Ibom,6118.669792754438,10.50673157716591,0.6070591786980968,36.415479407997324,642.8722112178438,37.14394659114363,2228.1429384238454,300.95000000000005,746.0,0.00075
595,NG-EKI-254,South West,Ekiti,Irepodun/Ifelodun,6088.987834414409,10.485680203224618,0.7586261745603313,34.289383372443595,638.4717919299486,46.19265547766199,2087.876382043808,316.0,748.0250000000001,0.0005
596,NG-AKW-055,South South,Akwa Ibom,Mkpat Enin,5750.075226925857,11.012843973835162,0.6617000712074548,40.16386799550222,633.2468131194913,38.04825187105062,2309.4526237845766,296.95000000000005,747.0,0.0
597,NG-AKW-050,South South,Akwa Ibom,Ikot Abasi,4301.117278496265,14.656931455459846,0.9599177819706051,49.22946502544467,630.4118113281386,41.28718957969579,2117.417026320676,307.0,746.0,0.0
598,NG-ABI-014,South East,Abia,Umuahia North,10930.500434425834,5.762641174703303,0.3220187858787888,20.982816434012793,629.8855186353459,35.198264789413805,2293.5268414745433,297.95000000000005,751.0,0.00275
599,NG-DEL-186,South South,Delta,Aniocha North,4291.3332505367,14.665680431007752,0.8945307835110187,51.97803687829423,629.3532207532886,38.387296949094804,2230.5507795344683,303.95000000000005,753.0,0.0
600,NG-EBO-213,South East,Ebonyi,Afikpo South,8262.777585887867,7.600220903555228,0.5162756060635517,26.701474318760535,627.989349296924,42.658705059225895,2206.2834351121505,304.0,749.0250000000001,0.0005
601,NG-EDO-241,South South,Edo,Uhunmwonde,5547.679289916055,11.30824088238208,0.7388834077352101,38.04382179950419,627.3449374857332,40.99088178755225,2110.549223063663,312.0,753.0,0.0
602,NG-OGU-569,South West,Ogun,Ijebu North East,2847.7739114078813,22.017476036238573,1.5054124449062622,65.91496553858954,627.0079385104816,42.87074286512808,1877.1091923214483,330.0,750.0,0.0
603,NG-RIV-696,South South,Rivers,Ogba/Egbema/Ndoni,10985.960278186438,5.671512961887294,0.20903328076893146,22.32251655889179,623.0701611651327,22.964313193464744,2452.342802251442,288.975,759.0,0.0045
604,NG-OYO-651,South West,Oyo,Ogbomosho North,8312.035831599007,7.481346387053723,0.286741944101066,29.208244085074192,621.8521923779401,23.8340931379042,2427.7997141322644,288.975,758.0,0.003
605,NG-DEL-198,South South,Delta,Okpe,5296.456185795646,11.723917194959526,0.7294727099418525,40.142211460097364,620.9521374899929,38.63620246940638,2126.1146419934958,313.0,746.0,0.0
606,NG-ENU-272,South East,Enugu,Udenu,8139.845738896825,7.606048474240653,0.36025966690364186,27.687724681777176,619.120612628904,29.32458114541999,2253.738077707124,299.0,753.0,0.00175
607,NG-ABI-004,South East,Abia,Ikwuano,6755.446251870445,9.103223194349946,0.5915048827464945,31.90097419505842,614.9633500821161,39.95879443112874,2155.053165570232,308.975,750.0250000000001,0.00125
608,NG-CRO-183,South South,Cross River,Ogoja,6384.836026508102,9.57538684361151,0.6238815212189317,34.00621588579095,611.3727488684204,39.833812129513134,2171.241123128102,308.975,752.0,0.00125
609,NG-EDO-231,South South,Edo,Etsako East,6713.339529820595,9.090256208473257,0.5739196973855699,30.09533859753492,610.259763405406,38.5291779140122,2020.4022627016668,325.975,752.0,0.0005
610,NG-ABI-010,South East,Abia,Osisioma Ngwa,10809.386856205048,5.600027663707865,0.30880773040900017,20.829779634389126,605.3286542246839,33.38022222177559,2251.5714619761343,304.0,751.0250000000001,0.003
611,NG-LAG-512,South West,Lagos,Eti-Osa,9401.12157935308,6.352330318205687,0.321264945308531,24.032900463106916,597.1902963366261,30.20250810029718,2259.3621915815907,300.975,759.0250000000001,0.00225
612,NG-ENU-267,South East,Enugu,Isi-Uzo,6768.924351293149,8.686966578006274,0.49669390344807895,29.987588260152556,588.0141960873643,33.6208345818855,2029.8371641069918,318.0,756.0,0.00125
613,NG-ANA-083,South East,Anambra,Nnewi South,10181.475602586714,5.724214296931872,0.20837686783193754,20.707138547157,582.8094820819002,21.215839959743082,2108.2922591726187,311.0,755.0,0.004
614,NG-AKW-045,South South,Akwa Ibom,Ibeno,2427.6400714916863,23.676779841697424,1.7181855503883958,68.30166064763978,574.7869950759124,41.71136092380868,1658.1184833763714,349.975,749.0,0.0
615,NG-OYO-650,South West,Oyo,Lagelu,6191.618527619669,9.162526697427287,0.5508499904240634,30.623989127085125,567.3087005960048,34.10653006648748,1896.1205846888356,333.975,751.0,0.00025
616,NG-AKW-044,South South,Akwa Ibom,Etinan,5480.6198891477225,10.345080180706407,0.5295312324533751,36.7415482407642,566.9745219320737,29.021594045088737,2013.6646004641282,314.975,753.0250000000001,0.0
617,NG-AKW-063,South South,Akwa Ibom,Oruk Anam,5574.675054221222,10.120692118526888,0.5103061049470445,37.14927913630648,564.1956988460494,28.44790713265086,2070.9515968346864,324.975,756.0,0.00025
618,NG-DEL-191,South South,Delta,Ethiope West,8359.974593261537,6.7404750871593855,0.29403091857206404,24.563524958784456,563.5020047516479,24.58091008895807,2053.504445763837,320.95000000000005,755.0,0.0015
619,NG-DEL-192,South South,Delta,Ika North East,7541.431364547664,7.358620564656272,0.409220429296422,26.638273810738028,554.9453192610396,30.86107780509696,2008.9071361370839,322.975,758.0,0.001
620,NG-EBO-218,South East,Ebonyi,Ishielu,8002.255412323444,6.9044405777283755,0.5089903767518569,23.6526893088213,552.5109698219258,40.730709971830954,1892.7486103752012,332.0,754.0250000000001,0.0005
621,NG-AKW-040,South South,Akwa Ibom,Eket,5607.721463571372,9.83052860849357,0.5506976281924848,37.22535136505235,551.2686627610193,30.881589095528444,2087.494018387899,322.0,754.0,0.0
622,NG-ENU-263,South East,Enugu,Ezeagu,7771.727958892134,6.999902353423064,0.3541335657533629,25.59526496209684,544.0133682961289,27.522297341475763,1989.1943632118023,319.0,755.0250000000001,0.001
623,NG-AKW-060,South South,Akwa Ibom,Okobo,3332.603281388063,16.164156313417024,1.2444651558950695,51.17891740261946,538.6872037096314,41.473086621090154,1705.5902807385824,346.975,747.0250000000001,0.0
624,NG-OGU-564,South West,Ogun,Abeokuta South,10361.515846891753,5.184214694222734,0.1658471157503621,22.31292503558222,537.1632270787783,17.18427518008668,2311.957263466929,295.925,767.0,0.004
625,NG-IMO-303,South East,Imo,Ngor-Okpala,6495.190086277959,8.204884856516676,0.4438508354355187,29.05345300679827,532.9228677909937,28.828955461069707,1887.076999418987,327.95000000000005,754.0,0.0
626,NG-ANA-074,South East,Anambra,Awka South,8276.85069286974,6.365537954899403,0.2835018361746653,24.92039447542622,526.8660723249759,23.465023691721225,2062.623842805188,311.975,762.0,0.00125
627,NG-OSU-622,South West,Osun,Isokan,3546.645063119928,14.844376155989798,0.9538461801037436,46.84424390311634,526.4773340873642,33.82953845640744,1661.3990637457339,348.0,755.0,0.0
628,NG-ANA-089,South East,Anambra,Oyi,7339.848727639204,7.091007697501397,0.3095254576061647,25.97963296367181,520.4692382618542,22.7187003618255,1906.8657595294007,331.95000000000005,761.0,0.00125
629,NG-LAG-515,South West,Lagos,Ikeja,10522.274140946958,4.939088270190688,0.22036239057206006,19.314361620250903,519.7044078528188,23.187134839536412,2032.3100782566448,331.0,763.0250000000001,0.001
630,NG-EDO-230,South South,Edo,Etsako Central,4292.590089807197,11.939026322757783,0.7448989359178684,38.626507756206166,512.4934607501738,31.975457902289676,1658.077643981514,353.0,758.0,0.0
631,NG-OSU-610,South West,Osun,Ejigbo,4603.946798917944,11.121348220583977,0.6698757410836181,37.12611136191837,512.0209553980952,30.84072273834709,1709.2664156097517,348.0,754.0,0.0
632,NG-EBO-222,South East,Ebonyi,Ohaukwu,10255.420156664404,4.968953191482579,0.2769650750687575,18.849318538462807,509.5870271745242,28.40393213552205,1933.0768127873948,328.0,762.0,0.00125
633,NG-OGU-579,South West,Ogun,Remo North,2472.938712812314,20.45914904355792,1.420051159590935,61.93752937438468,505.94221701011566,35.1169948672644,1531.6771416586575,360.0,757.0,0.0
634,NG-ANA-077,South East,Anambra,Ekwusigo,6914.217115982196,7.29726932484388,0.3589416889083237,27.587398529588125,504.54904465767254,24.818007690894884,1907.4526309870027,328.95000000000005,761.0,0.00075
635,NG-ADA-036,North East,Adamawa,Yola North,10951.268313579892,4.5950943854235256,0.1675564913542202,21.208445756888473,503.22111540997577,18.34956094502095,2322.593799976906,297.975,769.0,0.003
636,NG-ABI-007,South East,Abia,Isuikwuato,5672.1525800067575,8.734359481817199,0.5358100503928791,30.67303320685139,495.42619669495906,30.391963597295206,1739.8212444087505,344.95000000000005,759.0,0.0005
637,NG-OSU-628,South West,Osun,Oriade,5155.349729486024,9.567980117730688,0.7380535908035329,32.781804455202526,493.2628371167054,38.04924379695183,1690.016667301921,354.975,753.0,0.00025
638,NG-OYO-644,South West,Oyo,Ido,4351.973721822422,11.329894134392932,0.6879008450244248,37.74803859431029,493.07401543908236,29.937264007657348,1642.7847201277693,362.0,755.0250000000001,0.0
639,NG-EBO-212,South East,Ebonyi,Afikpo North,8213.48960710541,5.996044638773864,0.38091825895690173,20.022813866769116,492.4845032430936,31.286681610991998,1644.571735997142,354.975,759.0,0.00075
640,NG-DEL-197,South South,Delta,Ndokwa West,6187.223817043095,7.921582272036306,0.45570508619011985,28.785495455611542,490.12602502209256,28.19549362823186,1781.023030683455,344.0,761.0,0.00025
641,NG-CRO-184,South South,Cross River,Yakurr,7303.58778539331,6.710032161554184,0.3662286291578441,24.923374657741956,490.0730893472354,26.74782942578566,1820.3005472106531,335.0,763.0,0.00125
642,NG-OSU-601,South West,Osun,Atakumosa East,2644.592696122633,18.373361946702648,1.2736712573357358,55.37767546574351,485.9005880746732,33.68341704411417,1464.513960649548,369.975,754.0,0.0
643,NG-CRO-181,South South,Cross River,Obudu,6008.5387635604375,8.04074150683259,0.5099402276982011,28.07823992811757,483.13107031572883,30.639956252234775,1687.0919302064483,354.0,761.0,0.00025
644,NG-ABI-016,South East,Abia,Umunneochi,7990.131896510113,6.042070573057501,0.32869006953003904,22.47334655090674,482.76940806752094,26.262770086180915,1795.6500309772546,337.0,762.0,0.001
645,NG-DEL-194,South South,Delta,Isoko North,5919.391657647748,8.128045528190945,0.4470266937632774,31.74773075102845,481.1308489255447,26.461260818081985,1879.2725255688467,339.975,763.0,0.00075
646,NG-OGU-572,South West,Ogun,Ikenne,4931.2734568481765,9.700126954371848,0.49147929391597245,36.326340937309936,478.33978578151306,24.236187966783188,1791.351208485738,341.975,764.0,0.0
647,NG-AKW-062,South South,Akwa Ibom,Oron,2829.281046670415,16.837829700949698,1.1469732241764359,53.1390691782749,476.3895243996119,32.45109604200847,1503.4536126380121,367.975,760.0,0.0
648,NG-DEL-199,South South,Delta,Oshimili North,4890.193921544275,9.601147066674343,0.44991818990881827,33.76177568768595,469.51471025303573,22.00187197484306,1651.016302484631,355.0,765.0,0.0
649,NG-EKI-257,South West,Ekiti,Oye,6386.162634670527,7.3353955104484685,0.45494468169986624,25.970452849788504,468.4502871935585,29.053507271137622,1658.5153559479204,362.0,766.0,0.0
650,NG-ANA-079,South East,Anambra,Idemili South,9024.0025867137,5.190300626211948,0.23968442438436052,19.344908542372828,468.3728627675848,21.62912865639454,1745.6850472611236,344.0,763.0,0.0015
651,NG-IMO-308,South East,Imo,Oguta,5858.696983019178,7.956822897815807,0.41300828498565423,28.493704639874558,466.166143058515,24.196903932073774,1669.3598140867264,355.975,764.0,0.0
652,NG-OSU-611,South West,Osun,Ife Central,5811.144477006313,7.957802766345173,0.5255976545218306,27.203615804010717,462.4394159475229,30.543239072020082,1580.8414173407853,361.975,758.0,0.00025
653,NG-DEL-187,South South,Delta,Aniocha South,5859.204655536434,7.7885525657597485,0.3871124613145906,30.91235576732552,456.3472345318997,22.681711355506167,1811.2181882551224,341.975,765.0,0.0
654,NG-EKI-244,South West,Ekiti,Efon,4042.8155118176,11.240573724635995,0.601946697734012,38.29407287431031,454.4356581568762,24.33559446886444,1548.158718269353,366.975,766.0,0.0
655,NG-AKW-061,South South,Akwa Ibom,Onna,3996.073499879508,11.350517406716977,0.7180993241267039,41.64053246736839,453.57501818902944,28.695776794241063,1663.9862831372307,355.975,761.0250000000001,0.0
656,NG-AKW-058,South South,Akwa Ibom,Nsit Ubium,4123.175074303157,10.999736993080688,0.6105578711959253,38.88609313960712,453.53841393760626,25.174369959346365,1603.3416997025904,362.975,760.0,0.0
657,NG-AKW-068,South South,Akwa Ibom,Uyo,9924.090930998473,4.560878737435992,0.1658806467204554,17.26797145988224,452.62575315572326,16.462146217466334,1713.6891896175778,352.0,764.0,0.002
658,NG-RIV-703,South South,Rivers,Tai,4665.123044001605,9.6706208132967,0.4488758157422172,36.58644509885199,451.14636005912195,20.94060911914036,1706.80268128754,353.0,766.0,0.0
659,NG-EDO-227,South South,Edo,Esan North-East,5556.930561661329,8.11369143087112,0.398611511780187,29.256625346285002,450.87219880097393,22.150564920413462,1625.770355178466,356.975,764.0,0.00025
660,NG-OND-585,South West,Ondo,Akoko South East,3518.214547711754,12.754863089458388,0.7977787534235382,43.28540537516043,448.743448754042,28.067568161500404,1522.8734289448996,367.0,764.0,0.0
661,NG-RIV-697,South South,Rivers,Ogu/Bolo,2920.4209576033168,15.330986812306346,0.8274737564933994,51.82530136828417,447.72935187399503,24.16571700330067,1513.5169625004494,362.95000000000005,763.0,0.0
662,NG-CRO-179,South South,Cross River,Obanliku,4080.626163133766,10.7278811376502,0.6117942917467026,37.631523344156605,437.76472445284674,24.965037933574873,1535.6017871674453,361.975,767.0250000000001,0.0
663,NG-DEL-193,South South,Delta,Ika South,6891.411741745472,6.330224713759187,0.3201695679250782,24.791946820947857,436.2418492028737,22.06420319748458,1708.5151342260938,353.975,765.0250000000001,0.001
664,NG-IMO-297,South East,Imo,Ideato South,6569.200912238281,6.621582217139775,0.35920195947659805,23.625782894843216,434.9850394129543,23.59669839871446,1552.0251454514762,361.975,760.0,0.00025
665,NG-OSU-627,South West,Osun,Olorunda,4574.502953110911,9.505075087939602,0.6607055251605912,34.15668766926891,434.8099405932073,30.2239937598382,1562.4986861155771,358.975,761.0,0.0
666,NG-IMO-310,South East,Imo,Okigwe,5461.998955871847,7.9357145330109224,0.4658641730796894,27.526588593959787,433.44864493402514,25.44549626939365,1503.5019815892226,366.0,760.0,0.00025
667,NG-ABI-005,South East,Abia,Isiala-Ngwa North,7549.413042428922,5.740497445372173,0.3031409608470824,22.241699101118073,433.3738628412277,22.885363235133994,1679.1177327976043,361.975,762.0,0.0005
668,NG-AKW-039,South South,Akwa Ibom,Eastern Obolo,1944.6540886818216,21.962357752725847,1.5800712865724995,66.1813578458805,427.09188800931116,30.726920878419573,1286.9984812950622,391.975,757.0,0.0
669,NG-LAG-509,South West,Lagos,Apapa,7387.07506151976,5.770253717102921,0.266471105225323,21.879479088778357,426.25297332252774,19.68442056025592,1616.2535433575767,369.0,766.0,0.001
670,NG-CRO-172,South South,Cross River,Bekwarra,3926.686373746085,10.759417971643796,0.6404411302630387,36.8403587279078,422.4885993869237,25.148114593904154,1446.6053462079321,382.0,766.0250000000001,0.0
671,NG-OSU-624,South West,Osun,Obokun,4060.57400811542,10.40304188390641,0.7398517216731653,33.986091132143116,422.42321479126247,30.04222670885499,1380.0303828862232,385.0,758.0,0.0
672,NG-ABI-006,South East,Abia,Isiala-Ngwa South,6694.889462760052,6.302136572659651,0.28849752724956046,22.72145180864672,421.9210773317388,19.314590552154133,1521.1760829231926,370.0,764.0,0.0
673,NG-RIV-691,South South,Rivers,Etche,9694.287481610272,4.330619029818032,0.16627761423050563,16.880273465839252,419.82265848387976,16.119429941068127,1636.4222374604349,358.0,766.0250000000001,0.0015
674,NG-AKW-066,South South,Akwa Ibom,Uruan,3800.33707526709,10.926696423391304,0.6808974815756199,36.292402408523486,415.25129528002185,25.876399436878184,1379.2336242362444,387.975,762.0,0.0
675,NG-EDO-229,South South,Edo,Esan West,5819.049927777429,7.1355006502131335,0.3866794241694146,26.85666421771809,415.21834543278607,22.501068752860498,1562.802699764551,373.0,766.0,0.00025
676,NG-OSU-620,South West,Osun,Irepodun,4154.2589720468895,9.854778860619678,0.6360750182268478,32.60640877979663,409.39303499267317,26.42420351363771,1354.554662196986,393.0,762.0,0.0
677,NG-EBO-211,South East,Ebonyi,Abakaliki,7850.870906063035,5.212855063359953,0.3368729653302011,20.273800792719847,409.254521544561,26.447461625500576,1591.6699279888194,361.975,766.0,0.00075
678,NG-ENU-262,South East,Enugu,Enugu South,9018.885610114923,4.4945567029503275,0.18920809604407454,17.338222635129767,405.3589277208428,17.06446174729146,1563.714466289407,360.0,767.0,0.00025
679,NG-IMO-296,South East,Imo,Ideato North,6427.10012639446,6.238884125113556,0.38780706857485747,21.66224541745945,400.9793294907771,24.92474859454132,1392.2542026054143,382.0,760.0,0.0
680,NG-DEL-200,South South,Delta,Oshimili South,6187.223817043095,6.460932186965068,0.3539549423074037,24.75231461949461,399.75233507490594,21.899984492044826,1531.4811054068102,377.975,766.0,0.0005
681,NG-EBO-214,South East,Ebonyi,Ebonyi,6671.479985197064,5.961641218065827,0.3604536564034852,22.60358566893675,397.72970065251917,24.047593542869507,1507.9936938399871,371.0,768.0,0.0005
682,NG-OYO-640,South West,Oyo,Ibadan South West,11833.390912966075,3.3591570581943273,0.06278120602441231,16.21678570951485,397.5021860766276,7.429145528743317,1918.9956465249113,338.0,772.0,0.0025
683,NG-AKW-067,South South,Akwa Ibom,Urue-Offong/Oruko,2295.454434091092,17.073552099350508,1.2067829808398396,54.456078981324566,391.9156087213961,27.701153443544754,1250.014479608962,396.975,761.0,0.0
684,NG-RIV-701,South South,Rivers,Oyigbo,4861.975056840979,8.03579692809465,0.34959873200154484,29.891572075431203,390.698442262354,16.99740314894745,1453.3207784051085,374.975,767.0,0.0
685,NG-IMO-302,South East,Imo,Mbaitoli,9772.389459801068,3.9967620617585324,0.18837922945245653,15.534380284174388,390.57915445662024,18.409151963466332,1518.0801415360731,376.95000000000005,762.0,0.00175
686,NG-EDO-225,South South,Edo,Egor,15502.04768783102,2.4997178377209077,0.09846587881477196,10.529192160431643,387.50745126471287,15.264227490107853,1632.2403898534785,365.0,769.0,0.0005
687,NG-AKW-053,South South,Akwa Ibom,Itu,4148.595389187886,9.276332867079269,0.4744353174960677,32.91034117528046,384.83751760937065,19.682401706320775,1365.3168965636876,387.975,764.0250000000001,0.0
688,NG-OSU-604,South West,Osun,Ayedire,2652.622835888188,14.477143633093059,0.9802405334841953,46.13249730938452,384.02401799576035,26.002084237833962,1223.7211583942376,411.0,761.0250000000001,0.0
689,NG-EBO-221,South East,Ebonyi,Ohaozara,7776.9389378893475,4.936857242162238,0.2763897899643437,19.412979465732615,383.93637317372577,21.49466519608763,1509.7355590750233,371.0,768.0,0.0005
690,NG-CRO-168,South South,Cross River,Abi,5370.788207525759,7.09603749162714,0.2907523788437333,27.563362844532577,381.1131448019167,15.61569447603985,1480.3698412516924,373.975,770.0,0.0
691,NG-LAG-518,South West,Lagos,Lagos Island,7046.924982952355,5.399988785108912,0.17247846444132717,23.275242963903626,380.5331587744644,12.154428000928478,1640.1889112661847,356.0,771.0250000000001,0.0005
692,NG-EBO-216,South East,Ebonyi,Ezza South,7005.934126935175,5.339416643739696,0.2744074854140181,21.450398575872278,374.07601282301613,19.224807667485358,1502.8007941906524,373.975,769.0250000000001,0.0005
693,NG-IMO-300,South East,Imo,Isiala Mbano,8144.151288673957,4.5778262955072595,0.24354655836657044,17.934747276953033,372.82509923881,19.83480017173212,1460.632951476388,380.0,764.0,0.001
694,NG-RIV-702,South South,Rivers,Port-Harcourt,20887.88618429852,1.7745309512722005,0.033239534696800375,8.225401326064022,370.6620054068884,6.943036175658078,1718.112467190034,360.95000000000005,772.0,0.003
695,NG-AKW-065,South South,Akwa Ibom,Ukanafun,4069.792413045224,9.092619473912757,0.3606196067201059,35.85544728752089,370.0507374963729,14.676469394248393,1459.2422733709545,377.0,768.0,0.0
696,NG-AKW-064,South South,Akwa Ibom,Udung Uko,1720.9553176962006,21.27109076452327,1.449047087538,66.00587424173847,366.0659676440486,24.937452908907126,1135.931602755065,410.0,764.0,0.0
697,NG-IMO-317,South East,Imo,Owerri North,7256.021377150079,5.031071337037162,0.24358241464662217,19.115530378204873,365.0556117150866,17.674392077737252,1387.026970598163,383.95000000000005,764.0,0.0
698,NG-RIV-689,South South,Rivers,Eleme,7375.208974187508,4.9460519106059175,0.1901707338412129,20.565189138256596,364.78166437897937,14.025489028535375,1516.725674883335,380.0,769.0,0.0005
699,NG-ANA-082,South East,Anambra,Nnewi North,6782.546905181825,5.309767889563539,0.25218921473775263,20.849035080577913,360.13749766593185,17.10485177939779,1414.09558361801,387.0,769.0,0.00025
700,NG-IMO-295,South East,Imo,Ezinihitte-Mbaise,6945.175908116722,5.167120198024026,0.2378492313052414,18.809925230153084,358.8655871365996,16.51904751025244,1306.3823954193608,383.0,767.0,0.0005
701,NG-EBO-215,South East,Ebonyi,Ezza North,7664.2807006723,4.678877076864653,0.2616793005936817,17.564225805616,358.6022728103184,20.055836133055806,1346.1715686423308,393.0,770.0,0.0
702,NG-ABI-015,South East,Abia,Umuahia South,6812.638774919148,5.257042409375323,0.2143836830355946,20.20249153113398,358.14330959504747,14.605185917582684,1376.3227715497903,384.0,769.0,0.00025
703,NG-OSU-625,South West,Osun,Odo Otin,4590.56323264202,7.765044510867608,0.44540797220667544,26.836329225158096,356.4592783141747,20.44673460737603,1231.9386624008728,409.975,764.0,0.0
704,NG-DEL-206,South South,Delta,Ukwuani,4908.25002217767,7.25170950705457,0.3261682764055407,28.77832148448007,355.93203348826546,16.009154499011476,1412.5119706443543,383.975,770.0250000000001,0.0
705,NG-AKW-041,South South,Akwa Ibom,Esit Eket,2056.5034741746326,17.1721777805915,1.2052816186891961,56.15232897890406,353.14643264930834,24.78665836193157,1154.774596281131,412.0,765.0,0.0
706,NG-OYO-638,South West,Oyo,Ibadan North West,6437.294463528999,5.434180626348543,0.15291402093950915,22.43942951166849,349.81420859809987,9.843525803898597,1444.492153602128,376.95000000000005,771.0,0.00075
707,NG-IMO-292,South East,Imo,Aboh-Mbaise,8013.892234983789,4.361744227141292,0.23642363310242065,16.17610125229338,349.5454819287305,18.946735174861455,1296.3353221806542,400.95000000000005,765.0,0.001
708,NG-DEL-207,South South,Delta,Uvwie,7785.188723098486,4.488477990848134,0.21537597066275221,17.84896341086499,349.4364823822661,16.76742578030049,1389.575486652636,386.0,769.0,0.00025
709,NG-IMO-294,South East,Imo,Ehime-Mbano,5373.185964719459,6.46872637703155,0.3110572818836595,23.2154141028161,347.576697786766,16.713686212410636,1247.4073722240169,402.95000000000005,765.0,0.0
710,NG-ENU-269,South East,Enugu,Nkanu West,6711.802626809663,5.123059961864058,0.21488130044620063,20.136725927037034,343.8496730934258,14.422408767870856,1351.537299724334,392.975,770.0,0.0005
711,NG-IMO-301,South East,Imo,Isu,6761.629059735121,5.050435890144259,0.19407804964337996,19.483976402636554,341.49174079128727,13.122837803253933,1317.4342104326067,398.95000000000005,767.0,0.00025
712,NG-OYO-653,South West,Oyo,Ogo Oluwa,2725.833003184474,12.429745817940434,0.8908463578884591,40.5406154340563,338.81411371736345,24.28298403099049,1105.0694751956055,417.975,766.0,0.0
713,NG-CRO-171,South South,Cross River,Bakassi,1177.7615632517816,28.55116728697384,2.050005644879431,80.27009570300862,336.2646741656935,24.14417852988175,945.3903339754555,430.975,771.0,0.0
714,NG-AKW-046,South South,Akwa Ibom,Ibesikpo Asutan,4448.555104827697,7.537981556528618,0.32837617156453464,29.922177018052135,335.33126333392227,14.60799494317186,1331.1045332121382,391.975,769.0,0.0
715,NG-ENU-271,South East,Enugu,Oji River,5864.49704697128,5.713930095554486,0.2829935670394548,20.721556737641396,335.0932617197963,16.596149382147512,1215.215082965458,406.95000000000005,769.0,0.0
716,NG-AKW-057,South South,Akwa Ibom,Nsit Ibom,3505.4614226042254,9.35130399498924,0.3993136207394938,36.056079157490586,327.80635405479467,13.9977849302271,1263.931945369475,406.0,769.0,0.0
717,NG-AKW-049,South South,Akwa Ibom,Ikono,4270.612900634589,7.622119162144195,0.36532331158130504,30.940690234057637,325.51120424027243,15.60154447341671,1321.3571086810518,396.0,767.0,0.0
718,NG-IMO-293,South East,Imo,Ahiazu-Mbaise,7028.068033192285,4.594853281610117,0.2129273305079917,17.349518663900078,322.92941465692815,14.964677649361848,1219.3359751302908,400.0,766.0250000000001,0.0005
719,NG-RIV-693,South South,Rivers,Ikwerre,7326.6701217065665,4.39801274149069,0.16383782437343145,16.38731846928976,322.22788547964683,12.00385692642228,1200.6447660383546,410.0,770.0,0.0
720,NG-AKW-052,South South,Akwa Ibom,Ini,3213.127801429834,9.965622511908101,0.6153588791139727,33.937328578797384,320.20818751566986,19.772267223378062,1090.4497396279312,422.975,767.0,0.0
721,NG-ABI-013,South East,Abia,Ukwa West,4279.346430467732,7.475309918334296,0.3844948833288219,26.642743761478883,319.8944081566388,16.453868065063013,1140.135304135511,417.95000000000005,770.0,0.0
722,NG-EDO-233,South South,Edo,Igueben,3200.940023864849,9.957021788257451,0.5404024832914999,34.03829808484797,318.71829560527766,17.297959377637174,1089.545506840321,423.975,770.0,0.0
723,NG-ANA-081,South East,Anambra,Njikoka,6476.337112622827,4.9059572868056245,0.20245363121717244,19.06213755193321,317.7263324948164,13.111579654370292,1234.5282887350627,411.0,770.0,0.0
724,NG-EDO-226,South South,Edo,Esan Central,4795.242521300425,6.6142061543394375,0.29496894243845145,25.867266866432068,317.16722595935585,14.1444761524388,1240.3981798774066,404.975,771.0,0.0
725,NG-ENU-261,South East,Enugu,Enugu North,11027.666254450864,2.871564971059019,0.08468494729438844,12.4143133143878,316.6666012881073,9.338773355382774,1369.0090400925437,395.95000000000005,772.0,0.00175
726,NG-AKW-042,South South,Akwa Ibom,Essien Udim,6268.649650574344,5.051172249442576,0.20917612129853727,20.280865331148448,316.64029156459105,13.112518196865722,1271.3363937144907,403.975,768.0,0.0
727,NG-AKW-038,South South,Akwa Ibom,Abak,4512.105892039522,6.9863492042604145,0.2934768235922968,25.264824062526838,315.23147408389167,13.241985049078458,1139.9756151386923,424.0,768.0,0.0
728,NG-IMO-315,South East,Imo,Oru West,4760.376325767984,6.579273108071761,0.2641543663797622,25.80001930774518,313.1981594442685,12.574741920624625,1228.1780111694704,410.0,769.0250000000001,0.0
729,NG-ABI-012,South East,Abia,Ukwa East,2849.533354250133,10.986636369244524,0.6332496938411615,38.694192488087296,313.0678678517975,18.044661241690747,1102.6039211057969,420.0,770.0,0.0
730,NG-ENU-266,South East,Enugu,Igbo-Eze South,6711.802626809663,4.615337220260019,0.15349148835264897,18.32740127272764,309.7723247855371,10.302045747182342,1230.0990000488814,410.0,772.0,0.0005
731,NG-EBO-219,South East,Ebonyi,Ivo,6365.190402763215,4.775987312181725,0.23258095846492438,18.184556092848894,304.0006860321807,14.804220846864068,1157.4816192071112,417.975,772.0,0.0
732,NG-ABI-011,South East,Abia,Ugwunagbo,4181.782714678766,7.249224916455245,0.3887849675187916,26.907879425075432,303.1468345045128,16.258142568970282,1125.2290506844083,414.0,770.0,0.0
733,NG-OYO-652,South West,Oyo,Ogbomosho South,4196.9639051177255,7.196418696365808,0.2842138046331123,29.3846710652502,302.031095147616,11.928350793813532,1233.264038246123,404.925,772.0,0.0
734,NG-DEL-203,South South,Delta,Udu,5877.260756169829,5.105238174571504,0.24109753891186736,18.717784644912147,300.0481597430924,14.169931038558463,1100.0930113598038,423.975,771.0,0.0
735,NG-OSU-617,South West,Osun,Ila,2157.43088367899,13.685628793183335,0.9160675730612919,44.82408022475377,295.2579822098002,19.763524736592906,967.0485500938847,431.95000000000005,767.0,0.0
736,NG-AKW-056,South South,Akwa Ibom,Nsit Atai,2381.8835046991726,12.212416736528429,0.7930973699252037,43.751437836940234,290.88553977249103,18.890655430451407,1042.108280906792,429.975,770.0,0.0
737,NG-IMO-307,South East,Imo,Obowo,4831.426718689894,6.008926574327448,0.2596668818474997,22.72284984842136,290.316884018513,12.545615109169018,1097.8378388244157,417.0,770.0,0.0
738,NG-IMO-312,South East,Imo,Orlu,5876.459581249657,4.923038177476684,0.22513898960816758,19.309120773015756,289.3003486689073,13.230201725957835,1134.6926777209524,421.0,769.0,0.0
739,NG-OSU-616,South West,Osun,Ifelodun,3351.244995491434,8.622157634413199,0.41665936842003887,31.383223314276055,288.94962622665406,13.96327623242277,1051.7287007435773,433.975,769.0,0.0
740,NG-KOG-482,North Central,Kogi,Ogori/Magongo,1826.151051111559,15.70299204466311,0.7793248866753554,53.01138214665999,286.7603542795801,14.231649609595967,968.0679122799966,433.0,772.0,0.0
741,NG-OGU-566,South West,Ogun,Ewekoro,2280.65312392238,12.544763963320108,0.6093193767833722,41.463969471123534,286.10255121814805,13.896461401274356,945.6493150454008,438.0,771.0,0.0
742,NG-IMO-306,South East,Imo,Nwangele,5254.768643182943,5.41695093851068,0.2526297007985885,20.872317666125156,284.648239333464,13.27510630093112,1096.7920038250788,426.975,769.0250000000001,0.0
743,NG-OSU-605,South West,Osun,Boluwaduro,2465.252908025248,11.524454178212933,0.6853395990834824,40.48824477513307,284.10694176243095,16.895354396254127,998.1376317273485,439.0,768.0,0.0
744,NG-IMO-304,South East,Imo,Njaba,5903.1034785953725,4.805738070468205,0.2196678470995742,19.71685680276293,283.68769120999053,12.96722032349053,1163.9064597935667,413.975,770.0,0.0
745,NG-OSU-626,South West,Osun,Ola-Oluwa,2649.9461226330027,10.51910832654676,0.6667502496642471,35.520100523514,278.750703234892,17.668522388623582,941.2635265782043,447.0,768.0,0.0
746,NG-OSU-602,South West,Osun,Atakumosa West,2374.244657348963,11.369109966350647,0.7973962853020086,38.25317045349465,269.9304859642081,18.932138701682028,908.2238557586886,450.0,768.0,0.0
747,NG-ANA-076,South East,Anambra,Dunukofia,4210.384647686235,6.397096966075757,0.3119881907214864,24.843749173491723,269.3423885572562,13.135902884731516,1046.0174011103713,433.0,771.0,0.0
748,NG-IMO-298,South East,Imo,Ihitte/Uboma,4914.318843765455,5.471349625577877,0.2791194826141003,20.39066207877554,268.87956565806365,13.716821330725375,1002.0621489058034,433.975,770.0,0.0
749,NG-OSU-618,South West,Osun,Ilesa East,3661.743733092877,7.2923555734740315,0.37109824436090344,27.754146739876663,267.0273732065341,13.588666706503073,1016.2857289208348,439.975,770.0,0.0
750,NG-AKW-059,South South,Akwa Ibom,Obot Akara,4779.019198329183,5.492405414459835,0.2207214756926174,22.498157521445858,262.4831092071067,10.548321698185669,1075.1912672202388,427.975,771.0,0.0
751,NG-IMO-313,South East,Imo,Orsu,4946.883607187998,5.270599457046001,0.24167085690326567,19.403725491125005,260.73042054114956,11.955176003498414,959.8797155042216,440.975,769.0,0.0
752,NG-ANA-086,South East,Anambra,Onitsha South,5986.401444528428,4.317162923805295,0.10956147006152983,20.242723796001883,258.4427036333269,6.558789426410003,1211.8107097357567,415.975,774.0,0.00075
753,NG-AKW-043,South South,Akwa Ibom,Etim Ekpo,3436.826572415456,7.477543720077685,0.3546983393930981,29.814183119634222,256.99020953561273,12.190366780178355,1024.6617678041923,434.0,772.0,0.0
754,NG-IMO-299,South East,Imo,Ikeduru,6160.661152937298,4.0527245509472305,0.1822370169518942,14.66721844947882,249.674627045758,11.227005109627102,903.597629233494,458.0,770.0,0.00025
755,NG-CRO-175,South South,Cross River,Calabar Municipal,6836.881439789387,3.6093991868749518,0.14994361250575983,15.295767529820184,246.77034309536145,10.251467013556011,1045.7534913196075,437.975,774.0,0.0005
756,NG-OSU-629,South West,Osun,Orolu,3573.4121956717763,6.637655570922235,0.2959134700646948,24.703942001559437,237.19079367802163,10.574208027927355,882.7736762954072,452.0,772.0,0.0
757,NG-IMO-314,South East,Imo,Oru East,4597.5525086552725,4.974642880758746,0.24689547206659085,18.850585245015285,228.711818560964,11.351148969753824,866.6655548284008,460.0,771.0,0.0
758,NG-AKW-051,South South,Akwa Ibom,Ikot Ekpene,4588.366836693711,4.954967296672516,0.15165436272861935,20.28996154327008,227.3520762095401,6.958458485839158,930.977866629312,452.975,773.0,0.0
759,NG-ANA-085,South East,Anambra,Onitsha North,5493.40367850844,4.107449990560914,0.14823060191358903,16.203258868368163,225.6388088743685,8.142905338196302,890.1104187131816,458.975,773.0,0.0
760,NG-EKI-253,South West,Ekiti,Ilejemeje,2015.216614236797,11.148205974231109,0.560511306225548,40.06781532567709,224.66049898204466,11.295516967732933,807.4532714047623,468.0,774.0,0.0
761,NG-OSU-606,South West,Osun,Boripe,4820.7605725879175,4.640300294225376,0.23792877211568572,18.782355194770588,223.69776703369874,11.469976436995532,905.4523738329192,458.925,772.0,0.0
762,NG-OSU-630,South West,Osun,Osogbo,5404.284062218215,3.9576797202472385,0.17741886439921714,15.40795855420467,213.88425435496464,9.58821941209544,832.6898484580712,467.975,773.0,0.0
763,NG-OSU-619,South West,Osun,Ilesa West,3712.601284941388,5.530693972214076,0.2711201281427727,22.047421232420223,205.3326154785951,10.065609361163316,818.5328439712736,475.975,773.0,0.0
764,NG-ABI-000,South East,Abia,Aba North,5234.797991987257,3.8968056655302474,0.13936516183175623,16.00520063060361,203.98990473082253,7.295484693098567,837.8399212243696,471.0,774.0,0.0
765,NG-IMO-318,South East,Imo,Owerri West,4186.052316315876,4.802712847828375,0.2596589102533,17.197893526032058,201.04407241251943,10.869457827178827,719.9128203040029,490.925,772.0,0.0
766,NG-IMO-316,South East,Imo,Owerri Municipal,5157.074352915316,3.754724987074687,0.10902098399044118,15.07745518398337,193.63395933093162,5.6222932046669545,777.5555743655071,474.0,774.0,0.0
767,NG-IMO-305,South East,Imo,Nkwerre,3303.843270868824,5.441808084492903,0.2627946052950488,20.84202981328262,179.7888102131142,8.682321883246756,688.5879994986119,488.0,773.0,0.0
768,NG-OSU-608,South West,Osun,Ede South,2623.1789900811546,6.836663651902936,0.33933076674888946,25.621373578074895,179.33792453923178,8.901253380238158,672.0944886702648,501.0,773.0,0.0
769,NG-AKW-048,South South,Akwa Ibom,Ika,2361.547252791389,7.344201365913028,0.2878274573955895,30.263080278727582,173.4367855961866,6.79718141290485,714.6769409323439,493.925,774.0,0.0
770,NG-RIV-699,South South,Rivers,Omumma,3893.894610137756,4.264414213112904,0.1673215644608595,17.214816969361998,166.0517951983514,6.515325380139578,670.3268301150665,505.0,774.0,0.0
771,NG-OSU-615,South West,Osun,Ifedayo,1303.5593552750224,12.567943673272278,0.781866501740428,42.60320506122762,163.8306055186359,10.192093929198895,555.3580652226344,509.0,774.0,0.0
772,NG-OSU-609,South West,Osun,Egbedore,2569.6447249774574,6.187651172083851,0.35270015451381953,21.52509131644345,159.0006519434577,9.063140915451706,553.1183735595698,532.0,773.0,0.0
773,NG-IMO-311,South East,Imo,Onuimo,4088.3580260482495,3.7549640267855064,0.12705891580693002,16.178488984577204,153.51637316430984,5.194623382202512,661.4345528942941,511.0,774.0,0.0
774,NG-OSU-607,South West,Osun,Ede North,2912.2640216411182,4.798799397725499,0.23773503413736563,18.993081021699815,139.75370833069044,6.923471866018729,553.128665196111,527.975,774.0,0.0
