,mean,sd,eti89_lb,eti89_ub,ess_bulk,ess_tail,r_hat,mcse_mean,mcse_sd
mu_alpha,-1.3292028356673617,0.19248832765058166,-1.6791411100062192,-1.075044958788884,3778.0647625320266,3881.9263337037028,1.0023803147842902,0.003450546851516445,0.00310410247102672
sig_a_z,0.5546351215114167,0.21396692910135548,0.2599272924415083,0.9273605561453309,3658.2820363704373,4256.724790709614,1.0015601836977361,0.0032240201165894904,0.002274512592933336
a_z_raw[North Central],0.5064924161384564,0.46161774488395557,-0.1840238130553496,1.2612076355720883,8114.444581582047,11695.072797726767,1.0002947245625105,0.005308208073117547,0.0055827112829501336
a_z_raw[North East],-0.5953078330901725,0.5311144918123576,-1.4884636004458238,0.17617284750074153,7999.216907169243,10540.327006808853,1.0003233795933184,0.006148676908551017,0.005652463559918549
a_z_raw[North West],1.1938057519231906,0.5482503942579031,0.38720408315320304,2.109985193980036,6323.302707302301,7898.372008150007,1.0007513887099584,0.00690795260928653,0.005589747652046964
a_z_raw[South East],0.03286909448244107,0.5719826894031437,-0.8775920148220303,0.9470574366711483,9951.407751826762,13116.356710426273,1.0002370462432746,0.005750075250369648,0.004229339233236244
a_z_raw[South South],-1.2601242462162237,0.5749787322463397,-2.1901469141610055,-0.3949191411432906,7013.571557888586,9246.311719528241,1.0003008478537614,0.007102215041221499,0.006243575802472204
a_z_raw[South West],0.122264816762308,0.5194925680713955,-0.6819480369771086,0.9615187441243211,8714.680603533083,11801.367084193287,1.0005260363031667,0.005604295692975219,0.004433712214093657
b_year_g,-0.3390308890837966,0.07803611452495708,-0.4690119677298012,-0.22344033615998796,5322.639166096074,5595.445885328474,1.0011010011206005,0.0011141566435382095,0.000902495689380523
sig_b_z,0.22914789576868314,0.11247639871849933,0.07294579953287163,0.4281192458063593,5527.646896521506,5352.509898695728,1.0010993911841397,0.0013707839416193216,0.0008275054569147168
b_z_raw[North Central],0.986983755724917,0.592587327688946,0.12243934257935749,1.9493011144717995,10791.935230748062,12056.433221033616,1.000425102202958,0.005836607835343621,0.00566147076286727
b_z_raw[North East],-0.7972952346535266,0.586239317746185,-1.7459889279776237,0.07874218171987178,11937.358808496614,13565.423706001347,1.0002284604032612,0.005517138584271198,0.005457548025438824
b_z_raw[North West],-0.6867249348192312,0.5621341551525468,-1.609446427009574,0.161010878144596,12546.617434296362,13372.333746184579,1.0003455453091203,0.005113634301443718,0.004489420147003475
b_z_raw[South East],-0.3528850740029917,0.6052597942339499,-1.3247695334163787,0.5931370337882222,15048.658976614333,15709.169737799213,0.9999675837852186,0.004968116092750716,0.004399843840205397
b_z_raw[South South],0.2463464035107261,0.6011068934008519,-0.7030554247130101,1.2006943055434673,12595.86101139505,14769.72908830016,1.0003538955737992,0.005382790584950758,0.004661639618821755
b_z_raw[South West],0.6035750842401064,0.5910212032974228,-0.31689273833462656,1.55510282689638,12851.63518980952,13895.86417591312,1.0004518237584978,0.00526818712723153,0.004533642070610474
sig_a_s,0.2792324475075989,0.13836909552676693,0.05038078149342269,0.5018734708639145,2657.435417556062,2585.8659049362304,1.0013471445858428,0.0025696605300121918,0.0012620139146554445
sig_b_s,0.20481951921783514,0.083154515778136,0.06466672661067871,0.3363579760498618,2560.0540110246257,2523.8439651533513,1.002948874305539,0.0016390859721584566,0.0009182885207901086
z_a[Abia],-0.23619603507968948,0.9060790527744197,-1.685103191989479,1.2149765956100882,36000.0746256915,23215.921561797175,1.0001305594617464,0.004776413848121964,0.005093265087107635
z_a[Adamawa],-0.47568464483416606,0.8906284999992936,-1.872513462028624,0.9721275496621103,18643.484240113317,17977.836870057134,1.0001353364295615,0.006552677355594427,0.005220121584839897
z_a[Akwa Ibom],0.27847153289488097,0.9024949556749052,-1.1674913775899625,1.7157650146732806,21382.342825599797,22595.08781222656,1.0002344237671104,0.006170964279064912,0.0049133929799909035
z_a[Anambra],0.24543026580714922,0.8928052307291786,-1.191960544969349,1.6603864085982716,27140.634936155522,21602.52900222395,1.00026676913914,0.005422883301514882,0.00519202227582233
z_a[Bauchi],0.31619493436995205,0.852214953744646,-1.056508068578233,1.6647132285234976,21511.418951975837,20780.510213483827,1.0002180452953817,0.005824174657836751,0.005006623305134679
z_a[Bayelsa],-0.5992526653797045,0.9231544747660847,-2.052239593769348,0.8989642877052536,18660.86578048483,18450.46723536897,1.0001560948731734,0.006785877841992019,0.005092319950299828
z_a[Benue],0.6832381729667298,0.8751275968583843,-0.7486559077622675,2.0463302376003507,17304.246800152705,16296.11135921822,1.0001129604581542,0.006724100600878841,0.005223122210689611
z_a[Borno],-0.16141441658947958,0.9073190397955496,-1.5983328263608967,1.2840777606198102,21502.93527889967,22144.9433956263,1.00006241411765,0.006185330745165164,0.005018991827306392
z_a[Cross River],-0.4877484082446508,0.9285426797608568,-1.950412934828073,1.016837999032172,23596.553440750748,20151.663418697146,1.0000044868350162,0.0060650262518337165,0.005410490094302458
z_a[Delta],-0.13068914790929032,0.885974368127358,-1.528992432710183,1.2974681232657055,30930.348596681302,24199.47828514044,1.000233290303987,0.005043108225553098,0.0050781960718265275
z_a[Ebonyi],-0.5002177837378898,0.9346638898118511,-1.977226072373487,1.015782876116567,21713.823289199026,18889.35022580469,1.0003545779130885,0.006369468797584113,0.005055429019665558
z_a[Edo],-0.4027544244260351,0.9180041129514342,-1.8473741354608364,1.0766204307689744,27758.75041090405,22132.748956770465,1.0001473738080797,0.005535920363971904,0.005255052977180866
z_a[Ekiti],-0.6825184105409753,0.9633259160483849,-2.199361449649164,0.8844731218406922,19225.320552233607,19602.647601593202,1.0001564847708055,0.006977327193051504,0.00563943567892308
z_a[Enugu],0.3742063891952083,0.891839035870348,-1.0707321198926671,1.7896469389097296,26480.151444591185,22805.70318854111,1.0000454136381705,0.005485063452414995,0.005238925033412915
z_a[FCT],-0.748021214414367,0.9414159550998142,-2.2212442355099253,0.7759743394080513,17189.813953531455,16375.024159031362,1.0000948505384908,0.007231092304502776,0.005521939765729314
z_a[Gombe],-0.19817509440963782,0.8806780122761417,-1.60449833967355,1.2133487701769943,28182.331234153156,22358.042107986774,1.000097615000758,0.005244211328956474,0.004974683723568845
z_a[Imo],0.07423681847283313,0.8859565949145993,-1.3323662320189975,1.4774709418564687,34308.9218910739,25550.054065528864,1.0002443244511494,0.004782889158704899,0.004925078240530759
z_a[Jigawa],-0.06167456162690272,0.9161669133244609,-1.5301851875735535,1.3917082586480771,19016.193419866635,22050.606469184862,1.0001158806227128,0.006646704014669489,0.004738930757017435
z_a[Kaduna],-0.20689379884128237,0.8789023969517409,-1.6079466896090338,1.192717668309634,21316.687353202273,22387.242566787194,1.0001343094690263,0.006015582135993533,0.004956848681975874
z_a[Kano],-0.0988853914682399,0.8856821488575447,-1.5118529336625937,1.3024318163114224,27982.60960198525,24054.46948733718,1.0003996086985416,0.00529383042281045,0.004946334792575845
z_a[Katsina],-0.40920684779386485,0.8519598618254981,-1.7505554887030335,0.9724185307762165,19562.12384329691,19750.11638662221,1.0000997400657228,0.006134577599146344,0.005018678159900673
z_a[Kebbi],-0.0052437745583599525,0.8828526878079395,-1.417827673291964,1.4092140986196904,26178.866491857352,22616.3204503109,1.0000674407883319,0.005458988397163616,0.005022288233189586
z_a[Kogi],0.31070965401009626,0.8802387425646634,-1.1055080999471545,1.7039035982701947,24901.06996087879,22521.958859408755,1.0001018404193192,0.005600133630815577,0.005047246869493256
z_a[Kwara],0.3235303287295245,0.8910518469870955,-1.1246970284742772,1.7314839935265984,29135.421525966198,22451.255251331582,1.0000995205607486,0.005238071636027716,0.005197253300896985
z_a[Lagos],-0.29307054609097144,0.9392863145966465,-1.7819963590259826,1.2143285716920915,23452.171002184754,23554.163269829816,1.0001743034738149,0.006132000339051824,0.004836173350089307
z_a[Nasarawa],-0.2866011638942063,0.8616933263407343,-1.6477220558932308,1.094845293627563,23416.843591289715,23239.506963972068,1.0000334276109506,0.005641733239593959,0.004708608041951511
z_a[Niger],0.26823363370791425,0.8687601316640796,-1.1325915183266688,1.6443710764959156,24622.923472791015,20197.280645916835,1.0000047486772905,0.0055465722674260575,0.0051619426205546945
z_a[Ogun],0.8750710118772106,0.9150284350678165,-0.6353925346734492,2.2803454751594643,12398.760103142766,13198.053863318099,1.0003355834603609,0.00838271556544828,0.005678758894869324
z_a[Ondo],-0.030598124824513493,0.8979843774414613,-1.4719651653660142,1.411533688719408,27786.164271326757,22701.585431952215,1.0000135955019747,0.005387710899989579,0.0050353912017902895
z_a[Osun],-0.32326477754669225,0.8942784892520527,-1.7436683304412939,1.0956088244701705,29926.184013570826,23598.228992087432,1.0001008827710074,0.005168916804325365,0.004963787565397576
z_a[Oyo],0.4528300577913917,0.8846159137506082,-0.9892457316798533,1.8327305513589975,22228.908753098545,18723.6726649314,1.0001987114881892,0.00598229252510363,0.005390942888752003
z_a[Plateau],-0.32755219796447826,0.8778006681298469,-1.7239211572365378,1.0747456988632458,25489.134081345936,21707.525664825393,1.000325043393295,0.0055076031702179775,0.005134751425101043
z_a[Rivers],0.5002199220338653,0.8901038265514324,-0.947325860502034,1.901656949037654,21447.866365001744,21105.552970351488,1.000243492349091,0.0061004992600974875,0.004998604547559236
z_a[Sokoto],0.7813701388446775,0.9358954853347989,-0.75706247693855,2.228622853372827,13713.755634439074,14806.019304906718,1.0004052709242677,0.008081340330672863,0.005449488972800193
z_a[Taraba],0.27455636048908766,0.8689547809389007,-1.1206635830245208,1.6487045475601412,24899.8238308733,22632.08566599546,0.999976649892917,0.005509391126551387,0.0048774647972281565
z_a[Yobe],-0.20191189897969464,0.8563910005421111,-1.5746969943143212,1.1683359378090676,26948.838264189322,23449.73946825231,1.000244018947951,0.005220731164197502,0.004961818354739381
z_a[Zamfara],0.69023190947864,0.9212523354123886,-0.818537857014952,2.121110970278719,16159.901997094916,18932.339295587022,1.0003447955313465,0.007283640802234899,0.005006150781836668
z_b[Abia],-0.05693460277983983,0.813488929499078,-1.3584004570208716,1.2457345561928599,31454.026958568964,23822.16943905078,1.0003244878988937,0.004586961880198582,0.004853978582626903
z_b[Adamawa],0.6401700810966133,0.7960994789800101,-0.6310007415810834,1.887741875489548,18420.725880311795,17099.229026667595,1.0003360848037068,0.005904487027649498,0.0048208408165185575
z_b[Akwa Ibom],-0.2684839843964321,0.8213978085111104,-1.5596526756260398,1.0646033634308505,21491.876426313393,21270.799481460264,1.000073439825583,0.005612392231120884,0.004792388927373407
z_b[Anambra],0.3660793438775551,0.8203294290533691,-0.941321225737951,1.6562172746215023,23164.613912417117,19811.098831537758,1.0001726128735393,0.005404296846300435,0.0049792223762848455
z_b[Bauchi],-0.9187808195845575,0.8108369234521488,-2.160255185254494,0.41372442102670787,12867.996548568535,11710.354010264111,1.000697879714845,0.007342613665324668,0.005836717281012338
z_b[Bayelsa],0.33373882523765236,0.8297013216115603,-1.0125395523602279,1.6482525970323356,26180.751539300247,22339.395562191723,1.0001413824860284,0.005141679409320833,0.004645560896390258
z_b[Benue],-0.6741335523927287,0.8045219269464066,-1.942501678863791,0.6171868598080607,16484.716208937585,15865.905284077375,1.0005649938408334,0.006297552769991392,0.005076401603981291
z_b[Borno],-0.8417478881807882,0.8389617358283386,-2.143479929627316,0.5330503121162072,13516.255781469219,13171.845022847187,1.0002015580735126,0.0073412174796873364,0.005382651959829866
z_b[Cross River],0.16326637631494303,0.8154110830710701,-1.1421495980650729,1.4594492763685532,27884.419332580434,22495.716334930952,1.000047077564119,0.004890594123396975,0.004751538757473993
z_b[Delta],-0.0004538269791602032,0.8125590705732205,-1.3058252564016768,1.2958529041908198,31502.34315187909,24352.564132911455,1.0002956487516164,0.004581457506986399,0.004710454030983996
z_b[Ebonyi],-0.12116947207802162,0.8396477877621513,-1.446054931819158,1.2321604202838985,22036.825634445864,22318.34001213815,1.0004825700621027,0.005661667528657768,0.004737072078062209
z_b[Edo],0.2801147206186404,0.8273298832135481,-1.0592744734662778,1.577512074880094,26182.418396543428,21620.093620370644,1.0002052135849964,0.0051296202968381215,0.004824434954150616
z_b[Ekiti],0.900151762586037,0.9073107405473532,-0.5811413639859012,2.316223013344985,17446.417485804646,15574.531097990137,1.0003354498826333,0.006953702642347938,0.005488418814614487
z_b[Enugu],-0.5657685984552338,0.8129295463009459,-1.8427622218784738,0.7493645360706667,20684.499283519388,16122.092314096404,1.0004679463122774,0.0057453704085561625,0.005449339986263114
z_b[FCT],0.45102927098861856,0.8652104055785299,-0.9546737025006272,1.815741225085121,23115.865588535515,19805.367705883098,1.0001040370139467,0.00571388972105114,0.005008078151383063
z_b[Gombe],0.4421131493164182,0.8072000239806922,-0.8469926200779793,1.719730977647199,22180.07535332031,20903.590108309163,1.000219111334839,0.00544487171625749,0.0046635988991139835
z_b[Imo],-0.0587679063174982,0.8072855153961886,-1.3420693176435654,1.2327781693663715,29198.96571822936,23913.28427833565,1.0000938757650792,0.004725718772131167,0.004654617314122458
z_b[Jigawa],-1.0629978636349204,0.8484528520436466,-2.3652726933796258,0.34694184906044356,10495.192255922635,10330.855156317442,1.000290670790512,0.008466758140131547,0.005574000176503682
z_b[Kaduna],1.0507111859314555,0.8360654005898078,-0.3206489838490707,2.343930554328862,10875.833473129127,10682.284525768322,1.000453491787637,0.008266865417041778,0.006198399682342598
z_b[Kano],-0.4812297742674332,0.8313641429086381,-1.7746987942645935,0.8596140925285632,20115.079445553176,17207.783223774448,1.000208239355743,0.005911259120128632,0.004896346060247379
z_b[Katsina],-0.7719333764740572,0.7998290996158027,-2.0287163251271645,0.5291345392318313,13897.156583459742,13795.946131412311,1.0004578558988138,0.006860110758820698,0.005078662065662754
z_b[Kebbi],0.7495234384973242,0.810886536678051,-0.5688398192910302,2.005148300571267,16796.336652538368,14318.911620997362,1.0002931585059114,0.006376234810740915,0.005239041339478987
z_b[Kogi],0.8118834438104249,0.8513897496869782,-0.5786896503827282,2.125524991064627,13819.096059180312,13802.833483915636,1.0004311317403456,0.007347302169186812,0.0055152467990280275
z_b[Kwara],0.43105980114073655,0.842462083303525,-0.9354809014233797,1.7542809456366701,22744.45061971838,18037.483568947075,1.0002534005802342,0.005627330505029002,0.005276934645538735
z_b[Lagos],-0.2887705451162733,0.8405163419236803,-1.6079032921566832,1.062082479475837,22365.690936423467,20846.262964931397,1.0000644110225114,0.005624132647442734,0.004717266525110386
z_b[Nasarawa],-0.359829871953965,0.7979362352535233,-1.6183567994381425,0.914089306736119,23569.904098343217,20859.844658245318,1.0005354655805765,0.005201726519204196,0.004856999145463997
z_b[Niger],-0.13091275561575108,0.7950363187687874,-1.387694880996732,1.1401632714295713,23773.854776389235,22489.803243858867,1.0000167438049539,0.00515478331936046,0.004692655523269309
z_b[Ogun],-0.718556179885836,0.8200750680144404,-2.0125891281876553,0.6203204527499933,14870.664506344667,16100.05970583206,1.0001996610693291,0.006789883692721182,0.005125571455691259
z_b[Ondo],0.06897723104068361,0.8194096445852057,-1.2565254174732197,1.3686304229520352,26633.401761568664,23370.101691982705,1.0002758982956321,0.005015250035038304,0.004733599401348027
z_b[Osun],0.6779778518593039,0.867038988328577,-0.7283760019833085,2.034365569416535,24363.556372446343,17676.369851677253,1.0004883108290594,0.005614642829258014,0.005483733800422284
z_b[Oyo],0.033697060460059686,0.8075388484341106,-1.2568292494874285,1.3097627367446656,24717.43006869838,22465.201189537453,1.0000784398093523,0.005137346751018777,0.004828623519611049
z_b[Plateau],0.5993792120727901,0.8240841125027426,-0.7382045927126344,1.883784892303265,20960.696491255996,17054.906065658335,1.0002100092002166,0.005756162872515372,0.005315715782985773
z_b[Rivers],-0.25590382061374956,0.8094386642398582,-1.5291973704335677,1.0478937352493738,23319.31939260582,20469.237400991347,1.0001583142055852,0.0053265111301203155,0.005276930714404163
z_b[Sokoto],-0.7202572681888119,0.8643640586352312,-2.078658199397966,0.6824226054291692,19949.892307856335,18679.622933119317,1.000343967013157,0.0061847793018583105,0.005182075143950425
z_b[Taraba],0.1558434707894703,0.8000057679310763,-1.1170663690693685,1.4330353536213905,21814.743365599537,20927.375342119463,1.0002800903401343,0.005412523506621009,0.004794106371000341
z_b[Yobe],-0.42816183487386394,0.8022115163272312,-1.677175619350725,0.8781160105990065,21678.225255247446,17765.904346593543,1.0005610489758265,0.005490308002531357,0.004821523201853548
z_b[Zamfara],0.41716672154299395,0.8109292095422553,-0.8847133311198649,1.6963738154288133,18640.221711892584,17612.58448821606,1.0001866509511717,0.0059489871404003304,0.0046456600856330825
tau,0.43155539357972716,0.05692894075932473,0.34233486348730147,0.5239330849388872,5624.86608788505,10211.566411171203,1.0005699927906784,0.0007574020477557337,0.000310501092497817
sigma_u,0.8754337467545705,0.6058482259756501,0.08771531065771004,1.9688653794777906,2549.1825925677817,3281.7763394452154,1.0030429791019833,0.011295134048437268,0.005859117494444893
rho_bym2,0.48459178093527977,0.35305503623062395,0.007289752389724699,0.9909486552018264,12432.341234986181,15234.883280371467,1.000128276294757,0.0029427775418533835,0.0009781949933285292
b_cov[maternal_care_index],-0.8278908991189037,0.23063271608507668,-1.2010115599033762,-0.46895375435428144,4253.391767525083,7403.7817833653235,1.0006200082845347,0.0035425287483309676,0.0018365848103446155
b_cov[improved_water],-0.4264712322665231,0.2210321637018481,-0.7851868048744469,-0.08412178441366391,6408.463354223996,10175.188377686673,1.0007604741486917,0.002765164614715346,0.001540496193323772
b_cov[relative_wealth_index],-0.31495729387578114,0.24071246114915873,-0.6994118632607486,0.06422482241534458,6321.652167473863,9937.69329709651,1.0005378658574773,0.0030294090454702854,0.001804642722132377
b_cov[log_travel_time],-0.06113131728597616,0.2636824806282189,-0.48042810705585537,0.3638034069608785,4488.788059350687,7479.178957347048,1.000803947458854,0.003945098419214686,0.0020071538999778833
b_cov[log_conflict_events],-0.11116669431228889,0.1398796931690853,-0.3361465695996697,0.10818399367795344,12524.924943468539,16196.309276556958,1.0000815987949094,0.0012511150430735186,0.0008719888423835466
b_cov[poverty_rate],-0.2821536649092403,0.15933496924678547,-0.5378600709244201,-0.03204058745502861,9214.98035011249,12330.544375910855,1.0005662507064883,0.0016642081616789627,0.0010829929647606018
phi_icar[0],0.002224739024500168,0.5141677422696367,-0.8204493510191663,0.8217396032163211,23082.477051584665,22429.222336069095,1.0000021018348388,0.0033842352005763496,0.0027524636135148233
phi_icar[1],0.012090846054132609,0.5558456099529566,-0.8776099964875076,0.8978409102715332,24461.825247640056,23358.344211863252,1.0000313351141554,0.003553921823599229,0.0028414287084727883
phi_icar[2],-0.017484644262424343,0.48703771807202495,-0.7885232098016155,0.7589558122246527,28353.82873152538,23375.101560156698,1.0001330136864142,0.002892126365376656,0.0026998972367136363
phi_icar[3],-0.010814551797864514,0.3803696096242642,-0.6161202014625208,0.5980257276867729,22730.77952428798,22264.10846940226,1.0002019417086134,0.0025226953519956177,0.0020288846306513713
phi_icar[4],-0.0034213607115783163,0.4213336826681,-0.6774921024096234,0.6727223801149353,26057.280709489318,23541.40030019972,1.000031051847977,0.0026107406648950304,0.002233061180166759
phi_icar[5],-0.0015725586946756056,0.45239977870567577,-0.7269435568650495,0.7136576788421154,25129.147120716618,23078.09090675058,1.0000066626258366,0.0028534684519561826,0.0023990229886649518
phi_icar[6],-0.00153134943434213,0.4243752586694878,-0.681660064248804,0.6790211189236727,23820.75777867114,23475.87634085258,1.0001289683064472,0.0027491942505631912,0.002271750553585834
phi_icar[7],-0.006028802199877047,0.4216021246183155,-0.6802249797574811,0.6675951480617682,24573.420960099265,22917.825645869994,1.000376808036044,0.0026900553843450937,0.0023268889519500913
phi_icar[8],-0.0026374218379519474,0.3872021091402362,-0.623962547401086,0.6138302149394135,20730.530979480503,22107.75439839143,1.0000803406096785,0.0026894409013653187,0.0021059420144688376
phi_icar[9],-0.019667025172170297,0.48568011584220155,-0.7979414564731445,0.7519857880110985,27210.4771298573,23704.61610778867,0.9999954084708216,0.002945676602597757,0.002648974478094754
phi_icar[10],0.001557167462449599,0.43515468540163144,-0.6947403598175815,0.6957962129210263,20991.924015652734,22649.891585534897,1.0000801807876405,0.0030031905097140698,0.0021773813111902692
phi_icar[11],-0.0006258601067090691,0.4670525520872035,-0.7444962966749866,0.7477901041020342,23521.67939018409,23891.70136033337,1.0000078752474943,0.003045127033901861,0.0024038225181397433
phi_icar[12],-0.005719865942432556,0.40087550309406456,-0.6457238329637344,0.6374142936402124,21638.74153318733,22447.49138579696,1.0000140956507786,0.0027252341138256668,0.0020716443912542027
phi_icar[13],-0.0057134831811244124,0.4268739522277729,-0.6869142758481,0.6776131589808198,24878.587083556584,22831.1470812297,1.0001819557646623,0.002706156801139436,0.0022880564509832352
phi_icar[14],-0.001791607957479015,0.4278681074946403,-0.6786649875993932,0.6802788783069584,23251.97636841287,24784.36394787563,1.0001019706019942,0.002805727014217921,0.0022031664638592786
phi_icar[15],-0.0016711758458744872,0.5058980798989338,-0.8124102258314861,0.8078407978320025,25421.72302707984,23263.971683488548,1.0001570202549723,0.0031727301238130977,0.0026038271673675633
phi_icar[16],-0.0012119712404372312,0.3975388560777879,-0.6406098033596541,0.6325922952541574,22601.385546663532,23725.52312891887,0.9999996514184316,0.0026453754748324227,0.002096066242970557
phi_icar[17],0.0010617708018617297,0.40592939800937966,-0.644870258289037,0.6516556961533226,20999.33467746152,22227.546493277096,1.0001868356566013,0.0028009990541934867,0.002110964883925807
phi_icar[18],0.0008209168263532525,0.43978230624226816,-0.7025608956966364,0.7069922154497958,20798.56193836365,22544.754522747735,1.0002103657352226,0.003049168872831312,0.0022495053441410834
phi_icar[19],-0.0010352522893760407,0.505377338067898,-0.8034377988596655,0.8035194549886828,24976.000587414233,23058.391163017364,0.9999413107527187,0.0031981901323188573,0.002716754621603386
phi_icar[20],0.004218467157987741,0.47262373246588973,-0.7553613213712772,0.75847485872487,21525.86513448288,22798.667980993454,1.0000441533722113,0.0032203728794591587,0.0024832527820656566
phi_icar[21],0.0003580991691571093,0.42389811839107483,-0.6766222865782998,0.674842015509088,24614.3632745001,23600.921758258304,1.0002347248761216,0.0027020248559954806,0.0022488262872394625
phi_icar[22],-0.0020387876001944517,0.49374935298963035,-0.7949791444925187,0.7903836202707908,26193.72548615922,23473.13614228549,1.000128677904547,0.003050982294988827,0.002723205072993148
phi_icar[23],-0.001118253611322873,0.44268850783190306,-0.7118973495735706,0.7013371981302678,22164.2152948799,21880.878065271103,1.0000212824284282,0.002971995098836725,0.0024143632316700235
phi_icar[24],-0.0016108295711170211,0.5474755071301027,-0.8671923304821653,0.8773201397259425,27140.842918923125,24793.814404608343,1.000103356473416,0.003323076122970609,0.0029378903929060864
phi_icar[25],-0.004145937907733334,0.42309102556404954,-0.678006514077406,0.6706601546895686,23054.587398408214,23326.403832392232,1.0000423740631068,0.0027854277041610745,0.002197602797526814
phi_icar[26],-0.0011006803231350488,0.5576875299140672,-0.8900528433176451,0.8974663938692911,26621.77885598362,22778.4035902875,1.0000214975088566,0.003417791893622616,0.0030181301432932253
phi_icar[27],-0.0018281675185469184,0.505401294353901,-0.8136712698336234,0.8103706866654288,22397.767710681102,23304.605230989924,1.000000397828629,0.0033784668759850264,0.002649408851735067
phi_icar[28],-0.0009558463908448578,0.377307390451512,-0.6034082355484562,0.6017415059769236,19051.023632402877,21936.24512147979,0.9999911270642791,0.002733721061910963,0.0018934933551907182
phi_icar[29],-0.003755171045500005,0.5530513511266408,-0.8829156517595188,0.8914305620284763,26924.50708091239,23484.545320499295,0.9999935958809997,0.003370881106325257,0.0028968006700156456
phi_icar[30],-0.0016760650455204243,0.506733633490404,-0.8086600305696277,0.7998711944110066,24798.068622477786,23623.377839746096,1.0002004795422965,0.0032178411717902204,0.002728486389437075
phi_icar[31],-0.0011569834474998996,0.5670015554122141,-0.9067215821400193,0.9036831500456973,25217.40055841306,22989.072812817347,1.0001670431218237,0.0035690973058757946,0.0030117488039903685
phi_icar[32],-0.0007509798769361233,0.4909265128425426,-0.7936581240869648,0.7788057506494366,26652.60302697474,24745.534686175855,1.0001266956732486,0.0030079135689925107,0.0026090860188667003
phi_icar[33],0.00017384810999541522,0.3990552320427912,-0.6378434955341074,0.6382952460722898,22003.319997142153,23615.270134573322,1.000241354262686,0.0026880337056475294,0.0020487381477492595
phi_icar[34],-0.00029724398776153314,0.40777807674385724,-0.6561976928314912,0.6588652259982357,19174.585564772624,21922.410491882387,1.0000495918416996,0.002942724770245029,0.002132877420694697
phi_icar[35],0.003249832435653908,0.5545481627338822,-0.8819593486655362,0.8854852888840025,26262.153493903206,22594.36099136195,1.0004348880367937,0.0034222979651067653,0.0029050758465842662
phi_icar[36],0.018083274187705875,0.6332490736742667,-0.994465562015917,1.0267487059630016,26277.161438379288,23555.65632702622,1.000180058869088,0.0039054723365421246,0.0033966514296751692
phi_icar[37],0.004297645807617867,0.4759718217049482,-0.7537416629524549,0.7722324719921184,20832.36670757203,22184.20210399252,1.0001806128511834,0.0032983887572534593,0.00244841778085799
phi_icar[38],-0.007847371400709536,0.35202315792116384,-0.5666487949869925,0.5549831614128237,20033.98472737202,22557.456366019374,1.0001140203897,0.002487319534100587,0.0017813020488521973
phi_icar[39],0.008234624718563293,0.46981037698110756,-0.7459635077373108,0.7662560096154193,21644.44199363739,22172.94696203941,0.9999746894226145,0.003193425827158193,0.002422317026134057
phi_icar[40],0.0014229761616315947,0.4623173580811138,-0.7319912422763695,0.7436875465483606,21892.45498311343,21787.35245657983,1.000104734292637,0.00312539714814008,0.002440816221862454
phi_icar[41],0.004688679235922289,0.4363994355121338,-0.6943092315717869,0.7026661682642229,19834.656349747947,22452.15986141996,1.0004005429044036,0.0030998496568668764,0.0022482361256206044
phi_icar[42],-0.015904176839251116,0.4376785530737199,-0.7060301197943538,0.6820878995721688,21649.316071765264,22583.302197584,1.0001191064566008,0.002974305891966248,0.002255314041782473
phi_icar[43],-0.009157026538155637,0.4617870521326503,-0.7555454529440527,0.7219374325039406,23873.608854913797,24001.3312443994,1.0002090844993636,0.0029888405002970178,0.0023971976907608723
phi_icar[44],0.0013856894379634368,0.4316145561948386,-0.688777458521309,0.6907448109119777,21775.145654888813,21644.280511355584,1.0001181498299212,0.002926017943597754,0.0022606309033292643
phi_icar[45],0.008940463470186505,0.43691907111970935,-0.6906131999976436,0.7103081757510472,20900.365350029726,22168.126402652353,1.0000934935638741,0.003022578016082308,0.002285884434737753
phi_icar[46],-0.007398521667773,0.4709716488179063,-0.7454532730587533,0.748072477730778,21816.097899532477,22474.736155310147,1.0001154376534407,0.003188249077526673,0.0025392293251055753
phi_icar[47],-0.009192817924364344,0.4257357757103208,-0.6878062448879603,0.6649666257127826,24923.323708614127,22971.19652502155,0.9999781050462413,0.002696800530694813,0.0023096120674900873
phi_icar[48],-0.004846206984904135,0.5489890751831931,-0.884703757260349,0.8773382300394206,26875.322232908435,21972.126707828564,1.0002032376576482,0.003348949929530824,0.002989444946453535
phi_icar[49],-0.01115150501499824,0.45799670703734535,-0.7406871309096049,0.7191342742133184,25001.608317279904,23600.4143314407,1.0002044077370962,0.0028968717664924013,0.0023852024755467607
phi_icar[50],0.007308525219370229,0.5077792991175404,-0.8024311361848394,0.8125170804795935,24109.396390609876,23836.64150670601,1.0000337605055667,0.003270322871466262,0.0026596626431880056
phi_icar[51],-0.016272803837317645,0.5451970293991976,-0.8765963026828791,0.8619798445503996,26268.360461407057,23820.19422248382,1.0000047838897943,0.003365911331234345,0.002878493595074316
phi_icar[52],-0.007985132226479683,0.4004830944496885,-0.6471592646998903,0.632001189013774,25393.725948257117,22957.816115208025,1.000156656544587,0.0025131069674314906,0.0021739607214469455
phi_icar[53],-0.009417758752781067,0.49246263283215547,-0.7938894860357734,0.7765924014988782,26250.198458699153,23857.288238443372,1.000060272063535,0.0030404254160005624,0.0026015813652900876
phi_icar[54],0.01579671129326066,0.5143697946654049,-0.8051071897435217,0.8350133673539638,21304.652978902224,22762.230735780555,1.0002105755996356,0.0035285112566290607,0.0027768882651506735
phi_icar[55],0.00419372556658432,0.41331717577142246,-0.6533234814941252,0.6606166657408602,20545.104739106966,23550.733106676224,1.0002138921435504,0.002884200199043042,0.002082545022745432
phi_icar[56],-0.0008742461959889969,0.501101026339744,-0.8078929333889385,0.796271954003795,23678.01615326988,23391.682299597724,1.0000525242351463,0.0032564858331766196,0.0025507238614141518
phi_icar[57],-0.007904912242341406,0.45921955673652165,-0.7418757657185221,0.7307984192656217,22957.379938747086,21438.023186723512,1.00000508380739,0.0030322370450188074,0.002508692528603589
phi_icar[58],-0.0017401072559603454,0.41021634416519503,-0.6581051786994057,0.6574583055614869,20079.29001847618,20169.685315170183,1.0002504104406342,0.0028958625140453704,0.0020913888258182025
phi_icar[59],-0.011653430704533452,0.45882690679828486,-0.7498558238234193,0.7191665209648591,25067.367072394944,23833.360682007715,1.00031010783049,0.00289774231810587,0.002495578577270569
phi_icar[60],0.00377397358976849,0.4066178166812121,-0.6489415855177829,0.6534693669359877,20091.680460112024,22513.000848090203,1.000178774682135,0.002868053804555256,0.002048251671910505
phi_icar[61],0.004950474474163341,0.46861407408985434,-0.7457424307435631,0.7526173781157987,21072.4030825203,22229.19270461946,1.0002174970630238,0.003227673962221015,0.0024163328243922816
phi_icar[62],0.008131498712001353,0.4640321991126211,-0.7278967494143597,0.7499111537004922,22877.938513442903,22499.84349055605,1.0000858807949877,0.0030687356340163966,0.0024644215027531434
phi_icar[63],0.00028024098729480327,0.4535514757119072,-0.7265328984539347,0.7208562101322054,25091.934958066722,23131.546092790253,1.000184992744541,0.0028636766139107776,0.002436092893241689
phi_icar[64],0.012792565021016077,0.570531961192874,-0.8985624597482933,0.92212136842108,24090.18141408218,23536.29935882421,1.0000214974095234,0.003676726355609606,0.003131080417936905
phi_icar[65],-0.005946995023943231,0.45203188956771906,-0.7295943586153963,0.7137366991439468,24931.76799574409,23822.783292028333,1.0000258028188034,0.0028632678253032407,0.0023575709619767945
phi_icar[66],-0.005577702996731052,0.4324261204741808,-0.6962541163023147,0.6890078767868625,21182.489111632738,22708.80148684342,1.0001594992501688,0.0029709455649129394,0.0022378222949384075
phi_icar[67],0.00914484561931094,0.47375303573633704,-0.7454015589049613,0.7698939774096187,20340.36009183046,22349.30502593045,1.0000959719413847,0.0033226220905408547,0.0023860988866222445
phi_icar[68],-0.014468030947559236,0.4328265778024182,-0.7079050595472708,0.675276462610296,21843.47835406273,21877.497631821112,1.0003002932613618,0.002928694896534183,0.002288723206775425
phi_icar[69],-0.008423353435315988,0.42211793043748624,-0.6822057023947997,0.6696737532086644,24000.103432491782,23739.337390009845,1.000081349225089,0.0027258015018022906,0.0021460285202196433
phi_icar[70],0.009996444877283395,0.3877410930132663,-0.608735375957367,0.6340187304885946,21944.99838219496,23149.42083621699,1.0000951996791563,0.0026184511728682336,0.001973624155535638
phi_icar[71],0.01900322239338479,0.4558353416915223,-0.7106750742642954,0.749528156892019,27059.555432037363,23528.095314932918,1.000128210968279,0.0027718154360927994,0.002462407144052405
phi_icar[72],-0.005265564114708629,0.4088410348318146,-0.6589505242264788,0.6492171509597052,22196.15879577964,22910.6727031043,1.0000815610706615,0.002744572163449082,0.0020830528115089865
phi_icar[73],0.0031740853472321294,0.40718135054026233,-0.6510205330580711,0.6573804064127752,22769.443679255844,22960.306434927108,0.9999974178645562,0.0026993346170081575,0.002073766659899006
phi_icar[74],-0.005360886458953035,0.49746389319217127,-0.7997547483162726,0.7911542612957126,24992.212621953626,22768.390216312677,1.0001806871349104,0.0031470305987375165,0.002678217951498361
phi_icar[75],0.00926536620208607,0.48985553011999117,-0.773286141064136,0.7925932740560632,25739.3523776119,23417.293365226094,1.0000593432486076,0.003053360365126425,0.0025641797569866186
phi_icar[76],-0.003037280775750594,0.4602093634356716,-0.7355928724234364,0.728904995374849,23280.28167039642,23122.079551254457,0.9999992224228469,0.0030157733263777545,0.002478739280700121
phi_icar[77],-0.004775210161231586,0.46898562430659596,-0.7522018345003233,0.7427218466525566,23071.270419097145,22961.843404798525,1.0002844885894746,0.0030871978719029178,0.00236435726794499
phi_icar[78],-0.008853013601042502,0.40935332164681876,-0.6668772546083017,0.6429595501620393,20715.649333620157,22081.549534157664,1.0000338549624244,0.0028445245329373264,0.002101520237218736
phi_icar[79],-0.009240231128976137,0.4356656844639401,-0.7031459911273733,0.6878099009828876,22699.555222504216,22737.43012873277,1.000120829236058,0.00289171631036204,0.002322471306335143
phi_icar[80],-0.005827934771081952,0.4289251449702023,-0.6899664478401751,0.6828035647589937,23219.235111201153,23392.475799954067,1.0000972463729831,0.002815121895529333,0.00216252207711436
phi_icar[81],-0.0049047873271117585,0.49897161161973125,-0.8082564827699655,0.7862305380114554,23768.853297049798,23349.819622268173,1.0001656119216857,0.0032345790581007126,0.002633063118047691
phi_icar[82],-0.010078013694833302,0.5564709159755026,-0.8932861473413435,0.8856468697285502,26357.595500080046,23794.489397796428,1.0002566782655358,0.003428790001452139,0.0030010476115233616
phi_icar[83],-0.007593646214067539,0.4162647747580839,-0.669663681249382,0.6611084304567751,22407.810051831086,22200.028596015127,1.0001782017114063,0.0027813928500169545,0.0022266104546780174
phi_icar[84],0.0020991761982488482,0.359714514308761,-0.5731391113512642,0.5810251521392046,23373.12233760233,23129.980615086293,1.0001059353718522,0.0023524328511118926,0.0018648101883927738
phi_icar[85],0.001026488268351487,0.4328138943037977,-0.6925682659195682,0.6968183995808033,23880.391180838924,22672.234396258413,1.0001874804649207,0.0028012510369161314,0.0022373587795835054
phi_icar[86],-0.0007092532583200912,0.5454297758354403,-0.8775120511412146,0.8662741663095954,29713.43796266865,24200.714143672685,1.0001953286905356,0.003164460532129835,0.002997691685751592
phi_icar[87],-0.0026594512775864106,0.42854844670938147,-0.685946673590266,0.6876318736438236,22570.94369458095,22885.75505338702,1.0000318364532685,0.002853460630018963,0.0022291313391756187
phi_icar[88],-0.0009217375468911499,0.4237066730774174,-0.676661433838787,0.6754048310693839,24405.58076155009,23380.378956734105,1.0002644786141246,0.0027117637852102526,0.0021879662129509233
phi_icar[89],0.0011320801717503938,0.5015173263725632,-0.7996171581716648,0.804118639479216,24345.235091068575,23369.92878758842,0.9999998859675359,0.0032140714902323514,0.00273751877358261
phi_icar[90],0.004342155539052559,0.3783635369919358,-0.6024230122582399,0.6105783645682918,22830.756363167533,22190.054149547806,1.0000348176905187,0.002504535005962571,0.002022610165232119
phi_icar[91],0.008357845907153747,0.4466196923926061,-0.711781306468419,0.7119837569122212,26904.650472062818,23149.4432324035,1.00005787007824,0.002723248078855705,0.002431893555658635
phi_icar[92],0.0029629519931152486,0.5433503912702968,-0.8661604739595777,0.8728608874120686,26977.566473935105,24379.33864123272,1.000092550652727,0.003308205851210553,0.0028694897790264547
phi_icar[93],-0.008696669156623166,0.42419767938167396,-0.6849110504671446,0.665916193952146,24814.2635608735,23438.084062839665,0.9999911074864983,0.0026931643259554636,0.0022495590413599627
phi_icar[94],-0.006014393119674207,0.399512260264439,-0.6465858859628119,0.630386332906016,23667.87389131803,22738.062204771908,1.0000031922831962,0.0025957153666691987,0.0021791456340040393
phi_icar[95],0.004904463870183997,0.6030390577287014,-0.9503092446495062,0.9778293972228456,33626.54451143297,24683.97559781692,1.0001753821153825,0.0032879552371546973,0.003439516189045079
phi_icar[96],-0.008367304338557459,0.41921899075478625,-0.6734804463284291,0.6574153853062175,22843.22586698051,22693.28198370173,1.0001063760517508,0.002773950507170186,0.002231007976889313
phi_icar[97],0.0010269759697590017,0.37451705765475973,-0.5964977619641527,0.5975342869980554,24716.8752965078,22937.14827904343,1.0000593094342665,0.0023821734581235096,0.0019837245971752243
phi_icar[98],-0.005934728981489677,0.49960476230809625,-0.8118921950241791,0.7850665205372082,23598.187234188925,22511.371837598857,1.0000588573744014,0.0032518818681097597,0.0026947346021420457
phi_icar[99],-0.005070151642163059,0.4050767751231284,-0.645203968212234,0.6437561320388748,21047.60948017344,22933.913640791226,1.0001036924792073,0.002791760562976783,0.0021308623939280662
phi_icar[100],-0.0031459556838805626,0.5067020993623168,-0.8115288691976675,0.8109069064034258,23091.49217473048,21841.829603902635,1.0001054119175585,0.0033347934934848415,0.0028032511488581525
phi_icar[101],-0.00662350068001015,0.414536132839009,-0.6679053181873755,0.6511609504276427,21374.10401597877,22028.729563151206,1.0001183236707811,0.0028354788635404733,0.002266656193182789
phi_icar[102],0.0035927654389714386,0.44880044756095333,-0.7139975899724589,0.7239056741960114,27637.228770837395,23583.391044398322,1.000135684959327,0.0026999449515018805,0.002436560943109025
phi_icar[103],-0.012098538235367141,0.45803730212085847,-0.7323753109608511,0.7288410213534137,24429.444864736302,23050.507553805208,1.000102541349216,0.0029317818233407975,0.0024565351129286614
phi_icar[104],-3.8919414260842445e-05,0.3942471555123978,-0.6320928511077127,0.6267679140111212,25702.232608107955,23944.994815568054,1.0001301817507993,0.0024599466797463917,0.002093920957815444
phi_icar[105],-0.008478086447236365,0.46565767256342533,-0.7540096261041151,0.738843287229725,22857.389468525365,23283.022798435395,1.000116763354703,0.003079696913224194,0.0024095848894515747
phi_icar[106],0.0023682325664330156,0.35186323637377326,-0.5601607028096427,0.5677130499952728,21101.9528928169,22329.47922479066,1.0002374953221125,0.00242288805757057,0.0018163626287705029
phi_icar[107],0.005256303588801576,0.3481783008433901,-0.5516918584579605,0.5564864421299948,22185.988299002656,22167.834299420654,1.0002452042241927,0.0023375388352216797,0.0018415947393177802
phi_icar[108],-0.0003221255820175539,0.4842744417645588,-0.7691889972689485,0.7717202611339757,27937.182828035508,24036.353520421522,1.0000569705078899,0.0028981813730466002,0.0025958307688670017
phi_icar[109],-0.0005630413229271171,0.39783686515216693,-0.6343945901886874,0.6374264832784613,21177.133664938312,21326.093345660105,1.0000960619586927,0.00273307832342007,0.00205160737917901
phi_icar[110],0.005371129129344943,0.4728413874325899,-0.7440790221382055,0.7636088094766202,20971.37880343494,21106.411859134045,1.0001158327323203,0.0032641093141684684,0.0025111394982118324
phi_icar[111],-2.1593322256405756e-05,0.4648248446755421,-0.7436282960187598,0.7430785269606263,23648.09150573731,23114.3249153261,1.0002118991435924,0.0030229257195618997,0.002410104565876344
phi_icar[112],0.0020755357076781096,0.5432587632101279,-0.8677080041633923,0.8696960779661892,28147.997896687088,23692.01719540746,1.0001291960311032,0.003237310442813955,0.0029593951239632508
phi_icar[113],0.0053021575699996205,0.5636633167910514,-0.8968829713691753,0.903275802032037,26132.979265706905,23544.508403367483,1.0000966079713405,0.0034867191528950526,0.0030309199170090693
phi_icar[114],0.00853353993801011,0.43812957303657163,-0.6923030341647014,0.7132986881056089,20671.532430966985,21579.602702074844,1.0000179308974866,0.0030468511977569924,0.002310766173119936
phi_icar[115],0.0003542425161105514,0.36973803332276917,-0.5893235869182762,0.593993394475732,21251.72708378625,21727.302616778776,1.000209910525602,0.002536189440666602,0.0019846119153710414
phi_icar[116],0.0001970799124323077,0.4157984442798117,-0.6681163950474257,0.6631238440820666,19802.42348685185,22009.9749724637,1.0002871890372762,0.002954482192935766,0.0021331315486191917
phi_icar[117],0.011354665080436182,0.42765029301769514,-0.6708174586650183,0.6966331454659982,22492.666958176054,22181.225783155547,1.0001181809814743,0.002851671564705286,0.0022971898799287174
phi_icar[118],0.0005172804009389052,0.38233904873784225,-0.6092635826154847,0.6114142459494322,22658.774194735575,22104.357817895092,1.000315243684428,0.0025397955478978686,0.0019977236238951077
phi_icar[119],0.0010030576439596255,0.4573147465701897,-0.7374529237034865,0.7286862797399684,26885.785265439845,23953.54246623822,1.00013455564805,0.0027890999333441855,0.002389736392702106
phi_icar[120],0.0030777056306602224,0.4558353088624864,-0.7311533002008512,0.7308771386332509,24283.032466880457,24337.022053673805,1.0000019074832074,0.0029245275595303267,0.002323503064279318
phi_icar[121],-0.00016871947016182233,0.4312616168234142,-0.6899192123160929,0.6846724031437563,23611.16938730558,23246.57544493653,1.0001395804377275,0.002806656686096985,0.0022601633023499094
phi_icar[122],-0.0023580765931351124,0.47027016424936874,-0.7589723747629122,0.7538639646401718,25649.985081435596,23667.89008494047,0.9999775087368793,0.0029367588862175492,0.0025557265616950884
phi_icar[123],0.001479528124931377,0.38193439888447744,-0.6114291049463226,0.6110801402280291,23728.676206981345,22756.976264960762,1.0001022009419203,0.002479978087341068,0.0019847422293977793
phi_icar[124],0.004577723680243657,0.3676488640277754,-0.587646964340052,0.5882133324241657,21804.273927872793,22026.25562005163,1.0000575855862863,0.0024895843958451787,0.0018794902736000894
phi_icar[125],0.0022096048731951594,0.4583121863404916,-0.7266343078151828,0.7383002424960325,24881.345457059084,23576.749621128816,1.0000726813023804,0.002905893696882178,0.002470103007194971
phi_icar[126],-0.003880388464345756,0.4358580130032426,-0.7004308388935716,0.6994152629497365,23126.505851674367,23462.375801649145,1.000208603422798,0.0028665178925375433,0.002271020315800809
phi_icar[127],0.00039676457839777425,0.4097962124984498,-0.6509450731561545,0.6573272030705457,22279.87055716322,22818.793943649114,1.0003653718279675,0.002746234925667245,0.0021114942548515966
phi_icar[128],-0.0052102073531862325,0.4653783013636579,-0.7507044087281382,0.7392599035634673,23936.720583982013,22912.095249884904,0.9999524709869664,0.0030081614999365935,0.002439322399289562
phi_icar[129],0.0010010114276873332,0.42842498824344577,-0.6832766016992959,0.6921061794590844,23847.846442240476,22908.216391163955,1.0002892916955934,0.0027740440895030333,0.0022808257845989555
phi_icar[130],-0.005586567078839976,0.4930737214205449,-0.7878036151062848,0.7828598930054422,28544.604363441773,24684.190331450358,1.0000581415506513,0.00291767276206694,0.0026480053548352633
phi_icar[131],0.004504852791768399,0.48875822979768735,-0.7758400151214027,0.7868608395084102,26888.306821833787,24098.93789132096,1.000146112604251,0.002980750449557632,0.0026254247077997627
phi_icar[132],-0.003596214314112588,0.46236700948835174,-0.7432597206366328,0.7251353350979146,23845.72989424868,23132.539013023776,1.000065367642193,0.0029945099767252474,0.0024498661539718437
phi_icar[133],0.0045934229086332535,0.4928833911898933,-0.7844551506175138,0.7972556623682604,27879.078923148194,24057.821004867936,1.000036317417516,0.0029519746574509006,0.0026643924798883047
phi_icar[134],0.003578990819815093,0.39985343588123223,-0.6388058629178658,0.6420164153830474,23214.159489606704,24235.2826359327,0.9999464925841486,0.0026249633616294973,0.0020515017323594256
phi_icar[135],0.001087391117768244,0.42429459025826033,-0.676937594307222,0.6763580571676914,24752.15417041087,22994.510259641214,1.0001263443920336,0.0026964544510079715,0.0022138580080128304
phi_icar[136],0.00813170533197465,0.40196679561245785,-0.6325021240122384,0.649700419473857,23245.901533208555,23411.50306760218,1.0001661826780235,0.002635512983165396,0.0021158256419526885
phi_icar[137],0.0043618803439922525,0.4955213814396852,-0.7914880296401116,0.7952226915312798,26467.488374093104,23103.382638367373,1.0001409961017391,0.003046181885143027,0.002686160152647874
phi_icar[138],-0.0003366722473006383,0.500850771385384,-0.8012362917344311,0.8001984749591332,23805.89069323473,23171.144809500907,1.0000986225147999,0.0032460622053339734,0.002662062218434733
phi_icar[139],-7.421833866014982e-05,0.4662255707530121,-0.7377918317821206,0.7439826423972805,24911.886982820477,23315.184600103657,1.0000187386683985,0.0029542262850546777,0.0024322136870500695
phi_icar[140],-0.0028242858822155777,0.441589076391807,-0.7100634676002705,0.6963350056385219,21626.762728158606,22464.553133907073,1.0000714012416194,0.003002577205355448,0.002300503616598686
phi_icar[141],0.0014863309927278196,0.5617554822802857,-0.8975821507185661,0.8939096508933254,24068.089075852626,22779.07924103795,0.9999855322739966,0.0036219549621317,0.00296780609462842
phi_icar[142],0.0025018998243291415,0.3604602190496309,-0.5721763290067223,0.5801593816165352,20403.0985271045,22255.226210393248,0.9999519067229424,0.002523672686901195,0.0018085368783032716
phi_icar[143],-0.005309808272539684,0.4665346153539803,-0.7525152435309648,0.7442346246899773,22396.39030837959,22550.34416762938,1.0002404213961062,0.003117865874003992,0.002365387201773407
phi_icar[144],-0.0016331950154979658,0.4542638787326056,-0.7219007865560554,0.7261694749079677,24816.121171482326,23874.225157000168,1.0000737251760088,0.0028843763116521747,0.0023983065961440493
phi_icar[145],-0.00013820619119400045,0.39807093053914033,-0.6306069883740921,0.6357481016478109,23264.456733401552,22885.86135849652,1.0000252445256053,0.0026102201167379855,0.0020946724998143628
phi_icar[146],0.002146974723004873,0.6146011136249012,-0.9782595517681861,0.989762801737482,30478.846660216896,23979.543378778097,1.000290144778065,0.0035200119793311383,0.0033147581795687237
phi_icar[147],0.0023694641862967063,0.4021759457088914,-0.6425689491591362,0.6424549513426883,23922.178514180225,23345.54161430649,1.0000477966673174,0.0025996110157393984,0.0020890270005869717
phi_icar[148],-0.0054742105981547134,0.48927863502344177,-0.7880040084157147,0.7713737146027643,19481.224261678377,21498.182378176756,1.0003505336175103,0.0035071709758608626,0.0024817456921882343
phi_icar[149],-0.005138467365661025,0.465437262012428,-0.7465090805999545,0.7463417312301356,22063.940126177255,22685.71351257423,1.0001993303045214,0.0031347628641349495,0.0024716636220457177
phi_icar[150],0.00255485321029588,0.4526785664388754,-0.7195183332392863,0.7281048067661141,19308.40875735704,21230.622464936885,1.0001627130609099,0.0032586319479228102,0.002346761606824149
phi_icar[151],-0.000771085080894711,0.45112415510860543,-0.7155351944964127,0.7164593282920928,24957.933709608536,21888.198780358467,1.000000482219626,0.0028555917092206715,0.0025317014996320895
phi_icar[152],0.002705174498083622,0.45381517578849423,-0.7276818880140598,0.7253400134345565,23887.091457510793,22957.482395489802,1.0002176789626893,0.0029360476593185527,0.0023774583615817353
phi_icar[153],0.006072343144269196,0.4973055008367515,-0.7932070231961056,0.8068820473205016,24698.306067024103,23756.089751971955,1.0000967409222932,0.0031652825734378534,0.002603490696439307
phi_icar[154],0.0014344245461834855,0.4531320032159221,-0.7185709014460588,0.7275612520441902,25787.948541404432,24119.150964081073,1.0000987812659496,0.002821833505216373,0.002402356251718804
phi_icar[155],-0.004388762924642156,0.5692373213915489,-0.9116794062591183,0.903375624154308,22947.480789688154,22855.857946058382,1.0002792090038681,0.003756800305049159,0.0030328661304752378
phi_icar[156],0.002919761853365418,0.39202230831167395,-0.6285078839931689,0.6302415765499918,20542.986563770177,21301.034266561343,1.0001664479343821,0.002735001633909897,0.002026692766771078
phi_icar[157],-0.0015543712121401697,0.5616087609653467,-0.901232657622964,0.894436811341343,24254.18722999085,22499.000016690552,0.999999102249729,0.0036062179361765834,0.002903733874703683
phi_icar[158],-0.0024120131120703423,0.49336261998020564,-0.7924760307609865,0.7864450765990334,24403.15683849771,23701.143673949977,0.999991498521217,0.0031592467371664183,0.0025377140055351786
phi_icar[159],-0.002690851531870581,0.4168317446313986,-0.6701372222229027,0.6650235586456844,20883.276715602125,21768.159354978598,1.0002666207138007,0.0028845993789481765,0.0021525640437648676
phi_icar[160],0.0006216664101080531,0.3887803058136204,-0.6199652518111998,0.6161711787321378,21527.145680131485,23073.589474136843,1.0001376327353064,0.0026499217475201586,0.0019382866431316224
phi_icar[161],0.03732102563050998,0.623020146185735,-0.9569364754742327,1.0314594690203471,27847.1558576067,24033.701596531424,1.00005917434544,0.003733751588394616,0.0032574704097738595
phi_icar[162],-0.0030407030002030733,0.5121767844617139,-0.8225340474191316,0.812172253659754,22361.20971995677,23234.86535516095,1.000164501392907,0.0034243882932122292,0.0026595387078693056
phi_icar[163],-0.0029333140698411613,0.4737725515709553,-0.7543746814620919,0.7586917226574632,21917.800946120347,22443.985856822725,1.0000112767351208,0.0032012284448442274,0.002436083214273321
phi_icar[164],-0.0004936834287064125,0.4672018651652099,-0.7553909426591817,0.7431353784147534,21443.37104736835,21791.047812231,1.0000432807596449,0.0031894403502650435,0.0023593840180824183
phi_icar[165],-0.002390460659080695,0.5783643048938237,-0.926809217526792,0.9224201327410779,22195.11027096616,22953.632476330567,1.0000993316899645,0.0038830193060676874,0.0029821118705391524
phi_icar[166],-0.0006348636764365244,0.4634705981259888,-0.7414968148663227,0.7355125712134005,21880.45090527055,21865.904717425434,1.000170742054796,0.0031328406425180544,0.002526155161611141
phi_icar[167],-0.0020598681059581865,0.3839708031924967,-0.6086247155237955,0.6100735409719817,21026.359710958917,23242.872702044755,1.0002676431643394,0.0026480733060858983,0.0020048763446197278
phi_icar[168],-0.0035680770225347985,0.5013456065684845,-0.8009252796161059,0.7956963248295966,25159.118789090775,23626.998032297437,0.99996794685923,0.0031615919548904337,0.002752500815068181
phi_icar[169],-0.009361036827412045,0.41920212346949287,-0.6735388060528845,0.6608899899416257,24694.265137066745,25197.689968904735,1.000171258258848,0.0026665498675687376,0.002145677346775128
phi_icar[170],-0.0049787640141168415,0.49913333871082943,-0.8084473893707064,0.7923863141748583,25633.929891486834,24189.013939094988,1.000066197621319,0.0031176102510371852,0.002555368483574201
phi_icar[171],-0.0019402950298180724,0.7481449339890631,-1.186198705075316,1.1915325622859965,30937.583841937954,25385.414060942167,1.0000375301117717,0.004254031639419127,0.003989979272663903
phi_icar[172],0.0035704801617866206,0.4656081751289363,-0.74051097977289,0.7482613320267218,23162.445044108354,22639.482328261285,1.0001120359658695,0.0030593594462662095,0.002483703167258879
phi_icar[173],-0.00997105665680458,0.4029202744225522,-0.6528609396104116,0.6365687203111875,23210.414893320583,23763.141958972978,0.9999974521976981,0.0026443928651334225,0.002108246967717026
phi_icar[174],-0.006823663150787548,0.4686848700857177,-0.7585175844612204,0.7365673371483884,21881.97421051468,22065.46879964044,1.000156509636584,0.0031694626592284492,0.002532786435819687
phi_icar[175],0.014070427639621382,0.621627930423157,-0.9813173954682772,1.004037375403191,30921.779025729073,23215.661955941676,1.000148158235234,0.003535862040170671,0.003504268837834207
phi_icar[176],0.006045428721682042,0.49829452745897634,-0.7867136538221635,0.8080407324204013,25367.0812275754,23914.256743487942,1.0002164791893648,0.0031279939178721463,0.0025499789786428717
phi_icar[177],-0.011334723583729549,0.4994537022909608,-0.8080961056235296,0.7869577384251331,24444.459153162,23028.314846480775,1.000003980668626,0.003194822333071295,0.0026433685482727567
phi_icar[178],-0.005894985395531897,0.5029972548487379,-0.8113184723893011,0.7950375216898384,23170.00635589763,22627.336606102534,1.0001355285157516,0.003303959999926859,0.0025809405977850514
phi_icar[179],0.0005063919831392667,0.5069992192737608,-0.8125730802175454,0.815989458845379,23356.494751733055,22735.612505880097,1.0000487569216836,0.0033180472664573577,0.002604011323125529
phi_icar[180],-0.0044488650597603145,0.38471155956643704,-0.6226749112741626,0.6050167889032263,21426.604293950928,22644.918376646176,1.0000614123371414,0.0026283738258885097,0.0020253028831207043
phi_icar[181],0.0017737527513708388,0.46435488320249335,-0.7436282710317075,0.7418450188696464,20720.791752818957,21266.147341958127,1.0000680977923166,0.0032256191468548875,0.002507034261403752
phi_icar[182],-0.004575661380390008,0.3294918860313912,-0.5320169224813195,0.5234794571881033,20563.618100073403,22346.51880792366,1.000135718197857,0.0022976982854965742,0.001680440924236108
phi_icar[183],0.0010614529600412384,0.40690332514515837,-0.6519946620077579,0.6497601086953343,20729.456174240175,21026.7640640611,1.0003876516482797,0.0028262621363878307,0.0020340414893141212
phi_icar[184],-0.0017161544562540913,0.4917168503644892,-0.7903807500636311,0.7859102258649431,25741.72221787405,23498.472930324766,1.0002490481189141,0.003064391353517464,0.002640648753683593
phi_icar[185],0.0021583193445647657,0.45004634074555294,-0.7143678046131987,0.7263209894243687,24802.397251890783,23007.517894212,1.0003434957084847,0.0028571740708409742,0.0024194644685482996
phi_icar[186],-0.001194045140663783,0.4996110981102481,-0.7981847599872557,0.7997182343524066,24945.238876019168,22841.065504113703,1.0000356397888996,0.0031637879888892933,0.0027492964872643318
phi_icar[187],0.00023609981801906433,0.43269048229015394,-0.6922451921557803,0.6904073621697835,22250.405575645178,23191.840161098567,0.9999952693286716,0.0029000887051104226,0.0022149461467571947
phi_icar[188],0.001427839096300009,0.5602466983186988,-0.8913653370601976,0.893050768514699,25091.330334738843,23784.450240785467,1.0002658561632414,0.003536833789634185,0.0028886513053577
phi_icar[189],0.0033228472010389696,0.5081018230464103,-0.8100078077423655,0.812500416806418,23534.62632178192,22946.101190129153,1.0002005192300363,0.0033120989839237826,0.002687177348230573
phi_icar[190],0.002842671115832596,0.49549914691106156,-0.7888556411058563,0.8008297732250349,27447.370363584138,22059.789767796367,1.0000984064972416,0.002991695634066164,0.0027534801414285924
phi_icar[191],0.0028686146947896327,0.49062935248596723,-0.7776410659224703,0.7876733985470976,26831.93582368957,23978.708084465685,1.0001046470230575,0.0029949510455137595,0.0026777087637117497
phi_icar[192],-0.0003559785976017511,0.4560242500268875,-0.7250419055549773,0.7290434364924964,22843.92728172554,22611.93045967357,1.0001925460325904,0.0030170335801470195,0.0023981033250751152
phi_icar[193],-0.004421323972041994,0.4919763344232671,-0.7977013418081149,0.7864229327123832,25255.186884083207,23525.211959875967,1.0001414513700488,0.0030945215884697268,0.0026154672554759666
phi_icar[194],0.0016316288372239115,0.4898278563299384,-0.7794715741402046,0.7867656574822136,26446.738742163707,24216.595486039772,1.0000323386003152,0.0030120408893790744,0.002529088556769716
phi_icar[195],-0.001432891351949691,0.4572069668579158,-0.7328541625064426,0.7300350734669814,25496.876859600732,24059.352347516637,1.0000701691286378,0.0028637647647964336,0.002357839869057365
phi_icar[196],0.00032444463618361665,0.39166737392733436,-0.6246440798807091,0.6288490913921402,25873.379876666204,23647.422404570843,0.9999901978917559,0.002435161178107532,0.002168592978662294
phi_icar[197],-5.384246138212956e-05,0.3997352658577948,-0.637842911556711,0.6362302743658083,21654.851949059077,22906.75885378674,1.0000301400690785,0.002716012155397444,0.0020996965809182686
phi_icar[198],-0.002304594019089981,0.4080839580922537,-0.6527193071557377,0.6477547369326782,20712.29617736629,22456.815018644767,1.000074451146531,0.002835222770529502,0.002131874569305457
phi_icar[199],0.003976556712632132,0.4550853870313783,-0.7242046150645117,0.7350820719473404,25010.314827492097,23115.994794209983,1.0002044105883992,0.002878595203659774,0.0024438351296087466
phi_icar[200],0.006375533523347812,0.4005443807910545,-0.6337786828128706,0.6460536869055591,23494.36337221695,22834.99701168232,1.0001647164143674,0.002612533360775363,0.0021145075689521413
phi_icar[201],-0.003024013460408629,0.5399821317410106,-0.8648887230631116,0.8612702698262005,27673.148002215024,23159.058836653854,1.0000066575786668,0.0032462404427149316,0.002948865714902022
phi_icar[202],0.0029776706329307547,0.45764561451040986,-0.7235468254359276,0.7386268612196865,23876.795686658268,23330.838672178732,1.0001040989515104,0.002962650060612527,0.0024283347778463597
phi_icar[203],-0.0030152033638626407,0.49597012082857944,-0.7962048460762428,0.7957229973580584,25311.441998617178,24612.950476515794,1.000027986112799,0.0031183333019044143,0.002528090543723667
phi_icar[204],-0.00020852575283033926,0.3989059677277408,-0.6360942607909709,0.641423429856793,22241.374167808382,22085.900523257722,1.0002047884472671,0.002674775810597022,0.0021184323523029862
phi_icar[205],-0.0014079490157467296,0.3759936273280771,-0.6006724371990615,0.6018194085484908,19747.719773396613,22017.025413616117,1.0001652288955885,0.002675081961812463,0.0019422143651136882
phi_icar[206],0.0011724658008301799,0.5470294624761824,-0.8747842313401311,0.8711734945055241,29022.67712682847,24870.430145098635,1.0000873202131713,0.0032110885109302412,0.002972729381382363
phi_icar[207],-0.003591200573587898,0.4577132533375519,-0.7293904085275272,0.7281197646628486,24396.890591808784,23032.5818230772,1.0000041115231537,0.0029303677987738775,0.0024294999786089915
phi_icar[208],0.004481515691364531,0.38521115222178665,-0.6026236185627067,0.6199674995833355,21228.743357486717,22203.959155542543,1.0000487886327556,0.0026447162602717257,0.0020762569421257002
phi_icar[209],-0.0025545126602538,0.42991056165736014,-0.6881106086342192,0.684609788522924,21351.640764711523,22779.385058496922,1.0001058345416118,0.0029412013709600748,0.0022838615649263135
phi_icar[210],0.001636610336986338,0.46217104008906357,-0.7375488820064303,0.7382579515598713,24292.39686418062,23194.245535533926,1.0003210185443385,0.0029652588586211973,0.002446595659481078
phi_icar[211],0.00583352029500314,0.43041726236756395,-0.6801986651614351,0.6934173914987557,23277.847801776366,21784.8304222561,1.0001908784058464,0.002821627634044579,0.002295442142918527
phi_icar[212],-0.0035618650347120084,0.45060602385095955,-0.7238554524860306,0.7135724204512244,25761.287931197065,23207.962137761962,1.0001339203852444,0.002807998250717476,0.0023984754784920305
phi_icar[213],-0.008565950027112629,0.4244028818914872,-0.6797886300519764,0.6732784748652101,22822.76987146296,23275.824671938546,1.0001317339558133,0.0028103926172946382,0.0022434033665644586
phi_icar[214],0.004386202103905323,0.429918471689108,-0.6807461793670967,0.6927446005207903,22488.960669964228,21935.483746949954,1.0000965230205476,0.002868611020535509,0.0023271038763143723
phi_icar[215],0.00838994859509585,0.43638098715204976,-0.6880469052027564,0.7132831662292682,22369.36164488748,21777.732303946512,1.0000090209766335,0.00291746003829486,0.0023053806410902526
phi_icar[216],0.0008090710653116471,0.5008472378375894,-0.7971985849723862,0.7968871378227853,24001.39483011502,23232.508011317113,1.0001567441488686,0.0032331977474190934,0.0026518978576692406
phi_icar[217],-0.0019767050679410886,0.4617250484619651,-0.7389859774306848,0.7336523461525876,24493.46469908573,22646.629434314436,1.000065415414022,0.0029517040241072655,0.0025503784777532014
phi_icar[218],0.002802674456452282,0.42085435915797487,-0.6681834127141387,0.6812517713993452,24755.34842376978,22534.842156458428,1.0002073702362526,0.002674494450519989,0.0022881282900320044
phi_icar[219],-0.0023439703480721006,0.4199057007900184,-0.6727351912531291,0.6700478739499551,23891.95730712423,23238.244190790025,1.0000396412576056,0.002716494987826446,0.0021848663242650624
phi_icar[220],-0.002694985457951607,0.4225130673354968,-0.6766494469449486,0.6738831351530056,23462.13795263714,21709.76230685293,1.0001827686128848,0.002758486535382209,0.0022624150736085817
phi_icar[221],-0.0005809752282028137,0.42720987208197236,-0.6835780213865088,0.6789086066575634,24040.276218418836,23105.35486841078,1.0000637947949416,0.002748085951690698,0.002310206253348421
phi_icar[222],0.00854406320608462,0.4972117734882946,-0.7844458631150516,0.798853869333585,26987.67111002768,23722.456209033815,1.000097943548546,0.0030272201223251085,0.0027639331321411393
phi_icar[223],-0.008255791521175827,0.4037659880923467,-0.6543810664582759,0.6337852871820887,22836.30739884551,22274.092577464515,0.9999656591042922,0.002671204184972941,0.0021539981316792524
phi_icar[224],-0.0053936064265532584,0.3329639066509296,-0.5398756480198011,0.521715378975478,21558.406520863493,22378.938865149474,1.0000613120982005,0.002268461336540711,0.001702903386090246
phi_icar[225],0.019107950065995992,0.5491914511059574,-0.8527866328019426,0.8904002072032537,26032.59481237023,23987.46102761962,1.0001352235347711,0.003404214957814835,0.0028447764650497845
phi_icar[226],-0.00134448805607122,0.5021467646466632,-0.8003666794807518,0.7895188891610914,24736.617945667604,21949.98240142522,1.0001808979163103,0.003193081709961776,0.0026950709874810773
phi_icar[227],-0.0022974328785322936,0.45829471412352746,-0.7364244283628507,0.7301803380039048,24833.49993723133,23540.51101900283,1.0001171895035557,0.002908560240164228,0.002396037490589446
phi_icar[228],-0.004892315894472111,0.3790251551413439,-0.6122106128930108,0.5988515885269726,22080.952105884742,22097.827757260304,1.0001055395694727,0.002551062482871728,0.002011625851607081
phi_icar[229],-0.0006229409422373587,0.4306065875818609,-0.688202024361804,0.6905589249807743,23670.480308143706,23288.44525321008,1.0000263466955965,0.0027992905719711326,0.0022622287675950806
phi_icar[230],-0.0060816106324851835,0.42595366543049284,-0.6875071931258517,0.6788051355163881,25068.907832656743,23181.008312750728,1.0003357484002373,0.002690156918398323,0.002171664144470735
phi_icar[231],-0.0007840789618257857,0.37462967299506683,-0.5942849979426348,0.598931989752145,23905.46335865956,23719.451248775196,0.9999462749237094,0.0024235294241235776,0.0019881745455352607
phi_icar[232],-0.0039766703894037045,0.40421411732845675,-0.6462576746191246,0.6404184424747842,23136.58917953394,22821.141105938717,0.9999620792288353,0.0026576519504916732,0.0022277802426987794
phi_icar[233],-6.781706373940987e-05,0.42698274054890195,-0.6792618195174945,0.6835243987186628,23243.06100812278,22379.524298972054,1.0000297635278335,0.002800452667280398,0.0022898251420419495
phi_icar[234],0.010627615918076353,0.3975917522979689,-0.6275994267959479,0.6431374325658493,22550.591439339973,21852.38004464923,1.0000224683824754,0.0026477925194274905,0.0021134113724040043
phi_icar[235],0.01421278354008208,0.4957893919028609,-0.7825011058246075,0.7965408254947248,25139.794649825668,22842.640204270963,1.000119118676929,0.0031273232863119494,0.0026608540878068025
phi_icar[236],-0.0003250873412157545,0.3387577184852886,-0.5411816910690351,0.5428797803068278,19300.620319072354,21469.910435958463,1.0001344546149897,0.002438492923409934,0.0017040596182100129
phi_icar[237],-0.0010617375881481848,0.3693842281026237,-0.5982227231222201,0.5951373539248728,21870.372752844414,22103.575149934033,1.0000715326912293,0.002498609517363186,0.0019520905339432332
phi_icar[238],-0.0037323188212091897,0.4545045171756802,-0.7360827904832952,0.7228599599621136,24654.343512480926,23501.882394618806,1.0001971984397684,0.002894668232557764,0.002425964389344637
phi_icar[239],-0.0038657541432716973,0.45665993338689714,-0.7364437277694948,0.7275377393976616,25572.19631883018,22575.936356920945,0.9999745740808227,0.002856138481785519,0.002435855648395511
phi_icar[240],-0.0057003440110333535,0.49435482603288233,-0.7950067096278033,0.7765490353962238,27553.743046781132,24871.114545323264,1.0001093251563664,0.0029795170959460385,0.0026527968065119985
phi_icar[241],0.0038196604772895355,0.4064840746967639,-0.6521787552657802,0.6533757873068865,22228.52777182027,22540.441818108844,1.000210910837329,0.0027276583291305375,0.002184229522324348
phi_icar[242],0.013791334831895917,0.4500053663416126,-0.7018869490542027,0.7360284163012071,25406.59354548759,23783.804930759678,1.0002151481800443,0.002822613776868589,0.0024233999367547837
phi_icar[243],-0.0036360933147911055,0.3634530047681505,-0.5867095870464074,0.5782109684433799,21559.716899715862,22559.593462379842,1.0001297671085574,0.002476035044849093,0.0018973046040281127
phi_icar[244],0.001177772817182368,0.5315550542982245,-0.844223768656438,0.8466710674006189,29239.484141067453,24673.734034006186,1.0002731216843177,0.00310816567476125,0.0029257751689421244
phi_icar[245],-0.008584357629105286,0.45147839761960934,-0.7354081708797072,0.7072309032413784,25168.345440370256,22490.676812793936,1.0000893478464368,0.0028447343802849427,0.0024093765910137917
phi_icar[246],0.003631735856061784,0.41836610988072503,-0.6656899339993368,0.6674918187196076,24637.48266940837,22899.287225352135,0.99997043943594,0.002665825740296793,0.0022225415244181883
phi_icar[247],0.002618066062329267,0.37952405244999343,-0.6016266417490086,0.6128873666778403,22223.442237814466,22337.07306410224,1.0000116238239738,0.0025457278548903454,0.0020224454784854287
phi_icar[248],-0.0004607829218345718,0.4927821525636767,-0.7869384888685236,0.7861445640845423,26029.3609027992,23525.305207499143,1.000116785225346,0.0030546286864475167,0.002605647690741513
phi_icar[249],0.00479962269872785,0.4606487273493732,-0.7294980783821224,0.7362972380456076,23276.108732826342,23047.32466208581,1.0001920138142864,0.0030199127472496485,0.0023581508531642596
phi_icar[250],0.0012842529866258898,0.42391440185474155,-0.6761495453625039,0.6787086515619204,23412.56479124325,23119.07243722066,1.000023403935638,0.002770557585757846,0.0022406521323450855
phi_icar[251],0.00453036144814582,0.45336373668476404,-0.7165828160364491,0.7319774449291081,23699.39880927631,23443.83217658828,1.0001354654944232,0.002944732645041151,0.00242036991729427
phi_icar[252],-0.01329814049347387,0.3949682963258958,-0.6412927881620668,0.6196358267179476,23698.822209104575,23132.424688124822,1.0001956174976987,0.002565585834621799,0.0020971880371172366
phi_icar[253],0.004929433639539666,0.5507483258842124,-0.8764290319597928,0.8798317536619108,26261.770794500153,23721.50265784845,1.0001477326591088,0.0033978099039666527,0.0029269016423437116
phi_icar[254],0.0021697058143482213,0.3790981660045552,-0.6017085198502624,0.6091876439301495,23266.578814130593,23547.375958271103,1.0000525162786895,0.0024857293712183333,0.002010964904885805
phi_icar[255],0.0019080743002593205,0.4283974713864797,-0.6831402916080525,0.6862992388093857,23048.474090091822,22715.55612010608,1.0000186145918384,0.002822304411528218,0.0022093507298632407
phi_icar[256],0.005718163780989103,0.41323088259877566,-0.6553734573870345,0.6655416882218234,21335.373084357783,22921.444717182574,1.0002360197100162,0.0028292171764597363,0.0020996736415295606
phi_icar[257],0.004819359445692028,0.4371577868834624,-0.6934848765754518,0.7060449650096113,22419.324082760966,21067.71766309096,1.000130603453257,0.0029191545809691857,0.002338623501589265
phi_icar[258],0.00262832364241941,0.4597311178743205,-0.730419361706541,0.7406062756330435,25116.667989139438,23717.44072523706,0.9999734394969861,0.0029012172473351834,0.0023885635388288477
phi_icar[259],-0.00024873444187075534,0.4254929345415151,-0.6799279963693153,0.679780056320579,22943.039684949123,22520.645950656333,1.0000806209784008,0.002808783929374005,0.0023073597735020854
phi_icar[260],-0.005282505231767136,0.42934136400054596,-0.6950703912333545,0.6828307213514287,22110.5794968882,22476.569361171125,1.0000781271921233,0.002887562267272675,0.0022719667102666756
phi_icar[261],-0.01718772309058467,0.5474463070497281,-0.8829492756879342,0.8582966800768661,25464.15973300859,23794.973067871215,1.0001108840665316,0.003430984279566413,0.002828570473751642
phi_icar[262],-0.009360511741577596,0.4681089130516789,-0.752651582054564,0.7378604260996173,22734.57022645475,23122.407075669274,1.000013467566168,0.0031058020839072453,0.0023947097766028602
phi_icar[263],0.003955374303204119,0.45532893038447564,-0.7238717763102035,0.7318076035571364,24903.916407231,22612.165665441706,1.0000443100520666,0.002886131585895875,0.0024825812975677367
phi_icar[264],0.0024399447270289985,0.4535333302511819,-0.721981649146382,0.7296535673692356,25339.347957311864,22911.368641816094,1.000148485808064,0.002849134378285785,0.002491462389974636
phi_icar[265],-0.005106071651597967,0.47033905233867807,-0.7580083170981172,0.744586270150132,23208.541478715295,22916.57063953321,1.00006274497574,0.0030865505503687948,0.002482246702849774
phi_icar[266],-0.0021687705971171305,0.5046822834000115,-0.8092341078464624,0.80510906636693,24656.238232073043,22822.76683759637,1.0000978512626946,0.0032138157615569283,0.002587978877830988
phi_icar[267],-0.0020255304521540883,0.3805738106236472,-0.6105475432894857,0.6119573611160598,22540.065850556653,22402.59368782069,1.0000843901309555,0.002535093815861065,0.001975679173820131
phi_icar[268],-0.0013062677964217058,0.38806586957915384,-0.6221719153553601,0.6193817850102908,22854.716001576555,23367.668051006935,1.00002366789656,0.0025669652853886073,0.0020595503745266734
phi_icar[269],-0.007063680782484779,0.49562359385356775,-0.8005087768620917,0.7843660780424621,25253.29246182093,22884.810081415766,1.0000525225432735,0.0031181639771069407,0.002678154754505677
phi_icar[270],0.00024315881466984292,0.43022121952948317,-0.6889917877554542,0.6838256154767403,23378.75478635048,23225.122416207258,1.0001423836944037,0.0028135685998193914,0.002357927854329354
phi_icar[271],-0.0037775484047514033,0.398225072794273,-0.6419919174903104,0.631815747668187,23323.322947865545,21165.43578770318,1.000299788031579,0.002607867605850532,0.002092241083163176
phi_icar[272],-0.00041870938668444425,0.46715889337979066,-0.746981222469686,0.7454599264350512,22329.82936412374,23005.750955010277,1.0002609799943065,0.0031262206237362197,0.002411910662192794
phi_icar[273],-0.0045275459948167516,0.37640169296012743,-0.6041258630771634,0.5970369405945631,19149.76113020495,21706.12019318294,1.000080964837399,0.0027196182949340043,0.0019838127218602293
phi_icar[274],0.00564619500342409,0.3758333342703156,-0.5920134353023262,0.6094346610750826,22191.141979196593,20275.17975640273,1.0002644261959832,0.002523048076519465,0.002068482120413555
phi_icar[275],-0.0012711995883330149,0.4088652640176954,-0.6512381726792954,0.652474125002305,20960.267430532407,21741.241006884815,1.0001196099952552,0.0028238902217328134,0.002147176186242414
phi_icar[276],-0.011387264926110707,0.44382765199361507,-0.723773885055323,0.6960890188523045,23423.737587841748,23638.80797644851,1.0001014137385804,0.002899234081637988,0.0022916403194187217
phi_icar[277],0.010373547879789204,0.45489360168503734,-0.7143439962267526,0.7423832011311815,23788.66272000529,23616.27741045158,1.0001010323289397,0.0029497788907056526,0.002355205583832761
phi_icar[278],-0.0007689590937945066,0.4179682988164326,-0.6662008924995494,0.6690867880083611,18518.463874381192,21669.70310463269,1.0001386287991023,0.0030736123104710676,0.002177159922535865
phi_icar[279],0.00011429728850316901,0.42834315678544144,-0.6843568455213536,0.6861508760784815,22404.53630702524,23152.772065126188,1.0001273392139653,0.0028619298665615166,0.002218143883806107
phi_icar[280],-0.0020868750548444,0.5447076358043675,-0.8697135731629431,0.8644622819168291,26358.17912566059,23251.79117215488,1.0000250306870007,0.003355338787539474,0.0030758121884739897
phi_icar[281],-0.003489373077411729,0.37251553843712926,-0.5992037686972963,0.5919406862157691,20245.94379209007,22592.763520157067,0.9999965072149978,0.0026179059920134295,0.0019259918271883653
phi_icar[282],-0.003975277073718847,0.383458454521177,-0.6205074646273716,0.6044121607590992,20884.833372573168,21434.71323875558,1.000254838146096,0.0026537216479321146,0.0019738565413228095
phi_icar[283],-0.008583671695800025,0.49970497338681297,-0.8112441722772786,0.7865077623296636,25018.975933148755,23770.508850900147,0.9999893630881702,0.003158978962318691,0.0026270016693433797
phi_icar[284],0.005340341306693268,0.40610642417517817,-0.6451007889143,0.6578135800912043,22301.212214580246,22623.55818168975,1.0001698907574006,0.002718866255199084,0.0021574010014453956
phi_icar[285],0.008520332080797123,0.5007313089856626,-0.7861840043546015,0.8118733336266583,26591.96171046875,23613.839690380762,1.0000669414819223,0.00307114615983657,0.0027114273368051083
phi_icar[286],-0.01129586156060381,0.5387524699544701,-0.8687374494576855,0.8529906253883236,27775.767371838974,24432.644065395518,1.0001468394465038,0.003232811541751648,0.0028474584573830205
phi_icar[287],-0.009178539772277448,0.5049682147764958,-0.8200162829760388,0.7943659600424667,25331.992329868914,24174.039635009274,1.000184677640372,0.0031731864345474915,0.002597376563659946
phi_icar[288],0.00025915356037523236,0.4341953858065536,-0.6867303153087815,0.6995890264300104,22723.1053356275,21819.32894188751,1.0000964723683399,0.0028797893996457694,0.002305824148592239
phi_icar[289],0.00486309227169639,0.4956282280712048,-0.7874049719931439,0.801106413760791,27253.30758222985,24413.558698642108,1.000242369208058,0.0030029275259052597,0.002644260348003016
phi_icar[290],-0.004736627736257574,0.46028014660493954,-0.7393063457079494,0.7299812923531052,24009.908781615723,21941.287274423375,1.0002148901422756,0.00297115335774463,0.0024848050941653605
phi_icar[291],0.0019658211184869403,0.4015530127742603,-0.6458684966006824,0.6435188482708186,21765.26473388317,22696.075680793292,1.00010443906748,0.0027199774049570594,0.0021379135907270016
phi_icar[292],-0.008530754520282142,0.40412118575888717,-0.6537359959966,0.6321716994566583,22039.54973999185,21405.651118021848,1.0000580612960546,0.0027230339790324447,0.0021677363971657967
phi_icar[293],-0.005758575875090577,0.4611522255432914,-0.7399031969385859,0.7318906415885884,23911.938503122856,22872.778724212596,1.0000321056132817,0.002982725030271931,0.002364455577517999
phi_icar[294],-0.0034440488172016405,0.4941642568208459,-0.7978606430451327,0.7843305610489717,26843.833051564456,23842.86963818627,1.000117150959922,0.003016295001037721,0.0026957351953298277
phi_icar[295],-0.0033137376220549945,0.49977772982276153,-0.8059917965581492,0.7911775241155276,23858.71800550129,23513.807783587854,1.0000366350739929,0.003236290509511573,0.002633219024869452
phi_icar[296],0.0004691835788764409,0.40202221856213083,-0.6471535314447576,0.6432104398447267,23411.387917765398,23023.930814197054,1.0001661956767682,0.0026279848769981506,0.0021437365703616527
phi_icar[297],0.0021585140481538037,0.4675401725188266,-0.7441062828020614,0.7497750943497077,21351.995192433704,22513.063467743792,1.000433667582248,0.003198741064649321,0.0024990171584162767
phi_icar[298],-0.0025733350460525935,0.43448936656126513,-0.6936472187521461,0.6898619607403149,23143.942366592357,23016.91648093192,1.0000812750526102,0.002857097007825552,0.0022439316815163197
phi_icar[299],-0.006361937109293143,0.4547911451068892,-0.7325895716695995,0.7203751719524656,24080.179376464144,23648.28934468642,1.0003958551777425,0.0029318266810342605,0.0023518958059427263
phi_icar[300],-0.004547358267095038,0.4595246707501753,-0.7405951623018466,0.7262482807036102,23986.19736245633,23509.626980016834,1.0002147972269286,0.002967087240699938,0.0024057416953658798
phi_icar[301],-0.0052301814814603425,0.46800155072882593,-0.756628460624808,0.7396466952516434,22836.642522605543,21696.107392068974,1.0003045190218278,0.003096040225268696,0.002606651750958004
phi_icar[302],-0.006516357174427341,0.39785736104717423,-0.6419732524593447,0.6257254337592895,22828.54945397089,23024.375350350572,1.0003455353464357,0.002633692732866529,0.0020979263528406213
phi_icar[303],-0.007740900803777189,0.40273959182172875,-0.658410274854983,0.6289092489139845,23557.014941559017,21872.807694058007,1.0001834049414207,0.0026237996742328015,0.002182447359641692
phi_icar[304],-0.006182407502991076,0.5505392590508023,-0.8884359657754552,0.8674984567783082,26295.692775530784,23110.048814308077,1.0000915728788338,0.0033935856425049335,0.0029866940062656055
phi_icar[305],-0.0031246156534805204,0.5095721019168656,-0.8202635903505133,0.8055054540022484,21812.667938885385,22523.48878536019,1.0004739347429001,0.003449787701926686,0.002629701399187186
phi_icar[306],-0.000882309136392282,0.4687934367564031,-0.7504755355614674,0.7427928330674903,21086.267418064974,22515.219602840338,1.0005556733505323,0.0032295029619243956,0.00242454962493431
phi_icar[307],0.0035364698246139995,0.5050952512032765,-0.8148472590393181,0.802030075073345,25696.938285385822,23776.270752233562,1.000338148445808,0.003150999396037321,0.002633072598846503
phi_icar[308],-0.0027242023260314694,0.3788792196177515,-0.6067138487834792,0.6064544125574864,22646.837526532163,22766.762141892897,1.0001351722691016,0.0025175713926358354,0.0019527685987073785
phi_icar[309],-0.0033875314768673937,0.3929488042172364,-0.6338266650142726,0.6279063558187147,23584.070868633138,22861.80719090502,1.0000518504854847,0.0025588097761367985,0.0020776310594366404
phi_icar[310],-0.0018187077907354306,0.40188062281314174,-0.6495146610697464,0.6399646280419198,21998.13712496904,22774.625068438465,1.0002624350112572,0.0027070622268118736,0.0021789727816566243
phi_icar[311],-0.004770025225616507,0.45850024168954046,-0.7344482527162315,0.7287318117323437,23307.27319462102,22046.7218613456,1.0005944615759612,0.003003293913234735,0.0023936832324468506
phi_icar[312],-0.003109807082573283,0.41743905692030586,-0.6712345822734324,0.6635105891638381,20286.12702569472,22207.880765647973,1.0001541367010864,0.0029307551906431425,0.002228508085476848
phi_icar[313],-0.004963313336696892,0.4161017643181568,-0.6671541250265828,0.660717971513904,24315.94488785615,23446.999623384327,1.0001731861316607,0.0026685119975293123,0.002186734104391491
phi_icar[314],-0.0040623587118229255,0.43434090279515564,-0.6952598909929156,0.6952196170769791,24744.429259806227,23258.882423776737,1.000264194479635,0.002761905525058597,0.002303877064903179
phi_icar[315],-0.003942060409013807,0.5441074858725391,-0.8624372762731428,0.8702262185067655,29123.420874481693,24257.019560415265,1.0000709613445797,0.003189274167384598,0.0030230348618711577
phi_icar[316],-0.0009282484065756039,0.6257051866063139,-0.9992904276698281,0.9973691660603361,28097.75060120149,23217.88201109315,1.0001791648072977,0.0037323002243787643,0.0033704642791178804
phi_icar[317],-0.007014240742549151,0.4346431051967233,-0.7054412544191446,0.6871997869697715,21751.414271106656,22615.523321565706,1.0001044989665642,0.002946277579325141,0.002260998107337794
phi_icar[318],-0.005371272726862762,0.4262959773681537,-0.6844768055308064,0.6770425806851418,22736.18796034903,23521.1302318836,1.0002134144587604,0.0028272695994563542,0.0021701819791620667
phi_icar[319],0.004136108703021189,0.4134577379526932,-0.6587791671825105,0.6580850022965469,18898.11785530255,21551.588516540967,1.000246910385053,0.0030074455576294483,0.0020934102785457828
phi_icar[320],-0.0029028080308651297,0.45892991558919444,-0.7303268201201734,0.7405318532841,23168.910759612736,22302.59838446269,1.0000293494491486,0.0030148437976640105,0.0025149373843268404
phi_icar[321],-0.0066622413841991995,0.40001589597889947,-0.6401295565778026,0.6345430639209646,24210.734469814524,23096.324429294396,1.000152922805363,0.002570648194177884,0.0021682400119989345
phi_icar[322],0.004055541808197082,0.4320298192508668,-0.6901311524577811,0.6955356869473953,21348.457104996105,21827.575154802493,1.0003001477392015,0.0029569227168412316,0.0022591732252718482
phi_icar[323],-0.009271106557671483,0.4595609478135413,-0.7415831738945112,0.7265892083384542,24375.731846793304,22497.084232626552,1.0001834219353123,0.002943163374609515,0.002442730105321204
phi_icar[324],-0.003803071947434347,0.379731570222346,-0.613814794489579,0.6047406652027877,22047.663528206365,22465.051206979202,1.000029823555864,0.002557400686691154,0.001992805908770062
phi_icar[325],0.004239005662114489,0.44063826817148954,-0.7014934939284062,0.7044122076809112,22235.55443299275,21881.828147482094,1.000170809310055,0.002955057972287769,0.002352136136620038
phi_icar[326],0.005504700309412041,0.40447423086018214,-0.6417947302227699,0.6550007225367735,21538.222151917143,21575.279169693502,1.0000851966061786,0.0027560548528356016,0.002150979337872998
phi_icar[327],0.005401325678374871,0.556373857021029,-0.8893263608604685,0.8982411419254321,26566.343141278703,24824.293247112597,1.0001802320845588,0.0034130524320630695,0.002862272901663834
phi_icar[328],0.0029295749932537023,0.40829185020289666,-0.6450235545445924,0.6559506981095359,21127.939585998978,22233.164910685377,1.0001725682820706,0.0028085703907722286,0.002163914398001194
phi_icar[329],-0.0068685221368931315,0.38817351938155065,-0.6276653242361914,0.6115901464014554,21545.921844464843,22710.069720101288,0.9999667128781474,0.0026442912102499377,0.0020277849786639406
phi_icar[330],-0.005922633464244102,0.4292161648487678,-0.690153218480063,0.6857399315792005,20305.452399176516,22661.12560436995,1.0000285001541018,0.003011568330927771,0.00229231851384889
phi_icar[331],0.012875773606756786,0.5545046419861235,-0.8836122351314595,0.9010821537216488,25275.442225099887,22987.218879362925,1.000072934856,0.0034879059065427162,0.002942183581851461
phi_icar[332],0.0035014214528483285,0.4266994802877048,-0.6787667350261852,0.6869583667813686,24493.71166928243,22424.926183309955,1.000220251114525,0.0027266670830971467,0.002218643940046601
phi_icar[333],0.0006672013736381764,0.4294546035819694,-0.6780507403283208,0.6871860162153325,23210.793284706888,22384.12712368905,1.0000628706943238,0.002819382233468894,0.00234154758749176
phi_icar[334],0.004269566034247741,0.38624707305824596,-0.6168028305807909,0.6186449890619524,20438.714559801523,21510.33600653248,1.0001951052168805,0.0027014243901938933,0.0020168232507614047
phi_icar[335],-0.0029699026801586936,0.40683442738645137,-0.6485246399690037,0.6503605826970678,19736.640475345954,20999.16075339354,1.0001232953906392,0.0028960247376840277,0.0021533642975034703
phi_icar[336],0.0047546419778636785,0.4341881504629073,-0.6883229039953539,0.693837199167853,20604.9645050614,22452.342603051304,1.0001915871920903,0.0030261565601041327,0.002273801593026524
phi_icar[337],-0.005088562993053162,0.45013962306583166,-0.724945113203757,0.7167963284125725,24983.394221868024,23760.38577044072,0.9999467421426804,0.0028475007087727273,0.0023446559315596725
phi_icar[338],0.0029330727754475782,0.4683869829675171,-0.7461555357389419,0.7487340671343982,24000.613272743667,22768.960324515003,1.0001473067936384,0.0030241072808683666,0.0025016131780502622
phi_icar[339],0.006590129890315733,0.47159060696665056,-0.7509704315233063,0.7579396391234525,21794.18932406185,23096.469587077416,1.000319926727063,0.0031959280619188713,0.0024644120341166175
phi_icar[340],0.005588494628245892,0.45756124991455116,-0.7242459943034322,0.7376926918042367,24390.363692890314,23542.17197485783,1.0001992020300328,0.0029295025462285954,0.002417943807539704
phi_icar[341],0.0033597798521259018,0.4216083073799632,-0.6719164718284999,0.6729389742486646,25369.77606619039,23517.807026876893,1.0001293915427234,0.0026474467269464483,0.0022449583485657006
phi_icar[342],-0.003944688118787064,0.4564842429733259,-0.724489381718615,0.7233816929080036,22864.969940801533,22119.58794391145,1.000068432474154,0.003020699495158466,0.0024640629464508005
phi_icar[343],0.0009040595358791715,0.439319189618229,-0.7069575382223281,0.698391541546762,22153.97334747606,22373.33582983878,1.0001446894842334,0.0029518846386422212,0.0022310200606360355
phi_icar[344],0.005931903011063044,0.42685774019644135,-0.6731480254110567,0.6882352686731781,23573.553446472426,22523.98574665701,1.000032115999351,0.002780648413873723,0.002268555568529553
phi_icar[345],-0.004623892786592546,0.46941921991656677,-0.7505480925202388,0.7463387548862329,21556.15400987586,21969.152255079603,0.9999598870147609,0.0031970684736455568,0.0024643848253739563
phi_icar[346],0.006390265488530976,0.3961411178389736,-0.6311899736765726,0.6384023058466126,27719.946838702712,22767.22624920732,1.0002624585885886,0.0023790030959641465,0.0021592959887984584
phi_icar[347],0.002589549353308094,0.3698648022770293,-0.5899167451336794,0.5929869758553878,21248.446923038122,21695.843519533093,1.0000599211550982,0.002537918389787211,0.002001994042020629
phi_icar[348],0.008282958066770001,0.3530111712815304,-0.5558703708696087,0.5690090276149756,20531.281852669665,21782.500098489516,1.0000705332677007,0.0024640509849531696,0.0018689314437326933
phi_icar[349],0.00468015947240748,0.38601106723103085,-0.6068173414521705,0.6184499161871939,21369.319487049295,22661.023408578094,1.000067382778833,0.0026407865208781115,0.0020572711571762055
phi_icar[350],0.010112207910598027,0.39697801101583513,-0.6279595793268203,0.6450195766655394,25094.184879077384,23766.328729049423,1.0000130666312648,0.0025063251660204663,0.0020485048490642296
phi_icar[351],-0.0007012589043900406,0.4943473065267752,-0.7923618463029113,0.793772853202375,28307.510343906382,24024.351078280764,1.0000002922917797,0.0029392593910143143,0.0025934041053689745
phi_icar[352],-0.0022085093822995718,0.4261370523964648,-0.6788272627545816,0.6763635391487217,25397.79946201003,24046.382541932275,0.9999760126210459,0.00267492851789325,0.002301290514913362
phi_icar[353],-0.0009483268088786254,0.4055473389352353,-0.6559986442270043,0.6499921369918723,24791.04699519557,22666.488440563273,1.0000243014818753,0.002576970588906603,0.0021845376469133257
phi_icar[354],0.0024855736119301533,0.5520122762817722,-0.8730100688537451,0.8815980081690141,27037.785805211017,23799.507161865764,1.0000329621557182,0.0033567815086383394,0.0029005921985934798
phi_icar[355],0.0012026483968796287,0.5495231296200426,-0.8706610934570959,0.8794728902814376,26916.092392510778,24311.84449712061,1.0000268210197865,0.003349676578224783,0.00287970279481166
phi_icar[356],-0.0020757813492219405,0.4005076139963983,-0.641405802612719,0.6382024696450375,24433.198204418986,23624.279804763864,1.0000212027699222,0.002562364259606119,0.0021096410873201123
phi_icar[357],0.004057192225631305,0.4509434264473615,-0.7165019709953497,0.7258045522121681,26662.998620211863,23849.33508730251,1.0000434323394929,0.0027623318723463703,0.002375690478520115
phi_icar[358],-0.00018125963752618502,0.49421219327912613,-0.7931074580627915,0.7904146206744131,27490.73037637888,24176.931184719073,1.0000492519502873,0.002980891498586248,0.002642209860685333
phi_icar[359],0.007304999231523726,0.3628190237222491,-0.5748912423683574,0.5884411437859682,22928.282012959982,22797.624798918598,0.9999644669087993,0.0023965337248941314,0.0019453047293693608
phi_icar[360],0.009438496989429421,0.4518432559815154,-0.7151490644541298,0.7279349703840939,27328.498332626725,23802.918786256683,1.000177390334265,0.0027335354768490672,0.002403587325094032
phi_icar[361],0.0104722286733332,0.42726663244555374,-0.673962752346304,0.6962003787543048,21884.970505474957,22642.040091042665,1.0000814674469853,0.002888170619969567,0.002179549818941382
phi_icar[362],0.005267876431998848,0.453987226408141,-0.7199382824874154,0.7328989171664981,26930.654039447014,23031.04206610104,1.000319481699441,0.002766443114893959,0.002472111209345941
phi_icar[363],0.007250782788403587,0.4928452106043894,-0.7746765798343074,0.7924134573943066,26901.780605923355,24077.57773776641,1.0001631805027207,0.0030044420111406526,0.002663072664386329
phi_icar[364],0.0067001824467441615,0.5435927161380127,-0.8600164017853807,0.8748710343612257,28157.561773934704,23927.208724284243,1.0001741277296552,0.0032391441925550372,0.0028977746268798858
phi_icar[365],0.0020186989185471144,0.3822792911352853,-0.6106644918574876,0.6163862035350343,22008.705677722868,22375.58062613615,1.0003545033577914,0.00257696260074724,0.001989398771514702
phi_icar[366],0.013262960077714093,0.4016749985079226,-0.6262505177572313,0.6540724964655255,24641.326779033006,24013.882224265744,1.0000714102015185,0.0025586526066626635,0.0021041879705346283
phi_icar[367],-0.0007078766699820419,0.4317427050808264,-0.692344618762626,0.6961620831348212,23626.71436707434,23621.68707060555,1.000130350472073,0.002809134959651422,0.002239121536898104
phi_icar[368],0.005570843944632243,0.4914206970519883,-0.7775687235147491,0.7910455460718377,26689.304634951164,22742.3468241773,1.0001799758183918,0.003007878977811661,0.0025789244661530352
phi_icar[369],-0.0014005883818015757,0.4243977167770996,-0.6768033340903845,0.6771277987137782,23976.004903076075,23033.305047110505,1.0001029397860706,0.0027410479438462493,0.0021577687588533916
phi_icar[370],-0.0011272818366491982,0.4556357243447445,-0.7273532734446151,0.7259656203596672,25364.575480417017,23757.46758958197,1.0001223134234463,0.0028605818965873934,0.0023861083997006437
phi_icar[371],0.0006794159473647736,0.41808003491825546,-0.6733720075473806,0.6702002347608419,25812.499203699994,23970.846276163324,0.9999395714530119,0.002601943526292888,0.002159524902877697
phi_icar[372],0.0030276213763720285,0.45843082185216893,-0.7248044049360666,0.7400579897984486,23394.48335047199,22108.384817144757,1.0000163340718893,0.0029985303347071983,0.002389150623040137
phi_icar[373],-0.0036094172290411252,0.453520924663192,-0.7276019387296585,0.7197425696843195,23928.48085748926,23640.071310217278,1.000008174373633,0.002931354373202634,0.0022976405980224606
phi_icar[374],0.0030305519939108835,0.4150906063716724,-0.6602921706803055,0.665166501470623,19720.266737545422,22426.805526954977,1.000015529958524,0.0029576494232697362,0.0021548838741611465
phi_icar[375],0.00316355658081714,0.5059199219846763,-0.8042765808722845,0.8143540693233583,22735.042132125913,23030.712845973954,1.0002021319498469,0.0033546989426363207,0.0026045453159942097
phi_icar[376],-0.0008690661412720253,0.4264775844692079,-0.6790950286155217,0.6780559823091883,23143.911900157465,22931.142201942734,1.00011838452759,0.0028031464664139715,0.002291110549973516
phi_icar[377],0.0024500330293912524,0.42671462920467434,-0.6734878682964499,0.6850643408441892,23967.44006171268,22533.667512442174,1.0001497798739036,0.002756053540214487,0.002229733555251036
phi_icar[378],-0.0024651896215434725,0.4598311972035633,-0.7287220524405149,0.7329103034971616,24763.552542901904,23778.62593871498,1.0002344780562236,0.0029234074195095593,0.002530757303569168
phi_icar[379],0.004249680383284037,0.40150218371403557,-0.6385298952607084,0.6461934514327595,25617.122583214612,23184.296907799355,1.0001583672393874,0.0025090209117509367,0.0022248087786048455
phi_icar[380],0.0023111501866600937,0.5037034992152745,-0.8010773864519068,0.8058044100607599,22195.375176339672,23459.964379268473,1.0001946776859139,0.003380970303653603,0.0027001256905117045
phi_icar[381],0.0010172544133137977,0.4002137795707345,-0.6397414873659246,0.6367746384285148,22622.35363123167,22688.015958880344,1.000170030684454,0.0026609945832492044,0.0021211008273109267
phi_icar[382],0.0014631203305296835,0.42734640255249323,-0.6819707643332272,0.6849065202275798,24412.318039153404,23905.313571914117,1.0001617967260654,0.002734988881912234,0.002227445974752918
phi_icar[383],0.0022884855364568467,0.468910086361796,-0.7511062956836505,0.74712586971726,22585.79411925858,22312.920863486386,1.000051693559538,0.003121641747201206,0.002480147852675031
phi_icar[384],-0.003954943500920846,0.4968179613817023,-0.7921693579725354,0.7895801529771634,26719.793543001193,24201.26427778472,1.000087568438594,0.003039247867280135,0.0026535132036623614
phi_icar[385],0.0022971664712299264,0.4216031608432678,-0.6721119882057336,0.678709658063962,22244.294086661233,21891.661062397172,1.0001261814565336,0.0028270580156545093,0.0021900300222178846
phi_icar[386],0.005303670551030359,0.5022092748820115,-0.7950692215580171,0.8067068420937703,23976.718369921626,23540.26266050289,1.000190514162517,0.003242767937080919,0.0027030685718908423
phi_icar[387],0.0025465388765694413,0.4287723546234456,-0.6796073205718443,0.6901096105449988,24591.46237419899,22359.443726773923,1.000171510346205,0.0027341841977361675,0.002357776701041304
phi_icar[388],0.003751389158755762,0.3991726036537087,-0.6301342644952764,0.6401438538021313,24647.603871206098,23631.245219621098,0.9999792996051414,0.002542571578936019,0.002099470766158021
phi_icar[389],0.004686211794408397,0.45021269733870595,-0.7125760256440941,0.727227575299554,19190.3525131572,21525.32280479249,1.000276361938281,0.00325010655612914,0.002324654125454124
phi_icar[390],0.0022902706710410674,0.4563516627856919,-0.7276099013086115,0.7273396734339715,25801.979376869975,24052.178888265564,1.000263146052715,0.002840488696739873,0.0024687059146696866
phi_icar[391],0.001204247022679331,0.49368196398097924,-0.7891559571455158,0.7858715771653026,24363.510919377288,22218.26128999735,0.9999901253682457,0.003162307528564215,0.002550630009938342
phi_icar[392],0.0013746876009261934,0.3980346238489548,-0.6332860701608415,0.6345117972371657,24389.001313130793,22348.639563549557,1.0000496186540666,0.002549318106946425,0.002138183462390841
phi_icar[393],0.003421367959904491,0.34479249220888797,-0.5501279188025061,0.5499464683859872,18223.13253703727,20909.794732433384,1.0001935598284555,0.002554112821297055,0.0018147667698316062
phi_icar[394],-0.0029327020147811586,0.46022010640516475,-0.7408197795731422,0.7275261370649527,23819.94503185753,22635.639064287418,1.000090980560069,0.0029820004681197377,0.0024730839593673296
phi_icar[395],0.002843211326544622,0.49099509528553903,-0.7870836989783654,0.7806822217470777,25040.44829032103,22263.049680540913,1.000005628303717,0.003103775207866651,0.0025066837323976026
phi_icar[396],0.00425419207690512,0.3807671017511282,-0.602081640266246,0.6121333950796055,22424.471691716793,23028.69832888958,0.9999320254622718,0.0025424337104192393,0.0019695156753400675
phi_icar[397],-0.0027103817944544193,0.40665664161745096,-0.6513904066717493,0.6439927769384098,20668.70812506003,22425.372459335802,1.000029014694316,0.0028283191575955487,0.002098410652430271
phi_icar[398],-9.017372899233689e-05,0.42079651849157923,-0.674309835965324,0.6705853077242755,23587.11003082748,23639.29225504491,1.0000794637537356,0.002739807401862364,0.0021648672668349517
phi_icar[399],0.007831414150536183,0.4437119333233446,-0.7113959747786647,0.7158080679948732,20208.456334256898,21662.571468378486,0.9999990233886734,0.0031246877024446863,0.002368910405589273
phi_icar[400],0.0036193093043662386,0.4635749177870437,-0.7414582577684139,0.7454638519271478,22092.89399343465,22998.83762682387,1.0000070927030196,0.0031180107998811687,0.0023549791171970525
phi_icar[401],0.0025804907705311796,0.4519046681204465,-0.7169658892186898,0.7256254017628181,26677.637386761144,23434.980392477064,1.0000171029749576,0.002767040602014829,0.0024130990965414542
phi_icar[402],0.0041563406472948945,0.40341017664705964,-0.6401053878817747,0.650532279826929,23064.131484596826,22295.65115682496,1.0002534237005405,0.0026565201927360865,0.0020695092456563527
phi_icar[403],-0.0005529916099736925,0.3984834794708352,-0.6356903217133916,0.6384079213399885,23547.805985674346,22999.63868608706,1.0000589586504416,0.002596947514817834,0.00212595387970239
phi_icar[404],0.0007811871006822035,0.4492740246883238,-0.7150194453319271,0.7255178046592698,29589.684676073513,24402.814485740506,1.0002022438411682,0.002611395594000182,0.0024620551178174345
phi_icar[405],-0.003370489677576324,0.45218190703025085,-0.724593240434751,0.7107624072266884,27276.140404209877,23456.69093932464,1.0000492977392346,0.002738166904491387,0.0023656658517828937
phi_icar[406],0.005226352084277572,0.5456826339313406,-0.87018245260409,0.8726218156184866,25310.57172793863,22657.74871070017,1.0000838756810768,0.003430100666108997,0.002935172855493163
phi_icar[407],-0.0008466306395437476,0.44917651271418274,-0.7222370845416497,0.7166865743089731,26290.025403347467,23304.349627448002,1.000028487561066,0.0027698037318917242,0.0024020428933354686
phi_icar[408],-0.0034421618278272304,0.40296691937232887,-0.6525564375796834,0.6381153403474569,22873.650349168518,22706.89878350556,1.00007288729706,0.002664048998042116,0.002135804290357641
phi_icar[409],0.0038109940832822754,0.3829390423511383,-0.6067906655280749,0.614128077126004,23670.780412204575,23157.83245596151,1.000192021034484,0.002489115096907918,0.0020431238065392585
phi_icar[410],0.001359529846258299,0.37715920044339485,-0.5987660084042408,0.6057390706739734,18744.915299962646,19148.18346347856,1.0001970584007465,0.002753808592472444,0.0019363625615275997
phi_icar[411],0.0016444912991199266,0.42485007083103604,-0.6749359738010252,0.6835202705148229,24367.436797475544,23026.33365299499,1.0000688004945446,0.002722464201149123,0.0023292674505537253
phi_icar[412],-0.0005111706746381404,0.40661069192034094,-0.6479165286193196,0.6491220657876638,21438.166057257855,22885.221895014656,1.0000089801636236,0.0027746820305738656,0.0021621210535123806
phi_icar[413],0.002582321662693917,0.4287822859744373,-0.675177659770134,0.694569778735518,23325.232183039956,23430.939951047716,1.0002599190653538,0.0028055391362741115,0.0022179738938011783
phi_icar[414],-0.00040340936544503103,0.4191400663019622,-0.6696876106324892,0.6686965596749697,18743.143340092436,21373.64314230153,1.000195669919363,0.0030614300993401073,0.0022504390894477395
phi_icar[415],0.0028076312735338285,0.45718214737698193,-0.7285057622438104,0.7325575397762496,23102.953866281412,23013.30307549539,1.0000827025368255,0.0030076820809344326,0.0024142024169789187
phi_icar[416],-0.0006119299186300449,0.46083303971173684,-0.7376690695276479,0.7370969181600162,23832.96977643558,24167.08055582134,1.0000726202101204,0.002985403954637594,0.002396630546718215
phi_icar[417],-0.0004088851614453255,0.42810405611091673,-0.6828611353340632,0.6886340645577436,21608.88758486823,22183.378521073086,1.0000496571595325,0.0029130446027234233,0.0022166793379315027
phi_icar[418],7.247577632082102e-05,0.4252522804297482,-0.6806268776472872,0.6802512824006967,21751.79054957008,21651.99419644653,1.0000383541759947,0.0028839725147855504,0.002165004604408384
phi_icar[419],0.004358224814819572,0.38579004271432216,-0.6150112260421668,0.6252966616745272,20477.805219390164,22461.20507514089,1.0001161437631898,0.0026962541189454966,0.0020315376667661305
phi_icar[420],0.0043281132633257195,0.4935107023979486,-0.7871653086968273,0.7994734820258668,27511.876300284293,24515.814817808256,1.0001467257906178,0.002974701018729869,0.002619412550990573
phi_icar[421],0.005485351130807096,0.42518606868179337,-0.6708904543094883,0.6817451229173663,23063.077062508895,23045.97539014495,1.0002550232602603,0.0027997270442483625,0.0022924117610334453
phi_icar[422],-0.0026070230548308386,0.5584111950531608,-0.8969499088304462,0.889041635147646,23506.258487941286,23362.429511920036,1.0000760729604679,0.003642089476325758,0.002871072595428388
phi_icar[423],-0.005833543482030108,0.42120794812269574,-0.6843465742212917,0.6621547750451757,19806.577706101372,21567.840647126854,1.0000757957588515,0.0029922500052014297,0.002224862553747577
phi_icar[424],0.0013829830272160128,0.42885893420477855,-0.6860948163581528,0.6850228509120603,23177.968867286618,21497.68135061006,0.999990555901619,0.00281649461194364,0.002270765070382194
phi_icar[425],0.0023150268456977995,0.40521285930350515,-0.6503861641747969,0.6497478560257015,22775.522117592194,22168.125523002946,1.000271365052917,0.002685254588500513,0.002180080401605148
phi_icar[426],0.004255088281372272,0.4553816881652963,-0.7245952405679663,0.7358584698019118,25723.165713486374,22082.04440920902,1.0004163862441748,0.0028399136810724765,0.002413216165394307
phi_icar[427],-0.002288739903816554,0.38605011969153225,-0.615856181256376,0.6157633818226884,19338.078963763874,20342.32326773458,1.0000838199056616,0.00277677834082157,0.0020154672333794993
phi_icar[428],0.001759432639954564,0.4650986206853075,-0.7427319436110024,0.7470377142357826,22659.196333363518,21551.664562743936,1.000114160168407,0.003090087954631912,0.002382192747736457
phi_icar[429],0.0024226876514301817,0.4280290067901062,-0.685708653241859,0.6906778421552009,23446.216375990625,22977.18833980948,1.000172716329615,0.0027957296061230374,0.002283030873493344
phi_icar[430],-0.003529559625375309,0.44282400425959706,-0.712963462133206,0.6985125863546737,20556.898223784683,21447.79471240725,1.0003286399039006,0.003088832023248244,0.0023438542498101394
phi_icar[431],0.002327153857443304,0.4232422959089005,-0.6719425487290137,0.68281663870857,24830.79823561225,23572.4301849696,1.0002721396132328,0.0026869201376488175,0.0022340987004437207
phi_icar[432],0.0004876974517724471,0.3859432885875633,-0.617637698715167,0.6131076182365243,22562.342997010455,23533.88927776643,1.0001111970923675,0.0025698838779289026,0.0019716859382630176
phi_icar[433],0.006079178403773498,0.5538572091485515,-0.874662349783035,0.8904612591199372,24624.615475679166,23252.92665749317,1.0000560058274592,0.003530370349435186,0.0029133109172626865
phi_icar[434],0.0005808271228121585,0.45926621087382197,-0.7319657943317127,0.7355076703709662,22523.422282493568,22593.914786305257,1.0000492710005782,0.0030607023549266018,0.0024140092403295526
phi_icar[435],-0.0012335461065323254,0.4885213978086684,-0.7812952008368175,0.7724432176749787,26478.354009043658,23175.09824617491,1.000219378469777,0.0030010346675731388,0.002660411839412476
phi_icar[436],0.00022649306533505508,0.48223307231666424,-0.7638337578851236,0.7757284317087907,19566.03835542038,21112.743879636346,1.000223497594511,0.0034477840786230514,0.002456586478602806
phi_icar[437],0.0027502637632012107,0.4269528877833605,-0.6877774302458194,0.6825820183905024,24402.795911901732,23425.832277090434,1.0002758426632246,0.0027335095127694093,0.002291531363739428
phi_icar[438],-0.0022192200799518442,0.43392481058880156,-0.6912858555865278,0.6919694442794088,21737.393615215486,22762.842182245662,1.0000762831043402,0.002943083634775421,0.0022849811586211914
phi_icar[439],-0.003809429978366328,0.5005228242566407,-0.8110462271937403,0.7911589444180527,23892.690508691634,23088.892844203558,1.0001758024423029,0.003239619566960448,0.0026483491641863476
phi_icar[440],0.005777060976218132,0.48068696442398406,-0.762076428091334,0.7760055812171445,26266.22103476764,24298.580615775267,1.0001670807469916,0.002965211640054161,0.0025352060860204854
phi_icar[441],0.002140541540825987,0.39971133480435495,-0.6353643552294553,0.6418745153063694,22585.84527247269,21890.22961751426,1.0003583176318909,0.002659718080541889,0.002132710763320985
phi_icar[442],0.0005915567511761814,0.45901136391118924,-0.7288332914513853,0.727767742658731,22371.89348246294,22372.559133161936,1.0000005839610113,0.0030704961008714018,0.0024806187588385237
phi_icar[443],0.0036102877720656343,0.4540104006910013,-0.7227840461349012,0.7296236960144786,26732.459751489932,24260.89259806871,1.0001075353902054,0.002776829728621079,0.002478751542118282
phi_icar[444],0.00294988772561119,0.40697637352947647,-0.6459725089861268,0.6530913932454361,21085.78857113072,21795.487199646734,0.9999973973330941,0.0028037340991025586,0.0021728892944864546
phi_icar[445],-0.004520984695596009,0.44920089022522774,-0.7225024579066666,0.7132525588045762,18005.61838493719,19902.749411443958,0.9999493409223619,0.0033476855801983286,0.002311636772911172
phi_icar[446],-0.0039401115556351495,0.5122518766098868,-0.8261017541669646,0.8126155259660215,22788.10317876956,22034.07548802724,1.0001505077538337,0.003393337239241078,0.0026512628579651552
phi_icar[447],-0.005159410972996272,0.5125010212410959,-0.8322146204073041,0.8018444428774542,21357.556321075015,21184.044661902186,1.0002150069464626,0.003507644054543184,0.002790386471196751
phi_icar[448],0.0023969618691839544,0.3944390221680791,-0.6222215694218425,0.636640121209444,17905.02537171917,20279.400839848287,1.0000931350248798,0.002948349175045561,0.002098752883779626
phi_icar[449],-0.0025297873400319357,0.4634542126047717,-0.7395899284744746,0.745193504061857,20744.521325810107,22392.78279348577,0.9999396233182606,0.003217091369747242,0.0023785092027681495
phi_icar[450],-0.001415430757600428,0.4316052136207968,-0.6933656320684736,0.6895439420942158,20553.048711812688,21661.555068071193,1.000287309738876,0.0030118448475670236,0.0022959409157680775
phi_icar[451],0.003576097538992158,0.455492026208953,-0.7241388500485909,0.7289619027571076,24020.74554347392,23082.15996134913,1.0000910650469677,0.002938937685724017,0.0023762725208151246
phi_icar[452],-0.006288628691657654,0.44601498334772477,-0.7165647318213976,0.6981440325673384,19644.647890064713,21711.26346766423,0.9999522654522779,0.0031816507523335026,0.0023018099289311583
phi_icar[453],0.0026826111947923733,0.4690232590305382,-0.7384170582440686,0.7509394869049705,19579.563571597442,22021.97599094959,1.0001718915390425,0.003352318764865635,0.0023728120260292714
phi_icar[454],0.005057884636071632,0.5035696236802856,-0.797440214199122,0.8057611677711741,22920.47474496861,22300.824326452563,1.0000798410687108,0.0033257803120500546,0.002684811698856663
phi_icar[455],-0.0005900078610755433,0.3968186129815459,-0.6374007391672558,0.6271214378823435,22801.137888317884,23086.966597770097,1.0000857761359108,0.002628061271085445,0.002124355909540173
phi_icar[456],0.002317908898931175,0.42626795803413625,-0.6770477723829014,0.6798230314857251,23174.873003566518,23271.398786763995,1.000223208022921,0.002800663718489278,0.002276921953531729
phi_icar[457],-0.003428017552604538,0.5058302622258075,-0.8225242392188694,0.8022776696123711,21418.3168846174,22101.950489151393,1.0001803013571153,0.0034566656126608425,0.002678785056341275
phi_icar[458],-0.0023197946070057586,0.4385196000809567,-0.7019617393706997,0.6973445223688931,19551.387783393377,22090.518016798174,1.000120450918303,0.0031370434168746025,0.002287829998195266
phi_icar[459],0.001192223768704193,0.4649986043832568,-0.746316672201002,0.7480423109271864,20851.362957693138,23653.248358209083,0.9999479424310821,0.0032199725539339813,0.002416217137447814
phi_icar[460],0.003894393188609874,0.4328816675024431,-0.6855177111953046,0.6964711390560755,22700.377941562234,23027.465333989025,1.0001051726225827,0.0028721234982688614,0.0022809331436054914
phi_icar[461],0.0013862571325134953,0.439067433322399,-0.6959150970345143,0.69923774868743,19658.20006108773,21594.938597524597,1.0002058868149135,0.003130411074035978,0.0023052928385279984
phi_icar[462],0.0032748149098954433,0.43699446514495477,-0.6991380896494724,0.6991022392458507,20644.393074473268,21639.177752173073,1.0001792576771984,0.003041740011764819,0.0022937955377551862
phi_icar[463],0.0008888605643437488,0.49675953282623375,-0.7940077727784961,0.7897963736460512,26091.66888958351,22446.595848605306,1.0000870577192507,0.003076505695041011,0.002651190501842867
phi_icar[464],0.004554144991961113,0.3935236994494255,-0.6193778762169134,0.63087443845458,20462.753569455446,21882.160121115274,1.0001173999045847,0.0027508034192860026,0.0020413483450227583
phi_icar[465],0.004404369038188889,0.4667513358484715,-0.746555550143135,0.7507656467141728,20408.398106352084,22935.53494913083,1.0001245624295194,0.003265948157707719,0.002357955513580729
phi_icar[466],0.004989986208583064,0.5569955382224527,-0.8908963142790098,0.8990174349333149,25777.212354717107,23751.90099124858,0.9999992833849766,0.0034691079443769997,0.0029375642527146905
phi_icar[467],0.0030903440014455013,0.45990275326872837,-0.7266496000332027,0.7404885122616669,23688.88243338935,22867.4131849656,1.0000259133161624,0.002987809750907602,0.002486682101416597
phi_icar[468],-0.00988269448807239,0.4915179065953334,-0.8005112524533134,0.7744516395457204,28020.59761208041,24860.550322973406,1.0001156813839345,0.0029360492301384474,0.0025346491006550515
phi_icar[469],-0.004430601806223287,0.39921751239786124,-0.6414431195102269,0.6352921884439577,26280.096494737052,23695.73456191653,1.0001924150613348,0.0024624804075445436,0.0021248729908337626
phi_icar[470],0.004860717247016909,0.42767760935993127,-0.6799489762078587,0.6851988027688207,24105.762171894177,24035.845650910127,1.000105785408834,0.0027546124942109227,0.0021993002937314757
phi_icar[471],0.000193111223826473,0.4248666601707753,-0.676755839149146,0.6733891716117826,26058.18668754272,22931.531394067686,1.0002403415224181,0.0026331669104766443,0.0022337983975363493
phi_icar[472],0.0028954889799490896,0.4996322160076484,-0.7947061456478314,0.8040457863435623,27134.397191905482,24464.918929251464,1.000048842874271,0.0030335701152780434,0.002569129836140922
phi_icar[473],0.0028099325564286976,0.37305745299107473,-0.594783913595473,0.60165304269722,23733.208731741965,23762.249262537014,1.0000349198538554,0.002420927801146725,0.001955774184004398
phi_icar[474],0.001821247713558575,0.48642163450068293,-0.7791117627116482,0.7771012642527563,26707.786991569348,23823.203858303543,1.0000286157724274,0.0029766218886094257,0.002587664230477741
phi_icar[475],0.001642945726156016,0.3631235987335042,-0.5828202252328915,0.5798592898416336,21091.776353406305,22489.08779523115,1.0000600650007145,0.002501173330140681,0.0018842017138131157
phi_icar[476],-0.006393465996738652,0.38545843277220326,-0.6202848412702476,0.610698292710198,22037.232482442778,22471.40439001428,1.0001580588389374,0.002596832053413784,0.002002490557196499
phi_icar[477],0.0010441921321633762,0.42535889811686833,-0.679536729910284,0.6862886681584212,24647.715985449286,22412.676844898193,1.000005011774252,0.0027096512527101852,0.0022647443931192936
phi_icar[478],-0.0003830654470471897,0.4274987068108948,-0.6847473564993571,0.6851814467912128,25080.56661551981,24513.965196444704,1.0000423843152133,0.0026993320932921535,0.002197824876659939
phi_icar[479],0.0008028154577124691,0.3594533546532287,-0.5708820568062262,0.5744068026192911,24666.378485954803,23815.410388357093,1.000060599118453,0.002288608054818982,0.0018751080886389984
phi_icar[480],-0.002208183400113648,0.5476599044374703,-0.8788336782918519,0.8689542482157535,29830.092942050105,23575.986957042416,1.0000401899267735,0.003169564385845579,0.0030247535423963256
phi_icar[481],0.0004021393114276507,0.3988201687954907,-0.6370658780152388,0.6413905508828543,25595.1780839737,24103.62276525172,1.0000225071037265,0.0024927385797569334,0.002037725281751486
phi_icar[482],-0.010291257895332024,0.6215088046228223,-1.00398353111955,0.9788797349377034,31636.98906451611,24135.853917308243,1.0004749401227993,0.0034940281652869544,0.0033364318463315027
phi_icar[483],-0.004795534506234434,0.4240864338817674,-0.6821624083642651,0.6688323624725068,26151.996680091175,24384.75003777586,1.0001110310107824,0.002622630086589545,0.0022764389019768717
phi_icar[484],-0.01742207303496156,0.4614667633200852,-0.7497988712742913,0.7177693303993948,25202.99488390243,24074.140098793705,1.000189980262145,0.0029071143281740198,0.002386523670630239
phi_icar[485],-0.0013249385538232922,0.4064245633572831,-0.6487044376179544,0.6494238989858191,23296.584681885783,23229.797126786325,1.0001621157364788,0.0026635012367639526,0.002135204437539383
phi_icar[486],0.004145582775358979,0.43362299485354494,-0.6902748613370966,0.6960116174519532,25433.77953029194,23173.09205781758,1.0001391850276495,0.002718716288827746,0.002384656823665059
phi_icar[487],-0.002575613441276094,0.40627011461068985,-0.6561696608512625,0.6474054552252169,24489.26272033759,22693.096442739523,1.0000503441675486,0.002596746550686435,0.002136768800338299
phi_icar[488],-0.000215304022114843,0.42116410572564505,-0.6751793611042302,0.668318483735523,24617.531806937917,21854.017875676633,1.00020984921896,0.002685711981933876,0.002327495465840018
phi_icar[489],-0.0010075628230900974,0.3774354681180706,-0.6072636361319843,0.6013686922597264,21319.19658248493,21678.405170073893,1.0003993752619957,0.0025860047726845047,0.0020396910058950285
phi_icar[490],0.027043016079889456,0.44064107866473357,-0.6802558321373485,0.7280228831551373,20619.658412890556,22103.404708771155,1.0000008604073376,0.003068387582724018,0.002292343001200211
phi_icar[491],0.011935975417810052,0.4835731986878121,-0.7591278143381452,0.7834101523234561,29827.533393061603,24533.372999424326,1.0000923175558567,0.0027994163370391235,0.0026090706404497937
phi_icar[492],-0.001250615183494851,0.4546922402339497,-0.7240967847740608,0.7198555839564995,24995.747139794126,23420.267746428377,1.0001809212126438,0.0028765848896321416,0.002408742560875074
phi_icar[493],-0.0006416610198958459,0.32961593458577293,-0.5298910303837301,0.5280688270887661,18498.771570603494,20308.305618466966,1.0006015023712291,0.002423967625268347,0.0016914308946255718
phi_icar[494],-0.011789966338299842,0.5044847191704702,-0.8090499125498861,0.7933051845686482,23347.146706218005,22971.208334248142,1.000116106009267,0.0033009869752494447,0.002636163782230815
phi_icar[495],-0.012047248322961621,0.4672302137273359,-0.7581317562893862,0.7456921732726199,22339.094691632818,23231.929860449225,0.9999968035977757,0.0031247796299877805,0.0024374986904523136
phi_icar[496],-0.026957761700799637,0.5085567001486362,-0.843384455046551,0.7910676880662699,24252.16907318411,22649.28406907622,0.9999528848801772,0.0032667053965433793,0.002764708026647931
phi_icar[497],-0.0035590352007696673,0.4012158116587046,-0.6408158421185113,0.6365019082771155,23761.78336720076,21675.895306401657,1.0001566550933016,0.002602955088095368,0.0021693473197554585
phi_icar[498],0.0022746136459296977,0.5408589244274178,-0.861819971010967,0.868517096980606,28337.595595721967,24260.37243395005,1.0000443231124274,0.00321395682365341,0.00292570110333391
phi_icar[499],0.017425882184170783,0.421064902227744,-0.6563918329270889,0.6881938007950655,23688.476348715005,22026.888724178614,0.9999315494639026,0.002736041898367401,0.002192641167618105
phi_icar[500],0.003749624102877209,0.3854415141547824,-0.6109705415078752,0.6161772456013809,21426.710970951946,21353.241068303232,0.999965997057503,0.002632939975674,0.002078773810221221
phi_icar[501],-0.0056408888167717355,0.7435419627329771,-1.199682623561758,1.1805385442047704,31394.406683364476,24586.273887020616,1.0002455848200118,0.004195005428137579,0.004049454628505211
phi_icar[502],-0.00011645079076412524,0.42608700961645396,-0.6803608159888948,0.6852411320456926,25417.340168684164,23701.374187962578,1.000291365025623,0.0026726197181145177,0.00221564767565117
phi_icar[503],0.00017703014186147214,0.42709197349225053,-0.6778482463750678,0.6846852205175312,23965.41848057628,24119.462143237997,1.0000621295941186,0.0027597194648696943,0.002245068654763767
phi_icar[504],0.0018282489203033346,0.3557258383416518,-0.5662044921670226,0.5720036787359711,24344.546876560045,22783.89310442309,1.000071553028651,0.0022798195586234246,0.0018798341235320903
phi_icar[505],-0.002365789496935182,0.5581027024854033,-0.8923112721588979,0.8891356779519228,24806.117645285594,22436.994630555888,1.0000600698392796,0.0035435099257927335,0.002889508290407315
phi_icar[506],-0.005465592204576921,0.5614865624685613,-0.8996882425616943,0.8877347237514748,23304.93212221209,23485.409222816394,1.0000260279507174,0.003678440863133835,0.002920789190038043
phi_icar[507],-0.0030330420392599955,0.4239494362342557,-0.6740177454436049,0.6740489540628918,18306.98327487009,20951.956425387212,1.0001192992309444,0.0031335112660224153,0.0021476225824136404
phi_icar[508],-0.0042449616505402885,0.4473956026356982,-0.7140392418280018,0.7114562396026902,19777.958690403542,21156.71307887793,1.0002583262730063,0.0031810831312167514,0.0022529124986428515
phi_icar[509],-0.006515758200119983,0.4870836145918778,-0.7927395228717506,0.7674549755995185,19073.755949303504,21544.79979832022,1.000219459101366,0.0035276384731056853,0.0024542917674023564
phi_icar[510],-0.013486228940658518,0.563219498117188,-0.9213586540421616,0.888176113651289,23738.691269854797,22344.9502036311,1.0000599031294415,0.00365676595270852,0.0030840540905796737
phi_icar[511],-0.0032893406099287568,0.4074480216626371,-0.6477770446738518,0.6494779212530708,22800.37099945913,22914.615621167413,0.9999707222732664,0.00269728128971501,0.0020672985941476594
phi_icar[512],-0.006321173440811913,0.5182100902719948,-0.836229992106828,0.8193209816915347,23516.897561928094,23470.525882186485,1.0000962733251213,0.0033792345932966527,0.0026030326625131
phi_icar[513],-0.006121344894277591,0.6311111994256267,-1.0088617904518695,1.0084406979409688,28269.726608008194,23887.720243479624,1.000233635059419,0.0037534233730480435,0.003365486122277632
phi_icar[514],-0.008659124765602204,0.503856743702162,-0.8162988523778969,0.7944835858140105,23536.192093146365,21940.01068627966,1.0002484230860014,0.0032843641416339295,0.002697031671192911
phi_icar[515],-0.0030698524456343585,0.5072897949398989,-0.8141503439018877,0.8091045448640016,21988.379540302667,22616.944151898977,1.0000845943699945,0.00342033593726989,0.0026248447602774047
phi_icar[516],-0.011158942266363702,0.4270326114635901,-0.6985646586569149,0.6621074492564619,23024.046466667216,22452.020539921865,1.00008092809161,0.0028148445255475746,0.002280187203401744
phi_icar[517],-0.008221957594858496,0.4634401040640714,-0.7500086933533332,0.7293198127285062,23261.871761399314,22906.910967318763,1.000151822740588,0.0030375718479573465,0.0024474983526353938
phi_icar[518],-0.007506775553670527,0.6355913274888333,-1.0269178539583168,1.0088171477806562,25714.81249964233,24010.07672167527,1.0001573335147047,0.003964196230669704,0.003343732380764136
phi_icar[519],-0.004084288988877122,0.7572682731084842,-1.2144475368097236,1.2024571122566592,30014.671889481146,24360.087052529037,1.0002733353746678,0.004371225047563151,0.004001704518227016
phi_icar[520],-0.0030289286099487076,0.5091939121100381,-0.814801532796628,0.8134211353931202,22109.53066060349,22828.319720513104,1.000088037244766,0.003426620209717365,0.0026642618362998616
phi_icar[521],-0.016705837453196957,0.5018062890137447,-0.8142315952381826,0.7936157793311375,20467.288046869562,21100.038359540846,1.0002880409178967,0.003506615803139489,0.002550119216477398
phi_icar[522],-0.002794967857876437,0.5050891415479268,-0.8117282881657449,0.7965615535307569,22390.835597420344,22729.30119802088,1.000043854508344,0.003374957092098386,0.0027347407764124355
phi_icar[523],-0.007143939894561868,0.5743888269437125,-0.9243829305030532,0.9067608666232041,24468.327212814173,23699.005887419626,1.0000978961250653,0.0036731120290839775,0.0029438339144407036
phi_icar[524],-1.664171456831154e-05,0.5126688910777588,-0.8249104801163063,0.8205605397123046,21099.109412661117,20739.64335155916,1.000139498985623,0.0035294245568116595,0.0026549314891780897
phi_icar[525],0.00105467552673827,0.499714868157016,-0.7943214579857495,0.8012728492584015,24042.7693051159,23382.514135722802,1.0001371325386634,0.0032225599521892557,0.0025742491831253302
phi_icar[526],-0.000633954934613264,0.36198073701198075,-0.5788253717827392,0.5775471854420553,23038.96336839385,22863.545647933453,1.0000973236906263,0.002384958749195207,0.0019450440358074956
phi_icar[527],-0.005035769368602694,0.381364923095862,-0.6220721685067705,0.6016685424445156,24305.117100857668,23631.23266012715,1.0000575603749773,0.0024453848465339234,0.0019343804535753913
phi_icar[528],0.00020632531400515463,0.38016314497188214,-0.6052207895378046,0.6124503185045499,22434.14910445526,22623.585222251735,0.9999670583507004,0.002538858007647956,0.0019883789288958624
phi_icar[529],-0.0035802844282312872,0.48935039024648974,-0.7875803948649883,0.7783496235536912,26907.687769194134,23704.478730247298,1.0001936457577043,0.0029837544166701605,0.0026110949237391204
phi_icar[530],0.004500241823724015,0.6102407098962043,-0.9750053092407815,0.9846468538845413,30033.368894027695,24831.97894856766,1.0000237334172486,0.0035222581865170695,0.003227978199401174
phi_icar[531],-0.001143861646294222,0.38595483291491106,-0.6142299627408501,0.6152728216032207,21755.738280208298,22571.358121603516,1.0001502763508259,0.0026158872017238537,0.001948490331585807
phi_icar[532],-0.0064014004798728175,0.37972592004796957,-0.6127123620837455,0.6020526085722467,20926.00547389772,21383.203034467188,1.0002339515086818,0.002626797942124645,0.001997109965313611
phi_icar[533],-0.0011526746886314928,0.37423385680640886,-0.5986450349837789,0.5969064954823942,23796.431594574122,22460.940461646016,0.9999826788047517,0.002426245494774345,0.001985117719849923
phi_icar[534],-0.00485465484048553,0.5031082678716362,-0.806583501872776,0.8007809194742255,23253.051911790844,21998.210147999413,1.0002628087360093,0.003299406799822246,0.002745525911755951
phi_icar[535],-0.0043587862991120215,0.49060394416428943,-0.7858483503443574,0.7729365577173326,26693.389693243487,24026.615129759994,1.000061803796527,0.003003253791822121,0.0026756016477498643
phi_icar[536],-0.0002353688821603641,0.45384436244023957,-0.7211739676250557,0.7255323758584399,25755.434956939614,23185.319828249314,1.0000322428651354,0.002828001929820539,0.002490044966699586
phi_icar[537],-0.004892149816809314,0.46401320526169837,-0.7489939533132389,0.7366333414435219,22370.698996706305,23302.174135544425,1.00024260263017,0.003102189428665176,0.0023517159959227556
phi_icar[538],-0.003701281011487362,0.4858549706544676,-0.7801393490723103,0.7695810769899906,30774.17593851334,25677.86113699869,0.9999847959981389,0.002769329531482108,0.0025948398500111073
phi_icar[539],0.007290350975320181,0.5044530035131857,-0.8069988844756862,0.8126154905748191,24680.49515042504,22825.17647083366,1.0001167678129694,0.0032121798895623976,0.0027398917790615583
phi_icar[540],-0.0012135483522011737,0.5053111031363259,-0.8034677697893443,0.8046205404355563,24497.267924476866,22774.58806160245,1.000109083770408,0.003228557083382862,0.002645159710677842
phi_icar[541],0.010491671763431118,0.3625866711327468,-0.5641194311541946,0.5886508531458705,21522.015806967294,21461.118000689134,1.000004873226487,0.0024719014520655004,0.0019901441702909113
phi_icar[542],-0.001596727611533504,0.4053020797462172,-0.6482199772848307,0.6491012156539173,22056.23072593804,23129.940629749595,1.0000361540776128,0.002730399755293689,0.002102787945654858
phi_icar[543],-0.012923725343248127,0.7368513950119842,-1.1882585812936064,1.166809467827793,31920.945768545,24296.53691982697,1.000047299998959,0.00412454255495792,0.004109337976451519
phi_icar[544],0.0015189982629750301,0.49928819184850176,-0.7972993025333499,0.806274853629401,25253.0698633602,23339.519160214062,0.9999905617100407,0.003141769167752322,0.0026923024126519523
phi_icar[545],0.0024618335140228985,0.43710790932147014,-0.6986522480832196,0.6985531585099067,21767.55029485322,22277.192027156983,1.0000429979007688,0.0029630174330276936,0.002288711745848815
phi_icar[546],-0.001484650033472353,0.41426819660733594,-0.6645750749005559,0.6670808460853582,21604.95552869732,21608.74161324429,1.000025495785537,0.002818447580929412,0.0022169341888183787
phi_icar[547],-0.0005712701874868393,0.3789020696771256,-0.605421907962599,0.6026302297445849,23144.909623080413,23159.213265252787,1.0000382891518445,0.002490440206831359,0.00195656909689323
phi_icar[548],0.004759907592814327,0.538540855199768,-0.851772470552647,0.8644300526121976,29216.62231887973,23440.4235958427,1.0002388645867655,0.00315106454440719,0.002998905804367733
phi_icar[549],-0.001657726858518392,0.4205140392992012,-0.669697022984755,0.6753596660602764,25739.16881590392,23044.67461217591,0.9999787603882345,0.0026208127234443137,0.002237516021226746
phi_icar[550],0.0012441622715875984,0.3917081660279693,-0.6160852113924257,0.6285178173979097,20918.676952723275,22090.150435969135,1.0000146716842502,0.002708197554977539,0.0020158147827657683
phi_icar[551],0.004567976495618618,0.42782311137373913,-0.67777731576541,0.690629917167041,23652.055292641966,23561.72771770181,1.000224431907425,0.00278149804392329,0.002305242705096564
phi_icar[552],0.004205102640112231,0.36283238284384617,-0.5751833403363072,0.5843062466891671,23689.39190987301,23365.934856403466,1.0001274978247336,0.002357430456619219,0.0019002855989747206
phi_icar[553],0.004814726631627347,0.3781474518680528,-0.5983092656082182,0.6098268998331059,23428.378962599043,22893.93163804164,1.000040399940697,0.0024707059048647306,0.002026491588321325
phi_icar[554],0.0053233717192949625,0.3745401269982107,-0.5922830062254598,0.6059114312646419,24840.917318650394,22584.57850083514,0.9999656837687352,0.0023769104710913516,0.0019867556426636096
phi_icar[555],-0.0005377787140520823,0.49041444845775867,-0.785100002885658,0.787796928147143,29620.09369030903,23935.872430647505,1.000076477033439,0.0028490273727554793,0.002732677743437585
phi_icar[556],-0.0047911679479679704,0.36120177543936033,-0.581535084853401,0.5723147043947084,22173.889575548958,23407.25043300682,1.000162215119068,0.002422364414410179,0.0018696666625948352
phi_icar[557],0.0009020706486037573,0.4188793663976843,-0.6738989087210244,0.6673897286674743,25677.30843704688,23750.27367960973,1.0000268414355271,0.0026138746329339357,0.0021673555836870095
phi_icar[558],0.005066166726469174,0.40780895948479834,-0.6442945217068203,0.6627678163798153,21497.892811983773,21595.491497543877,1.0001150013100135,0.002780903218397446,0.002213617990801254
phi_icar[559],0.0001807103723908716,0.41816405423504255,-0.6689242912217164,0.6707964590767912,26499.725811054104,24581.739177642783,1.0000168612282623,0.0025685593203589813,0.0021836977142004896
phi_icar[560],-0.009804713678619443,0.5586257670844913,-0.901199448568893,0.8827490767464042,24229.49366656951,23138.981078747598,1.0002818919472307,0.00358846527512892,0.0030021211878953264
phi_icar[561],-0.002628535767227367,0.4683842047803941,-0.7532265413271955,0.7428758135478651,20653.331542615117,22237.613247497236,1.0001517639936786,0.0032587388290821135,0.0024073232225090497
phi_icar[562],0.004299030700499673,0.4546464123320913,-0.7215265876658213,0.728783980656601,24049.959816404997,22201.16445497779,1.0000573089095024,0.0029318898364155176,0.002422315124126371
phi_icar[563],-0.0074087214319656395,0.42167927827681606,-0.6801167674232531,0.6699872493721675,20922.377894374244,22852.238486364236,1.0002653247895965,0.0029155536936954353,0.0021422035724909965
phi_icar[564],-0.028536554119109245,0.5447547501270544,-0.8965363782952818,0.8449661502384784,29572.082439071215,24838.96210553203,1.0002766316133287,0.003168499202575415,0.00283020430238344
phi_icar[565],-0.029050263179892157,0.4293872984021979,-0.7110343293373794,0.6563090284298077,18232.24221686717,20663.06353004711,1.0000263027239051,0.0031799724447461293,0.002207260403038606
phi_icar[566],-0.007301481902417909,0.46005257767308555,-0.7417062064119898,0.7316558475496677,24949.443913563056,22591.310903246907,0.9999825669839214,0.002912138176452526,0.0024523050070157735
phi_icar[567],-0.02523906719595886,0.41040720883886933,-0.6824360603235199,0.6283737180076843,20871.761525897615,22144.933699266712,1.0000889831038904,0.0028402068073711973,0.002197039338385983
phi_icar[568],0.005842841103485686,0.3628598340507187,-0.5779222828841788,0.5888924933131325,21661.798407550777,21964.81887682339,1.0004027217423945,0.0024650989419638344,0.0019309603048856172
phi_icar[569],0.010073973584619544,0.3829819699624674,-0.6003481740345885,0.6217576510856072,22755.694525772902,23146.748379171913,1.0000226063531892,0.0025389135765650126,0.0020221068052864517
phi_icar[570],0.009928491094263468,0.49836549062412966,-0.7865325544099913,0.8067577959247023,26789.199763778077,25299.07050208561,0.9999847943662639,0.0030449349490307173,0.0025741992982841314
phi_icar[571],-0.0004666092255730999,0.502336552488527,-0.8053025577119357,0.806400512676046,26137.21160308744,23311.74292434249,1.000007128698086,0.0031069684844077716,0.00274777891645333
phi_icar[572],-0.004992020634020079,0.46411376670489096,-0.7408102131832796,0.7347272168385677,22923.77875687658,22963.038505949993,1.0001560747151095,0.0030640335323882384,0.0024024682861192885
phi_icar[573],0.004913249341542423,0.4661861702799405,-0.748010252711337,0.744373708968789,22935.544223072826,22034.164940588376,1.0000586203415285,0.003077291890842621,0.0024920330351606763
phi_icar[574],-0.0063596853415473255,0.5136475078021843,-0.8287777955798986,0.8137797328177936,22152.53234156272,21900.99475639407,0.9999905259279633,0.0034509434158927163,0.0027689942706261247
phi_icar[575],-0.007084634989351601,0.3703815603398259,-0.5972738532250769,0.5835402582501735,20730.375896489208,22451.330294665822,1.0000127363126348,0.0025725104103999125,0.001889867038054015
phi_icar[576],-0.007443234140338173,0.4058696629178133,-0.6515147215912697,0.6409900684791199,22751.083788813972,22261.327247505298,1.0000557352322856,0.0026909416784585893,0.002122050294531745
phi_icar[577],0.0006077643053938313,0.41444183644728777,-0.6608871441826261,0.6591724304921425,20512.51301220163,23086.366338800734,1.0001219350371582,0.002893347569933186,0.0021023280995469346
phi_icar[578],0.011543405662512548,0.45635847074661223,-0.7175890254568373,0.7393149400293741,24265.940050659086,23123.615998608882,1.0002681262723487,0.0029297618166085945,0.002431024235308303
phi_icar[579],0.0029124378036988977,0.5422044609028371,-0.8598581311597983,0.86893339571105,27704.321458014467,23663.996657325675,1.0000344902959395,0.003257134833411838,0.0029616811037148447
phi_icar[580],-0.007644856317397399,0.5067781822867288,-0.8157308958415289,0.8081258425063149,23948.184505264428,22722.623225404514,1.000308013639818,0.003273165792851932,0.0026861751300103604
phi_icar[581],0.004185656619696435,0.47457584267783687,-0.7534708523767784,0.7641816336920714,23535.723859307287,23124.13081100017,1.0001881055056379,0.0030925002763509952,0.0024567553110053345
phi_icar[582],-0.007897061698114785,0.47085487898497197,-0.7587625012866496,0.7340064191545117,22396.54115486922,21900.483170907784,0.9999884245819789,0.003147215208440588,0.002531405784154011
phi_icar[583],-0.00605125715108198,0.42426243320614543,-0.6858255111339432,0.6722344821484066,26201.925780180343,23159.509896479343,1.0000467200414198,0.0026218745429406887,0.0022604318057408775
phi_icar[584],-0.006180062358883077,0.4899088287240805,-0.796189090192461,0.7791878148328953,25997.023544521726,23683.062175819,1.00035118677272,0.0030387950711881534,0.0026333780148692907
phi_icar[585],-0.004961862751673395,0.5322632234212282,-0.8585808706094099,0.8403342654982742,30078.747195439653,25265.658458127742,1.0000926342565264,0.003068923013143996,0.002794148367300941
phi_icar[586],-0.0028714565435537915,0.4531394481357559,-0.7277717247126644,0.7203116815109801,25749.275769726362,22264.87185510357,1.0001339779391638,0.002823626737062354,0.0024061275334748672
phi_icar[587],0.0014635859713920808,0.4289811426989828,-0.68855722911416,0.6841829009014453,22874.054448736268,23225.31528340933,1.000039734847959,0.0028364983627221095,0.002270900696754749
phi_icar[588],0.0012746831901342564,0.5382579476239743,-0.8555446253614284,0.8675295762735062,27928.581141047598,24365.54376937168,1.0000118755303138,0.0032209567365066804,0.002905391095635367
phi_icar[589],0.0032660678923912075,0.5063121214113532,-0.8064675538915458,0.8137525712031222,24640.236659992304,23319.778482277605,1.000060725588473,0.003225863038195735,0.0026728963020668526
phi_icar[590],0.003463952948365032,0.34641136883368534,-0.5482416539512276,0.552606090541029,21159.96848171835,23403.363628869138,1.000143609836948,0.0023819361737793085,0.0017517494795305064
phi_icar[591],0.0004370092187553746,0.3994096268136003,-0.637316055124745,0.6448307280873087,22742.92075918545,22599.208240147214,1.000083293301311,0.0026486567830043446,0.002047023620512694
phi_icar[592],0.007784019508012536,0.4627145609198035,-0.7304738166862401,0.747815411896184,22647.615339351098,24089.025650931315,1.0000920665916027,0.0030748616473202776,0.0023717443512713595
phi_icar[593],0.002500047860055375,0.39434718647594663,-0.6251987326984814,0.6303306257826808,24990.882287719924,23333.762039845624,1.0000307637388728,0.0024940926108103136,0.002062265565095483
phi_icar[594],0.004724967906433836,0.4387271610604462,-0.6948534489639263,0.7029252460125129,21895.321026381567,22263.40604286596,1.0001314823228782,0.0029642624232958117,0.002281030603515307
phi_icar[595],0.00601720842461428,0.4065290519005944,-0.6427016660716851,0.6578845517969528,21259.87044135775,22809.070951534533,1.0002915673580481,0.0027882145009164977,0.00219073314059233
phi_icar[596],0.005674068968990872,0.5038361198604713,-0.7967049402523841,0.805525581548595,23368.255562302704,23592.141118930158,1.0000745688636075,0.003296447187690161,0.002613862904698459
phi_icar[597],0.0037251750928217614,0.48918203893702117,-0.7764560810880937,0.7860077504429753,26958.90315932446,24196.136954534668,1.0000799322722396,0.0029795278090233223,0.002670507191540109
phi_icar[598],0.001395765281859139,0.45703186999135254,-0.7239082051878726,0.7383692164479388,26989.42690133961,22724.168420181824,1.0002441289538815,0.002782093056623835,0.002653668477389692
phi_icar[599],-0.0029661687709656845,0.40233651329356374,-0.6465607404807416,0.6414755953015627,24375.269443148183,23397.230677997122,1.000326690679309,0.0025773568995433186,0.00209034138843157
phi_icar[600],0.0005382186720266453,0.42478252209090134,-0.6873344861907731,0.6798406518337151,23907.107738007664,23369.52123141724,0.9999949692692347,0.002747675537927723,0.002186306772353696
phi_icar[601],-0.0016693049062513495,0.4226012381696383,-0.6767329382454497,0.6732354956721349,22647.970717753196,22822.716370559407,1.0001158014651208,0.002808024425462744,0.0021856869719380726
phi_icar[602],0.000739707179077864,0.37120357008712246,-0.589165599991609,0.5970619309383352,20263.625293707017,22707.095081077834,0.9999699283699285,0.0026074497391742747,0.0018494372638668698
phi_icar[603],-0.0008516200313661746,0.3371385141677838,-0.5391979068650413,0.5384035753220324,21754.773249403563,22135.043588411565,1.0002111716160524,0.0022862419510954377,0.0017568771625179201
phi_icar[604],-0.0035597755468459915,0.455736242254698,-0.7304771565150016,0.7282327196326824,24974.221788339182,22936.26018402868,1.0000466791271243,0.0028836437825738924,0.0024022922829433266
phi_icar[605],-8.210411935018047e-05,0.4917169420558867,-0.786493137920221,0.7890111484118794,27121.903396166035,23882.94121248997,0.999959252251228,0.0029863042042787198,0.002612563464011645
phi_icar[606],-0.00022000926796847308,0.5473027100109842,-0.8697738864211535,0.8750821795728493,27158.62997882704,23942.82901195965,1.0001244230424826,0.003321059110419317,0.002850341006206189
phi_icar[607],0.00285264491592209,0.49437641411123723,-0.7878153767997288,0.7898593774136998,27793.38456598101,22314.980665484138,1.0002026188352253,0.0029660615259168256,0.0026326042724180284
phi_icar[608],-0.0005928533598113788,0.4185558627779772,-0.6728179473642907,0.6655254900609365,26405.446922377094,22626.096809983155,1.0000489589110948,0.0025766162559089176,0.0022724732066835736
phi_icar[609],0.004118986517195096,0.3490839260582825,-0.5557000090580021,0.5612639515481572,20666.273524784094,21256.69958617126,1.0000095156245703,0.0024285670349881577,0.001845275104827586
phi_icar[610],0.002449976463802548,0.4787120749553486,-0.7579983721312801,0.7731483658775499,29362.421588821206,24846.26793333661,1.0001501514854256,0.0027936512525633668,0.002586252139613609
phi_icar[611],0.0025632821060793346,0.45273766287088196,-0.7201788513760997,0.7266934866432072,24512.20752837524,23692.445499884154,1.0000344029486823,0.0028920005381579943,0.002401053666599436
phi_icar[612],-0.00479374579607829,0.45792616934200797,-0.7347832250228243,0.7245500962981842,24896.249353084382,23087.4835064514,1.0001583802118164,0.0029027295621641656,0.0024415027144877224
phi_icar[613],-0.003017602790458439,0.49171491784841737,-0.7924372339290076,0.780400942728616,26068.696369589507,23215.943354592735,1.0001504294368921,0.0030463713344243836,0.0026556429611894836
phi_icar[614],-0.00709627597893291,0.39628976920497005,-0.6390845797990721,0.6256723161252381,23110.50273993079,21241.086568162315,1.000127422377473,0.002607096162234788,0.002097725632766878
phi_icar[615],-0.0009735861595595115,0.4548925466732791,-0.7222701279679367,0.7252668986492424,25721.99521373259,22949.14117666635,1.000034021553717,0.00283520591794133,0.002392358877072186
phi_icar[616],-0.0004019374440012301,0.5048107634293787,-0.7990752477160349,0.804920355292281,24617.922024300085,23192.058753826066,0.9999175994630335,0.0032173827222324474,0.002691510484131762
phi_icar[617],-0.001366447972718319,0.4268708925195998,-0.6805106825494006,0.6836956590504817,25584.214320777737,21681.232267610005,1.0000912863266385,0.002669436524510926,0.0022816116750984977
phi_icar[618],0.004191441407146439,0.49688153849501143,-0.7857145667174029,0.796752200168607,25984.717441306977,24213.75894544676,1.0001573713141776,0.0030822589454710847,0.0026002849318669803
phi_icar[619],0.004603461428667796,0.4919170602822123,-0.7799639291653248,0.7893853121350035,25436.643940562633,24429.906465453012,1.0001219909366714,0.003084444015292545,0.0026114621219245765
phi_icar[620],0.00446411423323638,0.4300208614477182,-0.6778858593232908,0.6940760260990427,22392.008049400967,22554.441991195294,0.999997017478093,0.0028731427356713485,0.00224319414905132
phi_icar[621],-0.006242676212646603,0.45757683207967736,-0.7360141951665579,0.7262933004129073,23263.548197723387,23077.563865195138,1.0004196391941451,0.0030026552640134603,0.0024640906649544816
phi_icar[622],-0.004944998636290006,0.49775225238412113,-0.7989998286140035,0.792707773584186,26204.177219623394,23327.930776950365,1.0001766279629736,0.003074662894264644,0.002604569559938881
phi_icar[623],-0.006784432066252384,0.4890928445366854,-0.7926480021109393,0.7716759635709406,25464.94907833917,23254.4643437329,1.0001973004154239,0.0030649605137725903,0.002583180371846724
phi_icar[624],0.0005229857614512915,0.35411498896258053,-0.5643106849322564,0.5665823289986484,20570.420250744308,21376.633715727745,1.0001135506630052,0.002469491178035409,0.0018832163918207497
phi_icar[625],0.0020325745875770444,0.42590832604271023,-0.6741625080233254,0.6852330889672383,24590.934170222303,23711.97959764066,0.9999927335618161,0.0027163636150595353,0.0021802938922130684
phi_icar[626],-0.000954322013481983,0.3983526091143409,-0.6350733842945854,0.6402774449324924,24091.78066660189,23076.88030160446,1.0000745224582777,0.002565988749193192,0.002146824684708143
phi_icar[627],0.0005559321296672323,0.4879029698605737,-0.7759986554608749,0.7737447703722908,27045.73088383571,24093.27065029635,1.0001128744014767,0.0029665753405025428,0.0026364518456213847
phi_icar[628],0.0008495206134629592,0.36787803034087946,-0.5849838823034045,0.5868665882410498,21117.449743951987,22963.555458472343,0.9999659457799622,0.0025317808254223728,0.0018824199575535091
phi_icar[629],0.0022835559545123767,0.5293735585150449,-0.8428787385817136,0.8469075125178932,28156.791269090863,23384.046568378188,0.9999784225086806,0.003155139492948288,0.0028988122940791228
phi_icar[630],0.007909460116956384,0.48452458685303207,-0.770318254055024,0.7783548139827823,29564.850121955576,24329.501486141027,1.000164054080469,0.002817979295718156,0.002618820561607039
phi_icar[631],-0.002059413811958466,0.33448918520385573,-0.5385732971352085,0.533341468911793,19924.743168570916,21037.1734190964,1.0001796567807488,0.0023704446559588404,0.001719085583978198
phi_icar[632],-0.015343551102734698,0.48576120771165265,-0.7931480005131104,0.7682556310348307,23972.621131079788,22911.44230429754,1.000043923876795,0.003137673695075605,0.002577244941897063
phi_icar[633],0.0053559812341771665,0.5386270361878471,-0.8622298552865453,0.8675184933555183,27319.607533141127,24386.723247131864,1.0000858504105683,0.0032591803036948635,0.002834795893284145
phi_icar[634],0.01589754860633608,0.4007354232962141,-0.6260180024255516,0.6549073935605391,22703.219576215863,22463.475974506364,1.0000499928177347,0.002660069765642428,0.0021714017631835744
phi_icar[635],-0.011247373398841564,0.47023810370156705,-0.761885578380209,0.7375584699457589,23440.653467926564,23203.498975643724,1.0001443710375117,0.0030724378703487058,0.0024706952819638383
phi_icar[636],-0.01997155572205052,0.46605865509297334,-0.7630807240754849,0.7270337775904286,22398.663089339036,21799.28858490499,1.0001062882746845,0.003113921067306571,0.0025225698211027454
phi_icar[637],-0.019414904501021714,0.4602357700550427,-0.7628552043933543,0.7177741224228948,23869.262251439235,23152.291833899555,1.0000223263382308,0.0029776717981155974,0.0024147314260234173
phi_icar[638],-0.024699047461360712,0.5516736029696725,-0.9076935850440081,0.8554927313915899,27184.41965631577,23855.50311523812,0.999970373449411,0.0033461901202154714,0.0029776291082524156
phi_icar[639],-0.01957625209999612,0.5511721663155147,-0.8964418259904627,0.8643038938644242,27698.641248270764,24056.26246177226,1.000288659541487,0.0033108865535930463,0.0029174124694030016
phi_icar[640],-0.022562387901576615,0.5045107458190391,-0.8286791892429912,0.7822149907290933,25580.264793574952,24134.317781378602,1.0001201603323446,0.0031552950987082723,0.0026553327615165445
phi_icar[641],-0.006802590495757804,0.46589601199371716,-0.7522087949823503,0.7346465561603851,22509.006261043687,22361.00249204387,1.000005321636134,0.0031053405388737285,0.0025053427951007563
phi_icar[642],-0.0046679729390704874,0.4195813552151978,-0.6713437410658608,0.6719666021407404,23107.666390727016,23631.5985279395,1.0001215889984634,0.0027601614689201476,0.002142315985867583
phi_icar[643],-0.00370369839299373,0.42942277195008144,-0.6912002523404631,0.6839714373959331,20993.04809264805,21463.47801388471,1.0000054763447217,0.0029641237585966325,0.002294822561792846
phi_icar[644],-0.012129616768469579,0.3871063849479308,-0.6333346755639501,0.6029901463860498,20303.79046717993,22548.306211121264,1.0000711160968994,0.0027160486221436734,0.0019926424914671345
phi_icar[645],0.02161784891568076,0.5057386722451694,-0.7844968768792434,0.8297534962154303,24623.469986414875,23457.26819412298,1.0001338890888867,0.003222461817673936,0.0026945037003566386
phi_icar[646],0.006137272448721356,0.35579008328977574,-0.5630134147956755,0.5800743506444559,19039.45228145464,21571.579806008533,1.0001529836252816,0.00257870768607919,0.0018316335906898408
phi_icar[647],0.013800154391090601,0.5027649057771757,-0.789688794385986,0.8202363119439542,23741.00487997086,22861.17662435127,1.0002315719263684,0.003263712525437289,0.0025210059470408925
phi_icar[648],0.005803397621189156,0.4379018025538213,-0.6944744664895218,0.705192344488363,21922.212396107774,22743.195360630125,1.000201511067152,0.002957350841116164,0.002268013586238301
phi_icar[649],0.009973152638300621,0.5535552462009102,-0.8767350321367438,0.8949936300281942,26142.65738381105,23233.93383261251,1.0000457408119334,0.0034239628372701894,0.0028459287409676095
phi_icar[650],-0.010779696452160236,0.38630639734007,-0.6216653026731606,0.607748806289761,19811.27203323631,21441.443229593744,1.0001679640413,0.0027443381668944547,0.0019913643820676616
phi_icar[651],-0.006117542585706111,0.5432829078958139,-0.8753959655398624,0.8644821307297639,28445.053935171414,24279.50110352378,1.0002178875525443,0.003220920530297744,0.002828519785698796
phi_icar[652],-0.003030324347668194,0.5487885955932839,-0.87706654604455,0.8757265694687912,28503.844007141957,24635.14502496165,0.9999641220776498,0.003251180292315718,0.002930881212018042
phi_icar[653],-0.000160831020288007,0.37600600952816543,-0.5976984902623838,0.6003593814365382,25341.568223762697,24069.18772102747,1.0000885390913488,0.0023617735687495073,0.0020162800387049508
phi_icar[654],0.01268600876128924,0.3636543880637242,-0.5629684149586858,0.5951187350880904,21846.469845554588,22899.415887991723,1.000128653241183,0.0024607186617833384,0.0018428302140524261
phi_icar[655],-0.008575546449529469,0.4006576170614255,-0.6472479470183577,0.6335229851500618,24466.365079512,22865.329033501966,1.0001221274781236,0.0025623711885670764,0.002112775850199257
phi_icar[656],-0.007128970117819736,0.42653524187288505,-0.6907663143079362,0.6767490150089213,24326.21912687889,23538.82952885407,1.0000926613078334,0.0027359120121157256,0.0022709674694411696
phi_icar[657],0.02311880421961471,0.5024714000608942,-0.7740711045818357,0.8269883134678268,22255.381383109663,22794.992602181497,0.9999663526916135,0.0033681104377024183,0.0025675634122647975
phi_icar[658],0.004549940452118125,0.3479625389199213,-0.5493693147287756,0.5626506865923344,20613.410624834356,21954.83830500725,1.0000867880055124,0.0024236525912108204,0.001771097674328361
phi_icar[659],-0.0005949737275411882,0.48685622705800086,-0.7828584975188312,0.7779379501775645,27303.703335936476,23641.336610310616,1.0001201229581445,0.002946694833583283,0.002591384067630073
phi_icar[660],0.0005739273377023237,0.4965815035442566,-0.7892455655664025,0.7921361017880897,25103.61146568683,24390.162613491873,1.0000765325195977,0.003134569558584769,0.0026511487869930674
phi_icar[661],0.026687830037826744,0.46818273929988335,-0.7288662069527476,0.7686868381407581,21898.371279503695,23087.550105622042,1.0000163707243646,0.003162602631155286,0.0024745641217282376
phi_icar[662],0.03660856807270895,0.5517338247185108,-0.8487417441903546,0.9194536080005563,24956.59378054503,23103.656288660975,1.0002510287142679,0.0034944199694693667,0.0029147041996178424
phi_icar[663],0.00017961759241866683,0.3609977923413087,-0.5778794575231984,0.5717685122299679,22025.28356298374,21851.801770532555,1.0000679162036217,0.002432479613061054,0.001928927791363718
phi_icar[664],0.004487109156923604,0.42397718425167435,-0.6726944971536062,0.688349846467427,23642.20335221832,22618.42568528921,1.0000799623296213,0.002757694198338421,0.0022265453870366826
phi_icar[665],0.006657925335170621,0.4243127781575996,-0.6700099774773126,0.6865723338543088,24108.043787743307,22913.144740694323,1.0004433678007534,0.002732241325176302,0.0022525508139019787
phi_icar[666],-0.005848995912852104,0.4272113875615754,-0.6931537096518082,0.6752419085222845,23217.29451090916,23027.030920887293,1.000237150997584,0.0028037773702693928,0.002274705635655503
phi_icar[667],0.007337663767841457,0.42559195306877773,-0.6716506665772137,0.6892233885171364,24260.192553535322,24055.924628002864,1.0003255498646677,0.0027318867405246045,0.002175180619865443
phi_icar[668],0.01834588145628263,0.4962549983743076,-0.7711601084385346,0.8102846291664572,25791.266358767807,22665.736440278994,1.0000079053512736,0.003089880246377736,0.0026595851860972347
phi_icar[669],0.017150334083758573,0.45569772999682645,-0.7117064247315557,0.7481267152790522,25075.64774781538,23009.552850666852,1.0000118548160846,0.0028775364018210963,0.0023974162248313305
phi_icar[670],0.00444181492328658,0.40361934541872446,-0.6456330194914792,0.6501102930405533,23955.90684172441,23395.33415301747,1.0001616802695232,0.0026075522587949576,0.0021202076135886714
phi_icar[671],0.00221755916219455,0.4616969974777438,-0.7314320085947342,0.7423061395233879,25086.28925025109,23161.971686726945,1.0000812201162974,0.002915524149713146,0.002402150578164199
phi_icar[672],0.00088284306376646,0.4147937952220475,-0.6613218604250293,0.6569307999992956,21670.432028742693,22561.149614810114,1.0001802135235245,0.0028185770017701024,0.002081108625927808
phi_icar[673],0.004173430303461159,0.4945542662998183,-0.7848792535571727,0.7900600738939576,25903.080210971057,23232.08387423618,1.0001707442305572,0.0030729718347566734,0.0025360811988658517
phi_icar[674],-0.0009383996311846828,0.4209134810680985,-0.6722485169644575,0.6768740384026787,25011.906294542943,23072.445713306526,1.0001095384332888,0.002661433373339148,0.0022369712563149484
phi_icar[675],0.00039099633314215374,0.5443263534205371,-0.8766303967801807,0.8640601339619939,26903.771873357327,23470.618119327675,1.0001065855737423,0.003318719918376954,0.002934553463200276
phi_icar[676],-0.002723176475804569,0.40635914040020443,-0.6499761001680148,0.6457800999362829,23362.06908787958,22765.3518672086,0.9999673651595689,0.002660735262777921,0.0022687963653214172
phi_icar[677],-0.005784882836781881,0.42126517963174326,-0.6837284058642078,0.670205337867951,23899.07463198513,23035.126746966944,1.0000990237358471,0.0027254013762201346,0.002285143144011038
phi_icar[678],0.00667450185449321,0.39785521392736933,-0.631948039947427,0.6427577797666318,24682.936091705385,22310.884504226062,0.9999888222509751,0.0025321780446477737,0.002066197398558338
phi_icar[679],-0.0012128425816532852,0.4086333331886643,-0.6550920334434347,0.6518001848702537,21164.011069515527,21922.85294212704,1.0000705576006603,0.002808629345756158,0.0021290554924309883
phi_icar[680],0.004741560751369544,0.4572230496893606,-0.7291162204371275,0.7337128531778595,25573.440266567268,23925.67779810221,1.0001882317573096,0.002860611165011141,0.002403672835004737
phi_icar[681],0.015149223071326077,0.43582201412385413,-0.6773327228040813,0.7104526228470766,21254.43917838007,22022.169301951715,1.0001186672396976,0.002989964845380251,0.002253418189435898
phi_icar[682],0.006081741168742502,0.45519379022043793,-0.7230038035727667,0.735565551130547,24539.47231524056,24124.92486992157,0.9999791432005162,0.002905310628035929,0.002369868462878934
phi_icar[683],0.008871555210610898,0.45974180549939075,-0.7283013880037333,0.742167312366428,23471.959074563692,23915.73816883695,1.0000653702283258,0.002999894762051896,0.00234575968076079
phi_icar[684],0.016165698426740188,0.46945056802748114,-0.7361457061758604,0.767947872959202,22155.08037191762,22282.979333182215,1.0001214070015352,0.0031538676302001615,0.002495000751504946
phi_icar[685],0.0227847864591711,0.5172879974960244,-0.8039719556313327,0.8498950339594439,23891.954254346863,22809.437572664418,0.9999440324102157,0.0033469747135532594,0.002643466401465977
phi_icar[686],0.007067255715183382,0.5559189514447345,-0.8828353194728962,0.8954164560661783,25195.749262226484,23287.283799947916,1.000155261564052,0.003502999142505263,0.0029400328611577653
phi_icar[687],0.026671878128170817,0.6382852444526416,-1.0016804798010508,1.0428863531084953,27890.595280907473,24428.031107961302,1.0002740252639706,0.0038230625645448964,0.0033661281698231945
phi_icar[688],0.003987281535813835,0.446458066172348,-0.7071733646583084,0.7188940209666261,20782.309323998597,21498.47382542338,1.0002565208649274,0.003097162217572899,0.0023329586450422384
phi_icar[689],-0.0058468982487036615,0.46212519180512573,-0.7435245506498089,0.7324467541902758,24587.575158832846,22818.342501649313,1.0000848124941606,0.002947349965830502,0.0024351195628254624
phi_icar[690],0.003871269837303176,0.3689461679743481,-0.5798788408433151,0.5964274942916327,18625.98190631955,21306.302838007046,1.0003060660250418,0.00270383289418722,0.0019181195045909042
phi_icar[691],-0.012111788971352783,0.3984737469041623,-0.64819184801621,0.6261007598611077,24267.227193391693,23277.00309812194,1.0000384240766043,0.002557557522318598,0.002047444034929029
phi_icar[692],0.004880878512785472,0.5567508907216998,-0.8849563296478381,0.8949929788908267,26059.490472063433,23286.674499164255,1.000163575733034,0.0034481202223703446,0.0029007639104561738
phi_icar[693],-0.010212087892745003,0.4566246761360894,-0.73813242748157,0.7227332268141584,25957.95030724673,23556.937310493147,1.0001237482047538,0.0028341217886392817,0.002479032877027278
phi_icar[694],0.00415833810310404,0.43848002591888957,-0.6985315162199364,0.7015047152678351,22094.38497594879,22771.607185872956,1.000066514140014,0.002949397371049227,0.0022323926062747645
phi_icar[695],-0.014817164861170497,0.4053084316376792,-0.6651296676880399,0.6286418996375064,22660.8504043522,22204.219237432826,1.00014703772693,0.0026924497479832955,0.002165840711693482
phi_icar[696],0.0005573230855217562,0.35411755614791496,-0.5676813285786164,0.567027296231786,23143.71270423033,23099.022362874337,1.00011073837645,0.0023282267247889416,0.0018419822119624194
phi_icar[697],0.007892099740465942,0.4507194501609521,-0.7128647396982272,0.7288713477283401,19708.554698897733,22233.846401289607,1.0000228514080003,0.00321219242400841,0.002287334993571866
phi_icar[698],0.004657499297312066,0.5075863687125411,-0.8024177743088247,0.8274024537191583,24516.07281412038,23111.221318545857,1.0001405228535267,0.0032418144226411412,0.0026410332599632
phi_icar[699],-0.008657734163554523,0.45595413769277987,-0.7308483335833574,0.7194458898773521,25458.769384203893,24395.580220627882,1.0000638669987316,0.002857601942612899,0.002415362613508612
phi_icar[700],0.011562346855893206,0.5114848593339824,-0.802044813822765,0.8225619019939917,24423.068543892678,23094.705267996054,0.9999888136798756,0.003273241960614923,0.0027303227837102715
phi_icar[701],-0.006139014503079341,0.37936686780384726,-0.6178831911215028,0.5993679105082632,23576.359653339794,22975.78646042929,1.0000920789028833,0.002471415836440811,0.002005066204033093
phi_icar[702],-0.034382968201275836,0.5564082623795047,-0.9231445899247065,0.8633843489606845,24626.30028303366,23540.809639750427,1.0001386008205075,0.003546669734862068,0.002847050069370016
phi_icar[703],-0.00177649867602967,0.4721562869323857,-0.7565548114557915,0.7598821527948748,23469.188130306276,22993.602667918487,1.0001902900321098,0.003081725913367468,0.002520552404590986
phi_icar[704],-0.0005845384402336848,0.43225277866786294,-0.6915451692646487,0.6882175785215395,20696.2930777266,23044.92122787245,1.0000506643319318,0.003005024200608303,0.002283790318564597
phi_icar[705],-0.0037254289839696035,0.4558825175543699,-0.7329003974255975,0.7289763372022974,23048.069706318365,22254.45535766256,1.0001824746877184,0.0030034530973178856,0.002449915291124567
phi_icar[706],0.004114703871146368,0.40041685923676895,-0.6362836763434315,0.6364331059132021,21360.816586559748,22242.09455566769,1.0000975665575516,0.002740256512801204,0.0021081999235195792
phi_icar[707],0.004820802955755666,0.5095748251079121,-0.8045673853297848,0.8192025010649646,22323.819307583635,22635.205818928134,1.0001083124262506,0.003410220479226725,0.002737428414522585
phi_icar[708],0.007842390796658187,0.4404065705948589,-0.6956756031494562,0.7140950127967066,20970.074408327535,21475.342520978873,1.0001399282172605,0.003041018893854824,0.0023626461391235156
phi_icar[709],-0.005449227247558068,0.5456710129196717,-0.8758505036360198,0.8703615467535043,27146.606318028804,24082.128740463195,1.0001136009984388,0.0033119531582880782,0.002951875779686248
phi_icar[710],0.005370714401166704,0.41465474255777407,-0.655545244466482,0.6685344238293931,18456.989963342316,21262.956486261315,1.0001701684055873,0.0030520156923809576,0.0021383677283565846
phi_icar[711],0.004461136992640233,0.5459575729573297,-0.8694616330838826,0.8815936434821466,24527.732112405396,23378.372418399988,1.0000982813900077,0.003485967431668642,0.002839961897071922
phi_icar[712],0.007801363741800089,0.4302367658811078,-0.6779639839400572,0.7008110325858276,22823.79362428448,22818.018999993277,1.0001630040239677,0.0028483424776285238,0.0023394333013114677
phi_icar[713],-0.008371737762710541,0.4253725096062645,-0.680822270687043,0.6682880822256092,22324.00324598364,22874.44076518617,1.0000163802339839,0.0028461931075546435,0.0022759360923882465
phi_icar[714],0.01180265643974235,0.3950813390122865,-0.6207256038464678,0.6443135766080054,17741.648654097622,21218.947530876754,1.0001372437624958,0.002966105487187914,0.0020413218759564315
phi_icar[715],0.004514078957091801,0.3990029429925509,-0.6333022719135899,0.6352111388843136,21762.67765554453,22494.128092400526,1.0000078482619605,0.0027049594994333456,0.002099373530635472
phi_icar[716],0.01629393756664346,0.5510285190816405,-0.865579921881347,0.8922163770941615,25498.594985623775,23618.133887542084,1.000020914294355,0.0034503910228557647,0.002904706554370065
phi_icar[717],-0.0050976391510538024,0.45805886376009936,-0.736732984156699,0.7300184677411127,25108.599089977386,23210.160972417252,1.0000325179755933,0.002890688064882087,0.002389817715999419
phi_icar[718],-0.004014114354492317,0.4908772856518009,-0.785802349448864,0.782419349554117,25251.30638215081,22466.001612529344,1.0001283608366611,0.0030891068321943767,0.002650538059198423
phi_icar[719],0.04810496530243608,0.5488913698558974,-0.8290214045876557,0.925057231504625,23576.680684269446,22703.00060567075,1.0000045589514044,0.003573724536761369,0.003052407036704089
phi_icar[720],0.03291766291250967,0.5001083846102103,-0.7714814791493889,0.8309602202134415,23164.103224901053,21970.30753044749,1.0001327147943562,0.0032859902838135568,0.002612845454455827
phi_icar[721],-0.009251473081842423,0.3776399354638006,-0.6080512529246508,0.5945484101020518,16814.717412053902,20667.084500013414,1.0000813273892057,0.002912614269636025,0.0019703931606125246
phi_icar[722],0.003543382655195901,0.4290690644080343,-0.6829454663808006,0.6900501571586233,20387.722405554454,20658.149781361102,1.0001375621534156,0.003005105343198108,0.0022507241579796645
phi_icar[723],-0.0009806648386231178,0.4240745411396126,-0.675939648101548,0.6760166301485386,23432.529140957406,21934.138998164355,1.0000242246466584,0.0027697988758078563,0.002260434414674883
phi_icar[724],0.010001218589755891,0.3609836850471164,-0.5668451324113736,0.586649668737729,17177.50675725232,20418.843348993843,1.0001037711967609,0.0027553659932617394,0.001844624469453204
phi_icar[725],0.005653225193902728,0.49206060080224984,-0.7788850441348987,0.7880047939026983,23939.14322145917,22616.631275295746,1.0004205957991739,0.003180497731731412,0.002598030022603349
phi_icar[726],-0.0017976987285302666,0.42607437764861056,-0.6841414532444479,0.6795869179192671,22641.889694119134,22366.76444652437,1.00003325031581,0.002831895272758308,0.0022486191030490587
phi_icar[727],-0.001557022903550332,0.42705225569038185,-0.681954406391095,0.6808246001368555,22587.3695820291,21936.77566596959,1.0001118656945591,0.002842346259298517,0.0022238968672639594
phi_icar[728],-0.000782512355027148,0.35731028581660257,-0.5665358639150789,0.5741832360599759,18749.14791152486,21600.250610950075,1.0001434464221732,0.0026100075024593256,0.001876029980346998
phi_icar[729],-0.0038718367366359823,0.40623675905592876,-0.6516920163366582,0.6487735550946174,21804.450232288746,23187.380086209974,1.0002933757034327,0.002751620339764996,0.0021240380420285442
phi_icar[730],0.006186541501025207,0.5146833786191951,-0.8204300212283049,0.8226318337612838,23216.976503432143,23935.262032799183,1.0000419706652492,0.0033785612668275514,0.0027348716962932074
phi_icar[731],0.0034183024067385675,0.41945729927533093,-0.6647453973676781,0.6703791036969535,23924.44990693708,23431.985855754105,1.0000859214540545,0.002712054513917558,0.002171484304051237
phi_icar[732],0.006336679591367549,0.3944609469622703,-0.6215810304507775,0.6357872651628291,22884.886252610253,22536.854486501587,1.0001297120259671,0.0026077191019804125,0.002010967291003421
phi_icar[733],-0.0069562535594324,0.5465229272523422,-0.8820992783363497,0.8630023165266524,26081.58389673622,24684.6920772052,1.0003318332549416,0.0033853813292135148,0.002946538891558584
phi_icar[734],0.0011910027695549773,0.3425004081713513,-0.545033453513735,0.5503063375529224,22235.106104242317,22625.897178655145,1.000173614424392,0.0022972685562033623,0.0018025020841449786
phi_icar[735],0.002478302594417562,0.4460947702603396,-0.7112073576759427,0.7115531684054907,19682.006044050395,22787.399594307542,1.000138088948066,0.0031817735712182374,0.0022985949071977737
phi_icar[736],-0.001267210221077242,0.3856552945496878,-0.6138557125077067,0.6162722500082751,21754.681808575384,22659.098420159928,1.000082831078605,0.0026149425943141637,0.0019873735697105415
phi_icar[737],0.011734803252395613,0.6384567751763086,-1.004850630808288,1.0274920875739448,26927.711578434624,23949.55721734163,1.000091507584738,0.0038895917029874373,0.0033844768509258597
phi_icar[738],-0.0077916702996836396,0.47174529519296554,-0.7608415723748957,0.7487950997851838,23402.390708550985,22580.72815180502,1.0001107330963546,0.0030836936006329477,0.002472273455622615
phi_icar[739],-0.0028067061062768905,0.6257273842293432,-0.9961341782357535,1.0012583929187109,28336.409324793236,24225.461957412957,1.0000205003889333,0.0037168227021291893,0.003328361461786292
phi_icar[740],-0.0004526502873071454,0.4018020183830244,-0.6494375324202787,0.6423657333959691,23960.144011024742,23077.84869549213,1.0001542184318553,0.0025956702361402476,0.002114027798637424
phi_icar[741],-0.0026855741277372704,0.4406122819498659,-0.7021234823283108,0.7056334591039838,22577.327115848748,22445.8483224042,1.0001051134421624,0.00293268516336322,0.0022270923745555593
phi_icar[742],-0.0004132131451912056,0.625054951415414,-0.9981070330246278,1.0086361332323193,29186.97973302531,23092.039420287685,1.0000105683304044,0.0036590560864766305,0.0034215647810501124
phi_icar[743],0.0017025203057049055,0.4983381151107411,-0.79240171483849,0.795322504700906,26550.96204670172,24449.01922497402,1.0000391145617156,0.003058881912663678,0.002624297772429823
phi_icar[744],0.0015104438097366052,0.3915951464846112,-0.62277782479105,0.6332489647523631,19172.29080830726,22350.469373099266,1.0002366089872563,0.0028280731666528143,0.002030459191837348
phi_icar[745],-0.0018891498257478968,0.45321297305871167,-0.7235145931440633,0.7258167505392531,25591.32914110041,24016.494744857308,1.0000520107433484,0.0028330958837836373,0.002379350075402312
phi_icar[746],-0.003420162567268565,0.3798491101063791,-0.6091113214221302,0.6030135569385456,22268.658178602007,22907.121878959897,1.0001116321104753,0.0025467338914079594,0.0020677150325871113
phi_icar[747],-0.003733437020731896,0.3809532631098112,-0.6105479550317178,0.6055394167981415,21860.896405541185,21624.438282192506,1.000149382660728,0.0025763946214963267,0.002019406634004578
phi_icar[748],-0.0037123818568462804,0.43402117315412175,-0.6985552350887866,0.695281430450004,21708.365028337073,23167.263826455925,1.0004276706324746,0.002946541595866041,0.0022032598490846927
phi_icar[749],0.0017565374516243383,0.3942008453874166,-0.6208225336146573,0.6356670438088431,25026.37842634538,23276.55312489917,1.000196058748757,0.0024925207896351427,0.0021127561713972245
phi_icar[750],0.0026892552232882627,0.3992381297494547,-0.6353439182242643,0.6365998596983848,24242.11783384126,23568.611857287582,1.000057042212979,0.002564396038870872,0.0020916475797435547
phi_icar[751],-0.002979964681861072,0.3992245491944358,-0.6405314081673309,0.6338718251774664,21766.803557393312,22785.880377249247,1.0000952870865822,0.0027043697363142833,0.002044179524313018
phi_icar[752],0.006960579929896375,0.46808282782301847,-0.7381744520099642,0.754986150129039,21847.202508734437,21933.02090093873,1.0000268463213,0.003166496875475032,0.0024145572631419578
phi_icar[753],0.003578270173240668,0.4583171418866199,-0.7343580934082345,0.7347310106588981,23657.33739239535,23580.116490695105,1.0001505703037068,0.002979523441870368,0.0023069495074618013
phi_icar[754],-0.006229958766241914,0.4275200505451948,-0.6908095080330963,0.677498110666085,22970.037476387733,23856.180627793907,0.9999933119141258,0.0028202051874211343,0.0022560628392424968
phi_icar[755],0.004244081854317354,0.4669239446671716,-0.7489207736041038,0.7547533795565727,22143.369308284204,22255.391179005983,1.0001414917919869,0.003138429750850825,0.0024217748763705146
phi_icar[756],-0.006862175711540736,0.546413617150197,-0.8816663484996882,0.8686145922187195,29456.159876224185,24390.36372359234,1.0001437807813054,0.0031833285198046893,0.002990190601899228
phi_icar[757],-0.0013183396116249954,0.4540816869298947,-0.7281929409852896,0.7274513186509447,24435.13008685685,22177.152008024907,1.0002458829273742,0.002905541781884983,0.0024729685036069295
phi_icar[758],4.842811722862006e-05,0.49341116397532087,-0.788759836756026,0.7883777440100734,25982.695796144857,23818.600630082037,1.000133925342527,0.003062758125227645,0.0025435874236877007
phi_icar[759],0.003132395680915855,0.4642444022157271,-0.7417347413223012,0.7456736053078301,22899.55112437902,22285.847527746086,1.000303953950912,0.003068615707317577,0.0025363118039149223
phi_icar[760],0.0022507183960197093,0.4926094216491024,-0.7895782769683787,0.7810604531036446,28870.282310845494,24485.86536690416,1.000085051064329,0.002897879692757542,0.002702044248883345
phi_icar[761],0.0017459185661380951,0.4004286860454295,-0.6374781180177245,0.6458346504094481,22970.186732893144,22115.660806225456,1.0000414343709714,0.0026425049451175423,0.0021288882530472652
phi_icar[762],0.006261672970051418,0.4316272761386283,-0.681555374784943,0.6948550214263373,23377.526480806962,22996.26759983372,0.9999994140532636,0.0028235269586775543,0.002244263722215056
phi_icar[763],0.001437083457874559,0.40180502383201055,-0.6425136924987817,0.6452248853059516,23721.56925093099,22021.701326690236,1.0001795989627962,0.0026085145362105496,0.002185220582515174
phi_icar[764],0.007613005482196652,0.4277556254030553,-0.6822319239266318,0.6885498076411988,22673.67507451438,21230.520579180164,1.000075282975222,0.002840108036921907,0.0022479838777060344
phi_icar[765],-0.008009379062572094,0.42255425112300715,-0.6810180364582836,0.6729081730872092,24212.24042641972,23307.170973323275,1.0000152137719998,0.002715888254108979,0.002234984017440618
phi_icar[766],0.007123429114986199,0.42171133562584084,-0.6697584019661291,0.6753678260831849,23255.05006423858,22574.623579651405,1.0001717704579554,0.0027643399675469815,0.0021828686362518504
phi_icar[767],0.005560564134112097,0.4954082440184632,-0.7871094179650876,0.7892927837914797,25115.56897819054,23590.408065623607,1.000271420845527,0.003125602670974266,0.002714933639493575
phi_icar[768],0.006549365777456367,0.36170759339398223,-0.5683412802029036,0.5848947500227213,20995.243596236898,22335.311101428375,1.0000080628531696,0.0024964415457631064,0.0019195126316049389
phi_icar[769],0.005072170585508049,0.3199407459840327,-0.5087375891510797,0.5163786209175547,21871.545982456926,21966.862477448067,1.00019015250744,0.002163606979397458,0.0016643867590883112
phi_icar[770],0.005891307571274791,0.5405390182780805,-0.8604246902565048,0.8745510866332032,28172.082996281908,23443.499842358156,1.0000373529860873,0.0032204451151394992,0.0029532014559392767
phi_icar[771],0.0017888940581762933,0.4894203138266418,-0.7807224537677577,0.7786900487219294,28508.66982517168,24229.811804675828,1.000301090849389,0.0028981238993904816,0.0026282589638803593
phi_icar[772],0.007286457460055949,0.42103773515832393,-0.6646189501478522,0.6781184715107661,24440.54747190701,23566.46696855994,1.0002263885051559,0.0026938430372305676,0.002215445178476462
phi_icar[773],0.005985583794287013,0.383128110067732,-0.6123720969132482,0.6121525941952008,21576.388916198088,22632.787376396434,1.0001306762742936,0.002607755597130764,0.002018191332276199
theta_iid[0],0.009273227535473395,0.9957245467900594,-1.5808410713332208,1.5954384711938963,56345.57910157218,23992.926308445018,1.00002818883654,0.004194050644527359,0.006248793190676109
theta_iid[1],0.03543911252244365,0.9779960474095054,-1.5299431890987651,1.5965150066945215,56531.167119391175,25344.95859441002,1.0000318681065543,0.004113821674886923,0.0058916875719205305
theta_iid[2],-0.021689700991772747,1.000507308899652,-1.62622474695885,1.5768580342149277,56233.224391958676,24201.565210217002,1.00019750158152,0.004219491302090994,0.006455432286890185
theta_iid[3],-0.02111594762428379,0.9900931717216827,-1.610053611219531,1.559429108445685,54599.79580112961,23411.211874065604,1.0000266024864075,0.0042369168044084455,0.006140247874734366
theta_iid[4],-0.00900920037570798,1.0057637824184908,-1.6208264974642057,1.6040445202693563,54782.41386654237,24355.60435099692,1.0002034834191025,0.004297516545898115,0.006342269385455119
theta_iid[5],0.0017361006541732834,0.9902516884405648,-1.5766987817244915,1.576782053185032,54194.703785200705,24706.453989560483,1.0000333726304005,0.004252234832696656,0.006247026727198829
theta_iid[6],-0.0035559504194335964,0.988908180884294,-1.5855649208335603,1.5705531311015826,57157.22964428883,25197.344744638664,0.9999175786586664,0.0041342973552144025,0.006091269882240167
theta_iid[7],0.0012188568846578727,1.000063482627188,-1.593459163852898,1.5994449621111835,58256.92640045541,24029.123347825003,1.0000692197822438,0.004144891350966639,0.006246173828744662
theta_iid[8],0.006627601562394647,0.9952252613763924,-1.5816849284234347,1.5891120166129975,55331.28475311521,24954.483017551447,1.000311587035843,0.00423008621051309,0.006120883129815281
theta_iid[9],-0.011966325532462133,0.9976064807783437,-1.612119214609741,1.5872789596445973,53802.89730997029,23563.26348466237,1.000016311957538,0.004300484713520178,0.006015101242652344
theta_iid[10],0.0058328889775009175,0.9880049760620285,-1.5622158662641241,1.5754943791159775,51052.309040501794,23506.0355378692,1.0001214521045216,0.0043745430486550494,0.006499389754172804
theta_iid[11],0.005478472537955278,0.9938174436402522,-1.594643414583265,1.5879536647863628,54902.702540246246,25208.51090726074,1.000384079974758,0.004244014124150673,0.006412193769789456
theta_iid[12],-0.0032759027211645996,0.9962709379764647,-1.5916801973538157,1.5863929509111956,54870.926245017705,25168.462689929125,1.0000623712722765,0.004253293224772966,0.006138705977312322
theta_iid[13],-0.000967401721050162,1.0063097702508106,-1.6219077796367372,1.6145767337190273,56456.116210871056,24987.267298531482,1.0002629445748261,0.004237068883421121,0.006311830082032944
theta_iid[14],0.0028634630439990706,0.9848402116447491,-1.5688574572129108,1.5797392132052377,55061.988076673064,26329.27229494035,0.9999731279490364,0.004196656841565222,0.0059313655823585365
theta_iid[15],0.0029795831189933027,0.9892485654014302,-1.5896924189960833,1.5895038417855247,54896.43611606138,24541.22533119002,0.9999152576672673,0.004223036184619662,0.006053668981015769
theta_iid[16],-0.0011724801653214783,0.9935186773920573,-1.5946152015378503,1.5739183236781111,53000.75286486335,24522.001961523318,1.0002030195329277,0.00431678311781764,0.00646041352079977
theta_iid[17],-0.00433932031048361,0.9931994317786964,-1.593164482333221,1.5985793933366597,56354.774670304,25277.26205103028,1.0004405658811253,0.004183122505783282,0.006119234920539979
theta_iid[18],-0.0034734417111456457,1.0023296078013355,-1.5996092781833162,1.5940135275111522,55289.336429340954,23541.590988289816,0.9999764216123086,0.004263077923992047,0.006284028993608247
theta_iid[19],-0.006075012391206794,0.9988337522857443,-1.60414679133435,1.5947891660082063,56066.595827230936,23957.488418237182,1.0001758938806407,0.004218296003833829,0.006498376615389619
theta_iid[20],-0.008772848504774411,1.0048539475348581,-1.6115076465212672,1.6075653739873241,56423.21154918479,23293.346101575313,1.0001999502226995,0.004234433125517823,0.006262301945211192
theta_iid[21],3.9079690492892284e-05,0.9983411091145816,-1.590908641771749,1.598614578670615,57035.540832828614,24671.15591335547,1.0000327117496834,0.004181771768819035,0.006124415019759067
theta_iid[22],-0.00480119310186269,1.0081384977552088,-1.6122223691842452,1.5999488320608455,56197.9662960811,24514.033628556237,1.0000508681283626,0.004254051517503381,0.006446509674472931
theta_iid[23],-0.00012071721383249678,0.9917823085475194,-1.5829261932995735,1.5861483782570334,54461.60329212436,24685.17664040122,1.0001087523089227,0.004250000599307446,0.006033252531992226
theta_iid[24],-0.004950757456087623,1.0013147774949664,-1.6022744881011393,1.6054332061251126,56882.909396489486,24936.323820315276,1.0000814922129777,0.004199037917580523,0.006366883897354227
theta_iid[25],0.0031371937924263536,1.006450161651224,-1.6058872354548317,1.598279743907802,54814.083628915585,24954.275388231184,1.0000787276812741,0.004298051220240213,0.006490408668883733
theta_iid[26],0.006876883465420347,1.0019861712506875,-1.592299806049414,1.6100683500469146,53850.28084561151,24184.78315958825,1.0000465219471162,0.004318616246781512,0.006581992560331826
theta_iid[27],-0.005616191387457658,1.0000484003725791,-1.6031280122830855,1.5857372412589479,56741.49376164801,24453.459794263897,1.0000730472463522,0.004200465288472631,0.006207208185114774
theta_iid[28],-0.00986202053413574,1.0005488780686849,-1.6014750221957545,1.6035808222976387,56271.31217804795,24020.91710345243,1.000356074862309,0.004220344802565223,0.0063134001215268245
theta_iid[29],-0.0007671830018550443,0.9974175292914742,-1.5852410084415698,1.5958182623870245,57231.05128486351,24747.32633634543,1.0000741216234605,0.004169027734845719,0.0061517097648593885
theta_iid[30],0.0033752661953376896,0.9929224835123184,-1.567469651034577,1.6030884147692983,53815.79244713434,24965.01247927968,1.00030130198978,0.004282067739278326,0.006112079229988383
theta_iid[31],-0.0014641620404858462,0.9929316460275595,-1.5775639834361244,1.5885426377746317,54484.90790038545,24324.30975907972,1.000102234189202,0.004254383273432995,0.006151814959262646
theta_iid[32],0.006564096117610948,0.9907300936514915,-1.5641815640476444,1.5926809117311178,57887.65238605898,25573.73703509297,0.9999904482946214,0.004117407228803497,0.006319359851624004
theta_iid[33],0.0023096082571687866,0.9987941104516634,-1.5941514626660085,1.5967839054295931,57856.055378519086,25541.91336702196,1.0000795712144008,0.004152259895225805,0.006091520527287524
theta_iid[34],-0.005071383584016823,0.9933919155237976,-1.588254721283254,1.6039006893153034,56950.40439108204,23729.399112727715,0.9999952325963969,0.004163966210400319,0.00627877909370628
theta_iid[35],0.0017358719592145185,1.0025262039317742,-1.5906714263479231,1.605412384005539,56535.83486022552,24122.220045026363,1.0000665013456873,0.004213518252483804,0.006721367419086221
theta_iid[36],0.03657454362351513,0.9876177801184911,-1.5445795036530547,1.6129585614606785,54574.53648317475,23972.133598945213,1.0001093930943625,0.004228955200051661,0.006150927564012747
theta_iid[37],0.001203256312977571,1.0026965145274602,-1.6108260550023654,1.596977005386976,56562.3841416809,24200.710926074575,1.0006684908511148,0.004214969710199604,0.006479613027538489
theta_iid[38],-0.008883819886994274,1.0032901846874844,-1.620498855401789,1.5931193141786744,58141.74580658934,24119.188963227898,1.0002114149892052,0.004161563930254771,0.00643180829698424
theta_iid[39],0.013356832449167123,0.9987434607805268,-1.5893438785451184,1.6086537655763127,57223.7368201539,24608.784639523965,1.0001589145703478,0.004172793695859963,0.006200813746728405
theta_iid[40],0.0007605774675876989,1.0108402197671835,-1.6059925540592601,1.6180589533903298,55392.75067700797,24322.98906683715,1.0001747105909906,0.004296209324700505,0.006317780003362372
theta_iid[41],0.006728832519259319,1.0071547051095473,-1.6115423866756606,1.6404349121646489,58295.51779261332,24536.43733505332,1.0001693756601229,0.004170235692921773,0.00626370334682605
theta_iid[42],-0.013799236084218324,1.0117546859904865,-1.6352441706275724,1.615398515341239,56909.2968539869,23635.346506278434,1.0003253258514984,0.004239852968069952,0.006436508918690045
theta_iid[43],-0.00012442569684518556,1.0104794184438988,-1.6163565640411217,1.6157679645729843,54432.872449482755,24334.951121509264,1.0002700833859672,0.004330215350702771,0.0065307218984786974
theta_iid[44],-0.008094351866050347,1.014000402990151,-1.6363270605685274,1.6067578627711823,57444.461731890944,22053.884823173525,1.000222705341384,0.0042321118788443985,0.006680956722667453
theta_iid[45],0.0190485035919887,0.9982271232544548,-1.5759149046306669,1.5991592146294331,55583.9615606584,24385.010195919727,1.0002506933896855,0.004232063324762323,0.006285449374725983
theta_iid[46],-0.002371500045272618,0.9976007662954742,-1.6048132498052274,1.5867711217992009,53500.14025745416,24152.055077214245,1.000146006323012,0.004313849974891152,0.00633741612943425
theta_iid[47],0.0020522777897345225,1.009508633733893,-1.5997295193268046,1.6305162842757954,55012.74133847057,24339.821935167725,1.000116458281573,0.004304361329271427,0.006098831311055518
theta_iid[48],-0.0031600556874450863,1.0089697604774592,-1.6157249119151467,1.6138035385545775,51532.07641193735,23811.070788760077,1.0000977355698517,0.004445207117610866,0.006422066178130085
theta_iid[49],-0.00700484142196888,0.992426896525559,-1.597191536416006,1.5692534635897735,54889.652549664235,24465.003986909727,1.0000816409655398,0.004235721960319794,0.006345546217317696
theta_iid[50],0.011892213884937703,0.9988739418694383,-1.5969447278658504,1.6065001558843306,57046.8965973107,24762.42804180497,1.000302060481709,0.004182963381973556,0.006143971999114205
theta_iid[51],-0.0021614617594858344,1.0060657101502857,-1.6149005882407617,1.602309217007296,55249.01781568767,23458.41363550623,1.0002045639482517,0.004279946695323017,0.006551579587294068
theta_iid[52],0.010106027244835076,1.0042553658083035,-1.5877708242797295,1.6201309310522916,56845.30595870547,22784.770808094192,1.0001054860639529,0.004214231931524815,0.006349784515187348
theta_iid[53],0.004782683641162789,0.9985879819065375,-1.5955261695415253,1.6015137271020596,54726.54576783925,23857.457949846597,1.00009993670664,0.0042686047070584435,0.006326596744423568
theta_iid[54],0.017419243617242116,1.0109357373275134,-1.6040631612588228,1.613986771600794,53914.815806356724,25125.049544840538,1.000096862369973,0.004354737372181772,0.00617641025838986
theta_iid[55],0.007778306194798342,0.9990667963724129,-1.583413792828221,1.6067729245981859,52436.51079037515,24877.731181533407,0.9999187745805306,0.004363187266764214,0.006067322929632098
theta_iid[56],-0.0021179429472545246,0.9948131257944633,-1.5917620221221214,1.5807046244748748,56932.68921662816,23959.737851933998,1.0000774032974065,0.004168727169791181,0.006290388750742908
theta_iid[57],-0.004328384307249082,1.0047505859336945,-1.597952265548075,1.5871983091291004,56711.82253213021,23434.781980095966,1.000097837453948,0.00422003360241851,0.006406162505667535
theta_iid[58],0.004259380881037172,1.0086419252191798,-1.6124169459577553,1.6070277099056676,53747.33370681704,25112.413274456838,1.0001143100703103,0.004350814152943969,0.0063187144882259835
theta_iid[59],-0.007525530909025703,0.9985881939306535,-1.600747772583479,1.605748070922176,54056.79067535131,24045.820247619038,1.0002432976192899,0.004295474570559595,0.006317909186853821
theta_iid[60],0.007078550938065387,1.010164074550505,-1.5982868358452496,1.6402189552986355,55456.19865473971,24348.719087585418,1.0003100334081398,0.004289373792871631,0.0064054689415432116
theta_iid[61],-0.005152307417490246,1.001407706656796,-1.6055803848021521,1.5890011600442167,57293.95865824603,24309.694310959167,1.0003434014403196,0.00418140153569184,0.006480373301609808
theta_iid[62],0.009542685711824163,1.0129075782101509,-1.601377619850292,1.624264204307055,55623.26228965417,23685.885379131505,1.0005713276894526,0.004293763804247002,0.006281909912948252
theta_iid[63],-0.0024367814532710833,1.001637801571302,-1.6060628986815397,1.6096628891349263,55859.82207587208,25177.597866442375,1.0001007004374856,0.004240757102096983,0.006062190319594795
theta_iid[64],0.0005209839592871584,0.9999762453650952,-1.583807102688882,1.6123795758375403,51183.91798695174,23758.527462699152,1.0000191079446112,0.004420944881692408,0.006397809105062742
theta_iid[65],-0.007230793469801464,0.9978849399357083,-1.6071780633539667,1.589237490787787,53894.590773376745,24917.085654281316,0.9999683120912056,0.004296974201490754,0.006174322720541454
theta_iid[66],0.004913909025892389,1.0067730082464594,-1.608924189506184,1.620895964735104,53818.194207616536,24075.11581049468,1.000115613800461,0.00434178685093571,0.006242835757892924
theta_iid[67],0.00990063060196308,1.0073984076701041,-1.6031894752979245,1.6275228423920876,55645.6902575606,24285.261269878694,1.0002115787346304,0.004268669239167338,0.006275360129583285
theta_iid[68],-0.019011949635498765,1.0127601012435883,-1.6480590133886444,1.6073069425246078,56481.43042413765,24208.80231277273,1.000250696215207,0.004262471397533769,0.006115709431027415
theta_iid[69],-0.011238664593289817,1.016009323786455,-1.6127453977677038,1.6063246071238073,54448.082109562354,24636.370043779927,1.0001676376956548,0.004355698076024021,0.006449073165898855
theta_iid[70],0.020552076953927047,1.0163179086396181,-1.602994963802495,1.6663166909914566,56212.09087896871,25223.736639158375,1.0000297080008278,0.004289170407793181,0.005991864800292845
theta_iid[71],0.04820881368707414,1.0075721138008606,-1.5719776095238653,1.6673344468514422,53718.1887378836,25346.19725525426,1.000194907340233,0.004347927530648618,0.006244223753458657
theta_iid[72],-0.008831732391172064,1.0075653988580673,-1.6231007570472558,1.6013847356551036,56553.17620265442,24488.8268980313,1.0001442616408658,0.004235988515787703,0.006240277110936676
theta_iid[73],0.017408694672225375,1.0088920666835337,-1.6010048980717235,1.639474106021282,54463.52660795687,24305.693850677344,1.0001845865587324,0.004323050519464031,0.006124584581386993
theta_iid[74],-0.004693583199169108,1.0076331188112808,-1.6166369284561517,1.6223187558451462,57319.599316405685,24229.07806971784,1.000429384708712,0.004208874164082202,0.0063627072269974196
theta_iid[75],0.014699395403528676,1.0133008237368122,-1.6031283821801803,1.6391001183250686,55160.10843101372,24673.984997380256,1.0001742124689585,0.00431144654512806,0.006391303873355791
theta_iid[76],-0.00139114560120731,0.9952652638263403,-1.5969796825597906,1.580637574307183,57528.84552884348,24831.666800667295,1.0002257870236615,0.004151879135698541,0.006006448101842709
theta_iid[77],-0.004803740412148377,0.9864144501622903,-1.5744266896456844,1.588725921442097,56876.145540925216,23929.393881905453,0.999997149732439,0.0041372860635048945,0.005994502781965875
theta_iid[78],-0.030350976340662073,1.0158856671923675,-1.6422113703556036,1.6031731130907398,54975.74031176865,23872.52553524485,1.0000906815870554,0.004334564207769799,0.006385476255073886
theta_iid[79],-0.008758644841892019,1.014675341483009,-1.6233702484537187,1.614116814115343,58012.403590012174,23519.824559673383,1.0000994830015273,0.004213305647121668,0.006578752853352398
theta_iid[80],-0.00892384402365683,1.0075695441506265,-1.6001903540376239,1.606360753342762,52235.022563113496,23929.432531326835,1.0002766150026585,0.0044092136563589224,0.0064432014395059125
theta_iid[81],-0.011942822273431134,0.998074928931762,-1.604634543432813,1.5844322709615202,55336.075625671474,24433.913175746016,1.0002606733195996,0.004249422849493926,0.006388860818151689
theta_iid[82],-0.005415658113775413,1.0078682487375878,-1.6098740300901992,1.598875647895931,56716.47526272221,24778.490099700575,1.0002095525254557,0.004232916412804701,0.006454112791578351
theta_iid[83],-0.005712416598031412,1.0068587293502436,-1.6061212585246765,1.6047320911331835,55954.80125578126,24383.330848347698,0.999961972359904,0.004255491244705333,0.006451150841466013
theta_iid[84],0.018992662831844746,1.015146183072724,-1.6019631921878277,1.6433666369614073,52736.30179363766,24590.472126606393,1.0000670244400458,0.0044209229019181945,0.006425846138281767
theta_iid[85],-0.0060456092149612575,1.0006281773847556,-1.6087630523157184,1.5945529538362593,54895.12001968288,24057.781178279165,0.9999665371686361,0.004271879930750803,0.006463288280673325
theta_iid[86],-0.017325311952885065,0.9987167884047725,-1.6084190554688271,1.5837788760919265,58104.59779939504,24063.25830972547,1.0002347238132088,0.004144398530076889,0.0063948179539456175
theta_iid[87],0.006275946102552303,1.0063597907172634,-1.6048910195954167,1.632154570430504,51789.780198734734,25142.105540769437,1.0000955603343573,0.004421663753192519,0.006212263554499535
theta_iid[88],0.00418113879693234,1.0062652270280725,-1.5992183608454926,1.6204045957600401,53932.6855433473,25079.036969125296,1.0001092177475137,0.004336156863387827,0.006231818972938158
theta_iid[89],0.005279195197531369,1.0080996683204109,-1.6006260667342678,1.6185235588286022,57625.755776630765,23532.990557678564,0.999962759250197,0.004199689960627787,0.006310995234618784
theta_iid[90],0.00953941292649904,0.9934712616044611,-1.577949358692649,1.6059721848603068,54735.907716147,23948.929170561958,1.0001560323728573,0.004247339394051503,0.006229980643522922
theta_iid[91],0.023308954625441955,0.9912073714799449,-1.5569487043252106,1.6091280376125645,53206.051293525095,24492.80521798708,1.0004229380302307,0.004297321667712688,0.006215562114919188
theta_iid[92],0.004575707349623964,0.9986280474908733,-1.5928246007807225,1.6017881816262793,51576.67254140699,24384.69298635289,1.0004593514976734,0.004397508658336529,0.006236824278211695
theta_iid[93],0.0010683884001544191,0.9886286536092208,-1.5753195953462458,1.5827173782191064,53928.26948424951,24528.68792445572,1.0001485340759837,0.004257721409269967,0.006135598425336148
theta_iid[94],-0.010151217979448016,0.9966172560633823,-1.6092447511069279,1.597373210304226,56361.53893154189,25281.191557491482,1.0000147348346733,0.004198263279403766,0.006282107691435173
theta_iid[95],-0.0008280734749124788,0.9970454907370533,-1.5887736109890283,1.5877705916583036,57514.804683861716,24774.284961101912,1.0002302414799389,0.004160563307233484,0.0063182132627950666
theta_iid[96],-0.01306839285561753,0.9951888168024656,-1.5928572502818523,1.5864771738109193,54857.974448158835,24586.38119066865,1.0000261254003793,0.004248838447518497,0.006158596161682005
theta_iid[97],-0.002617877609104133,0.9958955232517049,-1.6075808358838932,1.589211391604142,57165.440879620386,25259.30590407656,0.9999744849729909,0.004164250700086167,0.006138685557852675
theta_iid[98],-0.012120144276951225,1.001429807902388,-1.6040485304820753,1.6020928157592724,56564.77431681062,24654.770186404094,1.0001564094299678,0.004210445859820262,0.006292794016372016
theta_iid[99],-0.009893968930011682,0.9886843733570028,-1.5987043977855644,1.5754116036625163,54069.078469614426,24333.506000821297,1.000545828674807,0.004252622414003619,0.0064290306956667626
theta_iid[100],-0.0024582537193373623,0.9976104086605692,-1.6123723004125483,1.5910441992249098,59493.463467837246,23556.410414926533,1.000055317068247,0.0040888309516348776,0.006230660592588669
theta_iid[101],0.002535169012281905,0.9963005737834492,-1.5970635312448351,1.6049603757754076,57014.09566428908,24676.023682345072,1.0002594554283575,0.004172986309305886,0.0063086015299890245
theta_iid[102],0.001049266128121253,0.9942780515590638,-1.595496315882007,1.585697871528458,53307.12982021788,23840.867538519513,1.0001123594860124,0.004304900567926331,0.006495160986395137
theta_iid[103],-0.013929302175900687,0.9883401760584805,-1.5848921633872186,1.5688094054960247,56525.94134345279,25179.59398979662,1.0000803039817718,0.00415740238757712,0.0060767093205800786
theta_iid[104],0.0023713223310061755,0.9933178158672357,-1.5809672767475311,1.593693772580926,56396.25219511283,23804.452817539317,0.999979032629787,0.0041835318745088,0.006442958620271451
theta_iid[105],0.004769229305683974,0.9944915293457506,-1.6041206788454438,1.593026707270015,53374.3386062,24055.7317779974,1.0000151755645303,0.004303994093070703,0.006190113173949545
theta_iid[106],0.014178582026992253,0.9937563662955696,-1.5757183796847694,1.598265703653141,57097.4386465255,24213.426004351768,1.000355266311029,0.004159449131047274,0.006466494367309903
theta_iid[107],0.016230854556651495,1.0025567533204278,-1.5800515478346384,1.6008854472156144,52300.40290952701,23887.97100790443,0.9999746207887803,0.004381657048211267,0.006620719560472224
theta_iid[108],2.1724163607061974e-06,1.0018115625195394,-1.6087888861533963,1.592095167642382,54347.55284466548,24020.456454070638,1.0000093932395175,0.004297396249618146,0.006308378193985042
theta_iid[109],-0.0026199608883113335,0.9901191285181348,-1.5948347913094294,1.5805469315229312,54711.05044400474,24922.285137800285,1.0000149055244774,0.00423214658030114,0.006271134002688211
theta_iid[110],-0.011811801953497732,1.004360068815827,-1.6168483352605088,1.5949715808627807,56731.16977994375,25247.70336738038,1.0000566401605027,0.004216592682720482,0.006184550338480411
theta_iid[111],-0.009184097435934633,1.0087896893740917,-1.6163188738767138,1.6054903703772814,56134.4639680224,24782.087662981852,1.0001344790168243,0.004257816763019712,0.006303762723627609
theta_iid[112],0.009963618303920499,1.0011689674635373,-1.5902000453032195,1.6077912106396761,56357.177081200934,23666.476335385993,0.9999724130685665,0.004217581440659829,0.00643320534055312
theta_iid[113],-0.0035963631121372947,1.0105769300088838,-1.6055407621433588,1.6046002552918806,57613.20993336342,23741.48897284929,1.000274964732649,0.004210933101065464,0.006220471434153746
theta_iid[114],0.0067969625775975125,0.9772194837097705,-1.5570628196975242,1.5653644076147688,55439.93523338358,23164.38500039838,0.9999971340214648,0.004148643416391706,0.006426798078360155
theta_iid[115],-0.008572599902084558,0.9911023322377606,-1.587570505546665,1.5842971048514238,54372.26765431495,25445.458425697314,1.000436009582823,0.004250659697589805,0.006071153082426625
theta_iid[116],-0.023933749236777678,0.9939966135347124,-1.605449313802084,1.5681009608198817,55658.33853581279,26172.253062727526,1.000025544767318,0.00421281734344831,0.006050882358091214
theta_iid[117],0.03818209320960186,0.980145262414744,-1.5239834347067374,1.6099558301877483,54416.59568113556,24800.344308723823,1.0001091032173568,0.004202795152627397,0.006152431400897124
theta_iid[118],-0.009207574360615683,1.0036098188886209,-1.6186758388087088,1.598607885997802,52375.933014984934,25301.58184378288,1.000170707550911,0.004384770610244305,0.005881353637039775
theta_iid[119],0.0076224881541979385,1.0006968695703815,-1.5907943395833306,1.595897313823957,52735.0780224456,23832.431408540422,1.0001748514394202,0.004357172383592964,0.006547971230172163
theta_iid[120],0.004516954777094053,1.0096432533946267,-1.6057616783683224,1.6071240007434762,55098.15975563702,24269.58458334031,1.0002862634538887,0.004302308033782006,0.006556850934558984
theta_iid[121],-0.002060180750808276,0.9978562898911829,-1.5923648040021636,1.5781465918388389,52850.01655660986,24659.87542842563,1.000050718426275,0.004340097530277298,0.006331656206517097
theta_iid[122],-0.018735275123654523,1.0164165032988235,-1.6314907782024974,1.6034350199504848,53697.28373433491,24408.44120124003,1.000024733877454,0.0043847622947776185,0.0065533145888114165
theta_iid[123],0.02452407943322152,1.011478095837996,-1.6026990766219462,1.6370575385647514,59522.38546053213,24994.248040656625,1.0000270815065968,0.004147546910777866,0.006164753339464579
theta_iid[124],0.0068196879219637055,1.0062179317478488,-1.59634759912554,1.6061112376391327,54983.75997029316,24496.16321129239,1.0000376527366743,0.004291925876491026,0.006349965783263184
theta_iid[125],-0.0032725424887865753,1.0050462141593137,-1.6165822744766458,1.5913282365967367,55950.111221963176,24043.338085358024,0.999977321697396,0.004248271483807014,0.006297062070889871
theta_iid[126],-0.005416465635456497,1.023839330659028,-1.6500472707277811,1.6261225899587657,56096.54880514674,23504.533224103667,1.0001690218518717,0.0043222488749005885,0.0066126975234493835
theta_iid[127],0.008013221201928829,1.0113033186810227,-1.6088140053619666,1.6189872241226348,55196.74665301453,24990.40461724366,1.0002581393676258,0.004306098574967459,0.006307835920173168
theta_iid[128],-0.007953927681221315,1.0151297310043967,-1.6326333289971964,1.6160408017444037,56066.93625421673,25581.53330371967,1.000028551835,0.004286316234144989,0.0059827196741597975
theta_iid[129],0.01771486012301654,1.0180646225448837,-1.6174103847414767,1.645406651963763,53597.92458256309,23662.675048868743,1.000306935477277,0.00439666890781059,0.006540670667715674
theta_iid[130],-0.028102550541407093,1.022718481376956,-1.6663836994714252,1.5943990955422667,52391.50423848679,24471.27016183018,1.0000578855738202,0.004468672989182589,0.006500285136076084
theta_iid[131],0.007706073044305185,1.0030209944543904,-1.5950211143565927,1.6018440853883087,57157.66487704638,24085.37159029708,0.9999752752780823,0.004196400583261021,0.006288526730653127
theta_iid[132],-0.019717288340295222,1.0170604023908651,-1.646291695645436,1.6110418157933157,57203.60281485062,24203.299123337925,1.0000126351744196,0.004252906802560268,0.0061469678752191425
theta_iid[133],0.0044542220200087836,1.0047355553761694,-1.5948670794938258,1.6127780576208792,54011.198439755186,24365.563284407657,1.0003850131458334,0.004323608966807418,0.0061484883536684415
theta_iid[134],0.001291881758962839,1.0153262818041104,-1.6331972661713403,1.6222895185477597,54660.71979465942,24795.527516997925,1.0003277784429738,0.004342077413692272,0.006365498039351365
theta_iid[135],-0.006340347141964708,1.0096230414040916,-1.6149094666800945,1.6046037770309791,56591.37904039535,24595.483376793396,0.9999476538984984,0.004241779522706027,0.00615992932358101
theta_iid[136],0.022634196836084777,1.0152843180197177,-1.6074127523695523,1.6355184936567906,56043.04014687991,23752.84194474636,1.000154045880552,0.004287449538529608,0.006443317330420302
theta_iid[137],-0.00047265531526119507,1.016901520109404,-1.6218986306447736,1.6183957451867284,54708.03553873305,25210.56724271343,0.9999098914194325,0.004348245338880943,0.006110585588324611
theta_iid[138],-0.0053549725558930785,1.0216622917196208,-1.6593844001731328,1.619210060395574,55087.51309932833,23209.29685173969,1.0000562558136827,0.0043545297816932164,0.0067558011555676695
theta_iid[139],-0.007457096505004959,1.011621938763464,-1.629032031068161,1.611008873258875,55576.65986962105,25465.795773798487,1.0000909028481981,0.004291274745905339,0.005958951663824896
theta_iid[140],-0.010409418332763,1.020678008861864,-1.637624578306089,1.6227713136046207,55840.419067790936,23960.99519212099,1.0000401652336661,0.004319140763762225,0.006512611194633863
theta_iid[141],-0.013026811588382257,1.0013491174554807,-1.6078617628987804,1.5924901797238489,59266.19639521661,24607.70950135466,1.0002467102387755,0.004112164430581812,0.006402140810220265
theta_iid[142],0.007005485520967291,0.9954664663414992,-1.5800532693118183,1.602482166510627,55019.980246051644,23149.874244486575,1.0000501048494612,0.0042420629692274696,0.006380787531919445
theta_iid[143],-0.010607228165063385,0.9913656602445159,-1.5874826689293677,1.582394627429656,55048.00700204623,24260.753394732867,0.9999576566823262,0.004226439802117649,0.006412168979069532
theta_iid[144],-0.0014019168916803999,0.9979936222440292,-1.5844850824337346,1.5868790386081149,54811.35635469454,24558.22042621087,1.0000823987568512,0.004262411149429781,0.006229097869110992
theta_iid[145],0.002811692674731912,0.9837292365680763,-1.5631620481239037,1.5952707841971732,52417.21911436863,23642.135311907838,0.9999777552123319,0.0042998366064560785,0.006166726612869088
theta_iid[146],-0.004009752072367952,0.9923551723588041,-1.5871914029285024,1.5891008585044732,55376.16780090746,23953.243848694703,1.0000247681110472,0.004215526202477117,0.006453704355738913
theta_iid[147],-0.0033494510817845317,1.0005579286133146,-1.6007689480360716,1.608141530816572,57419.671658291845,24457.751727780502,0.999996624558399,0.004176200122043544,0.0063995835379651676
theta_iid[148],0.001439432059281119,0.9939421918177808,-1.5740758549948735,1.5838202239044634,52947.7962735528,24698.434925228557,1.000017258156943,0.004319720941322398,0.006083830095860745
theta_iid[149],-0.006572241097705126,0.994291371363358,-1.5965324408891395,1.5879934556823307,58676.04269515035,24140.284201831135,1.000476910194463,0.004105561698958082,0.0062993204324179155
theta_iid[150],-0.007520816125283157,0.9993389574945171,-1.5979974423753294,1.5931049643064406,56880.16016937808,24261.312996802822,1.0002247025057673,0.004191282934449346,0.006622931005747403
theta_iid[151],0.013481692744447557,0.9834510678117951,-1.559563919778079,1.5838229046946877,53034.14478404769,25255.404494394777,1.000064593568256,0.004270511272978368,0.005907629974406287
theta_iid[152],0.012026622905924293,1.0055803415164877,-1.5839301647672988,1.6175209297853732,56795.50804211822,25204.39613987917,1.0000440254090974,0.004220767195467881,0.0061867516101959475
theta_iid[153],-0.005737777116225237,0.9913119057143661,-1.5786622124272562,1.5618594579656289,54079.71271306421,24463.702085932604,1.0002499099244728,0.004263434250504276,0.006260479439378614
theta_iid[154],-0.006157585210887006,0.9973145724702366,-1.6144231684924897,1.5906049372652407,57996.013711089116,24312.15511261047,1.0002339614302087,0.0041446086055731916,0.006172650957006408
theta_iid[155],-0.00016425635745615085,0.995843260985192,-1.5805313365153897,1.5985626322352589,56220.37810449222,24886.638986245507,0.9999704916461675,0.0042010292425192245,0.006085298225567716
theta_iid[156],0.0003338760501212559,0.9956844980489503,-1.5813577513427024,1.5923400583531386,55253.412686404496,24225.952663850323,1.0000949763675373,0.00423504765734561,0.006315060072828039
theta_iid[157],-0.007451245153328937,1.0074699759600658,-1.6053044505295595,1.6097923511006016,53762.6691828272,23314.03762410857,1.0002277585392918,0.004345193528511577,0.006465506171836425
theta_iid[158],-0.002790504762739764,0.9975057502990315,-1.5954582236162143,1.5816082223456067,55090.83633022373,25170.25849264598,0.9999766079931253,0.004249374605390649,0.006016325657313507
theta_iid[159],-0.007489554498217349,0.9904801319147573,-1.5774605792002652,1.5781282113152502,53178.19351448025,25275.110317366678,1.000115031739769,0.004296174498856741,0.006075458270121167
theta_iid[160],-0.004854935325007208,0.9981941406086577,-1.5990348706317106,1.592143873056928,55567.69300306633,24816.638036818276,1.0002112513861623,0.004236743547819955,0.005964372854237121
theta_iid[161],0.07421992034776569,0.9916088458466759,-1.5098766482102823,1.6380851448297937,54873.78717695915,24467.299601489347,1.0000329248016018,0.00423653254467982,0.006237993096664281
theta_iid[162],-0.0024954929789143348,0.9891711169826013,-1.5692343135229514,1.5945182972156318,54819.86875951887,23608.39417834873,0.9999892006238807,0.004228270544824859,0.00612924105537928
theta_iid[163],-0.002582946901811318,0.9995877031289718,-1.5887799585674216,1.5965988343841657,56668.827323096746,24219.820436263853,1.0002439537826953,0.004198521968055379,0.006114640730021305
theta_iid[164],-0.0076850358859301745,0.9986339908246425,-1.6032061188103741,1.5843413075024053,56681.37205629397,23458.471145842974,1.000087070232561,0.004194985172709509,0.00644415195515645
theta_iid[165],0.001965415848870906,0.9956498200349186,-1.5839507662380927,1.5930001818096275,55400.08954229881,25116.531798956796,1.0000616188357467,0.004230321369172516,0.006191671376144547
theta_iid[166],-0.01490819932757035,1.0014837432173864,-1.6112725316518064,1.5923132450792334,53732.746095245966,23979.069652305905,1.000155116640657,0.004319413487057318,0.006184421400234807
theta_iid[167],0.0010304609912594727,0.9998783789647452,-1.5795488331788305,1.6096673995506945,57975.13384184062,23574.329737929806,1.00011463942459,0.004156440511041229,0.006248877013210913
theta_iid[168],0.021961162934436253,0.9958520255348986,-1.5867137876721116,1.6151996339711596,56790.19920089519,24796.108379575184,1.000218477334193,0.004178119459791804,0.006189222483773741
theta_iid[169],-0.02880268050158501,1.0006155539274948,-1.6273616623458462,1.582002347546303,53860.38329706306,24705.410528834793,1.0001188550246398,0.00431222334940278,0.006018972541912074
theta_iid[170],-0.018443216607144132,0.977990736202479,-1.5798173141446663,1.5455870034749728,56095.94414003589,22939.009747158045,1.0001572287327762,0.004128272119009211,0.006250024917852325
theta_iid[171],-0.005072697707604461,0.989285525995303,-1.5774892214021337,1.5776178789260544,55580.469265062085,24045.035537014413,1.0007249943227967,0.004195837836735004,0.005892972191997772
theta_iid[172],0.007654880040496327,0.9956484049047399,-1.5824264794980778,1.5846108458893506,53367.56302624748,24083.480959945842,1.0004055099711515,0.00430946646375627,0.006226473080768727
theta_iid[173],-0.007184340809087073,0.9889773591648161,-1.6020455192203786,1.5769682342450861,54765.69949910824,25797.448285007948,1.0000884976336228,0.004225803001838769,0.0060962389049081436
theta_iid[174],-0.022249108908822788,0.9851000072819565,-1.6152970121066037,1.5617158773023556,56584.523953956,24816.35318127294,1.000128329730096,0.004144119148824403,0.006175033767204099
theta_iid[175],0.040130104863752784,0.9948342102269309,-1.5600386520197544,1.621668771284457,53966.75255168281,23196.85036802947,1.0001837543668108,0.004284248986546682,0.006226070273943482
theta_iid[176],0.022077484692255317,0.9793978785790007,-1.5514857951747507,1.5769469900079764,55474.78403979305,24306.5288516863,1.0004413736394557,0.004157929010955894,0.006123644124394762
theta_iid[177],-0.014929575619271012,0.996289760943952,-1.6001174327952579,1.5725383148274483,55927.17901819747,23858.65808664821,1.0001598425683957,0.004212529376819706,0.0063577286726074385
theta_iid[178],0.008466855397602113,0.9920343738727322,-1.5666404172197428,1.594945837940365,57471.127504503595,24605.162589283067,1.000351811402218,0.004139232261480687,0.006342949616697675
theta_iid[179],0.0076251445511814455,0.9934969168265703,-1.5781254460832692,1.6040447194900087,56706.67889211522,24551.749714611826,1.0004416262431608,0.004171587848676937,0.0064424522668603225
theta_iid[180],-0.016054959308684787,0.9904161268479461,-1.5955033665403087,1.5597230578904968,55010.998914365766,24408.04132977093,1.0000384608116315,0.004223352527243338,0.006125147521921718
theta_iid[181],0.016295477663147012,0.9844230219042631,-1.5538548306439892,1.5985726759812737,56435.77030769903,23851.576444839553,1.0000794130963981,0.0041436282863034106,0.006090381548020458
theta_iid[182],-0.004901051781873544,0.9832970236469538,-1.5807533631477437,1.5471672196284059,52995.61827027686,24426.00713696151,1.0000351674702366,0.0042724227762849405,0.006644263346899173
theta_iid[183],0.00501648356836311,0.9906237003637124,-1.5707606015098188,1.5772579210435513,55810.26054327081,24560.968713774204,1.0004169706688346,0.004193699367051762,0.006302080473474516
theta_iid[184],0.03391570441971265,0.9833512805708393,-1.5330042423647978,1.6150313587957195,52506.46392794703,23200.546370591706,1.0001908521075664,0.004290994396300399,0.006443709202546388
theta_iid[185],-0.007615063185097256,0.9749428650531877,-1.571995839219328,1.5543985590771263,54855.47544979402,24475.12109356844,1.0000114612603193,0.004162190572862268,0.006010481162292996
theta_iid[186],-0.0015926947182150664,1.0019831979438378,-1.6078687798684874,1.5925994603966436,54328.47277690718,24165.079145551135,1.0001295707128304,0.0042993775771542385,0.006286484184414114
theta_iid[187],0.0049144492154620835,1.0034508652594867,-1.5923483294353937,1.6115834777162377,54814.05222156954,24688.57310723012,1.000131432184322,0.004286324925368136,0.00616652657290067
theta_iid[188],-0.0011196313828630293,0.992960094344309,-1.590404989017486,1.586788392349936,57967.16415834067,24394.829384228473,1.0003047892193095,0.004125657473474153,0.00622202706383933
theta_iid[189],-0.00038197820712897054,1.0083974617307365,-1.6198440724123178,1.6058203717388262,59167.672105961996,24980.826087298676,1.0000594402858045,0.004144371126079191,0.006250880460782312
theta_iid[190],0.009056920691347725,1.0015800813921913,-1.5956682729512917,1.6205616000153298,54550.90640550041,24207.55444581435,1.0002315971183453,0.004292266929385282,0.006411157616545745
theta_iid[191],0.0025626194728485966,0.9979987326371792,-1.585801700523039,1.5874932681426994,53396.971536205325,24114.81472618047,1.0000418221464469,0.004319890385762682,0.006180456544593305
theta_iid[192],-0.0037437386850625093,0.9987855550727504,-1.6066817506803774,1.596653951401385,57562.73795601329,24952.607343724307,0.9999836178603213,0.004163177993624525,0.006444372519958415
theta_iid[193],0.000940380401543202,0.9986671067119781,-1.6062419610965983,1.5984328421145404,54495.809183534126,24638.20082832029,1.0001055773849625,0.004276613967295767,0.005950982307302781
theta_iid[194],0.0005940679466385937,0.9848229314158281,-1.5900913409589283,1.5530643022900004,54726.93796056345,24954.59488859651,0.9999853641676251,0.0042112484123874895,0.00605876982877306
theta_iid[195],-0.004192105536994369,0.9984882250574175,-1.5994284533335996,1.6000275945008628,55913.20754565625,23239.219898782096,1.0002587921295087,0.004221957461303258,0.006201204384288142
theta_iid[196],-0.002104645666439916,1.0001457324122096,-1.5915228331915954,1.5951055732594466,55193.31078390079,24153.462240847653,1.0000506522704085,0.004259607402822682,0.006080481009933194
theta_iid[197],0.005798385408241768,0.9906810695341486,-1.574537362607254,1.5951879697383984,51796.38530919474,24141.74154599629,1.000005942577111,0.004353129725620298,0.006169788066989371
theta_iid[198],-0.010252231168397415,0.9904645469155728,-1.5901484010147915,1.5766791100845243,52069.03492980805,23764.83291169815,1.0001596158960069,0.004341063220246326,0.006192559601544985
theta_iid[199],0.0038645308217025763,0.9936757770392127,-1.5822152960191467,1.5867005560436298,54408.001609170766,24384.035225242285,1.0003989160413633,0.004257761847187053,0.005949280749951321
theta_iid[200],0.0016450342097527717,0.9908396317695278,-1.5842105377630016,1.5881650448141547,54931.85248331563,24522.12031501469,1.0000689127318079,0.00422820266259572,0.006179009626716178
theta_iid[201],-0.0032812796165746657,0.9990478894735703,-1.5998224909093337,1.5871623233749648,57234.2610854163,25106.439702124924,1.0000351010543351,0.004176213587086893,0.006077182470413517
theta_iid[202],-0.002693350657959734,0.9968932446582315,-1.5765713610594743,1.5936339344108552,55022.165037750245,24026.77302348598,1.0001228696267117,0.0042459013904187735,0.006481439372827288
theta_iid[203],0.0015582566939358463,0.9925308184057473,-1.585366651588203,1.5846797870410863,52843.10669440496,25670.974909914185,1.0000570777194404,0.004317216140845328,0.005816497095833461
theta_iid[204],0.006616638056573315,0.9941406731519997,-1.5757560287638424,1.5971819062467512,55924.60581212076,25119.359750336884,1.0001607377493429,0.004203873220456469,0.006020906164383622
theta_iid[205],-0.009185801603045366,0.9951503324521408,-1.6021977638693405,1.5858549658721282,57505.59315430171,25163.27708847211,0.999997136947678,0.004149435395619073,0.00598354087180108
theta_iid[206],-0.0030803835900381936,0.996925596619728,-1.6028274503516124,1.5853495702564817,55457.966556674524,23932.80873053909,1.0000780016318676,0.004233681152767708,0.00633423014067823
theta_iid[207],0.0019022858736802944,0.993908666988744,-1.5853735564400366,1.591133840376187,56619.39491827946,24361.490107558326,1.0002492680667163,0.0041772505497762015,0.006138295212652241
theta_iid[208],-0.010371832707715271,1.002297450548329,-1.6106959856674339,1.6015564715867388,56893.40123215586,23992.484186578742,1.0004225827962994,0.004201460167188834,0.00633048969401957
theta_iid[209],-0.006381136963072993,1.0049423533255943,-1.6126377810239387,1.6167328124574716,58979.1691308537,24620.679247421856,1.0001739339525555,0.004137687911392337,0.006111350066237753
theta_iid[210],0.011267300737196095,1.001646360947,-1.6005024808360497,1.6121968645212794,57128.68097276765,24778.608583047284,1.0001409142795925,0.00419071448677145,0.006279283534888681
theta_iid[211],0.006352623944839278,0.9824171292380365,-1.5516160377542114,1.5682772439906565,56821.09206264929,24285.60616547061,0.9999912218482284,0.00412530219992058,0.006426527942336536
theta_iid[212],0.006957515948792072,0.9735934464271115,-1.546580227843207,1.5447657427814276,55049.840338464215,24716.426510478566,0.9999713562792037,0.004148280204304251,0.006047553596565664
theta_iid[213],0.00048484903270322845,0.9768854341575464,-1.5601012042786178,1.5478421001679779,52108.34921876892,25214.154200722798,1.0000185398034345,0.004278756914166516,0.006038637052182652
theta_iid[214],0.005002907227811387,0.9861075461042923,-1.569857672053259,1.5778992133109013,53186.01130586513,23956.788061646555,1.0003710544552986,0.004276079918541607,0.006454386585884456
theta_iid[215],0.01775509878797577,0.985176097843426,-1.5589355625120274,1.581265708490086,56419.94023208505,24858.912993297956,1.0002103524670423,0.004149934826432738,0.006112141817896832
theta_iid[216],0.006422102474087862,0.993717680826466,-1.6053474458523145,1.5866475187988023,57360.052246792686,24790.45230947589,1.0001622467923772,0.004148506171618814,0.0061257428351867435
theta_iid[217],-0.020166404431554503,0.9876807801063222,-1.5916981500607386,1.558284243938243,55198.285300539836,24597.556791564704,1.0003074986661311,0.00420500471493194,0.006172926391616535
theta_iid[218],-0.001951833166301006,0.9815076960638911,-1.5729194541317273,1.5717157494290335,52698.403156536624,24420.51218500214,1.0000922444761056,0.0042790706567494684,0.006168817217325236
theta_iid[219],0.0175421433737003,0.9829590839107692,-1.5613166918037695,1.5932595555440014,54835.394785131,24704.395668560883,1.0005240120292451,0.0041987492470123445,0.0059845791104086955
theta_iid[220],-0.01872537114058936,0.9764418163111074,-1.5891236183212447,1.5344384756626228,54885.71748780592,24702.726533587433,1.0001798117657417,0.004166056628224376,0.006039908888025414
theta_iid[221],0.015643727691218235,0.990229414032765,-1.5683629976793887,1.5882721236653796,54183.41078491487,23563.996635716434,1.0000440657765421,0.0042550327335807965,0.006223182161813801
theta_iid[222],0.007667277825516688,0.9745096601625639,-1.5685014891989553,1.5543114344131086,50681.56484611425,24281.33865395437,1.000154807788855,0.004328253766076617,0.005859887990964702
theta_iid[223],-0.042481297215764456,0.9559961581848851,-1.5659788130809373,1.4910090166192422,48995.36693555241,24251.483166595026,1.000103818843461,0.004318822437444343,0.005644746430492878
theta_iid[224],0.00437697938234953,0.9918661727195549,-1.581800080595591,1.5912885570363993,55599.69458168801,23000.63739314738,1.000064809919763,0.0042053228255203405,0.006376270263446526
theta_iid[225],0.0542697369088078,0.9892362075586053,-1.5201704059752081,1.6282939987323157,51624.249816102245,24765.022373117386,1.0001011960361352,0.004355004034611264,0.006135468539190562
theta_iid[226],-0.004044644684496684,0.9983354963066589,-1.6043549162563324,1.5918878339180507,58684.02334529641,24592.669422674215,1.000300469252034,0.004120839612842895,0.006320208405442996
theta_iid[227],0.004000178102061508,0.9927801938713556,-1.5846726536053506,1.593101756703183,57286.79111957476,25054.908768897763,1.0000496323442696,0.004147828696934364,0.006203687920678454
theta_iid[228],-0.025655041101303334,0.9865685514589193,-1.6078955787300329,1.5564396520099932,54787.15407875155,24415.46096679177,1.0001257349095618,0.004214803039623077,0.006149741306848732
theta_iid[229],0.012130621700701042,0.9950779780230153,-1.573388068922574,1.605231424559994,54972.769284562986,24460.825834498275,1.0002973365558216,0.004243518207762687,0.006314927276340171
theta_iid[230],-0.0064812018045440935,1.0005342190394055,-1.5893686659124142,1.6011692225795946,57984.291397181994,23568.84280086479,1.0002429347549258,0.004152854127200452,0.006262997600230616
theta_iid[231],-0.00012154857856747459,0.9944575860655404,-1.5854227490569224,1.583777606011061,55787.95847891759,23127.204077400784,1.000305531695418,0.004208203043601265,0.006421354554679108
theta_iid[232],-0.009656075332101091,0.9919256481963518,-1.591543310938733,1.575642481330269,54949.737747864565,25963.523497725204,0.9999288035672689,0.004232173594828109,0.006112724107872168
theta_iid[233],-0.005014053550939337,0.9956278121608122,-1.6164467170141132,1.5845144456243736,55761.14773748709,24551.900385709578,1.0003639206103714,0.004215919987327616,0.0062217175010756565
theta_iid[234],0.04179787164883995,0.9922916150198888,-1.556712797474641,1.636987211132466,51227.12618210651,23141.12710089012,1.0000146362696403,0.0043860516084416115,0.006371097732136279
theta_iid[235],0.03165290982250739,0.9772002820800505,-1.541590856419929,1.586873690443901,55382.71194650692,24603.989762074987,1.0001739330454649,0.0041517722243811185,0.006111950162873803
theta_iid[236],-0.010424178927393671,0.980808997140743,-1.5697960032156633,1.560182600597657,54099.11403787211,25286.582339636818,1.0001134173892647,0.004216938154475216,0.005977326630387365
theta_iid[237],-0.014143545938478937,0.9967750506323082,-1.6136392857905368,1.571636056786228,50290.72492328958,22815.770295318536,1.0001657028048319,0.004444751528709874,0.0063840073609969464
theta_iid[238],-0.008827273279539676,0.9911391803918286,-1.601884168423287,1.5802210121724904,52329.869351962196,23166.994468032874,1.0002731354237842,0.004335241638399547,0.006277947149827904
theta_iid[239],-0.018404516652436996,0.990941771319868,-1.6067118447407336,1.564582476142047,52006.14754160917,24646.288260291913,0.9999347748473781,0.0043440483999529905,0.006387193712669744
theta_iid[240],-0.012248135737876446,1.0072825796993108,-1.6240107683471954,1.5926627987905426,56561.73609268616,24048.628214946122,1.0003275803137242,0.004235832646553176,0.006481307068458941
theta_iid[241],-0.005079542056895151,1.0011886764784392,-1.6033232050470534,1.6076278457975708,54537.72371133058,23479.982989205233,1.0002078702074453,0.004288339581686104,0.006610810914597781
theta_iid[242],0.049529536957994814,0.9638559553666318,-1.4891362352902695,1.5787317944387482,53790.688913071266,24699.463650637095,1.0004130349122526,0.004157262278416575,0.006135923196041422
theta_iid[243],-0.01457182090454526,0.9733296915594003,-1.5783673425282474,1.5595585510687326,54062.48647068107,24195.03424764023,1.0001067322533346,0.004185347593796165,0.005887518831680531
theta_iid[244],-0.004179449501839337,0.9895641119587516,-1.5981899179999892,1.5827478967574702,54110.75825255036,23830.573787195623,1.0003248119410122,0.004251964219030053,0.006632118165681991
theta_iid[245],-0.015079374100752156,0.9707970788011958,-1.5722485972763627,1.5283145935198217,52983.33655362189,24332.76358265641,1.0001946406119127,0.004220329717360326,0.006265650218410688
theta_iid[246],-0.0068146822148891905,0.9899432755058049,-1.589739508858588,1.582397960955367,53686.55561119751,23579.544570662787,1.0000189346406623,0.004268811826537072,0.006311887745106187
theta_iid[247],0.004145693159918433,0.9680780420674747,-1.5465830897748523,1.5589355787483754,54580.34412958886,24124.20836124538,1.0002462110184844,0.004144738438148756,0.006119646202257061
theta_iid[248],-0.015697278980351503,0.9847797080803596,-1.5931211564831034,1.561279041053316,55866.440557401285,23892.37109776594,1.0001704692995415,0.004165894933838806,0.006173013240623555
theta_iid[249],0.012451117515869338,0.9778803833203573,-1.5509276116633386,1.5733410516098758,55125.6351100231,23995.95261166442,1.0000947127339042,0.004164079035629492,0.006144377966800834
theta_iid[250],0.007150320173605718,0.9637239959468634,-1.5351340224377132,1.5482544794238788,52675.266882754,24861.086887451587,1.000291706379437,0.00419860572698533,0.006061385872917012
theta_iid[251],0.007250392235426805,0.992033492657272,-1.575745112434304,1.5869733862046331,55014.20518079595,24636.127545815223,1.0000874098972874,0.004227577378647308,0.006126131386711281
theta_iid[252],-0.04720660582524272,0.969411231322113,-1.5889617386673198,1.5092304347983405,54019.54531499203,24519.489955507637,1.0001416450868996,0.004171887675212803,0.006108735674559091
theta_iid[253],0.0006366697306544528,1.0066311660198237,-1.6169292400781654,1.6044225186171321,54491.30199850468,24702.915412933016,1.0007466743568958,0.004311395423176454,0.00623877950319101
theta_iid[254],0.0014612043595616533,0.9850618838927301,-1.562256209595454,1.5573760433212511,54595.04085625717,25132.839149720123,1.0000843530378494,0.004215379255764757,0.006316204845363509
theta_iid[255],-0.023760101472896415,0.9846754812951435,-1.5999159405827321,1.5347263732210685,54706.41784361412,24116.90248720168,1.0001122146275048,0.0042074622502295995,0.006050899536140412
theta_iid[256],-0.0038499264815580296,0.9824843187404049,-1.5864156789463568,1.5706423879143194,54383.71017227986,24686.46305788617,1.0000986432492853,0.00421319056184885,0.006293828229715518
theta_iid[257],0.03366846790212052,0.9829399161254752,-1.5460532268465108,1.605174949471592,53117.09053932779,24445.359782631393,1.000066065461853,0.004265618914568534,0.0062181188911539466
theta_iid[258],0.0038730480977986078,1.0011088931354075,-1.5884336859388029,1.597656041297507,53703.78595466504,24400.863935570385,1.0001364271818136,0.004314782802570213,0.006281701596759554
theta_iid[259],0.01115404192482118,1.0193543368424423,-1.6154592759667306,1.6452715903425494,53103.75036094721,24501.056597659124,1.0000728011796092,0.004424603469643236,0.006406320763331524
theta_iid[260],0.006464229510661402,1.0170075703550743,-1.6264293414788273,1.6389392901823987,55661.807616597194,24869.059343085042,1.0000435503232172,0.004311688470719043,0.0063706346161554826
theta_iid[261],-0.029146898973795302,1.0045411981987895,-1.6193561415335214,1.5832824909300587,55552.98210909687,24744.96815350209,1.0001187276110826,0.004261790652613096,0.00634307917802882
theta_iid[262],-0.014033204860126904,1.0075265660464072,-1.6216881166850632,1.5977959471517253,55260.384028122426,24290.13596550157,1.0000006213129518,0.00428416522306832,0.006320448178986786
theta_iid[263],-0.002753408471723727,1.0020777540469488,-1.607687155143484,1.608065096078224,55085.9301206588,25217.29458145699,1.0005167309821488,0.004268965313111717,0.006048810396391353
theta_iid[264],0.002200638457064717,1.016217999310154,-1.6220328661994274,1.6190294468498914,51157.42210947424,23946.948571660418,1.0003272149829052,0.004492128483684886,0.006302609154761917
theta_iid[265],-0.004748768280992192,1.0111301517972175,-1.6215317347628062,1.6096693732712244,56097.31394763251,24648.95641813444,1.0005509541089124,0.004270241349982453,0.006205623581678283
theta_iid[266],-0.009172245252723981,0.9971941224149314,-1.5949745927704395,1.5845900523355516,52786.882054668305,23916.67283694646,1.0001059273671793,0.0043409794277050875,0.006250235123125854
theta_iid[267],0.009019283377472122,1.0044863961636683,-1.5911008960620026,1.6112082668062109,54198.31882780966,24712.734023273177,1.0000985912912264,0.0043129416462958405,0.006636702589467973
theta_iid[268],0.008803083374660561,1.0142252324411234,-1.611283127827463,1.6260083971843113,55129.00920287546,23995.392325947305,1.0000952343010385,0.004322198743835888,0.006320638109879273
theta_iid[269],-0.00935720705875208,1.0122080689677473,-1.6350718559479882,1.6101594893284903,55522.27252348846,24221.40922492098,1.0000190813469854,0.004299155238307899,0.006374206242463917
theta_iid[270],0.007287059583463686,1.0172638126951428,-1.604240654562045,1.6432030929700225,51902.71210682157,23589.894849217657,1.0000820582024974,0.00446644436942122,0.006365844821035244
theta_iid[271],-0.009617096445204509,1.008624866028882,-1.6136877282302922,1.608380364658243,56761.907427879436,25366.19795051607,0.9999642356783209,0.004233028648742403,0.006118587644778202
theta_iid[272],0.003261754221450866,1.012028834149602,-1.6258011261534213,1.61728010620426,53835.13456409711,24148.807575327315,1.0002217975925471,0.004360162857813829,0.00627353716356819
theta_iid[273],-0.0015447439686526933,1.0212990388803118,-1.6309368282056136,1.6317901179879104,52810.47887633528,24007.272461248693,1.0001207956131355,0.004446610456859103,0.006370056743520186
theta_iid[274],0.012080074842906694,1.005649724827805,-1.586367159857806,1.6140378615268194,55504.47861411893,24588.178752150787,1.000115491543871,0.0042692177928670425,0.0063832077322036425
theta_iid[275],-0.0106511501377083,0.9950966915122839,-1.6018468831713641,1.5834076130390495,53358.471282235274,23905.48370125233,0.9999725549846417,0.004307257631621792,0.006186186176362535
theta_iid[276],-0.05558762674727666,0.9385519627257456,-1.5453930052440243,1.4268453550921054,50632.53964863537,25092.423873252545,1.0002033674425241,0.004168760287920572,0.005882585514937232
theta_iid[277],0.05216037528873859,0.9637155970760966,-1.4911513204626652,1.5852003411337463,48829.58696404366,24894.131641852568,1.000194216534301,0.004361386477717913,0.005916447376988163
theta_iid[278],-0.003020413156359201,0.9728244016272687,-1.5679661327848389,1.5675759749832716,54621.08352891788,24419.05639080803,1.0001293520968484,0.004161495110387074,0.006100122584615728
theta_iid[279],0.026053097412681487,0.9834408548868062,-1.543867412097254,1.6016496543822871,54043.90773955372,24041.458761376092,1.0002476907758626,0.004229875126506822,0.006189757334346511
theta_iid[280],-0.0064783783578607375,0.978306825940599,-1.560253228973346,1.5501807308723206,53909.341711644396,24378.750612246688,1.0000425502748551,0.004212154390711344,0.006049119974215287
theta_iid[281],-0.022774850293538564,1.0246057255879337,-1.6705615782137866,1.6103374375605453,53256.40342802389,24464.660871273743,1.0000429685534586,0.004440188218397753,0.006399323690615807
theta_iid[282],-0.008773916891867557,1.0150623557674638,-1.6320124413661425,1.6143510680694941,56420.53395243167,23928.789527326924,1.0001756709565128,0.004274702431858596,0.006516901772385622
theta_iid[283],-0.02309444013156426,0.9972969242664834,-1.6137227188069208,1.5871609294927218,56266.49908405164,25371.51574077202,0.9999673838905396,0.004205396581082674,0.006277762809547315
theta_iid[284],0.019902373164743914,1.0072304069087474,-1.5991111795886224,1.6295898222151943,55476.1006377464,24031.441339704383,1.0001358901285102,0.00427529014464907,0.006385273037520597
theta_iid[285],0.029297387300063545,1.0013593943420551,-1.5662269536763758,1.6209429982586652,53962.66560727767,24972.16561527324,1.0001525274578378,0.0043104930778081465,0.006411733575396028
theta_iid[286],-0.026813346086505128,0.998324898433123,-1.6147373933100815,1.5753139739629605,52313.32733172742,23997.44405947985,1.0002982673956622,0.004366522042768986,0.006126929763302721
theta_iid[287],-0.007633259082237222,1.0125170149787583,-1.6127745466225103,1.6149698889754702,54119.69978982623,25779.618893640807,1.0002094646033297,0.004351607924556038,0.006108922926074424
theta_iid[288],0.0013209194714690403,1.017381392636114,-1.6285189772244637,1.6211563963349949,54777.28306564013,24287.782299709794,1.0000720623073225,0.004346495334938186,0.006424533854305388
theta_iid[289],0.01766475144622835,1.0010052179485696,-1.5915059064908006,1.6159176728968598,52047.36641086702,23345.149848900997,1.0005589817831224,0.004388659310493012,0.006276842696772602
theta_iid[290],-0.016505883157212572,0.9944177039584252,-1.5957906911469326,1.5732425947389168,52329.17670535279,24511.742410685703,1.000033389035449,0.004345848883964487,0.006106168465895472
theta_iid[291],0.011328996206019284,1.013523104731204,-1.6238807998403884,1.6289130145205677,54425.5897035303,25077.903197031614,0.9999955439724991,0.0043455742890452995,0.006352142896360484
theta_iid[292],-0.006239525792531082,0.9982880725340915,-1.5878806651597612,1.587086472521499,54871.8975907176,24918.39178254472,0.9999625233759987,0.00426044838444535,0.006425658407516843
theta_iid[293],-0.0012924943020656003,1.002112668779434,-1.5973500205607922,1.5957969909646312,56343.192931575344,23892.998383838938,1.000128561930109,0.00422183562431344,0.006289139104247408
theta_iid[294],-0.000598820148302833,1.0049812795343926,-1.598443739140861,1.619502020997371,57835.9497918668,23704.274410817707,1.0001167975839607,0.0041847363949668445,0.006367719782494146
theta_iid[295],-0.003758584828318576,1.0060835879756027,-1.6047858325864948,1.5987143297189,58791.867984665565,25104.796740017693,1.0001481669920713,0.004150030811107,0.006187128165222549
theta_iid[296],0.008280637614536308,1.0062034786881902,-1.5814953467460138,1.6220707941072319,59135.482043412194,24385.696735348836,1.0003637517864474,0.004136484192845384,0.006342857746686577
theta_iid[297],-0.006850491377111354,1.0028853409162821,-1.608017628498413,1.5972741868394047,57058.65701363451,24649.329021493046,1.0001739718147102,0.0041981837902527195,0.006639929404313241
theta_iid[298],0.001084536924671242,0.9994304151391025,-1.5877360864590526,1.5922638334363874,55029.837287393486,24970.67591492862,1.0003749421951285,0.004261192059893522,0.00606347940442579
theta_iid[299],-0.00012499427752206516,0.9980976470811047,-1.5952492454510703,1.601608835675608,56619.16768407698,24361.991939502706,1.000084423519987,0.004195491210723223,0.0061183601643821075
theta_iid[300],0.005665632877094511,0.9982819565043421,-1.5811637494751523,1.6087538009275992,54993.819993433215,24311.6744542338,0.9999919827357768,0.004257300490027764,0.006129049753896115
theta_iid[301],-0.004716131336526441,0.9937900377881258,-1.596614671298591,1.5810473365983566,56393.66967507608,25348.913168377738,0.9999616804554424,0.004184195825872788,0.00603313620470586
theta_iid[302],0.0016263612865244838,1.0078989854679223,-1.6180731540517914,1.6189721429024084,55308.1937557237,24002.197374401163,1.0000404509426282,0.004287595913552133,0.006391343753284403
theta_iid[303],0.006770411947864591,1.0095749945964227,-1.5912008791436718,1.6363283983710544,55167.16652082859,24695.290202094373,1.000089950392351,0.004298833092222984,0.006397525885928047
theta_iid[304],0.001022578504915769,0.993550547319554,-1.594523221127318,1.5916906428239146,55928.80477016592,25226.921857686455,1.0000521007078886,0.004200106084191281,0.006050137507777337
theta_iid[305],-0.000718184877146475,1.0002174961571344,-1.6069732577612563,1.5836725819350757,54502.6925228298,24978.891072786908,1.0004225442583563,0.004284098361802585,0.006094116199253018
theta_iid[306],0.003771239908415619,1.0064102773138264,-1.6079248267787218,1.6180709321253361,56291.19355242747,24615.367755154148,1.0000132368884578,0.00424360923561739,0.006472345640468089
theta_iid[307],0.0001611393933530043,1.011642417403104,-1.6137649194894375,1.615745151203505,57191.06945678957,24307.557754644007,1.0000562922539455,0.0042314192708769885,0.006238740090073818
theta_iid[308],0.00011758801722713908,0.9966330772146571,-1.5874641808217316,1.5803735023725265,55010.60521222453,24167.638553312507,1.0001186913700986,0.0042506337342833635,0.006364880600506276
theta_iid[309],0.012133469011239701,1.0196055328194482,-1.6232988437146596,1.6454165241146648,54961.73914397101,24531.15018631093,1.000347752826065,0.004348780273583024,0.006344730108265
theta_iid[310],0.0060991849579659,0.9975863709548051,-1.5840075613371034,1.5878867303181923,53263.04368574348,24240.012535200567,1.0005315638261847,0.004321647290230814,0.006356376499150304
theta_iid[311],-0.010992410601128202,1.0004167602847411,-1.6050509988386437,1.5924598287290348,56001.55092655485,25323.566072328227,1.0000091553775965,0.004226801432549909,0.006167584038636215
theta_iid[312],0.0015783446297003734,1.0068386000815075,-1.6079100114721894,1.603269528512772,57700.69097435629,24450.12840095528,1.0000445371715843,0.004193628236069231,0.006508936063698276
theta_iid[313],-0.007199674069021626,1.0039878587049973,-1.6092267798873068,1.613348655440948,56914.036401694895,24735.166732278693,1.0004739513057785,0.004209455221523947,0.0062201264201639985
theta_iid[314],-0.004641454689436208,1.0010617761906964,-1.6059646417904652,1.60285921201982,53250.75136975593,23155.181999585948,1.000219471097372,0.004340362888941016,0.006544186517700097
theta_iid[315],0.0035251646104863432,1.0023796011549204,-1.5869692841403646,1.5975155019243805,55263.107876738664,22852.58711580864,1.000232669000589,0.0042635039266402455,0.006614497572837471
theta_iid[316],-0.002777955595802872,0.9825372191502628,-1.5737112144973342,1.586415133458311,54124.80611456527,25177.073955677457,1.000015185034972,0.0042246252866319995,0.005966712477316278
theta_iid[317],-0.005287924306129929,1.0016141621884809,-1.6253493273341637,1.5951865372328837,56081.45906588431,26012.2460592242,0.9999631939326994,0.0042259465374750085,0.006077277469281036
theta_iid[318],-0.002964488724175902,0.9936420681866539,-1.5895026321647645,1.591007822124611,55725.81795764171,25195.474785682825,1.000011344881829,0.004212598832167121,0.006015499357291916
theta_iid[319],0.0058545911808016325,0.9970307649393967,-1.5884332328801833,1.5992186506426453,59329.18516631663,25185.376555895,0.9999787192147056,0.004093891653658067,0.006188520732026926
theta_iid[320],0.002006324201076449,0.9938785108150916,-1.5836999902378626,1.6028748797892516,55943.51997940558,24973.33057288547,1.000215519688103,0.004201539102703439,0.006018511964451937
theta_iid[321],-0.016850335943935965,0.9792181742287835,-1.5782137119401778,1.5538135256406758,52800.25409939655,25112.58165184089,1.0001513121770291,0.004264249737880684,0.006020082622803726
theta_iid[322],-0.011786366241523122,0.9970645185325553,-1.5954303439135942,1.5868835301533124,57042.016242256934,24848.913586735234,0.9999777671309584,0.0041758465393142,0.006396564219495976
theta_iid[323],-0.012254535699540199,1.0099631184289197,-1.618409007583613,1.6033449728052507,60586.39646431297,23853.50261180441,1.000019148299591,0.004103409096388455,0.006425135105999347
theta_iid[324],0.010425603767740349,0.9813671571298914,-1.5482836599456737,1.5822361139591414,53193.19335173724,25054.529704969187,1.0001062657972974,0.004255202166624302,0.006103679866354964
theta_iid[325],-0.0016494546979304865,1.0029063164395324,-1.5990207087184776,1.601794128701962,54402.66338510995,23826.44071428578,1.0003123029915026,0.004300000703824613,0.0062648222105034
theta_iid[326],-0.0018893698310746346,0.9915307188708853,-1.5820149627127291,1.5862261231828028,54427.973104617275,24439.513832534816,0.9999844933546078,0.004251409593893699,0.006524470800587183
theta_iid[327],0.0062516328201316675,0.9853132636009123,-1.5691701906386788,1.5894153780255798,54286.06632595036,24339.654075644114,1.0002430481156523,0.0042303302690280655,0.006101399345500674
theta_iid[328],0.00029457694171153883,1.0010925020000099,-1.5987646855325823,1.604200420776394,56350.0343232989,23665.17790973929,0.9999762601946325,0.004218153669808896,0.006306838763895763
theta_iid[329],-0.010469425959441548,0.9933866985209888,-1.588923693302089,1.5785852533657687,56884.458162278104,25606.218089118083,1.0004090374467847,0.004167842341680476,0.00624584454298429
theta_iid[330],-0.010231093825107744,1.0061433427695752,-1.6139322128996918,1.5956160216551838,55587.1112866651,23515.926665995463,1.0002427810164278,0.00426837584138191,0.006483967399519445
theta_iid[331],0.016939251109901094,0.9942335463801514,-1.568891974796333,1.6087113700919926,54465.03533849068,24215.972343473717,1.0000558212010822,0.004259140310360221,0.006134117746314015
theta_iid[332],0.00820251934166965,0.9952635557467356,-1.5892449545561453,1.6036410337773845,56126.64215220422,24367.080210179683,1.0002194867547678,0.0042139244705547895,0.0065186172302560946
theta_iid[333],0.0043969738633555236,0.9943469078856612,-1.5723113055695024,1.58973828885775,55358.2860846598,24655.032735749017,1.0000658530675173,0.004227671689444423,0.006274846495044058
theta_iid[334],0.007605338832435727,0.9993446934318474,-1.5880136333674502,1.609662392785699,57109.27317481346,23585.94155324732,1.0000697129264111,0.004181280483271427,0.006293027001154666
theta_iid[335],-0.012173259527652126,0.9971796752074418,-1.5921012832812604,1.593298324481338,54779.86401180598,24081.797744759777,1.0000443186119736,0.004260441805873397,0.006402320532180004
theta_iid[336],0.01097112561783658,0.990808287460133,-1.566802074919175,1.5897933143062752,51387.26579368188,24080.469165767423,1.0000942576240108,0.0043709429716813734,0.006255557819726554
theta_iid[337],0.0034490214236438306,0.9943935071986881,-1.5799087413233763,1.5927199700192591,55487.7882201658,24132.291886928502,1.000259129312892,0.004222202071081224,0.006387934969120379
theta_iid[338],2.1258212956627886e-05,0.994216284948319,-1.5943121865044176,1.6031208511603183,54568.33819903728,24251.100722892803,1.000350950919161,0.004256649814056393,0.00631427460948455
theta_iid[339],0.00114460048143643,0.9931622408232191,-1.5872993780351825,1.5882564313371548,55455.69551573896,24215.181390366204,1.0000410657984367,0.004214327997369043,0.006441979760251402
theta_iid[340],0.003924235783249107,0.9968485503072796,-1.5848678401044864,1.592593293149175,55415.9097249037,24322.75527216456,1.0001941763326527,0.004234870706695565,0.006261606232872902
theta_iid[341],0.00970919924121904,0.9942196508509132,-1.5734752973542225,1.5928164303444938,53215.372200807586,24856.374788407975,1.0001450420962106,0.004313026144562547,0.006229672205829395
theta_iid[342],0.0003700685998821496,0.9983649518567032,-1.5943987181709882,1.5912671566967465,54315.553980503675,24793.389852068038,0.9999740318799573,0.004285103820348784,0.006267780435610425
theta_iid[343],0.004690411035960481,0.9952074182118769,-1.573153292679652,1.5893105806067842,54024.411071453156,23924.766505592263,1.0001848192290472,0.004283788414839589,0.006401727324937578
theta_iid[344],0.0057401281877093825,0.9867914798413321,-1.5792075075044036,1.5862793659108179,54935.66168246694,25083.374436000697,1.0000835140458502,0.004209568933311521,0.006314190388781983
theta_iid[345],-0.006727964215684248,0.997757962457906,-1.5923912083731848,1.5888240085857863,51271.145902779244,23337.443814985952,0.9999594688177283,0.0044069687986206104,0.006358010075490357
theta_iid[346],0.01667620174660042,0.9975140229732936,-1.5768387546815505,1.6195778761197608,54283.68666376377,24902.376831689402,1.000136468913778,0.004283538130011053,0.0061124338656851265
theta_iid[347],-0.00946897688631653,1.0138437462029826,-1.6175930423765101,1.6149158955840757,53895.095650886135,23680.127791776024,1.0001966227774632,0.0043671896822602176,0.006171990711353194
theta_iid[348],0.019125637891438455,1.0065939515185636,-1.5965439373588848,1.6248110289247517,55436.92684511349,24001.379963503558,1.0001276715835443,0.00427575732470494,0.006286308976208728
theta_iid[349],-0.009377118254919147,1.001911297854252,-1.606998288401338,1.5937954710673683,54771.0675845716,25176.19118452917,1.0000780162148448,0.004280908475627351,0.006057150506331043
theta_iid[350],0.02085022138901104,1.0004641559273768,-1.5783689126004552,1.6301710000867289,54188.46864593124,24867.251447397095,1.0000496583814147,0.004295637544332521,0.00622990668363237
theta_iid[351],-0.005328575411535006,0.9939153534613216,-1.5899376166896826,1.589765691146662,55357.307200742274,24968.700549729336,1.0003484305021841,0.004222680438125482,0.0061017978320270444
theta_iid[352],-0.016343359652866398,1.0015833114118764,-1.6087719007347634,1.592952606795938,55796.76109177122,25073.181001423967,1.0003903956346873,0.0042397818768974025,0.00613359232911078
theta_iid[353],0.0021365503667843747,0.99989418222933,-1.6036704038324954,1.6043303181121882,56911.24390088225,24048.696271449207,1.0000318310601883,0.004191552314670082,0.006211425631565716
theta_iid[354],-0.010400121866078558,0.9919141428739583,-1.593382340725693,1.567609933260521,54530.39332926511,25116.249029234066,1.000052575046423,0.004247473925612085,0.006075268646856951
theta_iid[355],-0.011519299479380716,0.9899846514010736,-1.5796119989436568,1.5685979341179115,54843.649145037336,24894.4716663956,0.9999732244159006,0.004229150247299242,0.006253899428841734
theta_iid[356],-0.006153612968576386,1.0059237884614054,-1.5999021097793436,1.5950290516048726,56537.99147024741,25202.82183197458,0.9999539921246016,0.004231993864329413,0.006184467987202761
theta_iid[357],0.002286179660269865,1.0086601448596926,-1.593408896689664,1.619040001589732,56873.028284068256,25000.43832209015,1.0000446572530437,0.004229795937493774,0.006403397864748678
theta_iid[358],-0.012839467586942401,0.987081107772425,-1.5861961897149088,1.577083049895057,56502.198431353216,25113.434491800013,1.0001389073630398,0.004152465956736908,0.005846109290525572
theta_iid[359],0.0006287031893914766,0.9956772504175738,-1.5759968209127466,1.5958081878910872,55860.51968785853,24689.22847741838,0.9999780584423724,0.004212491198645515,0.00605597232980762
theta_iid[360],0.01428720242808808,0.9988505885663832,-1.5792474513560915,1.5918728899105636,53083.766508748784,25664.195442313987,1.0001902532416969,0.00433471131420608,0.0062703198479802415
theta_iid[361],0.004160841885610498,1.001912121145416,-1.5968056329948024,1.5944101532640103,53408.61643985185,24277.893457270875,1.0003916624719458,0.004333473616132239,0.00638465286333353
theta_iid[362],-0.005091789049402265,1.00991519186051,-1.6145287059152729,1.6169962278206038,53504.01843415894,23010.345081834937,1.000126109536509,0.00436635673318069,0.0064009377529738445
theta_iid[363],0.015360192136706929,1.0133755650591778,-1.5958981953075968,1.6422365774258287,56698.572584960915,23836.98034414477,1.000268230560658,0.004255272388287729,0.0064899629466872825
theta_iid[364],-0.00784988072491275,1.0114224799986427,-1.612204535878495,1.6237043175526413,57014.424805347204,23614.604895280634,1.0001062603440396,0.0042376570908431626,0.006356756967849744
theta_iid[365],-0.0036862628560976668,1.002813472882823,-1.610764899712815,1.5794514426485697,56530.542620082,24484.10025387761,0.999984756817748,0.004217916309262183,0.0063346240653832635
theta_iid[366],0.01762160177034387,1.0068594078345317,-1.5882523051776698,1.635697680959915,57528.3068480038,24533.463939354995,1.0001042176866044,0.00419862754635648,0.006255408233077864
theta_iid[367],-0.005655267285311782,1.0012119887580024,-1.6113290217144123,1.5906143656784846,56201.83964273853,24791.137869014754,1.0003014641254406,0.00422213867615079,0.006347524798048699
theta_iid[368],-0.0067438053303044065,1.012820890024629,-1.6214487594410758,1.631375964203859,54902.58726200063,23759.05147104455,1.0002450197332722,0.0043214421530749945,0.006290652864600421
theta_iid[369],0.0024922036451649515,1.0014350002402208,-1.593953768107497,1.6073595966360812,55299.60766701497,24913.375683461098,1.00001325815957,0.004259347656418509,0.006062768458794425
theta_iid[370],0.0002162552793248511,0.9933773939788567,-1.5860227607611936,1.5966233410374857,56140.1527860481,23783.808776253423,1.0003888973505264,0.004192673601281498,0.006400829467324219
theta_iid[371],-0.0027286210484876203,0.9974380247224978,-1.582179365787161,1.5832208584517666,56396.39598855421,24445.184996728727,1.0000630594625977,0.004199799345676537,0.006207756191043958
theta_iid[372],-0.004747240623028695,0.9933841839533202,-1.5869816153283935,1.5895993901225938,56486.78556681124,23837.620769424077,1.0000970743234077,0.004178260242749573,0.0065325752755845574
theta_iid[373],-0.0033726473261725147,1.0113170086262753,-1.6179627219266435,1.6143412862920146,57434.238089480554,24273.48480574966,1.0007265314724207,0.0042223589504700905,0.0065430705320967284
theta_iid[374],0.00951160207337993,1.0029050278314948,-1.587798196308622,1.6192879539819605,56593.09703206323,24432.635027060376,1.0000667046710658,0.004214304115461207,0.006150943760430887
theta_iid[375],0.007298461778042371,0.9901970038376987,-1.587421604714173,1.5876052737373285,53711.185352410415,23587.337407085517,1.0003576383167836,0.004276220155159769,0.006156872812569453
theta_iid[376],-0.006279539601199275,0.9918347539666913,-1.587156856795451,1.5764246837820064,55254.99021877705,24966.770866888975,1.0004372156447576,0.00421811002650406,0.005989479521678513
theta_iid[377],-0.003930047013467359,1.0008259932596635,-1.6048884317357117,1.5919236311698641,55258.269803211544,24307.30376084317,1.0001851475806665,0.004258566077112986,0.006231298214105611
theta_iid[378],-0.006575523716321612,1.00013377190926,-1.6124042999430082,1.6046547736551862,58566.754558238135,25164.047741958835,1.0001445530626911,0.004131555270400766,0.006371254103404803
theta_iid[379],-0.008703787673898273,1.0026915282199136,-1.6108400302258206,1.5846616915774918,51889.902896842024,24428.661441291482,1.0000066782213293,0.0043973770231066,0.006215243403435228
theta_iid[380],0.002212861233122497,0.9918879023217796,-1.5793912661258216,1.5910084018824822,55743.72276342426,24198.801390104956,1.000034641391459,0.004203644200812592,0.006131541436202723
theta_iid[381],0.0032859608594771363,1.002113830347071,-1.5921972747988067,1.604589886915934,57520.731348377805,24236.381690937153,1.0009429046123919,0.004178727004169218,0.006273497738734171
theta_iid[382],-0.00408746407437248,0.9956965626574436,-1.5987227436728122,1.5714459479104714,56305.03476646006,24511.500065355016,1.0004036022629168,0.00419846620879787,0.006407209867964442
theta_iid[383],0.0005144464018716783,1.0082232184883777,-1.5852650408516933,1.6084410039942667,53647.660767247115,22420.274348459636,0.9999912265689652,0.004353440223960367,0.006500610876228941
theta_iid[384],0.005494109858073234,1.0143690285000055,-1.6064674127163918,1.63001763156731,54660.94769826178,23644.043062847773,1.000235762955162,0.0043372785244923,0.006526999729621811
theta_iid[385],0.0011857793358314606,1.0096770507562391,-1.6069569205048042,1.6086930259133958,56774.042329249976,24925.35766022392,1.0001236827588886,0.004239251162929935,0.006256536990816115
theta_iid[386],0.01270972283019401,0.9974947889590738,-1.5798764161472705,1.6143373481172878,53625.954781157394,24487.818206088068,1.0000821492590877,0.004306705414101686,0.006308228285367614
theta_iid[387],-0.006168870393340658,0.9933068107569558,-1.6008414724838869,1.5867647972418777,51767.38418470183,24708.68556427676,1.0001410211800936,0.004365367287357342,0.006109871804643094
theta_iid[388],-0.001390982376585976,0.9980488875756601,-1.5983973032547607,1.5998099509305779,53248.567330970734,24958.835605829423,1.000211956492805,0.004325751797751346,0.006184393969696125
theta_iid[389],0.0141151199439575,0.9971166858184588,-1.5799490263784084,1.5976267618511548,54385.34281932731,24397.03388938671,1.0001950297269957,0.0042755857401918845,0.006142711604467325
theta_iid[390],-0.004997730955135953,0.9942519428787664,-1.6027208909724138,1.5872222787702968,54715.86794251895,23837.13507083285,0.9999893407942965,0.0042501972849318176,0.0063278884855729285
theta_iid[391],-5.04084674843277e-05,0.990184646933019,-1.5931897325324986,1.5817581019916669,53446.518663467905,25717.56177778964,1.0000728083425254,0.004281795965062415,0.005880959924616765
theta_iid[392],0.005178632698548089,0.9979185070449801,-1.5755406500563833,1.5970831194013506,54961.65640469931,24540.644399555153,1.0001721777299153,0.004256699888661628,0.006129805072451899
theta_iid[393],0.006147073258557651,0.9939022200186565,-1.585830256384452,1.595676958263801,55980.62477298759,25287.96255343602,0.9999456536936948,0.004201384383423509,0.006111575246436672
theta_iid[394],0.0031049836681844713,0.998680452672479,-1.5886998401069214,1.6017881044496982,55055.800101792294,24520.33318534343,1.0001839175660021,0.004256160701501667,0.006410192346873687
theta_iid[395],0.004282708947705719,0.9955748722401968,-1.5885589143827545,1.585856277450681,57684.48026776179,24727.903171523703,1.0000651279352804,0.004145568250657266,0.006185996024619002
theta_iid[396],-0.0005506988269443949,1.0007506242230777,-1.6018556391909842,1.592430580529678,57587.47794362068,25159.64714708515,1.000272159703829,0.004173673814892094,0.005916127336601031
theta_iid[397],-0.004576585093803365,0.9927352731277861,-1.595424596914612,1.581563999868015,55856.703837365276,25121.481917630466,1.000535452012449,0.004200344060655927,0.006233186946631694
theta_iid[398],0.002706106792111183,0.9982560766321951,-1.589651295026976,1.5992214720388886,57605.48254225965,24050.116835622845,1.0003293299847145,0.0041636073654460785,0.006482939843154356
theta_iid[399],0.00972374701140258,0.9886130576954576,-1.56328436728917,1.5812388194452807,56301.47767698314,25385.111992827908,0.9999651985108056,0.004168356978500775,0.00615539069570517
theta_iid[400],-0.0048901325118852895,1.004548353072361,-1.6091478941654187,1.6087993628609591,56196.93666293121,24112.971454492246,0.9999958355027523,0.004237535384327892,0.006312563876439891
theta_iid[401],0.0013414007104125933,1.0010889190097856,-1.5881687367726873,1.5943978246419956,54510.969212948,24137.751867543797,1.0000470731149211,0.004288786618531394,0.006889220669432206
theta_iid[402],-0.0014004254745229503,1.0062736526068108,-1.6122382377336444,1.606048604921193,54133.80989075084,23278.320320147974,1.0001661832973732,0.004324533420804554,0.006301451328774647
theta_iid[403],0.002288719752728335,1.0052053099981835,-1.6034696472317305,1.5985815709156779,56582.56531400033,23960.446522925748,1.0001443260300276,0.004225437162014079,0.006263190689813349
theta_iid[404],0.0022528259739947208,0.9933162495868325,-1.5786622802097532,1.6015842520845391,52868.177479858154,24681.86811877473,1.0002148092868457,0.004321874523994249,0.006197419483341994
theta_iid[405],-0.00048025933610981774,1.0193292504409872,-1.6289154838838233,1.628744187115839,54265.193332023264,25169.08139169548,1.0000019419472046,0.004373782328734922,0.00625923780447276
theta_iid[406],0.00044404807807523714,1.003093088876274,-1.6085499890708528,1.5998491397200636,56385.119530421,23715.990136035794,1.0000481346822663,0.004226238445003881,0.006331655384238015
theta_iid[407],0.0004021072783660011,0.9975698406208896,-1.582371611597304,1.5966808886759034,56648.55768132794,25913.887469041325,1.000033468968311,0.004190807470680946,0.006401794798995316
theta_iid[408],0.0009779332584054713,0.9954972631039222,-1.5877774803648887,1.5964292282735955,55662.36126731971,25246.630320059852,1.0000790786206053,0.004219829567806274,0.006070045090550226
theta_iid[409],0.0028692648933088564,0.9916200338542352,-1.5798861680067018,1.5937150690274309,55205.835819244014,25019.156613726158,0.9999647977890769,0.004219754981345844,0.006113221816135595
theta_iid[410],-0.005373659303914301,0.9893406526788486,-1.5720558086295158,1.5775974188289719,55969.17698236465,25242.304118324853,0.9999567796911574,0.00418152308107313,0.006244541390381985
theta_iid[411],0.0020737646526765505,0.9993512480953105,-1.5868222985047769,1.60495542874077,57041.23463887845,22974.88417669032,1.0000469468478457,0.004185370808828578,0.006235408076067736
theta_iid[412],-0.006744443959809621,1.0147977728386945,-1.6225450184994554,1.6075906747361395,56074.22866154516,23984.032948830612,1.0001769769009456,0.004283771020205595,0.006772921350389142
theta_iid[413],-0.0036038956159572706,0.9990435580845243,-1.6073658287662418,1.5963125184270515,56002.27244568312,24472.474082133627,1.0000304242304274,0.004222033840688461,0.006200562567085238
theta_iid[414],0.002532976506499197,0.9993930578956145,-1.6041723817855873,1.5990717824569975,54096.538848419936,23882.000035880406,1.000052863624251,0.004296866922105295,0.006396835320140145
theta_iid[415],-0.005347057699788529,0.9965189048079413,-1.5774437074349514,1.5932921817460182,55259.64497776925,24029.084290878414,1.0000282202645245,0.004239197898920599,0.006346514725845927
theta_iid[416],0.008579204894399778,0.994994358800036,-1.5797858176952573,1.596546270917182,54606.45281703062,23735.16926110243,1.0002246590516641,0.00425837276877207,0.006204933073857192
theta_iid[417],-0.001602662125116261,0.9955365402099916,-1.586108390105437,1.5993015676647822,54624.554364942946,24934.646186934206,1.0000140630219936,0.0042583874153638655,0.006082313685114799
theta_iid[418],0.004333072652090134,0.9903116072986756,-1.5819317092528598,1.5811938699136026,54700.190102612316,24698.396326506318,1.000185020032769,0.0042338955495362755,0.006243196259599527
theta_iid[419],-0.001706308556099827,1.007543129624487,-1.6063120838123333,1.6036881525378375,54300.37922541293,24857.458713735476,1.000069716317064,0.004325267035328053,0.006380439598975996
theta_iid[420],0.004004827619285403,0.9910337392940478,-1.5752922972490953,1.595278554105777,54682.450022448545,22928.255113641782,1.000049359223403,0.00424046895888409,0.006182816410936914
theta_iid[421],-0.008815490465066876,0.9856072978627873,-1.584916739228373,1.5679643617536365,55978.6874681834,24068.00835357479,1.0000773634479219,0.004166869072521796,0.006393751730576097
theta_iid[422],0.00407172598255196,0.9980394438395325,-1.5790570278689877,1.5926306982308382,54459.482516423814,25050.946277008672,1.0002172148344208,0.004276631971204828,0.006383352224476503
theta_iid[423],0.007158963702933627,0.9986233810580984,-1.5943381126743192,1.6119246839828654,57500.10180815044,25351.906763797448,1.000022682882384,0.004163288297972313,0.006173110566225192
theta_iid[424],4.531773564311514e-05,1.0000106728339604,-1.584150793399262,1.6060287921787901,54155.05085269877,21570.024373349093,1.0003206227919224,0.004298969992951239,0.006509502925299407
theta_iid[425],0.0037055814761212708,1.0007201913986759,-1.5874094238401502,1.6102613291190575,57653.48146246685,23432.3107041556,1.0001349637581443,0.004169935001110632,0.006317770182365447
theta_iid[426],0.0024688445375747733,0.9951303151928989,-1.5794059015901143,1.591866060262728,53595.689583616935,24220.752518657515,1.0001252592605132,0.004298086644863318,0.006122126816134276
theta_iid[427],0.0025499614526137905,1.0052660955448796,-1.605237579928832,1.608989543380798,55160.58182617782,24461.351988596798,1.000036595421885,0.004280747741856277,0.006354369023695235
theta_iid[428],0.002182624334703632,1.0075742359830506,-1.6109401674723365,1.6233420805488927,53711.61934440161,23697.5465553025,1.0002900873062508,0.004346465959922985,0.006234206015159581
theta_iid[429],-0.0034715285987880653,1.0037588191503783,-1.607790500599011,1.5977844030530266,59038.49872284393,25092.725333199927,1.000290063130954,0.004130412198564535,0.006323029500775561
theta_iid[430],0.008465560869788735,0.9941892878356082,-1.5765765163252201,1.5969381741074056,57209.81726441271,24168.574157151805,1.0001074486999584,0.00415871637609336,0.006224687590658237
theta_iid[431],-0.004341715506274909,1.0032875983731444,-1.592625666852132,1.6061526073482426,56865.87547857138,24447.07518629944,1.0000682257819975,0.0042065811531930885,0.006493737466831031
theta_iid[432],0.003979879257484411,1.0024744499245792,-1.6083040999867455,1.6009938063316862,57064.05293854667,24946.753090032562,1.0001396566846903,0.004196571987136396,0.006209214747156419
theta_iid[433],0.03202827799680998,0.9859413940161681,-1.5463180144647364,1.6055423516339375,53715.48222037878,24781.441273009663,1.00015488498685,0.004253959866896052,0.006294647776816505
theta_iid[434],0.0016018698688112152,0.9976339917621833,-1.5955284555240186,1.5995513114676494,53484.61964075292,24127.3176575522,0.9999677770425948,0.004313869980633918,0.005994197940850684
theta_iid[435],-0.00459487530767732,1.0033648567920446,-1.6030823612335563,1.5944193045259263,58617.20425486851,24912.967516072265,1.0002014914016335,0.00414370663701683,0.006264272828923041
theta_iid[436],-0.005173249221776557,0.9931066816002917,-1.5843641034259937,1.5789062663163567,54613.62267332374,24497.99845596481,1.0001967345115497,0.004249600501229526,0.006339578176198383
theta_iid[437],-0.004476542494704615,1.0037897989226565,-1.5994285148000096,1.6029666322449636,57963.33590321346,25114.67044874856,0.9999618088959171,0.0041706741203325765,0.006087066946803931
theta_iid[438],-0.0044025997721801645,0.99384773497237,-1.5913985599170624,1.587421003413536,56702.490930129716,25281.423895085598,1.0000532171301326,0.0041765084167534605,0.005984559687926268
theta_iid[439],-0.0028875363168111134,0.9984550805434697,-1.5897504831487845,1.6052899916020633,55200.471530108494,24882.637276789614,1.0002637288510028,0.00424875123994983,0.006207675723538679
theta_iid[440],0.004566189871455931,1.003198547015943,-1.594996261561491,1.600471324306229,56036.48513033055,24455.78387015413,1.0004161349161422,0.004237638603138273,0.006068241687447414
theta_iid[441],-0.006134218033465712,0.9859815534819191,-1.5817888184662545,1.5889744841736961,53959.33806580067,25440.156424255616,1.0002888958908875,0.004246070812778147,0.0059537554731160635
theta_iid[442],0.0030459163504827193,1.0015557358720786,-1.5959882731875605,1.6151585885819395,55271.70134723796,23564.190476710493,1.0001109592349302,0.0042620233020544684,0.00654007555276467
theta_iid[443],-0.006125028014199758,0.9992408441409438,-1.5871912428210022,1.5967421842832963,55875.5724799718,24933.738245078057,1.0001075955003171,0.004228171657227638,0.006210218555411602
theta_iid[444],-0.0018557922397744306,0.9938255360902221,-1.5849291550927427,1.6019143885167546,55287.068625378735,24914.1715949164,0.9999761701233504,0.004225773788827647,0.006160782292260595
theta_iid[445],0.007523220491301897,0.9987511569518203,-1.5780259923636923,1.6001738476741927,53496.65783485633,24192.910309783278,1.0002232808638216,0.004317862121861864,0.006227193222014593
theta_iid[446],-0.006219550369147304,0.9927766844308423,-1.5804434367235318,1.5876741400496783,57731.10532099681,24715.727367898806,0.9999503127028758,0.004131679148274928,0.006406333758119808
theta_iid[447],0.0014581240284054966,1.0006170010345043,-1.6019194780327832,1.6022508332972278,56614.75320055069,24653.999757232625,1.0002609055997753,0.004205218692937444,0.006252117402551655
theta_iid[448],0.0040373029869354765,1.0010739710178627,-1.6079911392290784,1.598947522401061,55006.89964011249,23706.47172951483,1.0001555730529346,0.004270261550409103,0.0062042496019363855
theta_iid[449],0.004520713223615319,1.0071723822337888,-1.6013124673937382,1.5942571845754903,56224.605963334594,24314.853804091443,1.0000431184225977,0.004249559797979284,0.006293617280802028
theta_iid[450],0.006769051463861019,1.0086993274122986,-1.6197823593003189,1.614411745406116,56632.901608822365,25583.59496394711,1.000465173787396,0.004239633200234307,0.006044581259942472
theta_iid[451],0.0039036460488826316,1.0078259586357023,-1.611923394568861,1.6203468254243945,52942.26781655065,22894.916828198726,1.0001171171777103,0.004381641360131651,0.006159330920950724
theta_iid[452],-0.023647152883864982,1.0211740123344368,-1.6691642621821776,1.5984574193917103,50911.810098056165,24685.54636302036,1.000421518848075,0.00452643870183272,0.006281035448915919
theta_iid[453],-0.005056783028745464,1.002497076950887,-1.6118994343961723,1.5783191316364473,53860.891186998626,24594.612358131086,1.000178130330739,0.004320047900029635,0.006205363317646959
theta_iid[454],0.003020467951981899,1.0038740032316738,-1.6027019939972689,1.6105623458071667,55587.31053872764,25564.498532498586,1.0001559526813184,0.004256975158494866,0.006272443749663275
theta_iid[455],-0.006038201459825198,1.0125929668317435,-1.6407612665988727,1.5932109510020185,53527.16714538703,24127.858540041452,1.0004212551073501,0.004376744347625264,0.006400990385965918
theta_iid[456],0.0002366723313920591,1.0043130349442437,-1.599535935127002,1.5977777119108496,55515.24645864629,23161.40295282971,1.000038888489637,0.004260236361910267,0.006190929200739495
theta_iid[457],0.0049275883551383026,1.0059322543194582,-1.5964321940469002,1.6102278736074398,56214.482312356624,24082.782703753925,1.0002736198910058,0.004243377280090559,0.006508762481075271
theta_iid[458],0.009928540286632297,1.001275252974999,-1.5918385792482936,1.6097130487904974,54281.72509206413,23736.978687975487,1.0000963668315936,0.004300015819134368,0.006162865198035971
theta_iid[459],0.0015983410869428213,1.0110198435634234,-1.626427044844528,1.620011861339507,57937.52531902581,24521.582579668455,1.0002283533780494,0.004202171964933092,0.006445351646786704
theta_iid[460],0.003155593666398585,0.9977662319935378,-1.6029110489672094,1.5849411311405834,55599.91028287901,25247.87743810719,1.0000965199498042,0.004235931404202021,0.006069982784316088
theta_iid[461],0.006769788594491933,1.0029712771821557,-1.6079558305550485,1.5996456105896322,53520.090912090454,24638.684267724177,1.0000346195097913,0.004337226531071006,0.006366819622187279
theta_iid[462],-0.005148504037987477,1.0029425253464104,-1.6077155538367316,1.5903992489703562,56302.62147095837,25478.72605987569,1.0002920842824103,0.0042274700949360535,0.006168927247166926
theta_iid[463],-0.005536061254119289,1.0065753318878896,-1.6140880612684998,1.6018065158879584,53120.36891861427,24114.30624054077,1.0003995236299563,0.0043678789693806196,0.006320224877530322
theta_iid[464],-0.007105551150134084,1.0002565964926031,-1.6176429820814233,1.5912466948168382,58609.86491190637,24267.593333946752,1.0001183121856545,0.004132193679441726,0.006304511695603871
theta_iid[465],-0.00011839916828238018,1.011174088403314,-1.6271131824014566,1.6041325305907115,54902.4518249342,24212.980083399463,1.0001053654892573,0.004316767353606913,0.0062500718924002096
theta_iid[466],-0.007043969886929099,1.006709072950134,-1.6178665398805032,1.6010981561704491,57292.451747232786,25143.24904970223,1.0002655734247108,0.004204753200416799,0.006313646030350992
theta_iid[467],0.006505181406479355,1.0018881160717639,-1.5950764384955458,1.5966477207985976,54734.70175786052,24134.074691866652,1.0003578449338215,0.004282392000744288,0.0064400195415188245
theta_iid[468],-0.016571019000848532,1.0001756828564312,-1.6075389333484216,1.5925081585802936,54611.899893340895,25232.455155621472,1.000134972889519,0.004280627643327211,0.00610235084389882
theta_iid[469],0.0018740407928776058,1.0039085136802763,-1.6110796757169963,1.6094062041019235,55020.889300403614,24857.028530522326,0.999957033866505,0.004281879712378268,0.00623591442187995
theta_iid[470],0.004840677858082211,1.007527301482275,-1.5990686983258435,1.6208865919066908,55824.39207831675,25401.628916627455,1.0001218704850778,0.004264187129169791,0.0062641061014545
theta_iid[471],0.008279172211915334,1.009600286573831,-1.6084257613033013,1.6185498411947208,56471.25486399705,24901.658241586243,1.0000368820863588,0.004247915317683883,0.00621797108317902
theta_iid[472],-0.004615699641887161,1.0112570679212627,-1.6148588117925649,1.6145653649172778,52448.87292791515,23122.150199699925,1.0003227554135825,0.004413003024555475,0.006087780388287977
theta_iid[473],0.013043354700191037,1.0078859454516875,-1.606450186156303,1.6271871440157186,53603.936885554234,24800.340614657365,1.0004390165720192,0.004354075697290954,0.006193987518168404
theta_iid[474],0.0038456959916830565,1.0072197228831117,-1.6145095692766043,1.6054046112324316,58046.29026265755,24504.363756666768,1.0000897243058169,0.004181296710686379,0.006506715306621058
theta_iid[475],-0.0037010503085412516,1.0051626812080732,-1.6157365347715795,1.593742217607976,55139.6101645625,25253.014650156387,1.0001058717771347,0.00428173915549307,0.006275060047065547
theta_iid[476],-0.007409862717910258,1.0061743415152817,-1.6182913487490949,1.5991817761155427,52877.77800024875,24350.792784200494,1.0001159460702427,0.0043711978463635325,0.006325020359611703
theta_iid[477],0.015606994621930688,1.0090795886182664,-1.5912994187950646,1.6340619474353,55410.87882954215,24576.08823232323,1.0000411342138487,0.004287502143913908,0.0065582542201738075
theta_iid[478],0.0022338876428318116,1.0080128968055324,-1.605166245709757,1.6138965483465315,57067.962585252506,25301.61989188695,1.0002546107823336,0.004220120644706558,0.006214294051481715
theta_iid[479],0.017453291656603125,1.0066192742952416,-1.596239679792936,1.6191371482568337,51579.27643619328,24741.34792312423,1.0000325769902005,0.004434144797477276,0.006287191678701354
theta_iid[480],0.0026707918492252926,1.0040318926163654,-1.5998359327859444,1.609474822911557,56972.42986261937,24887.087257902753,1.0003391705394826,0.004208696603082455,0.006261391496476073
theta_iid[481],-0.0017281865700966349,0.9985574619346521,-1.5886055306751252,1.5919890981908762,55291.7421159696,24392.80376838181,1.0001005236979925,0.004247150099565957,0.006118772170720684
theta_iid[482],-0.001590119392761657,1.0019287154388923,-1.606938440535901,1.5962844062152186,57293.65238630652,24871.445997742987,1.000049423905815,0.0041869129116998555,0.0062073884158269635
theta_iid[483],-0.021377109674697466,1.011927900748177,-1.635271893935223,1.6090739920192838,55839.04241998963,24134.67129569434,1.0004144715605536,0.0042840466846656815,0.006360806502949778
theta_iid[484],-0.03682619952912104,1.0063481206081402,-1.6529218320921368,1.571208730027365,54338.10227365059,24950.43810222659,1.0001251842096992,0.004317411975255593,0.0062142042135407295
theta_iid[485],-0.005644245846435499,1.0181100692841192,-1.617376223256866,1.6237288652718265,54274.07356273886,25347.177397338477,1.000179292454403,0.0043700419736673254,0.006063533181877259
theta_iid[486],1.6408014492874657e-06,1.0049775318387146,-1.6111660254578164,1.6077284346691714,55422.24875817376,23997.257092587086,1.0001622726813864,0.00426902387144161,0.006256441173840976
theta_iid[487],0.011064439703636067,1.0094881105810187,-1.59408854016758,1.623060858538018,56072.411189792394,23850.479773129566,1.0000449030608365,0.004265112279742741,0.006516302072816903
theta_iid[488],0.0011998807841947505,1.0038132383747236,-1.6003381896366262,1.6113663182184903,57881.27542470081,24585.434808989237,1.0000439882402297,0.004172513163888867,0.006233625184359399
theta_iid[489],-0.010592139595566518,1.0070534596527798,-1.617573964788508,1.6042782781553522,54873.062208845906,25475.13545978192,0.9999853870258362,0.00429946189657522,0.006134060941566626
theta_iid[490],0.03626005474188172,0.9980408541326555,-1.5707795842693562,1.6284919411141245,55243.5306654366,23753.48328535228,1.0003063596425716,0.004246853542485749,0.0063121371395322675
theta_iid[491],0.03979513637933938,1.0009859457668455,-1.580772530388628,1.6302295499645387,54838.136562674765,24282.236624126414,1.0007732491699157,0.004275026463196707,0.006117233509291037
theta_iid[492],-0.002311038279114399,1.0045048662010982,-1.6055302987735751,1.5892144993780208,54237.80884642881,25778.75478599226,1.0000913978975972,0.004314363514204802,0.006037311831096822
theta_iid[493],0.02038197131159232,1.0057844616941654,-1.5974581515088542,1.6189872557015272,57517.74712317323,24563.182663088857,1.0001540086885152,0.004195558761631436,0.006290507844535373
theta_iid[494],-0.01284514177781534,1.0129219121332824,-1.6174323973143037,1.613660940109876,56194.883949971525,24199.000699889817,1.0000842658845137,0.00427191764831884,0.006516574850506079
theta_iid[495],-0.0230641379817964,1.0175310974031246,-1.6432940234051052,1.610018947757291,55474.41493835763,24686.206730362177,1.0001402367541636,0.004320136778706692,0.006549929200805002
theta_iid[496],-0.07005763384968827,1.0012742453784131,-1.666365727420838,1.5308723650814586,53935.750591923155,24773.1405580417,1.0001805990465036,0.004312010545568554,0.00602292977081795
theta_iid[497],-0.009624042979393508,1.0116344327445237,-1.630002056990698,1.6051491763322399,55826.41539664711,24321.583191032998,1.0004122424720794,0.004283918361192005,0.006327803400299865
theta_iid[498],0.004714186402912395,1.009239424048496,-1.6063198925421638,1.6247631056890148,56497.6286242186,24319.54104120799,1.000213437228131,0.004247032844909101,0.006151457279709245
theta_iid[499],0.016593420203416705,1.0006872730001841,-1.5867083840260678,1.6033526846672455,56126.50425421103,24183.99640453885,1.000211753516669,0.004224267149955174,0.006147652016590717
theta_iid[500],0.010673183075016647,0.9992124308515559,-1.5806057784039471,1.6060789143521748,53770.37719331251,25561.724637648764,1.000098066928869,0.004309958669192331,0.005985504584445811
theta_iid[501],-0.011084557938486388,1.0008007566928576,-1.6231914354003172,1.584346215476176,57117.66193116159,24877.237241104496,1.0002231214608261,0.004186225287191217,0.00624296715962542
theta_iid[502],0.0009257700517349915,0.9970722319842926,-1.5956008372380641,1.603463121505401,52132.638561204665,23864.976003651962,1.000071720132189,0.004365202530426927,0.006553749953149033
theta_iid[503],-0.005903135217432235,0.9929854072368883,-1.5853923441391988,1.5708094214286437,58765.200029976535,25863.286581566943,1.0000389138576768,0.004095779511625101,0.006014523368320307
theta_iid[504],0.016159705537986062,1.014768280725657,-1.602235451310171,1.6438081788755237,57096.070495149,23697.21062483541,1.0001325293439258,0.004245439925067609,0.006752595321952004
theta_iid[505],-0.003034283938685098,1.0001236275178476,-1.6060487525978582,1.6004443777032842,57081.41327743571,24957.780915115858,0.9999489767508281,0.004184747745687029,0.006383510717178343
theta_iid[506],-0.002360888167706647,0.9888417044965064,-1.5829326761123164,1.5737728707018575,55238.018440285225,24365.53520744578,1.0002609349203773,0.004207811240477885,0.006216979099881066
theta_iid[507],0.03767719880233916,0.9802554831508024,-1.5413747853526594,1.6011999524180591,51883.357977481544,23587.1616646947,1.0000995352593989,0.004303146497108037,0.006184140730048768
theta_iid[508],-0.000858098062171511,0.9931957122015227,-1.5894741551367053,1.5831710379360378,56866.30118348513,25535.000159010568,0.9999760262789451,0.004165938996656749,0.006101766951897012
theta_iid[509],0.002168383063666738,0.9989951918612104,-1.5937518239828197,1.601922993537426,57619.05101072634,23684.828968599428,1.000071304481677,0.0041638022332827545,0.006252384104820435
theta_iid[510],-0.008828160585888803,0.9986560098797534,-1.6076680464385533,1.5853298644802702,54113.52154564814,24655.164078584574,1.0000314421085619,0.0042921931924828375,0.006004747270635195
theta_iid[511],-0.01118802926595275,0.9999147006517767,-1.5926971101741332,1.5821926064949077,55676.79896492752,24545.46702615868,1.0001159607215269,0.004235758949898096,0.006645842502459282
theta_iid[512],-0.005551560661949158,0.9890377211956359,-1.5873287587859182,1.5902543165211298,49284.10817615163,24285.1425446266,1.00004470445187,0.004454852494489727,0.006001987359696374
theta_iid[513],-0.01213560138872662,0.9949836051663417,-1.6036866074292393,1.5834088321489603,54467.93827180981,23451.580811027867,1.0001503200423965,0.004263413607675335,0.006277179265770144
theta_iid[514],-0.0009063096960518186,0.9845128803249539,-1.5811169918403745,1.575786188014161,56545.53204013023,25136.971830898332,1.0000012882472031,0.004140806196092705,0.00604100750795763
theta_iid[515],-0.00021233131510069224,0.990443976453723,-1.5878663604001606,1.5875349209725962,55464.538288043106,23835.188205086626,0.9999438023149013,0.004208013976077793,0.0061519613224057905
theta_iid[516],-0.0019392848965865057,0.995483660869097,-1.5949573417279261,1.5776215797367807,55350.106580622465,24497.45703839896,1.0001069012205812,0.004232414827360515,0.006312118953660243
theta_iid[517],-0.004612527978088355,0.9956456421655829,-1.5924951005331007,1.5862718534468614,55750.33411771238,25585.446043856293,1.0001321045480784,0.004218147022839208,0.006024533433910369
theta_iid[518],0.00204155867002654,0.9928424538143441,-1.5975796341964998,1.5861493254985484,57544.493773030525,25708.698749942156,1.0004550714708993,0.004139875238726104,0.00604515423535893
theta_iid[519],0.004854470571487258,0.9997240689520299,-1.5985308243113137,1.599619968594256,57153.24738237341,23248.02967406652,1.0002937859699872,0.004180800710274646,0.006557803521620297
theta_iid[520],0.0004858667584297216,0.9849685800012438,-1.579480810933646,1.5681741300424414,53928.52691324589,24163.084305500823,1.00018550978114,0.004240889032923377,0.006136346322878005
theta_iid[521],-0.01865386078234211,0.9918354472343109,-1.6080524356714512,1.5638897771242726,53527.521975412696,24403.923089451902,1.0002553476128238,0.004286215462605417,0.006216845403045475
theta_iid[522],0.002592914034165835,0.9943051520542532,-1.5905859640112572,1.5840996407850743,56558.85426999987,25188.74265685967,1.0001383793499283,0.004179823493063423,0.006032019580304224
theta_iid[523],-0.004362786956080436,0.9847405917316714,-1.5795286871438574,1.5808864134007372,57867.49249451648,25156.42796566857,1.0002161013110313,0.004093916476791799,0.006130103170910366
theta_iid[524],0.009040840026047284,0.9942285534399488,-1.5772138751135738,1.5985268424423713,54659.44222152842,24541.62712336678,1.0000475842533696,0.004254007772409899,0.006095681732387529
theta_iid[525],0.005928162672215913,0.99329943313196,-1.5884087338275885,1.6072105970329644,55504.99211935915,24912.68308006191,1.0000659046720675,0.004216384288990784,0.006046204340907577
theta_iid[526],-0.004553023962175004,0.9965900510974895,-1.608302467556895,1.5926581814372542,57167.95129612722,25017.41590617197,1.0004166606423106,0.0041706733777940284,0.006042411013577806
theta_iid[527],-0.006716313569836998,1.00551096065425,-1.5964875157046539,1.6062623957794684,58371.56170840918,24927.08182559605,1.0001977704776013,0.0041613665331136935,0.006536300859202309
theta_iid[528],0.013901581389058379,0.9905149734362616,-1.5587417520960372,1.605756182660225,55671.95669295653,23791.70769103189,1.0001025093547866,0.004198178461558635,0.006150610973774306
theta_iid[529],-0.003784929398750598,1.0098762414567486,-1.6188587053691406,1.6171573879101846,55739.60084858646,24045.201248166166,1.0000607808140074,0.004274980472646492,0.006162963488460802
theta_iid[530],0.008963440117865745,0.9941623695503102,-1.5714612880170225,1.6177434513045683,55300.37039582298,25475.417713406012,1.0000791017285235,0.004226990344092315,0.0061392629377156
theta_iid[531],-0.0009357547552476177,0.9918582911010112,-1.593632950592901,1.5821521648288006,55976.34140741132,23715.08053185968,1.0001034184711421,0.004193641153611211,0.006176117042393621
theta_iid[532],-0.013761530211035945,0.9970202533688894,-1.6057452961496483,1.5776040807570457,54728.10029625276,23700.132573653307,1.000355216533478,0.004262291915539734,0.006483915757396639
theta_iid[533],-0.0015343416582976257,1.001404236872439,-1.6022208042395643,1.6009634607998509,56061.59542344339,24544.626771107403,1.0000484959581852,0.0042329512369623885,0.006454943093818977
theta_iid[534],-0.0019954073335643075,0.9837754078871763,-1.5620635894447998,1.559118346840544,55368.940628370416,24547.744107915234,1.000167631702562,0.0041835968148484365,0.006139249298467776
theta_iid[535],-0.001218794842256624,0.9864748259478042,-1.577146866041542,1.5735082687246504,54219.04068266305,24917.03467031559,0.9999866877335658,0.004238653826079432,0.006028134568007306
theta_iid[536],0.0017795532913967807,0.9967295209580815,-1.589194376933464,1.5831045184885573,55379.14739644172,23920.58843268695,1.0000402977873872,0.004236983304601231,0.006255913662184064
theta_iid[537],-0.00273970750597059,1.0051234756072316,-1.609792116664668,1.609439198517935,54848.67861166791,24943.370881823113,1.0000674259789524,0.0042928213272791175,0.006120793652550963
theta_iid[538],-0.004715751654982261,1.0161461227999486,-1.6280856869804632,1.6180716875907424,53712.58225429605,24380.15836588071,1.0001943685092158,0.004384167433401742,0.00633937717429215
theta_iid[539],0.005638529744212582,0.9981694846437167,-1.5917715292521135,1.6035451204905717,59400.1992304179,24027.375898056962,1.0002033884538006,0.004096628248977043,0.006310442317324912
theta_iid[540],0.000514707183377789,1.006833139287747,-1.6188841297395682,1.6147516225757717,51699.516549743406,24323.99255583063,1.0001746633927344,0.004427594022946006,0.00659594970376815
theta_iid[541],0.0014211853026835637,1.001323746287398,-1.6023826556416796,1.6004769896187907,52755.382345338374,24278.278375268277,1.0000118712998967,0.00436068996274719,0.006136643147278878
theta_iid[542],0.005203939561408632,0.9974830695662887,-1.5954791619200117,1.6027498382154086,56145.58428015868,24341.358950510275,1.0000897313881603,0.0042088067281618735,0.006255870657722697
theta_iid[543],-0.025924309859375494,0.9975367534754277,-1.620541765489395,1.5795290367485721,55099.46576255827,23671.96785440127,1.0001403325288325,0.004251342295461781,0.006263670450517171
theta_iid[544],0.0050330933176391465,1.0065534591658205,-1.6038790188369518,1.616929433600632,54129.404876180386,24838.377937301684,1.0002223336911007,0.004327158686784265,0.006354680183660538
theta_iid[545],0.0008000777584431971,1.009741832772567,-1.6087869680520681,1.60348485476105,55863.36142581723,25031.085440656927,0.9999735325463976,0.004273554403685107,0.006252869997569372
theta_iid[546],-0.004895211373680701,1.0115232734710795,-1.627808163889691,1.6167882089272287,54292.66834973083,23951.179403837956,1.0001150011247995,0.004339863146028644,0.0063425929688043555
theta_iid[547],-0.00461641038515493,1.0009269352517645,-1.5970463551526963,1.587542447506602,55064.442583371805,24360.15219633855,1.0000554092681746,0.004266999532781995,0.006171030184395665
theta_iid[548],0.004509961820805878,1.0037190526231008,-1.6053740242852124,1.61614268025112,55733.08374975129,24493.53832308114,1.0001058136673304,0.004252098377633615,0.006097249077302167
theta_iid[549],0.00023060929970923372,0.9976433135994186,-1.601965123634973,1.5980479096191011,56390.725600619524,24727.83713820318,0.9999952110421324,0.004202904839921573,0.006096729023431958
theta_iid[550],-0.0004971694151512619,1.0106998613223273,-1.6162714098691728,1.6062784169224549,53539.11077080506,24806.329536664893,1.0001057280828454,0.0043696583304385795,0.006436085720608582
theta_iid[551],0.008555430983043445,1.0057601622251842,-1.5923138208783503,1.6214450522474382,57878.807460119126,24787.54948345422,0.9999360881465374,0.004179687527776488,0.006488665926324456
theta_iid[552],-0.0026749003973704296,1.0074529120457694,-1.6060528462267722,1.6124040437785285,56529.4140460169,24802.69051932073,0.9999990905536618,0.0042374262035326194,0.0062984601902186235
theta_iid[553],0.013399933632343491,1.000123495299236,-1.5805851233146342,1.6114501104097942,56344.429236758224,25155.974938168525,1.0000329609419982,0.004213590557952412,0.006211895495172929
theta_iid[554],0.002569202569020598,1.016113183230982,-1.615206818397784,1.6243500514550604,54384.66061705281,24818.232016267815,1.0001827362332816,0.004357791972529153,0.006278531057925915
theta_iid[555],-0.0061236686158924235,0.9963082960372004,-1.5989481626783093,1.5817634698845693,54613.91057276705,24590.012592110466,1.0001211240958447,0.004262145646903779,0.005967692307852667
theta_iid[556],-0.008927979109484785,1.0073639863241006,-1.6201091552139693,1.5963117172589263,57987.786881609936,24942.46745597457,0.9999425037132318,0.00418161433190096,0.006237043537873715
theta_iid[557],0.003388415984629172,0.9993600401781711,-1.5956590671986717,1.5944475589250264,55562.99028493746,25039.532401334705,0.9999478472960416,0.00423985142677736,0.00594068299426903
theta_iid[558],-0.002846856099251309,0.9972463965537596,-1.596525015886253,1.5909187808068455,51664.798596244334,23852.931612600292,1.0002491362386503,0.004391235296344778,0.006414622020086855
theta_iid[559],0.007088101916651372,1.0130278033743487,-1.6146156271439283,1.6366235785814724,56534.99385936065,23903.379782337306,0.9999513322446985,0.004259836616862301,0.0064857226122089304
theta_iid[560],-0.01704017709122312,1.0101410280228087,-1.6296621656183647,1.5986957178835517,53085.26706106136,24047.794959521314,1.0003102940069484,0.004384288951820866,0.006546753560187774
theta_iid[561],-0.005366841116886891,1.0010210657893612,-1.606524055119907,1.5907091256114976,55671.995303264994,23744.237558476423,0.9999985246339612,0.004241632966469179,0.006408886254172119
theta_iid[562],0.005321688546839047,1.0028631234974952,-1.6191645623876119,1.6136206696622724,55474.272289003326,24657.470137251457,1.0003461462305,0.004258118780035738,0.00631140906155758
theta_iid[563],0.006562783460908969,1.0221176605312,-1.631013759544041,1.652059814497163,57091.134069252425,24830.412047838465,1.0001140284286827,0.004277852810883728,0.006417785717688248
theta_iid[564],-0.06916430367229943,1.0224508526448297,-1.6952492932973529,1.5653455014188413,50512.861355604575,23448.18508160816,1.0004050836903864,0.004559970139550094,0.006569741778618055
theta_iid[565],-0.10212010535331871,1.0535549834355349,-1.7615926391161303,1.5879425605917836,42389.45500861465,23885.004462568795,1.0002757810046559,0.005115810721246444,0.006453637585176818
theta_iid[566],-0.000497577280510957,1.0003803677870344,-1.599401802165119,1.5899335012847446,54925.934191997985,23048.2465599522,1.000142703839328,0.0042673748070965805,0.006298469872817928
theta_iid[567],-0.09825241574777688,1.0554124467812815,-1.779574477954706,1.6016853858219446,45372.64593415269,24349.357196219247,1.0000861898190685,0.00495908036751573,0.006120696446678722
theta_iid[568],0.042143797847207384,1.0091453140298956,-1.572136563680623,1.6365961933017328,52351.324941608524,24791.842367122124,1.0000764324160323,0.00441051225167459,0.006062649549732774
theta_iid[569],0.08049566587517569,1.0239883993095702,-1.5612303939844419,1.7218109873467937,51423.40712111063,24561.514609938786,1.000116040514601,0.00451539696123409,0.006410564645641495
theta_iid[570],0.010794818532100361,1.00712531689374,-1.600897214014253,1.6233867203134007,56840.31572534296,24292.90170161384,1.0002845518392718,0.004223892164549774,0.006297616246754233
theta_iid[571],-0.007760581702467319,1.0310757626578189,-1.6463670592223103,1.6428284934325776,56546.17580061212,25274.852592265237,1.0003790254166876,0.004336681961442272,0.00622004384330644
theta_iid[572],-0.01263625103112626,1.0141489474403773,-1.6343281758955202,1.617735892373444,54973.68003764357,25487.89217204535,1.0001647549756993,0.004323836644337156,0.006167791853966253
theta_iid[573],0.02474228195543288,1.0005611402275494,-1.589499890091019,1.6209650138089957,54517.978150232884,24657.193174840348,1.0000005543860153,0.004284345158603648,0.006337702349877385
theta_iid[574],0.012252214521143147,1.0201507017530422,-1.6203164413074227,1.6452212475757517,57160.6727868821,24879.20331229877,0.9999643098949512,0.0042670351407584,0.006334818877502835
theta_iid[575],0.01506835075912975,1.039273563878637,-1.6424216716891291,1.6790417091496233,54405.596202911765,24288.796142405434,1.0001488844375095,0.004454611469594698,0.006385810211169524
theta_iid[576],0.012141154138236616,1.012296545768402,-1.6035201525019223,1.6242753299843173,51171.59014977448,23858.111621239048,1.0001127834330374,0.004473620046590746,0.0064891906115738815
theta_iid[577],0.008111415844296222,1.0096115375353587,-1.5946911975257283,1.623906236093852,57165.14991656796,25367.05838224865,1.0000568805022647,0.004222871604416419,0.006282498547259214
theta_iid[578],0.02756338374094704,1.0096151859061253,-1.5808876004432695,1.6433764371189736,56577.86333735943,25368.07310423199,1.0001576359361242,0.004244890200054711,0.006483365962346084
theta_iid[579],0.011440020925470385,1.0015097869338576,-1.5910668929215381,1.6113270291245536,60727.099928533986,24563.311730427664,1.0002392630654335,0.004062984521318072,0.006309399994921714
theta_iid[580],0.0023000932278747594,1.0344586820566133,-1.653599059108177,1.6653806404150235,52843.21496958503,24595.370146070207,1.0002959605919828,0.004499067873872023,0.0064229616918789765
theta_iid[581],0.029449512392017964,1.0237926342320451,-1.6063604009170016,1.6621566189256731,54991.34382530949,24371.91189345855,1.0001475074484292,0.004366276152939213,0.006431568914619654
theta_iid[582],-0.0015092056624078423,1.010394056573106,-1.6244092563680175,1.6043551037178678,57296.95133859858,25683.55905574996,1.0000338895169036,0.004220660720058017,0.0061279236607240046
theta_iid[583],0.004401704384699256,1.006304902552766,-1.592738442093354,1.605265804538384,54420.93443186866,25183.192322728682,1.0000927682034786,0.00431342253799456,0.0061429348032760725
theta_iid[584],-0.008769736536761247,0.9963897903899929,-1.5984552525968911,1.5766320789070953,54456.547861192084,25018.7041859909,1.0002435472245284,0.004270372681469591,0.006212163579822237
theta_iid[585],-0.0006883852903421217,1.005795730076818,-1.6072445587498467,1.592723098147447,54105.69821323061,23023.185215567995,1.0000143195093143,0.004321607640684791,0.0063483939721747824
theta_iid[586],-0.004035260966313083,0.9994601075867499,-1.5986431729220392,1.5865932228508504,55457.05809003398,24187.890963478356,1.000229422354535,0.004242610305420276,0.0063161665149670835
theta_iid[587],0.003090239276842215,1.0024792302350305,-1.5812568876668032,1.6159539896297503,56298.333677502524,24742.18139040704,1.0000382177030844,0.004223809654752307,0.006385539194308813
theta_iid[588],0.004167087052075988,0.9988203340401779,-1.5759647240006813,1.599840330899865,54799.50947179796,24143.37133036177,1.0005965062511735,0.0042648782178009575,0.006198023945641175
theta_iid[589],0.0010701294750411808,0.9892554284915864,-1.5866081677832007,1.5820086512458875,57327.678085062995,24739.37546900078,0.999974446841066,0.0041284380032311045,0.006157660108638593
theta_iid[590],0.001465399441417373,1.0109758097835877,-1.6150726138011287,1.6095477647339418,54969.60783974258,23740.803141867866,1.000127550781702,0.004312546293568958,0.0065630119168996635
theta_iid[591],-0.008537243234850602,1.0010868192638038,-1.6096843268491852,1.5931908054219042,57175.390355830044,24093.700019838514,0.9999830399785312,0.004187982258425226,0.0062535340842557715
theta_iid[592],0.009578748003885607,1.0018763536844044,-1.5947845859611534,1.6097870408607322,53387.340113019534,23146.959907749802,1.0000889904543446,0.0043326650972998395,0.006563624335405029
theta_iid[593],0.0009721687421110174,1.0076600493135621,-1.6037875798777672,1.6015069443151047,57119.95950192981,24575.91802088597,0.9999538218620146,0.004216717286087922,0.006406177067330904
theta_iid[594],0.004570033606403003,1.0025176904805735,-1.5861473082257669,1.6003474960739181,55488.940597169974,24012.292215739966,1.0000083030724045,0.004254721826262554,0.006255752686878588
theta_iid[595],0.0026492573142881106,1.0148270922711142,-1.6270185903233942,1.629153653693326,52629.72726616362,23513.634179694553,1.0003782766006344,0.004423165659431716,0.00632281653676309
theta_iid[596],-0.0033532111096686687,1.0007001645313869,-1.6132297282224257,1.6112214988850222,54390.18003962986,24415.936983992568,1.0002381979413189,0.004289367915790641,0.006200555164038849
theta_iid[597],0.005188708722572083,1.0020278792095298,-1.604558633267492,1.6054848214310191,55189.549383150625,24764.180362731437,1.0000125748689372,0.004265208791877238,0.006135253164285792
theta_iid[598],-0.006560592893136699,1.003077217370803,-1.5980711400399807,1.598430909464406,55861.70323549738,24530.24286914297,0.9999917800319538,0.004243946316658445,0.006299502306839513
theta_iid[599],-0.005417579234060181,1.0015320752753272,-1.6121864545086522,1.5968071946246414,54995.0944853103,24120.84397615909,1.0003685215031262,0.004270491377439001,0.006462131383719633
theta_iid[600],-0.0044769246910617766,1.0042066577080784,-1.6160343824689005,1.5941308598604516,58679.44155637832,25008.83512602591,1.0001459362444396,0.004145499934753301,0.006310816033309499
theta_iid[601],-0.0053535149797562095,1.0016597109512495,-1.6078851651546673,1.5959165081431126,53593.43456901842,24420.7551639087,1.0003147266870922,0.004327623541422157,0.006393172457537457
theta_iid[602],-0.007879246425192306,1.0025686364248478,-1.6216660107670609,1.6011176684903003,58137.89635717872,24562.44819563491,1.0000115299949717,0.004160760272763748,0.0063033579595226305
theta_iid[603],-0.016437903851984945,0.9990985813756423,-1.6203241069833667,1.585358666148395,55871.62418593855,24093.001497721543,1.0002096679449164,0.004226905780271378,0.006402464485752854
theta_iid[604],-0.005721605020605121,0.9984026851709733,-1.6113294600444492,1.5837493034826735,56682.10437709383,23045.864950612446,1.0002260331381405,0.0041930046139516996,0.00622633021533249
theta_iid[605],0.0042801192752466915,1.009377870933407,-1.6009468523072126,1.6171969394424517,55191.92254210703,23774.354758105535,1.000071464107403,0.004294689707753376,0.006278850318866112
theta_iid[606],0.009317827785243505,0.9894978256848309,-1.5724514669223157,1.5860510785835198,53397.39900915455,23916.672741849918,1.00041001226702,0.00428272075719083,0.006322754651818236
theta_iid[607],0.005806854653400213,1.001492301267432,-1.5937111321860915,1.6011865831689531,56164.867996604575,24357.54285003966,1.000010924707242,0.004225838964740063,0.006467602777359539
theta_iid[608],0.0008770988564875357,0.9927266809937213,-1.5863440029878122,1.5935348249383703,53363.11407012641,24284.82795951439,1.0000594247490568,0.004296207693296389,0.006181359683853036
theta_iid[609],0.004034141486631311,1.0004544829411428,-1.5899758159573487,1.6079595004679166,53819.35298636079,23998.313313858253,1.000010454199689,0.004312640384154861,0.006161300988984086
theta_iid[610],-0.0114458963712963,0.9951999387848105,-1.6126205632685493,1.5732211585868163,55309.434687029825,23457.78558856984,1.0001061661160786,0.0042338652415814925,0.006424614402518151
theta_iid[611],0.009309997350455778,0.9989597370368181,-1.5935325816166104,1.6068438344669815,58739.27429445944,24062.6549560239,1.0000752356941205,0.004121302195994112,0.006175236639344892
theta_iid[612],-0.005278749660934774,0.9953943509315459,-1.5831401670378595,1.578633577284525,53980.03657643052,23554.832265817047,1.0002232035326344,0.004283984466192778,0.0063381540796610255
theta_iid[613],-0.0073159381752320885,0.9912096949700697,-1.58447029076319,1.5867831447078193,54002.670393318775,23391.9880024551,1.000305513943703,0.004267545360762844,0.006166521198410214
theta_iid[614],-0.022119025926789333,0.9820164586738837,-1.6063863313414861,1.5621579303015514,55332.05481273511,25063.244182366092,1.000133268977234,0.004172841454842957,0.005902158618489447
theta_iid[615],0.001263622543916912,0.9998166686393558,-1.6034395132246646,1.5947631736442949,57407.02503017868,24601.647291524936,1.0000344126750633,0.004171934022543799,0.006331293654751574
theta_iid[616],0.0007503087478559715,0.9993481324810425,-1.6043823732711477,1.5967878028111246,55755.22897542999,24819.04941244213,0.9999346463572885,0.004232684850906577,0.006253007855845638
theta_iid[617],-0.006764262105264432,0.9948949084843935,-1.5944342049939462,1.5755521331914697,56345.64221553595,25107.789518249185,1.0001102435005893,0.004191771482733615,0.0060945152143674925
theta_iid[618],-0.001771328196056813,0.9873052728393558,-1.5867147146724605,1.5824576862616504,54420.916066799924,24646.15345060825,1.0004338858536297,0.004233969457876089,0.006379994185078331
theta_iid[619],0.012018519702094757,0.992032213707154,-1.5752584179358262,1.5935509324745825,54472.40253453645,24691.963253126658,1.0003134178142727,0.004249280056089365,0.0060256822835918445
theta_iid[620],-0.004662285939017931,0.9906389784180744,-1.5886272871193259,1.583430150726317,52636.52677896264,23859.014227676606,1.0002004712801886,0.004318912933012755,0.006138962934749729
theta_iid[621],-0.017408483638357626,0.9930388396888771,-1.6138297127846457,1.5622684859703633,54458.90468681928,24340.61016430105,1.000249151751528,0.004255422112054429,0.006025418572041473
theta_iid[622],-0.004594500735257083,1.004771246204939,-1.6079682311365155,1.6033838865390166,55757.160995483864,22536.52087564657,0.9999316107165266,0.004255989815007106,0.0062118796005181665
theta_iid[623],0.007515495912393104,0.9833760502569914,-1.550187640579972,1.5855745534962122,53421.726017188266,23293.19282494462,1.0001162641346473,0.004256249907268241,0.006446876884691507
theta_iid[624],-0.0011812798358798796,0.9925663985007948,-1.5881014482671383,1.6032401853642686,52611.0616326305,25489.88720110467,0.9999728400790697,0.004327324521594525,0.005989104224581597
theta_iid[625],0.0032059646248887796,0.9923283102155217,-1.5826617432449286,1.585932551818224,54318.03537319047,25275.545091210864,1.000046717340791,0.004258703495909088,0.006033391846893431
theta_iid[626],-0.00770133017841521,0.990462937763119,-1.59369216572695,1.5883182761829564,56884.815476400916,24920.727807359508,1.0000190166709817,0.004152657730774208,0.00617006589997742
theta_iid[627],0.0023983601830367845,0.9927115501869017,-1.591928841825117,1.5828492019005094,55519.43136259118,24650.061460953275,0.9999926610712666,0.004212856325568693,0.006264906194315817
theta_iid[628],0.009605983778838102,0.9896126401222538,-1.5709430252252141,1.5957437293728975,54177.95167507328,23404.57294443878,1.0001052300122073,0.004249387420475719,0.006411535279521742
theta_iid[629],0.0021678489758902336,0.9962510139248822,-1.5887673733893162,1.5873706137752777,53128.704391782136,24358.17175308972,1.0004215139965904,0.004322942944243873,0.006338773297727535
theta_iid[630],0.014651374844598539,0.9984666465866435,-1.5815059715779747,1.6040526584658816,56122.00938292205,23703.233641584724,1.0002012220744718,0.004213439101386355,0.006318623321392672
theta_iid[631],-0.0028852742995985423,1.0156451628744787,-1.6180659357849776,1.6245278937378795,54578.69637884711,24707.639621219485,1.000034819584413,0.004345746009966067,0.0066103326274578045
theta_iid[632],-0.014614963056698887,1.0152633395314157,-1.6295207858452474,1.6131503628544717,52611.85071025663,25248.79709135254,1.0000767125911443,0.004425147063214606,0.006061966945804227
theta_iid[633],0.009307824562216108,1.0080126838140084,-1.6066860197229762,1.6086982332776787,54745.41961429221,23549.477477168464,0.9999925293196026,0.004304862636312303,0.0063107332137321386
theta_iid[634],0.021260977731683155,1.0022502815433174,-1.578611857385021,1.6226816942663413,56892.84766484129,25516.497749693834,1.00002635911018,0.004201298529338105,0.006061605620924134
theta_iid[635],-0.00954896390230092,1.0059926957955454,-1.6137580448356044,1.5997586234101937,57419.63975938849,24380.656428558174,1.000022451933832,0.004199143487713321,0.006255228148798369
theta_iid[636],-0.029618748765762974,1.0161136131825002,-1.6460403555233647,1.5995487807616877,54932.15329926466,24326.13351655535,1.0001232201563446,0.00433782937056064,0.006480940871350627
theta_iid[637],-0.037846310818342485,1.0142619239063102,-1.6551174962671358,1.590888692344959,56072.36885280837,24997.636930227058,1.000138103184351,0.004283644856414169,0.006243637911078242
theta_iid[638],-0.016685445726908294,1.0063436470245575,-1.6273202273460725,1.5917836173937019,54357.85384755472,24601.98348744274,1.0000170717752108,0.004315662688494453,0.006214997461456173
theta_iid[639],-0.02026889687547021,1.0137786081605227,-1.6449622429101458,1.6058613099393317,53795.073815072195,23294.36404569672,1.0000436921269724,0.004369973495672234,0.0063699055532097214
theta_iid[640],-0.04092784127655302,1.00521157418742,-1.6519654080812003,1.575706775752528,55674.53332445098,24442.70279018579,1.0000049309885584,0.004259221275864143,0.006190914387976288
theta_iid[641],0.0030719752405663084,1.002954805638555,-1.6054014297329302,1.594875039629327,53362.93537831085,24850.09344288283,0.999955352910835,0.004340721790849125,0.006206723369720195
theta_iid[642],0.006262372125353934,1.0071789205144916,-1.603052157152113,1.6184664769818802,54989.227747605466,24342.51256412365,1.0002583717870457,0.004295303231269419,0.006448350163600133
theta_iid[643],0.0052634340584325956,1.0089181873786819,-1.624939412863544,1.6188059397559067,53943.158421457636,24067.602965203932,1.0000611811844193,0.00434386970617119,0.006408444826533193
theta_iid[644],-0.00577340423406406,1.007175315211763,-1.6108642896099319,1.6058403542751176,55335.618364137794,23768.50894478982,1.0005692290643426,0.004281752801446816,0.006252190609833235
theta_iid[645],0.02594056274908199,1.0032245557234418,-1.571475713229131,1.6336168361058025,56024.63082420227,24541.461318569098,1.000169632523685,0.004238157043059338,0.006303930434568893
theta_iid[646],0.019852656338773825,1.0141396762129093,-1.5907601613985987,1.6452145669976794,55228.99252781004,25505.01148261415,0.9999812531541326,0.004316392967495058,0.006115397577559969
theta_iid[647],0.01530008429893282,1.0122940196482546,-1.6126190670479903,1.6270067393261876,57135.941526312585,24644.575940895837,1.0004428431291423,0.00423625406842764,0.006450965298085679
theta_iid[648],0.008400560615318391,1.0030422315910201,-1.5837039362136178,1.6250764664976651,58070.41246997929,24411.17840378737,1.0002920753085132,0.004163345635676778,0.006338217291184996
theta_iid[649],0.014659244002630984,1.0012127933414132,-1.5901299909207873,1.6291054015019224,56811.7041150748,25614.580085039437,0.9999794077638247,0.004201582174392662,0.006107651963987988
theta_iid[650],-0.008224115362382446,1.0147678787761099,-1.6234407669817994,1.6078501465867236,54389.5302140405,24588.545138460704,1.00006243203054,0.004350480660611082,0.006243089403828673
theta_iid[651],-0.019424155751400374,1.0074511815744018,-1.633921848925047,1.5914667760946182,55474.34358595593,25104.517206376055,1.0001523017078988,0.004274104759520924,0.006434333222865324
theta_iid[652],-0.01633178283413694,1.000012800779416,-1.6279994810869634,1.5910184439344417,57420.20814928707,24650.92666538101,0.9999804129395171,0.004172687071529504,0.006357619105379425
theta_iid[653],-0.008353546265436222,1.0022564094835986,-1.6100629685961443,1.5831201123714433,58213.2493253862,24857.06360532105,1.000433135634306,0.004157766834742824,0.0062085310812643735
theta_iid[654],0.012104591303319335,1.0003211105922292,-1.5994758167717953,1.6158158548551973,57694.199135555646,24178.83788782787,0.99998354163355,0.004166021824085575,0.006306923028262123
theta_iid[655],-0.0023674618742032796,1.015930794555293,-1.6241405023738347,1.6205588270987437,53547.12489977288,25146.411582973666,1.0002302112358818,0.004386843649765066,0.006158637632399312
theta_iid[656],-0.011540463810226822,1.0127191653119,-1.6300046967732498,1.6021211229917771,54970.42362835202,25493.720731698075,1.000049095714947,0.0043174287456000686,0.00616461419808366
theta_iid[657],0.01871339512696478,1.00759425133721,-1.5898746988999357,1.6283718715579805,55985.593957681864,25052.184053196797,1.0001043331011568,0.004257765393904248,0.006103761942070999
theta_iid[658],0.014985783508728012,1.0061440050292727,-1.596585156196618,1.6294537134506093,56054.88075691219,24297.081767659107,1.0000030261329669,0.004248812241074153,0.0062351065758916874
theta_iid[659],-0.007293550776459556,1.0010148184694216,-1.6037589287744982,1.5827105691552226,56722.790724786886,25058.796125530807,1.0002155298718316,0.004203312686467363,0.006372036758475666
theta_iid[660],0.002205294094482899,1.007469013790554,-1.5927966324355485,1.6150596143890432,53873.70204408527,24952.16522927801,1.000080265625342,0.0043398876887591736,0.006101924846293758
theta_iid[661],0.022156343463499702,1.0035971982845053,-1.584392067031372,1.6384397553473387,55870.187758310996,24412.24917229858,1.0000167658194847,0.004246208489534194,0.006177938948296542
theta_iid[662],0.054900327017872175,1.013041661504106,-1.5686106452004207,1.6484735412796656,53018.39340393897,25421.863979885464,1.000086728794403,0.004403003761557583,0.006256671020627878
theta_iid[663],0.004423504196308108,1.0068321962925986,-1.601518082249242,1.6067703471391324,57258.55344033709,24338.465223723066,0.9999855345446682,0.004209812180283587,0.006330366735389808
theta_iid[664],-0.010433826081097629,1.0060862155413568,-1.615685717540171,1.5846782351496498,53031.00756722724,24689.67840484796,1.000162597070894,0.004370487964556792,0.006358915487765228
theta_iid[665],-0.006049875095735856,1.0033939029305396,-1.5970720927485091,1.6046672334675747,57692.63225064239,24320.733891210315,1.0001096748603202,0.004178949444125352,0.006445445007318981
theta_iid[666],-0.005736982390256609,0.9950705945766477,-1.5851664391318752,1.5829882782647455,55322.954211601886,23674.546854322627,1.0003158106839496,0.004229041072471975,0.006337878631981043
theta_iid[667],-0.0024882011460068887,0.9898655647468177,-1.5731278238096256,1.5671518447204043,56150.22115128349,25809.37369201118,1.0000937155265484,0.004181247966842596,0.006278050660255294
theta_iid[668],0.04325226894432828,0.9927908553820622,-1.5309141303576408,1.6334856002573657,50559.35249681063,23451.659900480598,1.0000069495669168,0.004415179787197712,0.006268965705854534
theta_iid[669],0.022917113602930094,0.990139399113635,-1.5533387238844898,1.6017747928773898,54941.41511574597,23797.006918805455,0.999976874402574,0.004224670266721527,0.0064611684112571835
theta_iid[670],-0.008039569189783663,1.0031852131009913,-1.5985234960465204,1.5880475367481905,55906.356460050134,24141.768459672083,0.9999569302529309,0.004244628231211717,0.0063453311161375476
theta_iid[671],0.002743816366589955,0.9829377006929652,-1.565059908172339,1.5698136966007175,55097.98051933492,24605.211681357458,1.0002270913376825,0.004186929649651847,0.006276954505416692
theta_iid[672],0.0020924617056424107,0.9915826693300711,-1.5637298197951577,1.6031229673259617,54466.04500758682,24628.477905447253,1.000133001083969,0.004249779384933674,0.006020948979890026
theta_iid[673],0.0020023391924217852,1.0068582177557563,-1.616213147065833,1.6220902159072061,54786.26288753423,24274.45647449233,1.0000740413198643,0.004302638627253927,0.006336773684556016
theta_iid[674],-0.00944704308867044,0.990672685852578,-1.597018462450756,1.5601523771035681,54248.462033166965,23698.82082845212,1.0000484325799652,0.004254792774114554,0.005972077769699309
theta_iid[675],-0.008519959456162515,0.997615971265247,-1.5980254148028452,1.6006460389883526,52731.08751136787,24197.328680563125,1.0000133773479554,0.004343282596708579,0.006350919952861267
theta_iid[676],-0.007679299060284951,0.9982008677713238,-1.6028870651175522,1.5851879765406232,56926.272461374516,23976.58290563355,1.000163495436321,0.004183369434626731,0.00614863164114008
theta_iid[677],-0.00667293504860552,1.003754022813594,-1.6064427718012697,1.6149691880246704,55322.13622595596,24584.440856973153,1.0002670550481267,0.004268564020458904,0.006308453824408459
theta_iid[678],0.007535893563499813,0.9936484855727141,-1.5704912501194754,1.5937760583792382,58349.09774640551,24884.8653658965,1.000035225140089,0.004113411761987987,0.006121379399678871
theta_iid[679],-0.0035363865749095027,0.999215887433212,-1.5990118100896331,1.5968583042217852,55767.12429765114,23577.147222893993,1.000202624284342,0.004232092066799852,0.006493041307115722
theta_iid[680],0.004619830526870518,1.0140475393788437,-1.6324223782293317,1.6166002298175919,56589.40350998781,24473.894333313336,1.0001477383098927,0.004264091424496547,0.006261341544789363
theta_iid[681],0.047580241830435153,1.0280418778019864,-1.5875375424206495,1.6852216353423481,54489.36798384315,24799.826749282474,1.000004988397879,0.004407590648110071,0.006446440393125452
theta_iid[682],0.0023656650836691787,1.009317941427353,-1.620917348995869,1.6236923682533773,56739.41180206083,24790.56269414781,1.0002138066523074,0.004238112116159976,0.006238840588661593
theta_iid[683],0.0011476836664528116,1.023133971421763,-1.6432917985177975,1.6479827150459203,57546.785184173794,23730.006630562242,1.0001435895771826,0.004264819573340541,0.0065927136793202685
theta_iid[684],0.03931446038994301,0.9974576243896669,-1.558911929110692,1.6291646617570739,56205.42743669645,23481.734825753607,1.0004877405316281,0.004206458387169531,0.006296776945427415
theta_iid[685],0.04957920528709364,1.0181661938704178,-1.5826774762661713,1.6677155134810762,55135.286544405884,24983.994502611633,0.9999723362019916,0.004336357764533588,0.006319516528260622
theta_iid[686],0.003315770377961117,1.00577744694563,-1.6000891462456661,1.6208124086808344,51671.82188299422,25058.59130281077,1.0000220611495807,0.004426862908570489,0.006159352083054079
theta_iid[687],0.039299157972470085,1.0176113962526987,-1.5854245763989583,1.661860865205495,51360.04430144178,25379.470007984313,1.0000072581606225,0.004489202026747908,0.006262775715160858
theta_iid[688],0.023882125323908533,1.019751568655779,-1.609810307474753,1.653609029521246,54103.82377236821,23760.00806269032,1.0002784046626372,0.004385517737473245,0.006338150920205066
theta_iid[689],-0.022949552671476414,1.0009530718859363,-1.6201620891095485,1.5897621676495766,53412.032679082586,23212.05747811456,1.0001611024200623,0.004332369111803296,0.006361285829877735
theta_iid[690],0.00682556870361426,1.0161575264709442,-1.6158073510218287,1.6341197840678747,57579.009823065215,23753.89487979988,0.9999339790008976,0.004234098795239958,0.0065498724824722444
theta_iid[691],-0.03067305560841359,1.009842437340185,-1.6298450117733552,1.5804191669369583,57043.93053175614,24146.711122257733,1.0001173165272124,0.004227044640364463,0.006525382124610625
theta_iid[692],0.0016316982013500265,1.0086630302441577,-1.6165934325431306,1.6202754430437214,56021.39539074652,25382.63327231695,1.0000494237805082,0.004261000786169384,0.006069256267835697
theta_iid[693],-0.02161601882186379,1.0131355462126916,-1.6336488994479876,1.596260244804861,56310.35947714392,23083.648088618356,1.0000778900656078,0.004269544622752696,0.0065922591286875784
theta_iid[694],0.01157219654678448,1.0116374344444772,-1.6092892398199945,1.6229013576442166,54717.56754808877,24982.947465940022,0.99999415432463,0.004325701349371148,0.006208117032730054
theta_iid[695],-0.052144168172708505,1.0173175428693253,-1.6607345417615866,1.5889521541845872,54508.7532352128,24154.161618028073,1.0000834623539203,0.004359391362299922,0.006609167432651797
theta_iid[696],-0.03183064231499598,1.0084090012872262,-1.644347508909479,1.5860682221087183,54768.41370134577,24630.235535303855,1.0000109289490453,0.004309894468918428,0.006242499620555007
theta_iid[697],0.008303029683846897,0.9961845462879131,-1.5699495620293777,1.6021062906707912,56341.042984901105,24332.926980063046,1.0001516711599716,0.004197314530210487,0.006050525226381526
theta_iid[698],0.03536447496303193,1.0167164581213421,-1.5931392838096028,1.6716516339316732,52590.63021082009,23989.041490462205,1.000540584838823,0.004433053306406245,0.006419265238523545
theta_iid[699],-0.008616295270017999,1.0127650424087178,-1.609887747882136,1.6084312046054356,58576.33379420871,24591.038150897104,1.0001918129184586,0.004183431537511897,0.0066943264393259875
theta_iid[700],0.015538144246112428,1.0066277167278126,-1.5833942888492019,1.6342223742143365,54377.43105419924,24396.59448422633,1.0001389069905409,0.004315273990084051,0.006101367910596624
theta_iid[701],-0.008227790016835143,1.0128547163294854,-1.6247435737037332,1.6062595721162776,52215.61854254766,23299.561244361663,1.0002325051743566,0.004431049971908899,0.006541859675499591
theta_iid[702],-0.08852370932036543,1.0060825704010468,-1.6931916449198539,1.514560772835864,52366.346048889834,24607.93216947982,1.0000533462217176,0.004396752586499898,0.0063892168376381685
theta_iid[703],0.0009931881519589457,1.0016122619215746,-1.583769930231458,1.6123309786493907,54671.567579104034,24101.029468813944,1.000294450751855,0.0042836414516294365,0.0063980143366429085
theta_iid[704],-0.012198453745304188,0.9908749661643508,-1.5888478268930641,1.5733987901680628,53809.5419746271,22901.943876495636,1.0000556858136858,0.004278841459360814,0.006397561521306711
theta_iid[705],-0.01858194399255796,0.9876532112466861,-1.5897200800908782,1.5659959900644989,56761.92629093432,24764.46990751562,1.0000520254645924,0.004145795027900062,0.006257800970819109
theta_iid[706],-0.004489703634063652,0.9870535688700958,-1.5816430128867678,1.5671743960316593,54469.5606714851,24617.621988034894,1.0002132736895641,0.004230726430821844,0.006314371582532102
theta_iid[707],-0.00845010048317048,0.971885463093223,-1.5618572620916562,1.5609078371276606,55190.130272199356,24683.15151528457,1.0001549132111955,0.004138987396388996,0.006091059172120648
theta_iid[708],0.0023315889373497975,0.9936294008117581,-1.5840177974753749,1.5922351459580684,54104.898813948246,24386.860797566536,1.0002063688389993,0.004272129989367446,0.0064095483901363106
theta_iid[709],-0.013681795992775496,0.9888314890738881,-1.586560799580777,1.571813674738877,56713.223953037246,24469.394897627568,1.0000342575939463,0.004151673642170832,0.006162701910332065
theta_iid[710],-0.0005202721124671026,0.9815903904726904,-1.5634650104820882,1.5636214987881913,55688.35698847754,24139.935113458505,1.000030474053999,0.0041598213493474374,0.006260872418760348
theta_iid[711],0.0029989380344807035,0.9930472939240473,-1.5955937461589722,1.5861911914464308,55886.96738659218,24272.733325020243,1.0000143636126884,0.00420114754366126,0.006246247548803933
theta_iid[712],0.008739597340689015,0.9851385273204085,-1.5626741128106802,1.5761154081501991,56424.98818853222,24481.913922185337,1.0000883640212683,0.004149528787197615,0.0063361812041886085
theta_iid[713],-0.02631176038718766,0.9958731047104652,-1.6028409436718265,1.5594482607158755,56828.82635137789,25734.01232304652,1.0000629249987043,0.004177862096395258,0.0060920226229175325
theta_iid[714],-0.0012261207044936514,0.9913093216796164,-1.5792607402749312,1.5801661831690084,56414.729552935736,24471.26733935695,1.0002052410118323,0.004172914567357536,0.006322107769065464
theta_iid[715],-0.006446884331487813,0.9868267520116436,-1.5818822595142548,1.569149298578242,58763.25395874137,24337.79967213123,0.9999679249608869,0.004073070132175112,0.006143626067835691
theta_iid[716],0.03141359993345774,0.9882314465203307,-1.5477528018688844,1.6191867236750754,54528.34496642006,22081.03972397585,1.0001416360019615,0.004232691181036212,0.00638152367258095
theta_iid[717],-0.0293946996293547,0.983468638933133,-1.6063697563811394,1.5397473950327332,54160.66231203824,24678.681754135934,1.0000699902321424,0.004226242313777396,0.006039373116399139
theta_iid[718],-0.0160796563703454,1.0010009858501396,-1.6055534268152314,1.5878420696338083,52773.11940770498,23909.472598231907,1.0003008877623933,0.004357297282415722,0.006370838035777707
theta_iid[719],0.09346553289162131,0.9904230381372304,-1.5005067319869552,1.6707288361880805,50660.12981660738,24307.907294035893,1.000034100959955,0.004402938759839214,0.006287900603026137
theta_iid[720],0.0740469792841127,0.9958744800888806,-1.5264044766628344,1.655165005890994,50188.92894943493,24583.169275441873,1.0000094378296203,0.004447406301239015,0.006359214219208467
theta_iid[721],-0.038848452721589787,0.9794656909153642,-1.60338784366378,1.520666924645998,55339.40113931509,24611.944424998124,1.0000994528070584,0.004163950319423252,0.00632449971241358
theta_iid[722],-0.012916792525401823,0.9893739363512647,-1.5899176747887664,1.5660901959517322,57332.83225661719,24696.303580034062,1.0000095706858014,0.004131652678850229,0.006341695270509452
theta_iid[723],-0.013784009690219768,0.9890860883945279,-1.5869739682212605,1.5617782569490435,58344.19861100038,25289.49554107541,1.0003235376330388,0.004091051524117416,0.006051902657254988
theta_iid[724],-0.0020303684231059494,0.9734301926063292,-1.554974852165473,1.5614825423773957,56346.09240781389,24780.586860912204,1.000283050293523,0.00410187603153751,0.006096976537676144
theta_iid[725],-0.0058942625979457085,0.9747103594162252,-1.545188346493355,1.5630185588391605,54182.92586457909,24417.979277073493,1.000051493501137,0.004188505357227696,0.006238132074907014
theta_iid[726],-0.004290226049335713,0.9868418813603359,-1.569687776342159,1.564258878744985,55259.107411717,25268.783086080555,0.9999810033592315,0.004198675178056362,0.006114408370662181
theta_iid[727],0.0019693941757580784,0.9982443735950335,-1.595371503908376,1.61847038158093,54622.64523958163,24159.96267052852,1.0004301653956966,0.004264714216020584,0.00608964596460758
theta_iid[728],0.001445257247415899,1.0140799800490166,-1.6208261777663577,1.6252221041185604,54670.97449105146,23960.00540992958,1.0001437145103207,0.004335997406507448,0.0064025296633185
theta_iid[729],-0.018529915836561967,0.9892400842234248,-1.6105245469324734,1.5610401629059825,53457.46978988834,24320.159682766236,1.0000703666176711,0.004275782535596899,0.006183982622504555
theta_iid[730],0.011705679844325748,1.0052646155356895,-1.5920081571609126,1.6183049064835755,53334.663823906034,24309.558452271292,1.0000514530907667,0.004349050543119411,0.006553094662633024
theta_iid[731],0.028074253699459213,1.0127968299859422,-1.5914754812419272,1.6519984190294557,55681.764920406415,24300.649826070094,1.000282967030903,0.004292756676775454,0.006667997875080983
theta_iid[732],0.00882445104779527,1.0038280662031447,-1.60228895204125,1.6184747552114025,54754.409986645755,24256.122158549224,1.0001680627236993,0.004290994787416,0.006423422698289066
theta_iid[733],-0.023155314192268128,1.0078687478031343,-1.6341044080919485,1.5921208208470565,54648.24051227983,23914.528751520054,1.0000999752209219,0.004307990225753558,0.006276083948573093
theta_iid[734],0.011605737427262997,1.0199629820961282,-1.609864665973167,1.637403643744125,56839.67469877148,23725.583691486583,1.0000535131053572,0.004277466141338203,0.0065839180521433905
theta_iid[735],0.006812206643106084,1.011798229962156,-1.6203315513525849,1.6270885986996908,54403.069747217545,23578.973480045734,1.0003580639246334,0.004337855800704039,0.006443413118984084
theta_iid[736],-0.00026688366602114957,1.006773515168346,-1.6275858196466075,1.6232456335519205,52024.09665210175,24112.78192398553,1.000257895539205,0.004412951828334249,0.006303030975768008
theta_iid[737],0.01848174544639702,1.014590924537759,-1.5949017556309448,1.6418083268048134,54205.58032676676,23152.611571096615,1.0001447322999604,0.00435721228266362,0.006593554469747394
theta_iid[738],-0.022062656992206768,1.010477549115742,-1.6314190818926346,1.5895103129752393,57522.60880447283,24166.973085353784,1.0000623696163897,0.0042142049299849224,0.006589295536813668
theta_iid[739],-0.019322017496812345,1.0177871106739134,-1.627569920599356,1.5949658837658618,57444.10327202816,22541.94461579461,1.0001546195691662,0.004247120111558759,0.00700692108452347
theta_iid[740],-0.014814169560133603,1.0073999817898205,-1.6272245083326498,1.5956613486343134,54213.25400349641,25126.340545710216,1.0002186289612662,0.0043264223003053,0.006136080372533891
theta_iid[741],-0.0018810179055446193,1.0111656018526067,-1.6192731504842224,1.6095125412795315,53998.688141957275,24203.520520902293,1.0000848539029945,0.004352962517312458,0.00623884860869128
theta_iid[742],0.007363012184238231,1.0189083375606525,-1.6150324870732005,1.6269709862261617,56581.988853716546,24546.467731762066,1.000134490363761,0.004282205655642301,0.006790582551944705
theta_iid[743],0.0023619476210692564,0.9991691351452981,-1.5858871161375139,1.6149098266040214,56551.65296788542,24080.395087141293,1.0000503120422066,0.004201137497445586,0.00618524078850709
theta_iid[744],-0.0032941206982088486,1.01436509493755,-1.6133207851264522,1.633012762825664,54129.07061919776,24170.900409905484,1.00001945707174,0.00435834296918298,0.006631066778887303
theta_iid[745],0.0012423096155905798,0.9927435110983929,-1.5759274951006192,1.6031359888929244,55603.615393857486,24771.84902498397,1.0003905868531828,0.004210593829678638,0.00634515728926148
theta_iid[746],0.001997087771864465,0.9975058769034905,-1.5984942546015684,1.6054898700819404,54492.662841932564,23600.651164452116,1.0001121534567667,0.004269543113934671,0.006262560872140532
theta_iid[747],-0.0051543349300303895,1.0001117072181083,-1.5939946360727593,1.5994668106549714,53213.55309246992,23768.419687436945,1.0006125286542462,0.0043363327872449195,0.006373416115262958
theta_iid[748],-0.0009980533498368128,0.992899324092926,-1.5954512725566965,1.5861770162153808,56894.370941943416,25259.899915995662,1.0001567464145509,0.004162610262930297,0.00619338289125192
theta_iid[749],-0.0011382562941881942,0.9981615997840844,-1.6015465005454073,1.6005405927599292,54089.750079104895,23648.366491913534,1.000425166225281,0.004291639625511419,0.0063530829584243845
theta_iid[750],0.0051284836440386216,1.0007851901592466,-1.5850405913318646,1.5964401277481977,52603.297250540534,24684.629431567442,1.0003828423057552,0.0043631045666347994,0.006223105614622456
theta_iid[751],0.00011524581044478344,1.0052553995704296,-1.6074844413747962,1.610006888698019,53237.71273011606,24045.450562630605,0.9999721168338344,0.004354384601445332,0.006278606759633542
theta_iid[752],0.006687407832406606,0.9967900431531771,-1.5640625860731634,1.6056797180135742,55585.28616328818,24881.402414662567,1.0000506362315325,0.004229485771758889,0.006043781610059242
theta_iid[753],0.0050171642401971046,0.9909757756520343,-1.5797146151657415,1.5806184323322408,56115.04562072672,24896.696103985927,1.000216853989042,0.00418381276180805,0.006222434582397549
theta_iid[754],-0.0006380472519687661,0.9931978721047932,-1.5860676552408906,1.591536900656475,57728.68164936585,23872.185862570343,1.0002751198859172,0.00413363035717774,0.006085857028733729
theta_iid[755],0.001988745784913773,0.9998482681032611,-1.5914033659152744,1.5972978514246075,54364.788985841195,23746.92793349848,1.000162489765128,0.004287627910133369,0.006173730987349134
theta_iid[756],-0.0005142289577630482,0.9999173931667755,-1.5979423036148201,1.59643299107167,51902.80329649056,24558.55843102023,0.9999964311099843,0.004391375106789936,0.0062997325248559345
theta_iid[757],-0.0006071215294868048,1.0134948876611254,-1.614799420902366,1.624926844530272,55400.69779201249,24661.8395697529,1.0000491333040549,0.0043050408521102985,0.006336652947775359
theta_iid[758],0.00825454120023338,0.9993536012243319,-1.5904789891465003,1.596635172675597,56997.85416730718,24157.94014726473,1.0000978263502782,0.004186119135516594,0.006403484686405867
theta_iid[759],0.0032233423872226564,0.9965325595095228,-1.5892631393835595,1.5898108513405316,56537.30614991669,24928.55018844588,1.0001381636433322,0.004190173749320817,0.006287525362636091
theta_iid[760],0.0068545580573252446,1.0021253766007008,-1.6009753807363132,1.6047552802492189,56301.195295922014,23774.86437758332,1.0000918395921434,0.004222615611059665,0.006341451254529542
theta_iid[761],-0.0017297737040736236,0.9761929053277436,-1.5643952263344012,1.544128523580587,55508.02691004931,24686.721696607256,1.0000275085721855,0.004140673452353177,0.0061948394872761246
theta_iid[762],-0.003385382459953148,0.9839719092793751,-1.5841934979633525,1.5634693857899082,51671.525484491,24503.655853993114,1.0001661981144552,0.004330292515833875,0.005939378821671425
theta_iid[763],-0.012195739483020137,1.003340793081011,-1.62386571940277,1.578867894044531,57119.892847495066,24458.041234915272,1.0002527846893854,0.004198894531319363,0.0063292137680429844
theta_iid[764],-0.0009712167758131329,0.9988794812326118,-1.6168639219202063,1.5782512307467342,51523.90609448187,24413.046560974184,1.000706281420424,0.004406037346717277,0.006218347051890669
theta_iid[765],-0.014535073753431157,0.973422183345216,-1.5792436837186632,1.5439209350676697,54435.01459234165,25177.335021650848,1.0001515949553255,0.0041722215376141965,0.005913461869661039
theta_iid[766],0.01298327774441627,0.9871932057366458,-1.5726089323959345,1.5769074060595492,53111.377455735645,24318.117521186072,1.0000462076521675,0.004286935918844614,0.006141364204739202
theta_iid[767],0.0018125303376034466,1.0022287721529284,-1.6088794200493302,1.5987797185160064,58498.840806774686,23900.42523389522,1.000073093553315,0.004143797890306185,0.006550974737582347
theta_iid[768],-0.0074406791719117535,0.9967872222949289,-1.5960672804473122,1.5755988377050225,55501.66398374085,24428.814111320287,1.0000991864882143,0.004232242828637949,0.00629991995268625
theta_iid[769],0.00914816401306534,1.0084777234367055,-1.6187819263356105,1.5981264729948494,54039.92693729526,24055.441449124846,1.0002813225309706,0.0043470436828551,0.006432257229110837
theta_iid[770],-0.00044082401813554697,0.9951853234668009,-1.5943827431769242,1.5817925882951258,55279.70857481086,25042.693286263173,1.000026826545071,0.004233720671381051,0.0062570380073501
theta_iid[771],-0.0036651203404988878,1.0077271144071187,-1.629110816100025,1.5980529200315574,55731.845046892915,24528.399883605474,1.0000369700045506,0.00427113361042547,0.006602347471873171
theta_iid[772],0.006948644305840226,0.9995608860955973,-1.6036940937549073,1.5914762019285233,53387.761293151525,23934.085792614635,1.000337851317386,0.004330714403292693,0.006429021353287676
theta_iid[773],0.009452737308158064,0.9934921575154159,-1.595010747786616,1.5874687721350036,53833.7980121841,24024.49354122561,1.0002312495302106,0.004286278330857635,0.006321859733497218
