lga_uid,zone,state,lga,state_key,geo_lga_key,lga_population_npc_2022,pop_share_in_state,state_cohort_12_23m_2024,lga_cohort_12_23m_2024,dhis2_penta1_annual_mean_2023_25,dhis2_penta1_months_reported_2023_25,dhis2_admin_penta1_coverage_pct,anc4plus,delivery_hf,improved_water,relative_wealth_index,travel_time_hc,conflict_events,poverty_rate,archetype,archetype_type,ihme_zero_dose_2018_pct
NG-ABI-000,South East,Abia,Aba North,abia,aba north,155600.0,0.0375536998600183,139395.0,5234.797991987257,6668.333333333334,36,127.38473086335604,87.8491,91.314,99.6401,1.273,0.297120924,10,1.7378,5,Urban Slums (better-off urban core),6.219999999999999
NG-ABI-001,South East,Abia,Aba South,abia,aba south,622400.0,0.1502147994400733,139395.0,20939.191967949027,18241.0,36,87.11415429936807,87.8647,88.4398,99.5303,1.057428571,0.588568628,54,9.448,5,Urban Slums (better-off urban core),7.170000000000002
NG-ABI-002,South East,Abia,Arochukwu,abia,arochukwu,246600.0,0.0595163392383067,139395.0,8296.280108123763,7995.4285714285725,35,96.37365743713748,75.9091,61.7859,56.34,0.05155102,7.982426782,10,17.5241,4,Peri-urban / Migrant Dense (transitional),15.269999999999996
NG-ABI-003,South East,Abia,Bende,abia,bende,280500.0,0.0676980257759328,139395.0,9436.766303036156,9161.666666666666,36,97.08481033083358,80.4891,77.9299,71.2683,0.002826667,6.22187933,6,12.9469,5,Urban Slums (better-off urban core),12.819999999999993
NG-ABI-004,South East,Abia,Ikwuano,abia,ikwuano,200800.0,0.0484626152435198,139395.0,6755.446251870445,6369.0,36,94.27948595159874,82.8549,78.897,83.2609,0.347351351,4.422874657,2,11.1351,5,Urban Slums (better-off urban core),11.89
NG-ABI-005,South East,Abia,Isiala-Ngwa North,abia,isiala ngwa north,224400.0,0.0541584206207462,139395.0,7549.413042428922,7398.333333333334,36,97.99878867076822,87.8569,89.2806,95.2999,0.429466667,1.925186363,6,12.4162,5,Urban Slums (better-off urban core),10.25
NG-ABI-006,South East,Abia,Isiala-Ngwa South,abia,isiala ngwa south,199000.0,0.0480281894096635,139395.0,6694.889462760052,7182.5142857142855,35,107.2835380728333,86.7329,87.3835,95.389,0.335272727,1.8383796,6,12.644,5,Urban Slums (better-off urban core),11.469999999999999
NG-ABI-007,South East,Abia,Isuikwuato,abia,isuikwuato,168600.0,0.0406912197712023,139395.0,5672.1525800067575,5929.0,36,104.52821775102773,83.1048,84.9019,76.5983,0.079326923,4.542672225,11,20.6315,5,Urban Slums (better-off urban core),14.019999999999996
NG-ABI-008,South East,Abia,Obi Nwga,abia,obi nwga,264900.0,0.0639330018825119,139395.0,8911.940797412752,7778.666666666666,36,87.28364386043623,,,,,,0,16.2597,4,Peri-urban / Migrant Dense (transitional),
NG-ABI-009,South East,Abia,Ohafia,abia,ohafia,358200.0,0.0864507409373944,139395.0,12050.801032968096,12190.333333333332,36,101.15786743124802,78.3029,73.569,64.7998,-0.004957746,7.231322416,20,22.0334,5,Urban Slums (better-off urban core),
NG-ABI-010,South East,Abia,Osisioma Ngwa,abia,osisioma ngwa,321300.0,0.0775450113433412,139395.0,10809.386856205048,9769.0,36,90.37515383578096,86.1263,87.5268,96.5531,0.5858,1.325208056,10,8.5061,5,Urban Slums (better-off urban core),8.950000000000003
NG-ABI-011,South East,Abia,Ugwunagbo,abia,ugwunagbo,124300.0,0.029999517304629,139395.0,4181.782714678766,3688.457142857143,35,88.20298409838543,86.1548,75.2208,97.0147,0.4083,1.498924919,2,17.0354,5,Urban Slums (better-off urban core),8.599999999999994
NG-ABI-012,South East,Abia,Ukwa East,abia,ukwa east,84700.0,0.0204421489597914,139395.0,2849.533354250133,3832.0,36,134.4781591794495,80.534,59.4387,92.8612,0.006128205,5.080995502,2,22.7207,4,Peri-urban / Migrant Dense (transitional),11.61
NG-ABI-013,South East,Abia,Ukwa West,abia,ukwa west,127200.0,0.0306994255925085,139395.0,4279.346430467732,4560.0,36,106.5583278683421,85.7517,71.1047,97.2394,0.228216216,3.785528811,9,14.4136,5,Urban Slums (better-off urban core),9.900000000000006
NG-ABI-014,South East,Abia,Umuahia North,abia,umuahia north,324900.0,0.0784138630110537,139395.0,10930.500434425834,11171.0,36,102.20026125077229,85.3778,86.7427,89.0746,0.611027778,3.289675658,28,6.0466,5,Urban Slums (better-off urban core),9.549999999999997
NG-ABI-015,South East,Abia,Umuahia South,abia,umuahia south,202500.0,0.0488729063088285,139395.0,6812.638774919148,6341.333333333334,36,93.08189591203728,87.3599,90.2641,97.2173,0.657846154,2.203184332,7,8.6529,5,Urban Slums (better-off urban core),9.170000000000002
NG-ABI-016,South East,Abia,Umunneochi,abia,umu nneochi,237500.0,0.0573200753004778,139395.0,7990.131896510113,8277.333333333334,36,103.59445176303863,82.5887,86.1819,83.63,0.073586957,4.084366987,19,39.4745,4,Peri-urban / Migrant Dense (transitional),11.700000000000003
NG-ADA-017,North East,Adamawa,Demsa,adamawa,demsa,275100.0,0.0561188062259031,174356.0,9784.650578323575,13450.666666666668,36,137.46701079407578,55.5837,36.7316,34.22,-0.330811321,15.95614355,5,66.4365,2,Conflict-Affected / Nomadic,26.159999999999997
NG-ADA-018,North East,Adamawa,Fufore,adamawa,fufore,323000.0,0.0658901287203443,174356.0,11488.33928316436,15790.666666666668,36,137.4495153516851,54.0409,25.9402,41.696,-0.423701349,20.93936837,13,49.1797,2,Conflict-Affected / Nomadic,43.12
NG-ADA-019,North East,Adamawa,Ganye,adamawa,ganye,262100.0,0.0534668815405642,174356.0,9322.27159788662,13544.333333333332,36,145.290052870846,69.8268,20.7654,39.6484,-0.381796078,38.28761444,4,50.4603,2,Conflict-Affected / Nomadic,23.72
NG-ADA-020,North East,Adamawa,Girei,adamawa,girei,200200.0,0.0408396401542196,174356.0,7120.636298729116,11557.333333333332,36,162.3075923059864,55.4793,36.7369,43.262,-0.395733871,16.13957915,9,69.2791,2,Conflict-Affected / Nomadic,26.22
NG-ADA-021,North East,Adamawa,Gombi,adamawa,gombi,227900.0,0.0464902796760572,174356.0,8105.859203198629,10729.0,36,132.36104564666334,52.2765,17.6534,45.3103,-0.388944805,12.59707379,5,50.8513,2,Conflict-Affected / Nomadic,39.98
NG-ADA-022,North East,Adamawa,Guyuk,adamawa,guyuk,272200.0,0.055527223026866,174356.0,9681.504498072254,12056.333333333334,36,124.52954327226672,50.129,31.896,25.398,-0.278194444,12.93117532,1,46.8413,2,Conflict-Affected / Nomadic,27.709999999999994
NG-ADA-023,North East,Adamawa,Hong,adamawa,hong,260900.0,0.0532220884926868,174356.0,9279.5904612309,13239.0,36,142.66793405712323,48.1474,20.0166,52.3017,-0.333016216,17.58569275,12,56.7477,2,Conflict-Affected / Nomadic,31.89
NG-ADA-024,North East,Adamawa,Jada,adamawa,jada,259700.0,0.0529772954448093,174356.0,9236.909324575185,13259.333333333332,36,143.5472934443161,66.6489,21.6274,43.1224,-0.371021978,33.90707712,3,46.8202,2,Conflict-Affected / Nomadic,24.549999999999997
NG-ADA-025,North East,Adamawa,Lamurde,adamawa,lamurde,171600.0,0.0350054058464739,174356.0,6103.402541767813,9772.0,36,160.1074143992082,56.4315,39.279,36.364,-0.339845361,19.63757143,6,67.222,2,Conflict-Affected / Nomadic,17.83
NG-ADA-026,North East,Adamawa,Madagali,adamawa,madagali,208400.0,0.0425123926480488,174356.0,7412.290732543196,12631.0,36,170.40615992765083,43.0293,17.9944,50.6582,-0.24305,9.505201563,14,52.4867,2,Conflict-Affected / Nomadic,21.700000000000003
NG-ADA-027,North East,Adamawa,Maiha,adamawa,maiha,169900.0,0.0346586156953142,174356.0,6042.937598172212,8570.666666666666,36,141.8294749437593,52.3142,25.5926,52.0793,-0.388257669,15.54994173,5,33.4905,2,Conflict-Affected / Nomadic,40.54
NG-ADA-028,North East,Adamawa,Mayo-Belwa,adamawa,mayo belwa,235600.0,0.0480610350666041,174356.0,8379.729830072825,12384.666666666668,36,147.7931498724588,59.2158,28.7101,36.8816,-0.403277108,14.27843771,2,60.3694,2,Conflict-Affected / Nomadic,23.97
NG-ADA-029,North East,Adamawa,Michika,adamawa,michika,239400.0,0.0488362130515493,174356.0,8514.886762815937,12159.333333333334,36,142.80088123347107,51.987,22.2765,49.9249,-0.309218045,14.39787749,4,60.5603,2,Conflict-Affected / Nomadic,21.480000000000004
NG-ADA-030,North East,Adamawa,Mubi North,adamawa,mubi north,233600.0,0.047653046653475,174356.0,8308.594602313295,13476.0,36,162.19349535056128,57.5843,26.0376,61.842,-0.31512381,11.44144805,5,49.383,2,Conflict-Affected / Nomadic,32.05
NG-ADA-031,North East,Adamawa,Mubi South,adamawa,mubi south,200400.0,0.0408804389955325,174356.0,7127.74982150507,9874.333333333332,36,138.53366883811734,62.648,30.91,66.3197,-0.268876712,7.751054567,2,38.1297,2,Conflict-Affected / Nomadic,35.349999999999994
NG-ADA-032,North East,Adamawa,Numan,adamawa,numan,141200.0,0.0288039819669121,174356.0,5022.147079822933,6141.666666666666,36,122.291652734376,54.4125,33.9411,34.5418,-0.361958333,17.18109849,3,74.1021,2,Conflict-Affected / Nomadic,16.53
NG-ADA-033,North East,Adamawa,Shelleng,adamawa,shelleng,229000.0,0.0467146733032781,174356.0,8144.983578466371,10681.666666666668,36,131.1441154394314,50.1056,24.0766,28.9892,-0.397340782,14.15509396,1,59.0021,2,Conflict-Affected / Nomadic,24.86
NG-ADA-034,North East,Adamawa,Song,adamawa,song,301000.0,0.0614022561759246,174356.0,10705.85177780951,17400.666666666668,36,162.53416381808867,52.2454,22.9761,38.3629,-0.437520095,26.38870257,9,57.8292,2,Conflict-Affected / Nomadic,37.46
NG-ADA-035,North East,Adamawa,Toungo,adamawa,toungo,80500.0,0.0164215336284449,174356.0,2863.192917321148,6322.666666666667,36,220.82573019851776,55.4967,20.6839,28.6462,-0.454555556,92.43972635,3,51.5555,3,Riverine / Geographically Isolated,25.92
NG-ADA-036,North East,Adamawa,Yola North,adamawa,yola north,307900.0,0.0628098162012198,174356.0,10951.268313579892,17847.333333333336,36,162.97046901135752,72.5491,69.5344,81.4676,1.027636364,1.203904424,33,33.3192,2,Conflict-Affected / Nomadic,27.650000000000006
NG-ADA-037,North East,Adamawa,Yola South,adamawa,yola south,302500.0,0.0617082474857714,174356.0,10759.20319862916,16417.0,36,152.5856487410862,63.6352,45.8971,50.5223,-0.225212598,7.021490753,8,42.1964,2,Conflict-Affected / Nomadic,33.17
NG-AKW-038,South South,Akwa Ibom,Abak,akwa ibom,abak,177500.0,0.035645433368142,126583.0,4512.105892039522,5492.333333333334,36,121.72438911558298,73.3358,50.7317,97.4639,0.230769231,1.899932861,8,22.7546,4,Peri-urban / Migrant Dense (transitional),9.060000000000002
NG-AKW-039,South South,Akwa Ibom,Eastern Obolo,akwa ibom,eastern obolo,76500.0,0.0153626797333119,126583.0,1944.6540886818216,2558.470588235294,34,131.5643025217686,54.6669,20.4604,53.7515,-0.265181818,24.51857059,3,45.3956,4,Peri-urban / Migrant Dense (transitional),20.290000000000006
NG-AKW-040,South South,Akwa Ibom,Eket,akwa ibom,eket,220600.0,0.0443007470479556,126583.0,5607.721463571372,7393.666666666667,36,131.84796560772628,63.8699,33.2129,92.1788,0.369290323,7.432313378,12,20.3682,5,Urban Slums (better-off urban core),18.209999999999994
NG-AKW-041,South South,Akwa Ibom,Esit Eket,akwa ibom,esit eket,80900.0,0.0162462848421559,126583.0,2056.5034741746326,3537.0,36,171.99095670964317,60.4118,25.6321,86.1767,-0.121526316,16.45223999,0,24.833,4,Peri-urban / Migrant Dense (transitional),22.370000000000005
NG-AKW-042,South South,Akwa Ibom,Essien Udim,akwa ibom,essien udim,246600.0,0.0495220499638525,126583.0,6268.649650574344,8855.657142857142,35,141.2689755607218,77.6931,60.2993,96.9228,0.311680851,2.965589701,7,31.112,4,Peri-urban / Migrant Dense (transitional),8.780000000000001
NG-AKW-043,South South,Akwa Ibom,Etim Ekpo,akwa ibom,etim ekpo,135200.0,0.0271507751626636,126583.0,3436.8265724154558,4354.971428571429,35,126.71490215785568,74.3699,47.8282,94.1555,0.13765625,2.75741843,10,30.0045,4,Peri-urban / Migrant Dense (transitional),10.400000000000006
NG-AKW-044,South South,Akwa Ibom,Etinan,akwa ibom,etinan,215600.0,0.0432966503333601,126583.0,5480.6198891477225,12212.0,36,222.8215101029212,66.1147,33.7211,95.9367,0.145966667,3.17657493,0,36.1301,4,Peri-urban / Migrant Dense (transitional),15.120000000000005
NG-AKW-045,South South,Akwa Ibom,Ibeno,akwa ibom,ibeno,95500.0,0.019178247248775,126583.0,2427.6400714916863,4553.828571428571,35,187.5825261291897,46.9588,22.6969,64.804,-0.104791667,43.56186236,2,27.9937,4,Peri-urban / Migrant Dense (transitional),26.22
NG-AKW-046,South South,Akwa Ibom,Ibesikpo Asutan,akwa ibom,ibesikpo asutan,175000.0,0.0351433850108442,126583.0,4448.555104827697,4591.0,36,103.2020485711803,70.7529,40.7006,95.9188,0.271655172,2.071261387,4,36.5887,4,Peri-urban / Migrant Dense (transitional),14.39
NG-AKW-047,South South,Akwa Ibom,Ibiono Ibom,akwa ibom,ibiono ibom,240700.0,0.0483372158406297,126583.0,6118.669792754438,6115.666666666667,36,99.9509186442562,70.7441,42.3517,81.5301,0.06612963,6.906762278,2,29.4513,4,Peri-urban / Migrant Dense (transitional),14.319999999999993
NG-AKW-048,South South,Akwa Ibom,Ika,akwa ibom,ika,92900.0,0.0186561169571853,126583.0,2361.547252791389,3455.6470588235297,34,146.3297867420987,77.6056,55.3731,94.8459,0.202842105,2.47434551,2,25.7191,4,Peri-urban / Migrant Dense (transitional),9.659999999999997
NG-AKW-049,South South,Akwa Ibom,Ikono,akwa ibom,ikono,168000.0,0.0337376496104104,126583.0,4270.612900634589,6958.181818181818,33,162.93169107291067,74.864,51.7664,89.3779,0.152242424,4.015851892,2,32.2678,4,Peri-urban / Migrant Dense (transitional),12.069999999999993
NG-AKW-050,South South,Akwa Ibom,Ikot Abasi,akwa ibom,ikot abasi,169200.0,0.0339786328219134,126583.0,4301.117278496265,7521.599999999999,35,174.87549194728456,62.6503,21.9341,76.2422,0.076317073,11.11158006,1,39.9877,4,Peri-urban / Migrant Dense (transitional),15.260000000000005
NG-AKW-051,South South,Akwa Ibom,Ikot Ekpene,akwa ibom,ikot ekpene,180500.0,0.0362478913968993,126583.0,4588.366836693711,7229.485714285714,35,157.56119707933254,78.5443,64.0161,96.2852,0.563857143,2.199191119,2,28.7711,4,Peri-urban / Migrant Dense (transitional),10.129999999999995
NG-AKW-052,South South,Akwa Ibom,Ini,akwa ibom,ini,126400.0,0.0253835649449755,126583.0,3213.127801429834,4627.411764705883,34,144.01580175698882,75.9857,58.2709,69.6354,-0.009951613,8.545365305,5,23.6912,4,Peri-urban / Migrant Dense (transitional),16.409999999999997
NG-AKW-053,South South,Akwa Ibom,Itu,akwa ibom,itu,163200.0,0.0327737167643987,126583.0,4148.595389187886,6790.0,36,163.66985360144233,69.4041,38.3143,79.5817,0.397090909,8.01348449,10,24.5682,5,Urban Slums (better-off urban core),14.120000000000005
NG-AKW-054,South South,Akwa Ibom,Mbo,akwa ibom,mbo,130400.0,0.0261868423166519,126583.0,3314.8090609687524,5959.666666666667,36,179.78913889311488,45.9895,15.1876,43.6876,0.110464286,26.83301575,11,36.4176,4,Peri-urban / Migrant Dense (transitional),31.069999999999993
NG-AKW-055,South South,Akwa Ibom,Mkpat Enin,akwa ibom,mkpat enin,226200.0,0.0454253353683026,126583.0,5750.075226925857,10944.0,36,190.32794473283704,60.9252,23.2241,86.947,0.059195652,5.541536631,8,46.378,4,Peri-urban / Migrant Dense (transitional),16.189999999999998
NG-AKW-056,South South,Akwa Ibom,Nsit Atai,akwa ibom,nsit atai,93700.0,0.0188167724315206,126583.0,2381.8835046991726,3645.6,35,153.0553443444092,65.1646,28.3035,85.8842,0.123538462,3.445688274,0,42.3552,4,Peri-urban / Migrant Dense (transitional),19.230000000000004
NG-AKW-057,South South,Akwa Ibom,Nsit Ibom,akwa ibom,nsit ibom,137900.0,0.0276929873885452,126583.0,3505.4614226042254,6724.457142857144,35,191.8280172617478,70.1424,43.2427,97.6538,0.17852,1.653619898,2,25.2779,4,Peri-urban / Migrant Dense (transitional),13.879999999999995
NG-AKW-058,South South,Akwa Ibom,Nsit Ubium,akwa ibom,nsit ubium,162200.0,0.0325728974214796,126583.0,4123.175074303157,4172.0,36,101.18415844141894,64.3061,26.4567,92.1647,0.189297297,4.387889287,0,41.4299,4,Peri-urban / Migrant Dense (transitional),17.180000000000007
NG-AKW-059,South South,Akwa Ibom,Obot Akara,akwa ibom,obot akara,188000.0,0.0377540364687926,126583.0,4779.019198329183,7216.235294117647,34,150.9982486917096,81.0845,73.3867,92.76,0.179425,3.318831427,2,27.0073,5,Urban Slums (better-off urban core),12.200000000000003
NG-AKW-060,South South,Akwa Ibom,Okobo,akwa ibom,okobo,131100.0,0.0263274158566953,126583.0,3332.603281388063,4302.666666666666,36,129.10827672457197,61.7588,26.1899,68.4349,-0.043918919,23.16277681,1,37.0634,4,Peri-urban / Migrant Dense (transitional),22.409999999999997
NG-AKW-061,South South,Akwa Ibom,Onna,akwa ibom,onna,157200.0,0.031568800706884,126583.0,3996.073499879508,6526.628571428571,35,163.32603921387746,59.4019,27.6601,92.924,0.14375,5.574413921,1,40.8359,4,Peri-urban / Migrant Dense (transitional),17.92
NG-AKW-062,South South,Akwa Ibom,Oron,akwa ibom,oron,111300.0,0.0223511928668969,126583.0,2829.281046670415,3811.2,35,134.70559966056177,62.5788,27.1121,49.5659,0.138545455,39.16531356,9,35.4655,4,Peri-urban / Migrant Dense (transitional),26.400000000000006
NG-AKW-063,South South,Akwa Ibom,Oruk Anam,akwa ibom,oruk anam,219300.0,0.0440396819021608,126583.0,5574.675054221222,12912.0,36,231.6188813592436,67.3005,30.8133,88.2183,-0.079566265,4.819048091,6,44.1223,4,Peri-urban / Migrant Dense (transitional),14.900000000000006
NG-AKW-064,South South,Akwa Ibom,Udung Uko,akwa ibom,udung uko,67700.0,0.0135954695156237,126583.0,1720.9553176962006,2688.0,35,156.19231785740712,60.4812,20.7146,61.918,-0.089166667,21.31943135,2,27.1675,4,Peri-urban / Migrant Dense (transitional),30.069999999999993
NG-AKW-065,South South,Akwa Ibom,Ukanafun,akwa ibom,ukanafun,160100.0,0.0321511768013495,126583.0,4069.792413045224,3595.333333333333,36,88.34193414408385,72.1549,43.1939,92.6662,-0.038731707,2.781575056,6,34.3031,4,Peri-urban / Migrant Dense (transitional),11.829999999999998
NG-AKW-066,South South,Akwa Ibom,Uruan,akwa ibom,uruan,149500.0,0.0300224917664069,126583.0,3800.33707526709,4194.171428571429,35,110.3631426766706,64.0449,32.7988,75.2269,0.051581395,27.26792821,6,40.3884,4,Peri-urban / Migrant Dense (transitional),17.510000000000005
NG-AKW-067,South South,Akwa Ibom,Urue-Offong/Oruko,akwa ibom,urue offong oruko,90300.0,0.0181339866655956,126583.0,2295.454434091092,4072.8,35,177.4289194990127,64.4328,22.5379,78.4794,-0.021611111,5.575411742,0,31.2526,4,Peri-urban / Migrant Dense (transitional),
NG-AKW-068,South South,Akwa Ibom,Uyo,akwa ibom,uyo,390400.0,0.0783998714756205,126583.0,9924.090930998473,20414.057142857146,35,205.7020364363314,75.5245,54.8331,98.8351,0.746884615,2.292582951,31,17.5497,5,Urban Slums (better-off urban core),11.129999999999995
NG-ANA-069,South East,Anambra,Aguata,anambra,aguata,527200.0,0.0885529520450155,182302.0,16143.380263710422,20120.33333333333,36,124.63519414557136,83.069,93.353,95.4877,0.616638889,1.486621481,52,4.9918,5,Urban Slums (better-off urban core),8.879999999999995
NG-ANA-070,South East,Anambra,Anambra East,anambra,anambra east,216800.0,0.0364155538758713,182302.0,6638.628302679096,8863.0,36,133.50649555757224,72.3044,70.5105,67.3334,-0.041395833,14.63152889,22,17.2274,5,Urban Slums (better-off urban core),9.469999999999999
NG-ANA-071,South East,Anambra,Anambra West,anambra,anambra west,238400.0,0.0400436717897035,182302.0,7300.041454606534,8933.0,36,122.36916811428549,70.9717,68.1083,63.3673,-0.375460526,20.6574032,1,28.3385,4,Peri-urban / Migrant Dense (transitional),20.319999999999993
NG-ANA-072,South East,Anambra,Anaocha,anambra,anaocha,405000.0,0.0680272108843537,182302.0,12401.496598639456,13405.333333333332,36,108.09448058715756,85.1373,95.8137,98.7188,0.694428571,1.567872458,0,4.513,5,Urban Slums (better-off urban core),6.829999999999998
NG-ANA-073,South East,Anambra,Awka North,anambra,awka north,159900.0,0.0268581506676744,182302.0,4896.294583018393,8216.333333333334,36,167.80716915664527,74.1129,75.8631,76.6316,0.075151515,8.285293848,17,14.495,5,Urban Slums (better-off urban core),7.540000000000006
NG-ANA-074,South East,Anambra,Awka South,anambra,awka south,270300.0,0.0454018644494835,182302.0,8276.85069286974,12832.666666666668,36,155.04286766609945,83.2774,91.044,94.314,0.588518519,2.585267734,84,4.1023,5,Urban Slums (better-off urban core),5.700000000000003
NG-ANA-075,South East,Anambra,Ayamelum,anambra,ayamelum,225400.0,0.0378600823045267,182302.0,6901.968724279835,4658.666666666667,36,67.49764962391598,77.6521,71.5336,72.8955,-0.118638889,11.08366277,13,28.355,5,Urban Slums (better-off urban core),18.200000000000003
NG-ANA-076,South East,Anambra,Dunukofia,anambra,dunukofia,137500.0,0.0230956580162929,182302.0,4210.384647686235,5211.333333333333,36,123.77333116576789,82.9463,91.4301,95.7251,0.643153846,2.458375916,12,8.4413,5,Urban Slums (better-off urban core),5.609999999999999
NG-ANA-077,South East,Anambra,Ekwusigo,anambra,ekwusigo,225800.0,0.0379272696733014,182302.0,6914.217115982196,10060.0,36,145.4973112826662,82.4636,90.6157,95.7504,0.396952381,6.341524346,12,7.5688,5,Urban Slums (better-off urban core),8.780000000000001
NG-ANA-078,South East,Anambra,Idemili North,anambra,idemili north,614200.0,0.1031662047535063,182302.0,18807.405458973717,21403.33333333333,36,113.80269000964724,85.3699,95.6475,98.7887,0.839842105,1.434382512,28,5.334,5,Urban Slums (better-off urban core),5.849999999999994
NG-ANA-079,South East,Anambra,Idemili South,anambra,idemili south,294700.0,0.0495002939447383,182302.0,9024.0025867137,9296.0,36,103.01415486833714,84.8163,94.9031,98.3654,0.6618125,4.719830769,49,5.152,5,Urban Slums (better-off urban core),7.069999999999993
NG-ANA-080,South East,Anambra,Ihiala,anambra,ihiala,430800.0,0.0723607961703199,182302.0,13191.517863441672,18134.666666666664,36,137.47217609373212,81.9953,88.3288,95.6549,0.317510204,2.929939157,72,14.4963,5,Urban Slums (better-off urban core),13.670000000000002
NG-ANA-081,South East,Anambra,Njikoka,anambra,njikoka,211500.0,0.0355253212396069,182302.0,6476.337112622827,8021.142857142857,35,123.85307802321005,84.7646,95.3262,98.9242,0.896125,1.740426563,20,5.0556,5,Urban Slums (better-off urban core),5.400000000000006
NG-ANA-082,South East,Anambra,Nnewi North,anambra,nnewi north,221500.0,0.0372050054589737,182302.0,6782.546905181825,8611.666666666668,36,126.9680370376415,85.5051,95.8601,98.9144,0.805727273,0.844817109,17,4.3213,5,Urban Slums (better-off urban core),8.349999999999994
NG-ANA-083,South East,Anambra,Nnewi South,anambra,nnewi south,332500.0,0.0558495002939447,182302.0,10181.475602586714,10217.0,36,100.34891207129408,84.1135,93.7996,97.6791,0.67562069,1.049661292,20,6.6133,5,Urban Slums (better-off urban core),10.739999999999995
NG-ANA-084,South East,Anambra,Ogbaru,anambra,ogbaru,318200.0,0.0534475518602502,182302.0,9743.595599227345,11544.0,36,118.47782353482964,77.8165,78.8898,90.6294,-0.1935,18.25588707,25,9.9621,5,Urban Slums (better-off urban core),14.489999999999995
NG-ANA-085,South East,Anambra,Onitsha North,anambra,onitsha north,179400.0,0.0301335348954396,182302.0,5493.40367850844,8513.0,36,154.96767574727798,84.8793,93.7172,98.6583,1.243833333,1.748131514,35,2.073,5,Urban Slums (better-off urban core),6.150000000000006
NG-ANA-086,South East,Anambra,Onitsha South,anambra,onitsha south,195500.0,0.0328378264886201,182302.0,5986.401444528428,11521.0,36,192.4528467854456,83.2357,92.5756,98.6746,1.663,1.237624095,5,5.1662,5,Urban Slums (better-off urban core),7.650000000000006
NG-ANA-087,South East,Anambra,Orumba North,anambra,orumba north,246200.0,0.0413538254808096,182302.0,7538.885092802554,7281.333333333334,36,96.58368901636254,82.0038,89.1433,86.4325,0.0818,5.239300322,14,13.3973,5,Urban Slums (better-off urban core),8.400000000000006
NG-ANA-088,South East,Anambra,Orumba South,anambra,orumba south,263000.0,0.0441756949693457,182302.0,8053.317544301672,6074.333333333334,36,75.42647238132788,80.1446,88.5937,88.3006,0.158933333,2.867792402,16,24.0363,5,Urban Slums (better-off urban core),9.64
NG-ANA-089,South East,Anambra,Oyi,anambra,oyi,239700.0,0.0402620307382212,182302.0,7339.848727639204,8051.666666666666,36,109.69799195379892,82.6959,91.0907,95.3251,0.451608696,5.191532971,18,5.7824,5,Urban Slums (better-off urban core),5.8799999999999955
NG-BAU-090,North East,Bauchi,Alkaleri,bauchi,alkaleri,586200.0,0.0705517042172154,328291.0,23161.48952917389,18900.0,36,81.60096947216552,45.4679,22.2546,42.7228,-0.50614386,31.58037914,19,47.4774,2,Conflict-Affected / Nomadic,45.26
NG-BAU-091,North East,Bauchi,Bauchi,bauchi,bauchi,881600.0,0.1061043712690159,328291.0,34833.11014827652,36236.0,36,104.02746078587786,50.5869,26.4899,61.4359,-0.340677043,6.654830861,35,37.0981,2,Conflict-Affected / Nomadic,39.29
NG-BAU-092,North East,Bauchi,Bogoro,bauchi,bogoro,149700.0,0.0180170421721548,328291.0,5914.832791738879,7065.333333333334,36,119.45110846077228,57.4227,28.7521,50.4441,-0.340512397,13.96804726,3,50.068,2,Conflict-Affected / Nomadic,16.349999999999994
NG-BAU-093,North East,Bauchi,Dambam,bauchi,dambam,268200.0,0.0322790294627383,328291.0,10596.91486135182,11695.666666666668,36,110.36860085874731,,,,,,1,58.7788,1,Remote Rural / Hard-to-Reach,53.68
NG-BAU-094,North East,Bauchi,Darazo,bauchi,darazo,446300.0,0.053714134411708,328291.0,17633.866900154055,17275.666666666668,36,97.96868017936409,28.5996,11.1514,29.5215,-0.585769648,12.77594494,2,43.7971,1,Remote Rural / Hard-to-Reach,66.31
NG-BAU-095,North East,Bauchi,Dass,bauchi,dass,160900.0,0.0193650105911804,328291.0,6357.358691989217,6356.333333333334,36,99.98387131031043,55.362,24.6994,51.5821,-0.367306931,13.51298668,1,45.3864,2,Conflict-Affected / Nomadic,21.689999999999998
NG-BAU-096,North East,Bauchi,Gamawa,bauchi,gamawa,507900.0,0.0611279607163489,328291.0,20067.75935153091,17695.0,36,88.17626168439229,24.0644,7.1219,28.6315,-0.653931718,19.03769948,1,62.2473,1,Remote Rural / Hard-to-Reach,61.22
NG-BAU-097,North East,Bauchi,Ganjuwa,bauchi,ganjuwa,497300.0,0.0598522048911996,328291.0,19648.94019593684,26381.33333333333,36,134.26339064734225,38.2578,12.9498,50.9085,-0.454082536,22.63032013,1,49.5026,1,Remote Rural / Hard-to-Reach,46.32
NG-BAU-098,North East,Bauchi,Giade,bauchi,giade,278600.0,0.033530714423262,328291.0,11007.831768727132,9900.333333333334,36,89.93899562909235,30.9326,13.2996,37.9849,-0.488464567,6.769086361,0,40.469,1,Remote Rural / Hard-to-Reach,59.82
NG-BAU-099,North East,Bauchi,Itas/Gadau,bauchi,itas gadau,408100.0,0.0491165992682457,328291.0,16124.537490371653,13061.0,36,81.00077293875273,30.3157,10.1408,66.7498,-0.588776173,6.462678228,0,30.6167,1,Remote Rural / Hard-to-Reach,57.46
NG-BAU-100,North East,Bauchi,Jama'Are,bauchi,jamaare,209800.0,0.0252503369921047,328291.0,8289.458381475062,6864.666666666666,36,82.81200472647934,32.3144,11.1791,72.1491,-0.453098361,4.685538387,2,30.1238,1,Remote Rural / Hard-to-Reach,51.61
NG-BAU-101,North East,Bauchi,Katagum,bauchi,katagum,523200.0,0.0629693818601964,328291.0,20672.28134026574,17394.666666666668,36,84.14488164296172,32.8368,14.0413,49.3551,-0.572024896,12.6853224,4,41.5998,1,Remote Rural / Hard-to-Reach,61.45
NG-BAU-102,North East,Bauchi,Kirfi,bauchi,kirfi,260100.0,0.0313041594454072,328291.0,10276.8738084922,11087.333333333334,36,107.88624575862184,40.0963,17.0853,35.3279,-0.513253061,20.43480859,2,40.9133,1,Remote Rural / Hard-to-Reach,54.07
NG-BAU-103,North East,Bauchi,Misau,bauchi,misau,466800.0,0.0561813980358174,328291.0,18443.847342576544,14298.333333333334,36,77.523594008103,31.7303,14.1861,28.0102,-0.433684211,8.135905698,3,31.5857,1,Remote Rural / Hard-to-Reach,55.06
NG-BAU-104,North East,Bauchi,Ningi,bauchi,ningi,689300.0,0.0829602349316387,328291.0,27235.098485942617,22776.666666666668,36,83.62983037650051,41.7355,10.3817,44.2782,-0.449665094,26.20023566,32,46.5733,2,Conflict-Affected / Nomadic,50.52
NG-BAU-105,North East,Bauchi,Shira,bauchi,shira,417800.0,0.0502840362025803,328291.0,16507.796528981322,12194.333333333334,36,73.87014561225534,31.522,11.1588,58.659,-0.510471111,8.23872415,0,50.989,1,Remote Rural / Hard-to-Reach,62.14
NG-BAU-106,North East,Bauchi,Tafawa-Balewa,bauchi,tafawa balewa,395200.0,0.0475640284999037,328291.0,15614.842480261892,15277.333333333332,36,97.83853633262588,57.4108,30.3254,54.3767,-0.407634271,13.34854977,11,45.9648,2,Conflict-Affected / Nomadic,
NG-BAU-107,North East,Bauchi,Toro,bauchi,toro,617800.0,0.0743549008280377,328291.0,24410.04474773734,33581.0,36,137.57041556883158,49.9118,17.4243,49.0159,-0.462419769,41.78938128,24,51.8579,2,Conflict-Affected / Nomadic,35.36
NG-BAU-108,North East,Bauchi,Warji,bauchi,warji,205300.0,0.0247087425380319,328291.0,8111.657796553051,7281.666666666666,36,89.7679222829262,37.6255,10.5248,64.8022,-0.43240625,17.2814583,2,52.86,1,Remote Rural / Hard-to-Reach,46.3
NG-BAU-109,North East,Bauchi,Zaki,bauchi,zaki,338700.0,0.040764009243212,328291.0,13382.457358463316,18145.666666666668,36,135.59293469514407,29.9752,8.1975,58.5952,-0.369416185,7.383729212,1,54.8602,1,Remote Rural / Hard-to-Reach,56.99
NG-BAY-110,South South,Bayelsa,Brass,bayelsa,brass,274100.0,0.1080239615354299,69053.0,7459.378615906045,10133.333333333334,36,135.8468828988713,21.8877,10.3122,24.5696,-0.211166667,120.6420826,6,34.1754,3,Riverine / Geographically Isolated,24.739999999999995
NG-BAY-111,South South,Bayelsa,Ekeremor,bayelsa,ekeremor,401300.0,0.1581540159218097,69053.0,10921.009261448728,16248.0,36,148.7774583009979,24.5301,12.2283,18.3623,-0.235107692,76.79911894,3,40.1266,3,Riverine / Geographically Isolated,39.82
NG-BAY-112,South South,Bayelsa,Kolokuma/Opokuma,bayelsa,kolokuma opokuma,118000.0,0.0465042957357925,69053.0,3211.261133443683,3150.333333333333,36,98.10268310241678,30.5096,22.0349,66.211,-0.039111111,31.24905159,0,15.4525,4,Peri-urban / Migrant Dense (transitional),28.700000000000003
NG-BAY-113,South South,Bayelsa,Nembe,bayelsa,nembe,195000.0,0.0768503192244029,69053.0,5306.745093402696,6992.333333333334,36,131.7631280617972,18.7718,10.3081,22.4609,-0.081621622,121.7929617,7,43.1098,3,Riverine / Geographically Isolated,26.370000000000005
NG-BAY-114,South South,Bayelsa,Ogbia,bayelsa,ogbia,267400.0,0.1053834633877197,69053.0,7277.044297312209,7659.0,36,105.24877528681344,34.733,21.6708,74.2623,-0.078264706,27.54760045,13,14.9506,4,Peri-urban / Migrant Dense (transitional),27.239999999999995
NG-BAY-115,South South,Bayelsa,Sagbama,bayelsa,sagbama,278200.0,0.1096397887601481,69053.0,7570.956333254512,7801.333333333333,36,103.0429048846434,32.3984,21.7612,54.3293,-0.301163043,37.47903656,8,18.814,4,Peri-urban / Migrant Dense (transitional),30.409999999999997
NG-BAY-116,South South,Bayelsa,Southern Ijaw,bayelsa,southern ijaw,479000.0,0.1887759123512256,69053.0,13035.543075589188,9171.0,36,70.35380073404026,20.9468,10.0318,21.1397,-0.199535714,95.4668883,18,39.1353,3,Riverine / Geographically Isolated,39.73
NG-BAY-117,South South,Bayelsa,Yenagoa,bayelsa,yenegoa,524400.0,0.2066682430834712,69053.0,14271.06218964294,13920.666666666668,36,97.54471308217992,41.0657,26.9862,79.1257,0.08196,18.06191364,65,6.3739,5,Urban Slums (better-off urban core),24.700000000000003
NG-BEN-118,North Central,Benue,Ado,benue,ado,266200.0,0.0433458713953071,179287.0,7771.351244850439,10996.666666666668,36,141.50263345712796,67.4364,62.4559,63.8338,-0.3831875,9.88103899,17,78.9235,4,Peri-urban / Migrant Dense (transitional),15.829999999999998
NG-BEN-119,North Central,Benue,Agatu,benue,agatu,166900.0,0.0271766564082523,179287.0,4872.421197466335,5981.666666666667,36,122.76579598202926,60.2834,60.364,52.9783,-0.336170213,14.63711109,46,36.0905,4,Peri-urban / Migrant Dense (transitional),29.049999999999997
NG-BEN-120,North Central,Benue,Apa,benue,apa,139700.0,0.0227476267239835,179287.0,4078.3537524628337,5975.0,36,146.5051921107094,62.0337,67.0377,48.5439,-0.346462264,10.87833318,42,28.0878,4,Peri-urban / Migrant Dense (transitional),23.709999999999994
NG-BEN-121,North Central,Benue,Buruku,benue,buruku,297700.0,0.0484750785664273,179287.0,8690.951410939053,11739.333333333334,36,135.0753534136363,52.9796,64.7888,86.8464,-0.460680628,7.822669608,20,41.3244,4,Peri-urban / Migrant Dense (transitional),28.730000000000004
NG-BEN-122,North Central,Benue,Gboko,benue,gboko,521700.0,0.0849494406721703,179287.0,15230.330369791413,22779.666666666668,36,149.56777767505938,58.1355,71.3262,90.0891,-0.429530534,6.601303432,16,43.5929,4,Peri-urban / Migrant Dense (transitional),25.159999999999997
NG-BEN-123,North Central,Benue,Guma,benue,guma,280300.0,0.0456418022242847,179287.0,8182.981795385342,9427.0,36,115.2025048536244,48.2528,50.6211,69.3949,-0.454828338,13.01745499,65,38.319,4,Peri-urban / Migrant Dense (transitional),43.64
NG-BEN-124,North Central,Benue,Gwer East,benue,gwer east,243500.0,0.0396495855926269,179287.0,7108.655252145311,9461.666666666666,36,133.10065449877095,57.7757,62.9346,65.1589,-0.451807808,11.86516968,15,34.7521,4,Peri-urban / Migrant Dense (transitional),25.950000000000003
NG-BEN-125,North Central,Benue,Gwer West,benue,gwer west,176600.0,0.0287561265530099,179287.0,5155.599661309495,10042.333333333332,36,194.7849715465036,59.1855,64.1433,59.4312,-0.443087209,13.52846234,64,41.8945,4,Peri-urban / Migrant Dense (transitional),22.909999999999997
NG-BEN-126,North Central,Benue,Katsina-Ala,benue,katsina ala,325500.0,0.0530018074349079,179287.0,9502.535049582337,8131.666666666667,36,85.57365612688876,53.5932,60.25,84.0661,-0.421587065,20.61612297,30,49.6439,4,Peri-urban / Migrant Dense (transitional),
NG-BEN-127,North Central,Benue,Konshisha,benue,konshisha,327000.0,0.0532460553954374,179287.0,9546.325533681793,8315.0,36,87.1015761055144,55.8588,60.8888,71.7745,-0.423645051,9.702936203,7,50.1355,4,Peri-urban / Migrant Dense (transitional),25.810000000000002
NG-BEN-128,North Central,Benue,Kwande,benue,kwande,359000.0,0.0584566785534007,179287.0,10480.52252780356,16760.333333333332,36,159.9188713050346,57.0171,65.3828,72.5237,-0.362449086,19.52235067,21,50.2398,4,Peri-urban / Migrant Dense (transitional),17.560000000000002
NG-BEN-129,North Central,Benue,Logo,benue,logo,244800.0,0.0398612671584192,179287.0,7146.607005031508,9356.0,36,130.9152720082829,42.7728,46.8808,70.6252,-0.445542169,18.85412361,49,40.159,4,Peri-urban / Migrant Dense (transitional),36.49
NG-BEN-130,North Central,Benue,Makurdi,benue,makurdi,433700.0,0.0706202269877713,179287.0,12661.288635956556,22411.33333333333,36,177.0067327087687,65.0939,68.7089,79.9386,-0.148307087,7.646198126,86,36.23,4,Peri-urban / Migrant Dense (transitional),28.209999999999994
NG-BEN-131,North Central,Benue,Obi,benue,obi,142500.0,0.0232035562503053,179287.0,4160.095989448489,5663.314285714286,35,136.13422142370038,56.8359,56.741,52.6813,-0.295015625,9.087501008,1,41.6685,4,Peri-urban / Migrant Dense (transitional),14.989999999999995
NG-BEN-132,North Central,Benue,Ogbadibo,benue,ogbadibo,189100.0,0.0307915262240893,179287.0,5520.520362138309,7067.0,36,128.01329469714483,80.2556,77.4161,70.9038,-0.227556818,3.959629048,20,46.829,4,Peri-urban / Migrant Dense (transitional),16.510000000000005
NG-BEN-133,North Central,Benue,Ohimini,benue,ohimini,102100.0,0.0166251445133766,179287.0,2980.672284369759,5982.0,36,200.6929789419923,63.9198,67.9172,46.8751,-0.342292683,7.408066991,4,27.3532,4,Peri-urban / Migrant Dense (transitional),16.409999999999997
NG-BEN-134,North Central,Benue,Oju,benue,oju,243300.0,0.0396170191978897,179287.0,7102.8165209320505,9887.666666666666,36,139.20768807032596,60.596,59.9659,65.2386,-0.316060976,9.30465926,4,56.2744,4,Peri-urban / Migrant Dense (transitional),15.379999999999995
NG-BEN-135,North Central,Benue,Okpokwu,benue,okpokwu,253500.0,0.0412779053294905,179287.0,7400.591812808363,7738.333333333333,36,104.56370962036353,70.0165,69.943,52.2373,-0.309342105,6.584137894,10,55.7299,4,Peri-urban / Migrant Dense (transitional),17.099999999999994
NG-BEN-136,North Central,Benue,Otukpo,benue,oturkpo,384600.0,0.0626251770797713,179287.0,11227.880123100971,15344.333333333332,36,136.66278197754266,62.2312,65.972,49.6927,-0.223052632,13.91016377,40,24.6264,4,Peri-urban / Migrant Dense (transitional),17.269999999999996
NG-BEN-137,North Central,Benue,Tarka,benue,tarka,114500.0,0.0186442609870874,179287.0,3342.673619591943,4967.333333333334,36,148.6035999512187,54.0884,69.4318,93.2343,-0.441425,6.339631404,1,35.5667,4,Peri-urban / Migrant Dense (transitional),27.939999999999998
NG-BEN-138,North Central,Benue,Ukum,benue,ukum,313300.0,0.0510152573559344,179287.0,9146.372445573412,7583.666666666666,36,82.91447469249897,52.3231,54.1425,82.5157,-0.306453184,8.793354261,48,45.6345,4,Peri-urban / Migrant Dense (transitional),28.010000000000005
NG-BEN-139,North Central,Benue,Ushongo,benue,ushongo,277100.0,0.0451207399084884,179287.0,8089.562095973165,12390.0,36,153.16032997839912,56.4645,66.9426,84.1986,-0.443281046,8.571486355,3,51.9856,4,Peri-urban / Migrant Dense (transitional),23.200000000000003
NG-BEN-140,North Central,Benue,Vandeikya,benue,vandeikya,338700.0,0.0551511894875677,179287.0,9887.891309657563,10790.0,36,109.1233677848111,65.0567,68.8912,85.3299,-0.379675676,8.35629646,3,55.9216,4,Peri-urban / Migrant Dense (transitional),17.209999999999994
NG-BOR-141,North East,Borno,Abadam,borno,abadam,146600.0,0.0239875644277182,181011.0,4342.013024625706,965.6666666666669,36,22.24006840122065,11.3223,1.9844,38.5822,-0.23287013,28.80193871,131,39.648,2,Conflict-Affected / Nomadic,76.74
NG-BOR-142,North East,Borno,Askira/Uba,borno,askira uba,210000.0,0.0343614497259265,181011.0,6219.800376339687,16369.666666666668,36,263.18636734608697,41.4929,16.9269,40.891,-0.404335,21.65961865,31,55.7487,2,Conflict-Affected / Nomadic,30.17
NG-BOR-143,North East,Borno,Bama,borno,bama,395800.0,0.0647631514358177,181011.0,11722.842804548802,23392.0,36,199.54204274515416,23.8386,5.4444,22.7772,-0.357322581,14.40817935,275,25.9279,2,Conflict-Affected / Nomadic,51.44
NG-BOR-144,North East,Borno,Bayo,borno,bayo,115900.0,0.0189642477296899,181011.0,3432.737445798904,10005.666666666666,36,291.4777731956147,31.2401,15.7993,24.3193,-0.372509317,8.493696293,2,26.9696,2,Conflict-Affected / Nomadic,54.08
NG-BOR-145,North East,Borno,Biu,borno,biu,257500.0,0.0421336824020289,181011.0,7626.659985273664,19115.666666666664,36,250.6427020947197,35.7022,10.9195,37.893,-0.356341216,23.7746692,58,34.8162,2,Conflict-Affected / Nomadic,38.23
NG-BOR-146,North East,Borno,Chibok,borno,chibok,97200.0,0.0159044424445717,181011.0,2878.8790313343698,9879.0,36,343.1543976830819,30.8484,9.0271,21.5277,-0.28304,7.884440304,28,55.1262,2,Conflict-Affected / Nomadic,46.22
NG-BOR-147,North East,Borno,Damboa,borno,damboa,341700.0,0.0559109874826147,181011.0,10120.503755215575,17157.333333333336,36,169.53042801344097,26.6765,7.4463,26.6879,-0.464097187,20.20872561,209,52.8514,2,Conflict-Affected / Nomadic,53.58
NG-BOR-148,North East,Borno,Dikwa,borno,dikwa,153900.0,0.0251820338705718,181011.0,4558.225132946085,6301.371428571429,35,138.2417771124593,27.1152,6.0993,29.6894,-0.362622807,11.22984149,78,28.219,2,Conflict-Affected / Nomadic,53.81
NG-BOR-149,North East,Borno,Gubio,borno,gubio,221700.0,0.0362758733535138,181011.0,6566.332111592898,13351.333333333332,36,203.3301561119864,9.2011,2.4214,26.6751,-0.173495146,11.5504938,24,35.7535,2,Conflict-Affected / Nomadic,84.55
NG-BOR-150,North East,Borno,Guzamala,borno,guzamala,140600.0,0.0230058087212631,181011.0,4164.304442444572,176.57142857142856,7,4.240118152067091,10.8534,2.6698,28.6814,-0.315884984,11.45641866,19,32.0498,2,Conflict-Affected / Nomadic,80.19
NG-BOR-151,North East,Borno,Gwoza,borno,gwoza,405200.0,0.0663012353759306,181011.0,12001.252916632577,16409.666666666664,36,136.7329459737029,30.5591,10.4287,40.3645,-0.347036269,20.2711058,207,33.9741,2,Conflict-Affected / Nomadic,35.239999999999995
NG-BOR-152,North East,Borno,Hawul,borno,hawul,176900.0,0.0289454307453162,181011.0,5239.441364640432,10102.333333333332,36,192.81317663961727,43.7101,18.9211,39.2006,-0.319601896,14.53504179,14,50.483,2,Conflict-Affected / Nomadic,21.349999999999994
NG-BOR-153,North East,Borno,Jere,borno,jere,306400.0,0.0501349914096375,181011.0,9074.984930049906,46150.66666666666,36,508.54813558806495,19.7486,9.5359,39.643,0.000958333,5.955376838,32,19.7375,2,Conflict-Affected / Nomadic,47.25
NG-BOR-154,North East,Borno,Kaga,borno,kaga,131900.0,0.0215822629469033,181011.0,3906.626998281928,6159.666666666666,36,157.67224947187407,17.1495,4.0788,23.8256,-0.513823333,15.09222454,48,37.9671,2,Conflict-Affected / Nomadic,69.2
NG-BOR-155,North East,Borno,Kala/Balge,borno,kala balge,89100.0,0.0145790722408574,181011.0,2638.972445389839,2566.9714285714285,35,97.27162680519106,30.2901,7.0945,50.7428,-0.417979452,33.04837277,12,33.4763,2,Conflict-Affected / Nomadic,50.38
NG-BOR-156,North East,Borno,Konduga,borno,konduga,230500.0,0.0377157817229812,181011.0,6826.971365458561,21913.0,36,320.97688457974255,18.8478,5.3551,27.8516,-0.3742,15.76617526,135,23.0662,2,Conflict-Affected / Nomadic,45.19
NG-BOR-157,North East,Borno,Kukawa,borno,kukawa,297900.0,0.0487441708254929,181011.0,8823.231105293298,6503.333333333334,36,73.70693633346865,16.1842,3.554,34.952,-0.235055901,46.27522314,75,18.2909,2,Conflict-Affected / Nomadic,75.3
NG-BOR-158,North East,Borno,Kwaya Kusar,borno,kwaya kusar,83100.0,0.0135973165344023,181011.0,2461.2638632087046,12609.333333333334,36,512.3113178484966,34.6212,16.092,26.7917,-0.366820513,9.238383251,2,27.8876,2,Conflict-Affected / Nomadic,38.56
NG-BOR-159,North East,Borno,Mafa,borno,mafa,151800.0,0.0248384193733126,181011.0,4496.027129182688,13156.666666666668,36,292.6287206158019,18.8304,4.5018,20.0832,-0.370004651,9.828765459,94,28.5684,2,Conflict-Affected / Nomadic,55.75
NG-BOR-160,North East,Borno,Magumeri,borno,magumeri,205500.0,0.0336251329460852,181011.0,6086.518939703837,8357.666666666666,36,137.3143951322912,10.641,2.4573,11.3554,-0.30175502,12.04919699,37,8.1312,2,Conflict-Affected / Nomadic,75.48
NG-BOR-161,North East,Borno,Maiduguri,borno,maiduguri,791200.0,0.1294608524912051,181011.0,23433.838370285524,39002.0,36,166.434535323309,30.5858,26.3709,76.9961,1.005277778,1.470532495,91,36.2633,2,Conflict-Affected / Nomadic,40.55
NG-BOR-162,North East,Borno,Marte,borno,marte,189600.0,0.0310234803239793,181011.0,5615.591196923832,879.6666666666667,36,15.664720522187224,21.5545,4.1754,37.1115,-0.389084507,18.58187621,86,45.2298,2,Conflict-Affected / Nomadic,60.29
NG-BOR-163,North East,Borno,Mobbar,borno,mobbar,170900.0,0.0279636750388611,181011.0,5061.7327824592985,5308.666666666667,36,104.8784456789794,10.5164,2.3569,39.6539,-0.160718833,13.70143473,93,20.8553,2,Conflict-Affected / Nomadic,83.83
NG-BOR-164,North East,Borno,Monguno,borno,monguno,160900.0,0.0263274155281027,181011.0,4765.551812157408,18707.0,36,392.5463563794761,19.2871,4.0709,37.5925,-0.265930851,27.76039659,82,35.6869,2,Conflict-Affected / Nomadic,70.19
NG-BOR-165,North East,Borno,Ngala,borno,ngala,346500.0,0.0566963920477787,181011.0,10262.670620960484,11506.971428571427,35,112.12453223500697,29.5139,6.5856,59.8659,-0.327775281,18.5798901,104,23.2543,2,Conflict-Affected / Nomadic,50.77
NG-BOR-166,North East,Borno,Nganzai,borno,nganzai,145200.0,0.023758488096212,181011.0,4300.547688783441,9460.333333333332,36,219.97973323275752,12.0097,3.1529,26.3341,-0.208074349,8.715929536,48,49.4588,2,Conflict-Affected / Nomadic,72.66
NG-BOR-167,North East,Borno,Shani,borno,shani,148000.0,0.0242166407592244,181011.0,4383.478360467971,12403.666666666668,36,282.9640218719473,38.4157,20.7476,25.8549,-0.296128205,6.857274791,5,71.3566,2,Conflict-Affected / Nomadic,30.930000000000007
NG-CRO-168,South South,Cross River,Abi,cross river,abi,219800.0,0.0498842540057192,107665.0,5370.788207525759,6767.0,36,125.9964038521909,74.4573,61.3846,81.034,-0.151258065,5.852069673,0,46.2113,4,Peri-urban / Migrant Dense (transitional),7.269999999999996
NG-CRO-169,South South,Cross River,Akamkpa,cross river,akamkpa,228000.0,0.0517452680314102,107665.0,5571.1542826017885,8615.657142857142,35,154.64761350736703,45.2484,25.877,11.7691,-0.211096774,183.6126845,6,37.9,3,Riverine / Geographically Isolated,27.14
NG-CRO-170,South South,Cross River,Akpabuyo,cross river,akpabuyo,414700.0,0.0941173800553765,107665.0,10133.147723662112,11998.628571428571,35,118.40968767691344,57.2049,26.4509,54.0243,-0.202523256,47.61841419,14,44.3775,4,Peri-urban / Migrant Dense (transitional),19.540000000000006
NG-CRO-171,South South,Cross River,Bakassi,cross river,bakassi,48200.0,0.0109391312241841,107665.0,1177.7615632517816,3270.171428571429,35,277.6598872476816,46.5823,16.4627,30.5314,-0.198541667,60.65465249,0,47.3877,3,Riverine / Geographically Isolated,24.78
NG-CRO-172,South South,Cross River,Bekwarra,cross river,bekwarra,160700.0,0.0364713358449457,107665.0,3926.686373746085,5230.628571428571,35,133.20718981787476,64.4147,64.5671,73.2468,-0.234769231,6.609178835,0,31.9517,4,Peri-urban / Migrant Dense (transitional),12.920000000000002
NG-CRO-173,South South,Cross River,Biase,cross river,biase,256000.0,0.0580999500703554,107665.0,6255.331124324815,8971.411764705883,34,143.42025364283552,58.5023,42.0405,24.5275,-0.341346154,31.84757808,15,56.9013,4,Peri-urban / Migrant Dense (transitional),18.0
NG-CRO-174,South South,Cross River,Boki,cross river,boki,284200.0,0.064500022695293,107665.0,6944.39494348872,9183.085714285717,35,132.23737689193587,60.1995,59.0708,18.6878,-0.415870504,92.27154376,3,42.5436,3,Riverine / Geographically Isolated,13.900000000000006
NG-CRO-175,South South,Cross River,Calabar Municipal,cross river,calabar municipal,279800.0,0.0635014298034587,107665.0,6836.881439789387,7106.0,36,103.93627654041788,72.2072,56.1514,94.9369,0.977125,6.763154496,48,20.3327,5,Urban Slums (better-off urban core),
NG-CRO-176,South South,Cross River,Calabar South,cross river,calabar south,291700.0,0.0662021696700104,107665.0,7127.6565975216745,10178.333333333334,36,142.80055715468106,66.2523,40.1977,69.5428,0.383538462,52.15338945,10,20.3327,4,Peri-urban / Migrant Dense (transitional),27.989999999999995
NG-CRO-177,South South,Cross River,Etung,cross river,etung,121900.0,0.0276655621624075,107665.0,2978.612750215605,5039.657142857143,35,169.194775067432,55.4373,44.3751,14.5795,-0.4821,113.8999469,0,57.2614,3,Riverine / Geographically Isolated,11.049999999999997
NG-CRO-178,South South,Cross River,Ikom,cross river,ikom,249300.0,0.0565793654396078,107665.0,6091.617380055376,7311.176470588235,34,120.0202838498332,67.3366,53.6471,34.1918,-0.316593548,27.25671666,11,59.5825,4,Peri-urban / Migrant Dense (transitional),10.430000000000007
NG-CRO-179,South South,Cross River,Obanliku,cross river,obanliku,167000.0,0.0379011393037084,107665.0,4080.626163133766,5748.666666666666,36,140.87707221511093,58.158,57.3997,44.1845,-0.359505051,66.51190988,3,66.9857,3,Riverine / Geographically Isolated,12.510000000000005
NG-CRO-180,South South,Cross River,Obubra,cross river,obubra,262800.0,0.0596432299940992,107665.0,6421.4883573146935,7937.828571428571,35,123.61353209317308,55.255,42.0376,35.2263,-0.254244186,79.82789855,8,49.8212,3,Riverine / Geographically Isolated,8.790000000000006
NG-CRO-181,South South,Cross River,Obudu,cross river,obudu,245900.0,0.0558077254777359,107665.0,6008.5387635604375,7404.0,35,123.22463566187704,68.4473,68.597,54.3826,-0.090203704,25.3135469,4,45.3784,4,Peri-urban / Migrant Dense (transitional),12.159999999999997
NG-CRO-182,South South,Cross River,Odukpani,cross river,odukpani,293800.0,0.0666787708229313,107665.0,7178.9698606509,9906.35294117647,34,137.99128751709628,55.5542,27.9924,38.4885,-0.068209677,30.31807905,8,51.8643,4,Peri-urban / Migrant Dense (transitional),24.450000000000003
NG-CRO-183,South South,Cross River,Ogoja,cross river,ogoja,261300.0,0.0593028005991557,107665.0,6384.836026508102,7852.799999999999,35,122.99141226802551,68.7892,60.477,70.559,-0.237683761,7.657818811,0,41.3409,4,Peri-urban / Migrant Dense (transitional),11.030000000000001
NG-CRO-184,South South,Cross River,Yakurr,cross river,yakurr,298900.0,0.0678362307657391,107665.0,7303.58778539331,9369.882352941177,34,128.2915004003966,72.4002,62.1238,58.2286,-0.194666667,30.52424739,8,59.1091,4,Peri-urban / Migrant Dense (transitional),8.439999999999998
NG-CRO-185,South South,Cross River,Yala,cross river,yala,322200.0,0.0731242340338613,107665.0,7872.920657255686,10131.0,36,128.68159658973912,64.1513,56.7045,70.617,-0.329752632,9.321239721,10,10.741,4,Peri-urban / Migrant Dense (transitional),
NG-DEL-186,South South,Delta,Aniocha North,delta,aniocha north,142600.0,0.0253002856483863,169616.0,4291.3332505367,6108.333333333333,36,142.34115545720874,64.101,74.1485,52.9465,-0.044837209,7.170856409,4,7.6826,4,Peri-urban / Migrant Dense (transitional),
NG-DEL-187,South South,Delta,Aniocha South,delta,aniocha south,194700.0,0.0345439383993045,169616.0,5859.204655536434,7757.0,36,132.3899821910183,74.9845,76.7622,69.4876,-0.127451613,9.726745981,45,16.6212,5,Urban Slums (better-off urban core),
NG-DEL-188,South South,Delta,Bomadi,delta,bomadi,117900.0,0.0209179781062044,169616.0,3548.0237744619694,4764.0,36,134.27193003300616,44.5733,25.4485,44.157,-0.208173913,25.71972977,3,28.5916,4,Peri-urban / Migrant Dense (transitional),27.42
NG-DEL-189,South South,Delta,Burutu,delta,burutu,285000.0,0.050565087025176,169616.0,8576.647800862269,7530.0,36,87.79653980011815,30.852,14.9443,18.4158,-0.195054348,93.09762619,16,9.8678,3,Riverine / Geographically Isolated,37.16
NG-DEL-190,South South,Delta,Ethiope East,delta,ethiope east,275400.0,0.0488618419885385,169616.0,8287.75019072796,14231.666666666666,36,171.7193006443238,75.3636,58.2522,88.1018,0.073571429,6.972589558,28,6.0139,5,Urban Slums (better-off urban core),14.840000000000003
NG-DEL-191,South South,Delta,Ethiope West,delta,ethiope west,277800.0,0.0492876532476979,169616.0,8359.974593261537,13163.0,36,157.45263162175024,76.2351,62.6729,82.7155,0.200076923,11.32361696,19,11.9072,5,Urban Slums (better-off urban core),14.840000000000003
NG-DEL-192,South South,Delta,Ika North East,delta,ika north east,250600.0,0.0444617923105583,169616.0,7541.431364547664,9950.666666666666,36,131.94665820927364,76.728,81.9762,77.0672,0.039704545,11.90909105,6,5.0956,5,Urban Slums (better-off urban core),
NG-DEL-193,South South,Delta,Ika South,delta,ika south,229000.0,0.0406294909781239,169616.0,6891.411741745472,8475.0,36,122.97915605102756,77.9199,81.8844,82.2058,0.104019231,6.345304081,13,8.0326,5,Urban Slums (better-off urban core),7.109999999999999
NG-DEL-194,South South,Delta,Isoko North,delta,isoko north,196700.0,0.0348987811152706,169616.0,5919.391657647748,8949.0,36,151.18107598840925,73.0273,54.8476,89.7602,0.041962264,10.14455442,17,10.5873,5,Urban Slums (better-off urban core),15.959999999999994
NG-DEL-195,South South,Delta,Isoko South,delta,isoko south,322300.0,0.0571829036779447,169616.0,9699.135390238276,9715.0,36,100.16356725752784,62.3231,43.1327,82.1646,-0.075963855,15.04391687,9,8.0171,5,Urban Slums (better-off urban core),18.049999999999997
NG-DEL-196,South South,Delta,Ndokwa East,delta,ndokwa east,141500.0,0.0251051221546049,169616.0,4258.230399375477,4047.6666666666665,36,95.05513528014612,60.7106,54.1777,71.2766,-0.297164384,30.70386941,7,5.3449,5,Urban Slums (better-off urban core),20.680000000000007
NG-DEL-197,South South,Delta,Ndokwa West,delta,ndokwa west,205600.0,0.03647783120132,169616.0,6187.223817043095,6610.333333333333,36,106.8384388346314,75.54,70.1882,83.7088,-0.161884058,10.9035567,15,9.6909,5,Urban Slums (better-off urban core),15.61
NG-DEL-198,South South,Delta,Okpe,delta,okpe,176000.0,0.031226159005021,169616.0,5296.456185795646,6721.333333333333,36,126.90246265718211,68.9566,47.6434,76.5045,0.016610169,10.78509386,11,7.1004,5,Urban Slums (better-off urban core),14.599999999999994
NG-DEL-199,South South,Delta,Oshimili North,delta,oshimili north,162500.0,0.0288309706722495,169616.0,4890.193921544275,8341.0,36,170.5658330491318,73.8015,76.5572,70.4409,-0.148342857,7.881394537,16,6.7061,5,Urban Slums (better-off urban core),14.200000000000003
NG-DEL-200,South South,Delta,Oshimili South,delta,oshimili south,205600.0,0.03647783120132,169616.0,6187.223817043095,9545.333333333334,36,154.27489962525868,75.5092,76.5973,75.0937,0.23132,14.66692205,27,8.4615,5,Urban Slums (better-off urban core),8.519999999999996
NG-DEL-201,South South,Delta,Patani,delta,patani,92400.0,0.016393733477636,169616.0,2780.6394975427143,3533.0,36,127.0571033433912,42.8957,23.5283,58.9953,-0.037958333,22.31900746,3,10.4389,4,Peri-urban / Migrant Dense (transitional),26.049999999999997
NG-DEL-202,South South,Delta,Sapele,delta,sapele,238800.0,0.042368220286358,169616.0,7186.328052090911,7414.666666666667,36,103.17740315945248,66.3302,47.9344,69.3103,-0.083705882,23.31588281,29,5.0588,5,Urban Slums (better-off urban core),15.819999999999993
NG-DEL-203,South South,Delta,Udu,delta,udu,195300.0,0.0346503912140943,169616.0,5877.260756169829,6942.333333333334,36,118.12192144181137,77.0372,61.06,92.4532,0.51936,3.248138705,28,9.872,5,Urban Slums (better-off urban core),13.430000000000007
NG-DEL-204,South South,Delta,Ughelli North,delta,ughelli north,439500.0,0.077976686833561,169616.0,13226.093713961289,17399.666666666664,36,131.55559791852835,69.3132,52.3809,83.0846,0.068885417,9.649926265,98,11.7928,5,Urban Slums (better-off urban core),15.700000000000003
NG-DEL-205,South South,Delta,Ughelli South,delta,ughelli south,291400.0,0.0517005837162677,169616.0,8769.246207618473,9066.0,36,103.38402851688342,59.9245,40.872,68.7483,-0.062766234,25.24385335,12,3.7753,5,Urban Slums (better-off urban core),19.42
NG-DEL-206,South South,Delta,Ukwuani,delta,ukwuani,163100.0,0.0289374234870393,169616.0,4908.25002217767,6245.666666666666,36,127.2483398043284,77.8124,73.7119,89.1155,-0.02784375,10.11124001,20,1.6641,5,Urban Slums (better-off urban core),11.480000000000004
NG-DEL-207,South South,Delta,Uvwie,delta,uvwie,258700.0,0.0458989053102212,169616.0,7785.188723098486,10244.333333333334,36,131.58747588145962,75.7475,61.442,91.2712,0.6968,3.775531798,23,17.1989,5,Urban Slums (better-off urban core),10.989999999999995
NG-DEL-208,South South,Delta,Warri North,delta,warri north,186600.0,0.0331068253996416,169616.0,5615.447296985612,6644.666666666666,36,118.32835952771816,40.6262,27.2385,26.5742,-0.186280702,132.3037198,4,25.7275,3,Riverine / Geographically Isolated,42.04
NG-DEL-209,South South,Delta,Warri South,delta,warri south,427600.0,0.0758653726735624,169616.0,12867.981051398969,14930.666666666666,36,116.02959786021329,39.4565,26.4503,27.6253,0.15544,113.051195,43,85.8238,3,Riverine / Geographically Isolated,15.480000000000004
NG-DEL-210,South South,Delta,Warri South West,delta,warri south west,159700.0,0.0283341908698969,169616.0,4805.932118588436,4951.0,36,103.018517070819,29.8291,18.1336,19.3001,-0.174844828,145.0420481,0,28.8232,3,Riverine / Geographically Isolated,42.75
NG-EBO-211,South East,Ebonyi,Abakaliki,ebonyi,abakaliki,223000.0,0.0687719731079997,114158.0,7850.870906063035,10188.666666666666,36,129.77753409240506,76.2709,52.6961,90.4927,0.110565217,2.68401121,35,74.7829,4,Peri-urban / Migrant Dense (transitional),6.109999999999999
NG-EBO-212,South East,Ebonyi,Afikpo North,ebonyi,afikpo north,233300.0,0.0719484364398939,114158.0,8213.48960710541,8942.666666666666,36,108.87779852951238,75.4281,64.1097,83.8055,0.0955625,5.296907891,6,64.847,4,Peri-urban / Migrant Dense (transitional),
NG-EBO-213,South East,Ebonyi,Afikpo South,ebonyi,afikpo south,234700.0,0.0723801887374329,114158.0,8262.777585887867,8878.666666666668,36,107.4537777929626,77.3296,69.3573,70.1495,-0.227128205,6.592714825,12,64.847,4,Peri-urban / Migrant Dense (transitional),9.849999999999994
NG-EBO-214,South East,Ebonyi,Ebonyi,ebonyi,ebonyi,189500.0,0.0584407574168876,114158.0,6671.479985197064,11061.333333333334,36,165.8002925569236,75.3239,60.0931,85.2486,-0.172016393,3.268674118,9,84.4616,4,Peri-urban / Migrant Dense (transitional),6.790000000000006
NG-EBO-215,South East,Ebonyi,Ezza North,ebonyi,ezza north,217700.0,0.0671374822673163,114158.0,7664.2807006723,6754.666666666667,36,88.13177557646287,77.2627,59.6681,94.2458,-0.195921875,4.124414448,9,90.3956,4,Peri-urban / Migrant Dense (transitional),7.079999999999998
NG-EBO-216,South East,Ebonyi,Ezza South,ebonyi,ezza south,199000.0,0.0613705051501881,114158.0,7005.934126935175,6657.333333333334,36,95.02420680403485,75.7547,54.8846,92.1068,-0.13009434,2.295456479,6,91.4384,4,Peri-urban / Migrant Dense (transitional),6.510000000000005
NG-EBO-217,South East,Ebonyi,Ikwo,ebonyi,ikwo,320200.0,0.0987479183371368,114158.0,11272.86486153087,10620.333333333334,36,94.21148451424868,74.1385,50.0736,85.5212,-0.137101695,3.759196495,10,67.6868,4,Peri-urban / Migrant Dense (transitional),6.900000000000006
NG-EBO-218,South East,Ebonyi,Ishielu,ebonyi,ishielu,227300.0,0.070098069450441,114158.0,8002.255412323444,8396.666666666666,36,104.92875113353456,76.7904,68.9834,84.3666,-0.273369369,5.390266624,23,57.9923,4,Peri-urban / Migrant Dense (transitional),7.560000000000002
NG-EBO-219,South East,Ebonyi,Ivo,ebonyi,ivo,180800.0,0.0557577252821809,114158.0,6365.190402763215,7157.0,36,112.43968439487764,78.4864,72.1898,78.2624,0.085787879,5.323624321,18,78.3522,4,Peri-urban / Migrant Dense (transitional),10.439999999999998
NG-EBO-220,South East,Ebonyi,Izzi,ebonyi,izzi,352500.0,0.1087090606303583,114158.0,12410.008943440447,17171.666666666664,36,138.36949469519183,69.6167,49.4844,80.2752,-0.26980203,3.519210694,17,84.278,4,Peri-urban / Migrant Dense (transitional),8.409999999999997
NG-EBO-221,South East,Ebonyi,Ohaozara,ebonyi,ohaozara,220900.0,0.0681243446616912,114158.0,7776.9389378893475,8905.333333333332,36,114.50949280244998,77.5672,66.5274,85.322,-0.148266667,4.148590452,13,86.209,4,Peri-urban / Migrant Dense (transitional),7.700000000000003
NG-EBO-222,South East,Ebonyi,Ohaukwu,ebonyi,ohaukwu,291300.0,0.0898353173379386,114158.0,10255.420156664404,7363.666666666667,36,71.80268145212409,76.1144,65.3925,86.7808,-0.166526718,3.519552085,39,80.7146,4,Peri-urban / Migrant Dense (transitional),8.790000000000006
NG-EBO-223,South East,Ebonyi,Onicha,ebonyi,onicha,352400.0,0.1086782211805341,114158.0,12406.488373527416,11266.0,36,90.80732323933856,76.8247,62.2303,89.1697,-0.204273973,2.862660979,27,21.5866,4,Peri-urban / Migrant Dense (transitional),6.730000000000004
NG-EDO-224,South South,Edo,Akoko-Edo,edo,akoko edo,386400.0,0.0808892796583558,147308.0,11915.63800791308,11665.666666666668,36,97.90215730722592,76.5935,81.222,68.466,-0.241322368,12.73948749,23,13.226,5,Urban Slums (better-off urban core),15.560000000000002
NG-EDO-225,South South,Edo,Egor,edo,egor,502700.0,0.1052356130544914,147308.0,15502.04768783102,10080.0,36,65.02366785978033,81.7046,81.3135,95.7607,1.0455,1.804398775,20,15.9526,5,Urban Slums (better-off urban core),7.25
NG-EDO-226,South South,Edo,Esan Central,edo,esan central,155500.0,0.0325524922020557,147308.0,4795.242521300425,4147.333333333333,36,86.48850011049315,78.4484,85.3356,74.3164,-0.003297297,4.891940611,5,17.1625,5,Urban Slums (better-off urban core),14.420000000000002
NG-EDO-227,South South,Edo,Esan North-East,edo,esan north east,180200.0,0.0377232096129288,147308.0,5556.930561661329,4685.666666666667,36,84.32113042754695,72.3471,80.2235,68.6152,0.019487179,6.591338786,6,15.0051,5,Urban Slums (better-off urban core),
NG-EDO-228,South South,Edo,Esan South-East,edo,esan south east,245700.0,0.0514350310871067,147308.0,7576.791559379514,5044.0,36,66.57171390383435,61.3043,70.5716,42.17,-0.195794872,12.77275409,8,17.9882,4,Peri-urban / Migrant Dense (transitional),
NG-EDO-229,South South,Edo,Esan West,edo,esan west,188700.0,0.039502606292784,147308.0,5819.049927777429,6097.0,36,104.77655417417483,75.6057,83.184,59.9788,0.040074074,8.276970072,10,23.4214,5,Urban Slums (better-off urban core),5.030000000000001
NG-EDO-230,South South,Edo,Etsako Central,edo,etsako central,139200.0,0.0291402373924511,147308.0,4292.590089807197,5646.333333333333,36,131.53674623488075,65.5041,68.0514,56.597,-0.161613636,12.21832892,3,22.533,4,Peri-urban / Migrant Dense (transitional),14.420000000000002
NG-EDO-231,South South,Edo,Etsako East,edo,etsako east,217700.0,0.045573489082878,147308.0,6713.339529820595,5041.0,36,75.08930507101455,68.4462,72.1552,62.329,-0.127858974,16.74355266,11,22.2079,5,Urban Slums (better-off urban core),18.409999999999997
NG-EDO-232,South South,Edo,Etsako West,edo,etsako west,294000.0,0.0615461910444011,147308.0,9066.246310368648,9612.333333333334,36,106.023297892758,67.204,77.6476,56.9406,-0.060033333,10.19669211,39,17.6418,5,Urban Slums (better-off urban core),8.61
NG-EDO-233,South South,Edo,Igueben,edo,iguegben,103800.0,0.0217295735728191,147308.0,3200.940023864849,2582.0,36,80.66380440588404,74.7661,82.5097,58.732,-0.187707317,10.63809239,2,15.8422,4,Peri-urban / Migrant Dense (transitional),6.790000000000006
NG-EDO-234,South South,Edo,Ikpoba-Okha,edo,ikpoba okha,549700.0,0.1150746299901609,147308.0,16951.413594590635,17974.333333333332,36,106.0344214542032,74.9599,66.4694,87.8285,0.323649351,24.4054556,27,24.2132,5,Urban Slums (better-off urban core),9.560000000000002
NG-EDO-235,South South,Edo,Oredo,edo,oredo,553300.0,0.1158282568192761,147308.0,17062.428855533923,17165.0,36,100.6011520712235,74.8835,69.8963,86.5755,0.338297297,19.6945109,115,6.9472,5,Urban Slums (better-off urban core),
NG-EDO-236,South South,Edo,Orhionmwon,edo,orhionmwon,271800.0,0.0568988255981912,147308.0,8381.652201218363,2344.6666666666665,36,27.97380051543828,73.0993,70.5739,66.2345,-0.122110345,17.01029403,7,12.9995,4,Peri-urban / Migrant Dense (transitional),13.620000000000005
NG-EDO-237,South South,Edo,Ovia North-East,edo,ovia north east,229500.0,0.0480437103560886,147308.0,7077.222885134711,7058.333333333334,36,99.73309372746968,66.9743,61.9658,36.1311,-0.28825,37.20772525,27,18.7835,4,Peri-urban / Migrant Dense (transitional),
NG-EDO-238,South South,Edo,Ovia South-West,edo,ovia south west,204000.0,0.0427055203165232,147308.0,6290.86478678641,5160.666666666666,36,82.03429642147677,67.6477,56.5711,24.7948,-0.355212264,54.21094661,18,30.6794,4,Peri-urban / Migrant Dense (transitional),24.489999999999995
NG-EDO-239,South South,Edo,Owan East,edo,owan east,228500.0,0.0478343695702233,147308.0,7046.385312650463,4175.0,36,59.25023703294469,66.1268,76.4241,48.141,-0.308853211,13.39838006,7,19.6604,4,Peri-urban / Migrant Dense (transitional),11.61
NG-EDO-240,South South,Edo,Owan West,edo,owan west,146300.0,0.0306265569720948,147308.0,4511.536854445351,4263.666666666666,36,94.50585918334124,69.2909,75.7781,34.8705,-0.226285714,19.37089801,11,15.3124,4,Peri-urban / Migrant Dense (transitional),8.670000000000002
NG-EDO-241,South South,Edo,Uhunmwonde,edo,uhunmwonde,179900.0,0.0376604073771692,147308.0,5547.679289916055,7605.0,36,137.0843482935921,71.6608,73.9253,39.9023,-0.083260504,23.02774857,18,18.1694,4,Peri-urban / Migrant Dense (transitional),8.430000000000007
NG-EKI-242,South West,Ekiti,Ado Ekiti,ekiti,ado ekiti,469700.0,0.1307591659474959,111196.0,14539.896216697754,17085.333333333336,36,117.50657005180254,85.9531,76.381,87.2256,0.281452381,4.931374466,34,14.0753,5,Urban Slums (better-off urban core),6.260000000000005
NG-EKI-243,South West,Ekiti,Aiyekire (Gbonyin),ekiti,gbonyin,221600.0,0.0616909328804877,111196.0,6859.784972578715,7366.666666666667,36,107.38917759250704,86.9173,78.6934,72.0445,-0.256734694,6.009674169,3,10.0714,4,Peri-urban / Migrant Dense (transitional),
NG-EKI-244,South West,Ekiti,Efon,ekiti,efon,130600.0,0.0363575624286629,111196.0,4042.8155118176,5385.666666666666,36,133.2157416266897,89.0142,82.1122,83.8931,-0.224727273,6.760357307,3,8.9217,4,Peri-urban / Migrant Dense (transitional),9.849999999999994
NG-EKI-245,South West,Ekiti,Ekiti East,ekiti,ekiti east,207100.0,0.0576542969293727,111196.0,6410.927201358537,7336.333333333333,36,114.43482514945254,85.6828,74.5219,73.096,-0.254575,5.254171723,5,14.5008,4,Peri-urban / Migrant Dense (transitional),8.590000000000003
NG-EKI-246,South West,Ekiti,Ekiti South West,ekiti,ekiti south west,247200.0,0.0688176832493527,111196.0,7652.251106595028,9649.0,36,126.09361435727182,87.8376,80.475,78.8591,-0.255459459,7.254423389,1,13.4906,4,Peri-urban / Migrant Dense (transitional),7.459999999999994
NG-EKI-247,South West,Ekiti,Ekiti West,ekiti,ekiti west,268900.0,0.0748587177417109,111196.0,8323.989978007294,9084.0,35,109.13035724455122,88.5304,80.4405,83.3361,-0.145909091,5.639628508,3,18.5741,4,Peri-urban / Migrant Dense (transitional),9.670000000000002
NG-EKI-248,South West,Ekiti,Emure,ekiti,emure,141200.0,0.039308482503271,111196.0,4370.94602043373,5970.666666666666,36,136.59895681059442,86.9173,82.0204,70.7197,-0.359771429,6.178578546,5,6.0736,4,Peri-urban / Migrant Dense (transitional),
NG-EKI-249,South West,Ekiti,Ido-Osi,ekiti,ido osi,239600.0,0.0667019292335959,111196.0,7416.9877230589345,8304.666666666666,36,111.96818677275137,87.0692,75.2849,90.9189,0.095137931,4.588666399,2,12.7208,4,Peri-urban / Migrant Dense (transitional),7.159999999999997
NG-EKI-250,South West,Ekiti,Ijero,ekiti,ijero,332200.0,0.0924807215834748,111196.0,10283.48631719607,11332.0,36,110.1960915827797,88.6642,79.7819,84.642,-0.215735849,5.078587532,3,17.458,4,Peri-urban / Migrant Dense (transitional),9.0
NG-EKI-251,South West,Ekiti,Ikere,ekiti,ikere,222400.0,0.0619136438295147,111196.0,6884.549539266724,7104.333333333334,36,103.19242083760236,85.8829,77.925,81.739,-0.179,8.776817078,10,19.8131,5,Urban Slums (better-off urban core),6.290000000000006
NG-EKI-252,South West,Ekiti,Ikole,ekiti,ikole,255200.0,0.071044792739623,111196.0,7899.896773475127,6841.0,36,86.59606822926469,74.6238,60.5118,64.1387,-0.34940625,12.86296712,18,7.2176,4,Peri-urban / Migrant Dense (transitional),10.11
NG-EKI-253,South West,Ekiti,Ilejemeje,ekiti,ilejemeje,65100.0,0.0181231034770746,111196.0,2015.216614236797,2687.0,36,133.33554224480332,84.9259,71.1263,88.8354,-0.041692308,5.028031413,4,13.0394,4,Peri-urban / Migrant Dense (transitional),8.159999999999997
NG-EKI-254,South West,Ekiti,Irepodun/Ifelodun,ekiti,irepodun ifelodun,196700.0,0.0547590545920213,111196.0,6088.987834414409,6082.333333333333,36,99.89071252460931,85.9101,75.6051,80.9269,-0.093727273,5.683922304,4,19.3233,4,Peri-urban / Migrant Dense (transitional),7.060000000000002
NG-EKI-255,South West,Ekiti,Ise/Orun,ekiti,ise orun,170600.0,0.0474931098800144,111196.0,5281.04384621809,6797.666666666666,36,128.71823951120334,86.6029,80.1685,70.3439,-0.405875,13.15719215,5,6.0736,4,Peri-urban / Migrant Dense (transitional),7.609999999999999
NG-EKI-256,South West,Ekiti,Moba,ekiti,moba,217700.0,0.0606052170039809,111196.0,6739.057709974667,8791.666666666668,36,130.45839707907348,85.639,74.0561,89.1095,-0.051636364,4.200477078,3,12.897,4,Peri-urban / Migrant Dense (transitional),8.25
NG-EKI-257,South West,Ekiti,Oye,ekiti,oye,206300.0,0.0574315859803457,111196.0,6386.162634670527,7512.666666666666,36,117.63976422836994,80.9384,65.8849,76.7561,-0.061232558,10.40536031,8,65.4209,4,Peri-urban / Migrant Dense (transitional),8.310000000000002
NG-ENU-258,South East,Enugu,Aninri,enugu,aninri,195500.0,0.0416835461930449,148837.0,6204.053964734228,6329.666666666666,36,102.024687448666,78.5177,71.842,82.2864,-0.132785714,5.588262811,6,41.7857,4,Peri-urban / Migrant Dense (transitional),8.980000000000004
NG-ENU-259,South East,Enugu,Awgu,enugu,awgu,283200.0,0.0603825078356538,148837.0,8987.151318735208,11333.0,36,126.10224973484624,82.5216,83.3082,80.2526,0.006881356,6.813299391,0,41.0436,4,Peri-urban / Migrant Dense (transitional),6.760000000000005
NG-ENU-260,South East,Enugu,Enugu East,enugu,enugu east,397700.0,0.0847956333553655,148837.0,12620.727681712542,16796.666666666664,36,133.0879414425926,85.8258,84.6315,91.5156,0.275958333,5.660598399,24,24.9965,5,Urban Slums (better-off urban core),4.900000000000006
NG-ENU-261,South East,Enugu,Enugu North,enugu,enugu north,347500.0,0.0740922368392998,148837.0,11027.666254450864,13756.0,36,124.74080809661749,90.1052,92.3301,99.0616,1.010888889,1.236661198,44,33.8705,5,Urban Slums (better-off urban core),3.469999999999999
NG-ENU-262,South East,Enugu,Enugu South,enugu,enugu south,284200.0,0.0605957229056949,148837.0,9018.885610114923,10012.666666666668,36,111.0188896889566,88.0653,90.3394,97.9645,0.6119375,2.071584139,20,22.8678,5,Urban Slums (better-off urban core),3.200000000000003
NG-ENU-263,South East,Enugu,Ezeagu,enugu,ezeagu,244900.0,0.0522163706530777,148837.0,7771.727958892134,10644.0,36,136.95795910897158,83.5604,83.6808,82.4718,-0.039987342,5.979586397,7,51.9778,4,Peri-urban / Migrant Dense (transitional),7.549999999999997
NG-ENU-264,South East,Enugu,Igbo-Etiti,enugu,igbo etiti,299000.0,0.063751305942304,148837.0,9488.553122534702,12035.666666666666,36,126.84406685865235,83.1078,77.9639,82.3977,-0.03448,5.979884503,9,45.2726,4,Peri-urban / Migrant Dense (transitional),8.310000000000002
NG-ENU-265,South East,Enugu,Igbo-Eze North,enugu,igbo eze north,371500.0,0.0792093985202874,148837.0,11789.289247564016,14407.333333333332,36,122.2069713516468,87.0749,81.2087,86.527,0.071590909,1.519071419,26,51.2263,4,Peri-urban / Migrant Dense (transitional),16.569999999999993
NG-ENU-266,South East,Enugu,Igbo-Eze South,enugu,igbo eze south,211500.0,0.0450949873137033,148837.0,6711.802626809663,7470.0,36,111.29647898407782,88.2851,81.7238,91.8174,0.1436875,1.333813864,3,73.2411,4,Peri-urban / Migrant Dense (transitional),15.680000000000007
NG-ENU-267,South East,Enugu,Isi-Uzo,enugu,isi uzo,213300.0,0.0454787744397774,148837.0,6768.924351293149,7168.114285714286,35,105.89739098420972,80.1255,76.215,79.6028,-0.317564516,4.943226952,49,52.6406,4,Peri-urban / Migrant Dense (transitional),9.659999999999997
NG-ENU-268,South East,Enugu,Nkanu East,enugu,nkanu east,220400.0,0.0469926014370695,148837.0,6994.237820089124,8105.333333333334,36,115.88586979488856,80.1214,74.4632,81.9228,-0.175008547,6.347472394,33,39.8656,4,Peri-urban / Migrant Dense (transitional),6.709999999999994
NG-ENU-269,South East,Enugu,Nkanu West,enugu,nkanu west,211500.0,0.0450949873137033,148837.0,6711.802626809663,8057.0,36,120.04226655618676,84.2682,84.6958,88.86,0.189540541,5.585898468,12,52.4343,4,Peri-urban / Migrant Dense (transitional),3.700000000000003
NG-ENU-270,South East,Enugu,Nsukka,enugu,nsukka,444100.0,0.0946888126052749,148837.0,14093.198801731303,16205.666666666666,36,114.98927173776794,85.2559,79.8663,84.3858,-0.041690722,3.418285678,33,32.5057,5,Urban Slums (better-off urban core),11.349999999999994
NG-ENU-271,South East,Enugu,Oji River,enugu,oji river,184800.0,0.0394021449436046,148837.0,5864.49704697128,7561.0,36,128.9283623035479,83.3476,86.9866,82.5369,0.048660714,5.355928643,15,55.3918,4,Peri-urban / Migrant Dense (transitional),7.859999999999999
NG-ENU-272,South East,Enugu,Udenu,enugu,udenu,256500.0,0.0546896654655551,148837.0,8139.845738896825,11779.666666666668,36,144.7160922273588,87.6079,82.0433,86.976,0.049442308,1.873537804,3,39.1711,4,Peri-urban / Migrant Dense (transitional),11.439999999999998
NG-ENU-273,South East,Enugu,Udi,enugu,udi,342000.0,0.0729195539540734,148837.0,10853.127651862433,11101.0,36,102.28387941327708,86.726,86.3591,86.3625,0.080133333,6.205247866,19,36.7142,4,Peri-urban / Migrant Dense (transitional),5.849999999999994
NG-ENU-274,South East,Enugu,Uzo-Uwani,enugu,uzo uwani,182500.0,0.0389117502825099,148837.0,5791.508176797936,5499.333333333333,36,94.95511644729916,80.7175,75.8705,68.9174,-0.232353659,10.13155453,23,24.3414,5,Urban Slums (better-off urban core),18.200000000000003
NG-FCT-275,North Central,FCT,Abaji,fct,abaji,127900.0,0.0416951915240423,96995.0,4044.2251018744905,8297.0,36,205.1567306714544,52.3592,41.0976,76.6391,-0.315209677,12.21315696,48,16.0867,4,Peri-urban / Migrant Dense (transitional),30.980000000000004
NG-FCT-276,North Central,FCT,Abuja Municipal Area Council,fct,municipal area council,1693400.0,0.5520456397718011,96995.0,53545.666829665846,50965.71428571428,35,95.18177156676626,,,,,,192,11.9634,4,Peri-urban / Migrant Dense (transitional),
NG-FCT-277,North Central,FCT,Bwari,fct,bwari,500100.0,0.1630317848410758,96995.0,15813.267970660148,20569.33333333333,36,130.07642298541683,73.2986,60.4066,81.05,-0.095993007,7.250284769,46,22.8319,4,Peri-urban / Migrant Dense (transitional),12.010000000000005
NG-FCT-278,North Central,FCT,Gwagwalada,fct,gwagwalada,346000.0,0.1127954360228198,96995.0,10940.593317033414,20557.764705882357,34,187.90356345552084,57.8309,46.9176,84.261,-0.188753165,8.251530867,51,24.8652,4,Peri-urban / Migrant Dense (transitional),24.03
NG-FCT-279,North Central,FCT,Kuje,fct,kuje,212100.0,0.0691442542787286,96995.0,6706.646943765281,11612.666666666666,36,173.15160264194586,72.3112,65.8834,80.1992,-0.347113514,15.55416851,56,24.0305,4,Peri-urban / Migrant Dense (transitional),25.010000000000005
NG-FCT-280,North Central,FCT,Kwali,fct,kwali,188000.0,0.0612876935615321,96995.0,5944.599837000815,13135.885714285714,35,220.9717403099931,59.9709,47.9162,79.9335,-0.29896732,11.99089749,37,19.3742,4,Peri-urban / Migrant Dense (transitional),27.319999999999993
NG-GOM-281,North East,Gombe,Akko,gombe,akko,565000.0,0.1426731648190702,146467.0,20896.91043155476,25145.33333333333,36,120.33038766995608,49.8204,32.827,31.3968,-0.450313589,20.42903688,3,44.2631,1,Remote Rural / Hard-to-Reach,39.14
NG-GOM-282,North East,Gombe,Balanga,gombe,balanga,354100.0,0.0894169339158102,146467.0,13096.630059846972,12675.333333333334,36,96.78316693234471,54.7767,36.212,29.9476,-0.367931507,15.26616133,6,12.892,2,Conflict-Affected / Nomadic,33.41
NG-GOM-283,North East,Gombe,Billiri,gombe,billiri,339400.0,0.0857049064417565,146467.0,12552.940531804752,8728.666666666668,36,69.53483643574415,58.2227,48.192,32.3246,-0.319103448,11.70835033,9,38.8988,2,Conflict-Affected / Nomadic,26.090000000000003
NG-GOM-284,North East,Gombe,Dukku,gombe,dukku,347700.0,0.08780081311078,146467.0,12859.921693896618,14753.0,36,114.72076075705692,31.1182,11.4628,24.1193,-0.616988889,19.09297675,3,30.0698,1,Remote Rural / Hard-to-Reach,73.03999999999999
NG-GOM-285,North East,Gombe,Funakaye,gombe,funakaye,398000.0,0.100502512562814,146467.0,14720.30150753769,15412.333333333332,36,104.701206870262,26.8077,12.8729,18.1197,-0.476280899,16.21818611,1,6.4751,1,Remote Rural / Hard-to-Reach,70.73
NG-GOM-286,North East,Gombe,Gombe,gombe,gombe,446800.0,0.1128254337011691,146467.0,16525.202797909144,24541.666666666668,36,148.51053246845365,53.9379,45.9821,67.5914,0.901,1.891734682,9,23.0033,2,Conflict-Affected / Nomadic,39.41
NG-GOM-287,North East,Gombe,Kaltungo,gombe,kaltungo,268600.0,0.0678265700361102,146467.0,9934.354233478953,8024.333333333334,36,80.77357767544855,56.5022,42.7874,29.3889,-0.375455224,23.84736381,0,14.7552,2,Conflict-Affected / Nomadic,32.14
NG-GOM-288,North East,Gombe,Kwami,gombe,kwami,324800.0,0.0820181308552814,146467.0,12012.949571980504,14836.333333333332,36,123.50283537307276,37.7886,18.2215,28.7911,-0.473593137,16.13093684,1,47.4673,1,Remote Rural / Hard-to-Reach,60.33
NG-GOM-289,North East,Gombe,Nafada,gombe,nafada,234700.0,0.0592661801469659,146467.0,8680.539607585666,6902.0,36,79.51118607843857,26.9245,10.7495,23.5831,-0.556659722,13.05686257,0,15.623,1,Remote Rural / Hard-to-Reach,67.97999999999999
NG-GOM-290,North East,Gombe,Shongom,gombe,shomgom,252800.0,0.0638367717986919,146467.0,9349.980455039013,5356.666666666667,36,57.2906723433821,57.5646,46.9477,39.0934,-0.367647059,22.19241785,3,22.5402,2,Conflict-Affected / Nomadic,21.33
NG-GOM-291,North East,Gombe,Yamaltu/Deba,gombe,yamaltu deba,428200.0,0.1081285826115502,146467.0,15837.269109365923,20723.33333333333,36,130.8516840259907,37.8753,23.9679,23.1134,-0.39705614,11.72413935,3,16.1587,1,Remote Rural / Hard-to-Reach,
NG-IMO-292,South East,Imo,Aboh-Mbaise,imo,aboh mbaise,270700.0,0.049586928248246,161613.0,8013.892234983789,6631.666666666667,36,82.75213182574176,88.0079,92.0234,97.979,0.65459375,1.634416319,11,21.3244,5,Urban Slums (better-off urban core),8.530000000000001
NG-IMO-293,South East,Imo,Ahiazu-Mbaise,imo,ahiazu mbaise,237400.0,0.0434870216702386,161613.0,7028.068033192285,6124.799999999999,35,87.14770504601954,84.6143,92.6529,98.6943,0.690823529,1.108199672,10,22.2651,5,Urban Slums (better-off urban core),
NG-IMO-294,South East,Imo,Ehime-Mbano,imo,ehime mbano,181500.0,0.0332472385558059,161613.0,5373.185964719459,7775.0,36,144.69999830735327,83.8458,89.0285,90.9898,0.44569697,1.510355939,15,15.5508,5,Urban Slums (better-off urban core),11.019999999999996
NG-IMO-295,South East,Imo,Ezinihitte-Mbaise,imo,ezinihitte,234600.0,0.0429741166126284,161613.0,6945.175908116722,6682.666666666667,36,96.22026504550786,85.0852,90.0635,97.5581,0.517611111,1.141134921,4,29.1837,5,Urban Slums (better-off urban core),
NG-IMO-296,South East,Imo,Ideato North,imo,ideato north,217100.0,0.0397684600025645,161613.0,6427.10012639446,6377.333333333334,36,99.22567266601703,82.9358,91.5667,89.5895,0.51546875,1.504413343,18,13.8202,5,Urban Slums (better-off urban core),11.650000000000006
NG-IMO-297,South East,Imo,Ideato South,imo,ideato south,221900.0,0.0406477258156106,161613.0,6569.200912238281,7067.64705882353,34,107.58762219704158,82.608,91.2428,93.031,0.309384615,1.819340561,3,25.4259,5,Urban Slums (better-off urban core),11.650000000000006
NG-IMO-298,South East,Imo,Ihitte/Uboma,imo,ihitte uboma,166000.0,0.0304079427011778,161613.0,4914.318843765455,7979.333333333334,36,162.36906043360017,83.983,87.006,93.2787,0.627352941,1.650206474,6,25.0055,5,Urban Slums (better-off urban core),10.019999999999996
NG-IMO-299,South East,Imo,Ikeduru,imo,ikeduru,208100.0,0.038119836603103,161613.0,6160.661152937298,10150.666666666668,36,164.76586545953762,86.5153,93.2153,98.4991,0.651580645,1.118532488,10,28.5389,5,Urban Slums (better-off urban core),8.689999999999998
NG-IMO-300,South East,Imo,Isiala Mbano,imo,isiala mbano,275100.0,0.0503929219102049,161613.0,8144.151288673957,12834.333333333334,36,157.58957414239097,84.5337,91.5472,96.5321,0.680666667,0.934090455,16,23.3054,5,Urban Slums (better-off urban core),10.680000000000007
NG-IMO-301,South East,Imo,Isu,imo,isu,228400.0,0.0418383982707772,161613.0,6761.629059735121,7708.941176470587,34,114.01011662080997,84.0639,93.3286,98.7056,0.8376,1.449963784,4,11.5137,5,Urban Slums (better-off urban core),10.469999999999999
NG-IMO-302,South East,Imo,Mbaitoli,imo,mbatoli,330100.0,0.0604678426846916,161613.0,9772.389459801068,10672.114285714286,35,109.20680484147974,87.3124,93.4335,99.0259,0.8415,1.089809505,23,13.9063,5,Urban Slums (better-off urban core),9.64
NG-IMO-303,South East,Imo,Ngor-Okpala,imo,ngor okpala,219400.0,0.0401897748713157,161613.0,6495.190086277959,13243.333333333332,36,203.89446894420868,84.9348,83.247,91.8114,0.082027778,4.462313898,13,13.4364,5,Urban Slums (better-off urban core),11.939999999999998
NG-IMO-304,South East,Imo,Njaba,imo,njaba,199400.0,0.036526167316957,161613.0,5903.1034785953725,5707.0,36,96.67795966466718,84.2514,93.5801,98.8185,0.509375,1.309391722,13,26.1571,5,Urban Slums (better-off urban core),10.629999999999995
NG-IMO-305,South East,Imo,Nkwerre,imo,nkwerre,111600.0,0.0204429301533219,161613.0,3303.843270868824,5136.0,36,155.4553160946211,82.831,92.1795,97.2541,0.612,1.464052047,3,22.6966,5,Urban Slums (better-off urban core),10.739999999999995
NG-IMO-306,South East,Imo,Nwangele,imo,nwangele,177500.0,0.0325145170449341,161613.0,5254.768643182943,5136.685714285714,35,97.75284247670126,83.9688,91.7494,97.6299,0.727461538,0.91948878,3,16.2798,5,Urban Slums (better-off urban core),11.010000000000005
NG-IMO-307,South East,Imo,Obowo,imo,obowo,163200.0,0.0298950376435676,161613.0,4831.426718689894,7058.0,36,146.0852127322314,84.1127,88.8071,97.7603,0.766785714,0.99155143,8,6.3955,5,Urban Slums (better-off urban core),8.810000000000002
NG-IMO-308,South East,Imo,Oguta,imo,oguta,197900.0,0.0362513967503801,161613.0,5858.696983019178,8677.0,36,148.1046045758874,82.2128,82.9595,96.3965,0.088686567,17.1742514,36,6.6243,5,Urban Slums (better-off urban core),16.060000000000002
NG-IMO-309,South East,Imo,Ohaji/Egbema,imo,ohaji egbema,254200.0,0.0465644520159,161613.0,7525.420783645656,8000.333333333334,36,106.31077734177688,79.9674,76.4904,94.8218,-0.069210526,10.47885084,0,26.3094,4,Peri-urban / Migrant Dense (transitional),17.730000000000004
NG-IMO-310,South East,Imo,Okigwe,imo,okigwe,184500.0,0.0337967796889597,161613.0,5461.998955871847,7211.333333333334,36,132.0273656511942,85.0352,89.8007,82.7782,0.097854545,2.883394557,45,14.7219,5,Urban Slums (better-off urban core),12.760000000000005
NG-IMO-311,South East,Imo,Onuimo,imo,onuimo,138100.0,0.0252972101628473,161613.0,4088.3580260482495,5794.0,36,141.7194864805028,,,,,,0,61.4141,4,Peri-urban / Migrant Dense (transitional),13.25
NG-IMO-312,South East,Imo,Orlu,imo,orlu,198500.0,0.0363613049770108,161613.0,5876.459581249657,7505.666666666666,36,127.72429662607414,83.0189,92.9381,97.9297,0.746541667,1.300827511,42,6.1953,5,Urban Slums (better-off urban core),10.519999999999996
NG-IMO-313,South East,Imo,Orsu,imo,orsu,167100.0,0.0306094411166675,161613.0,4946.883607187998,2845.6666666666665,36,57.52443139215589,82.5326,93.168,97.0818,0.608,1.055593271,26,12.02,5,Urban Slums (better-off urban core),11.670000000000002
NG-IMO-314,South East,Imo,Oru East,imo,oru east,155300.0,0.0284479126595959,161613.0,4597.5525086552725,4845.942857142857,35,105.40266474433884,84.6988,93.2059,98.7815,0.603294118,1.569899174,18,13.8893,5,Urban Slums (better-off urban core),11.989999999999995
NG-IMO-315,South East,Imo,Oru West,imo,oru west,160800.0,0.0294554047370445,161613.0,4760.376325767984,6766.628571428571,35,142.14482445013255,84.8081,91.6968,98.9128,0.616444444,0.959730573,6,1.9813,5,Urban Slums (better-off urban core),13.209999999999994
NG-IMO-316,South East,Imo,Owerri Municipal,imo,owerri municipal,174200.0,0.0319100217984649,161613.0,5157.074352915316,8390.0,36,162.68914166919268,87.3484,91.4683,99.5099,1.194625,0.982005768,59,6.1371,5,Urban Slums (better-off urban core),7.400000000000006
NG-IMO-317,South East,Imo,Owerri North,imo,owerri north,245100.0,0.0448975105786668,161613.0,7256.021377150079,9061.0,36,124.87559681858126,87.528,90.5497,98.0814,0.652310345,1.913787151,21,7.617,5,Urban Slums (better-off urban core),8.239999999999995
NG-IMO-318,South East,Imo,Owerri West,imo,owerri west,141400.0,0.0259017054093165,161613.0,4186.052316315876,5751.666666666666,36,137.40073539569806,84.2308,83.9995,96.8799,0.299738095,3.764108477,29,32.845,5,Urban Slums (better-off urban core),9.310000000000002
NG-JIG-319,North West,Jigawa,Auyo,jigawa,auyo,227400.0,0.0303240432057607,305276.0,9257.202613681824,8961.333333333334,36,96.80390186219748,44.2756,12.422,98.754,-0.381676471,10.33648612,1,57.6568,1,Remote Rural / Hard-to-Reach,49.24
NG-JIG-320,North West,Jigawa,Babura,jigawa,babura,366200.0,0.0488331777570342,305276.0,14907.597172956395,14733.333333333334,36,98.83104005560875,41.3559,10.9186,79.8269,-0.585348837,12.713433,3,48.6516,1,Remote Rural / Hard-to-Reach,37.54
NG-JIG-321,North West,Jigawa,Birnin Kudu,jigawa,birnin kudu,540100.0,0.0720229363915188,305276.0,21986.873929857316,22641.333333333336,36,102.9765914225182,37.5824,8.6006,68.3996,-0.428708,18.00793844,5,42.7468,1,Remote Rural / Hard-to-Reach,56.51
NG-JIG-322,North West,Jigawa,Birniwa,jigawa,biriniwa,244200.0,0.0325643419122549,305276.0,9941.112041605547,11119.666666666668,36,111.8553600455224,30.2681,6.8269,97.8171,-0.743653543,25.37666199,0,40.4965,1,Remote Rural / Hard-to-Reach,51.27
NG-JIG-323,North West,Jigawa,Buji,jigawa,buji,167300.0,0.0223096412855047,305276.0,6810.598053073742,8597.333333333334,36,126.23463117828848,32.2642,8.7945,62.5497,-0.585027778,13.45597292,0,58.5279,1,Remote Rural / Hard-to-Reach,57.94
NG-JIG-324,North West,Jigawa,Dutse,jigawa,dutse,431800.0,0.0575810108014401,305276.0,17578.100653420457,18832.33333333333,36,107.13520023944578,44.2862,12.3189,81.8202,-0.368039548,13.82389049,11,65.9424,1,Remote Rural / Hard-to-Reach,53.04
NG-JIG-325,North West,Jigawa,Gagarawa,jigawa,gagarawa,141300.0,0.0188425123349779,305276.0,5752.166795572743,6059.666666666667,36,105.34580936231887,49.425,14.4445,99.351,-0.759771739,9.939998581,0,57.9317,1,Remote Rural / Hard-to-Reach,33.510000000000005
NG-JIG-326,North West,Jigawa,Garki,jigawa,garki,258400.0,0.0344579277236964,305276.0,10519.17834377917,11595.666666666666,36,110.23357802013224,47.1469,13.4442,88.2269,-0.677867841,21.20233768,1,56.4335,1,Remote Rural / Hard-to-Reach,34.3
NG-JIG-327,North West,Jigawa,Gumel,jigawa,gumel,182900.0,0.0243899186558207,305276.0,7445.656807574343,7524.666666666666,36,101.06115365150792,50.0112,16.2952,99.6748,-0.527860465,7.493090893,0,56.2297,1,Remote Rural / Hard-to-Reach,32.510000000000005
NG-JIG-328,North West,Jigawa,Guri,jigawa,guri,194900.0,0.0259901320176023,305276.0,7934.163541805574,7510.333333333333,36,94.65816142761548,41.9234,10.6057,83.8235,-0.406962733,26.10444562,5,52.2184,1,Remote Rural / Hard-to-Reach,48.07
NG-JIG-329,North West,Jigawa,Gwaram,jigawa,gwaram,466600.0,0.0622216295506067,305276.0,18994.770182691027,19070.33333333333,36,100.39781029154626,35.0869,12.5574,55.0493,-0.468583333,18.81529406,0,68.8577,1,Remote Rural / Hard-to-Reach,55.26
NG-JIG-330,North West,Jigawa,Gwiwa,jigawa,gwiwa,221400.0,0.0295239365248699,305276.0,9012.949246566208,8448.0,36,93.73180486086234,34.3839,11.6004,70.2054,-0.548173333,10.06783327,0,41.7928,1,Remote Rural / Hard-to-Reach,42.79
NG-JIG-331,North West,Jigawa,Hadejia,jigawa,hadejia,179300.0,0.0239098546472863,305276.0,7299.104787304974,7804.666666666667,36,106.9263545885928,55.5198,22.5036,99.7201,0.156,3.683476962,1,72.0787,1,Remote Rural / Hard-to-Reach,36.27
NG-JIG-332,North West,Jigawa,Jahun,jigawa,jahun,395300.0,0.0527136951593545,305276.0,16092.226003467127,15284.0,36,94.97753758061197,46.2862,15.9295,94.944,-0.619215686,13.56514811,1,49.761,1,Remote Rural / Hard-to-Reach,41.17
NG-JIG-333,North West,Jigawa,Kafin Hausa,jigawa,kafin hausa,459600.0,0.0612881717562341,305276.0,18709.80792105614,19415.666666666664,36,103.77266698080928,33.0193,10.4259,94.5493,-0.5361,14.74926347,1,65.6085,1,Remote Rural / Hard-to-Reach,56.08
NG-JIG-334,North West,Jigawa,Kaugama,jigawa,kaugama,221800.0,0.0295772769702627,305276.0,9029.232804373916,9123.666666666666,36,101.04586806364108,40.3038,10.9152,98.8028,-0.607076923,12.90432311,1,68.1927,1,Remote Rural / Hard-to-Reach,39.78
NG-JIG-335,North West,Jigawa,Kazaure,jigawa,kazaure,277100.0,0.0369515935458061,305276.0,11280.434671289506,11472.0,36,101.69820875075015,38.0148,11.6182,65.7256,-0.469030769,9.78918457,1,51.7067,1,Remote Rural / Hard-to-Reach,32.870000000000005
NG-JIG-336,North West,Jigawa,Kiri Kasamma,jigawa,kiri kasama,331200.0,0.0441658887851713,305276.0,13482.785864781972,12119.333333333334,36,89.8874569015438,47.9914,13.0103,97.2838,-0.403550388,17.98210059,3,60.3757,1,Remote Rural / Hard-to-Reach,47.2
NG-JIG-337,North West,Jigawa,Kiyawa,jigawa,kiyawa,297400.0,0.0396586211494865,305276.0,12106.82523003067,16177.0,36,133.6188446817037,38.7866,12.8507,80.9973,-0.473931034,13.50846745,5,56.4716,1,Remote Rural / Hard-to-Reach,54.65
NG-JIG-338,North West,Jigawa,Maigatari,jigawa,maigatari,304500.0,0.0406054140552073,305276.0,12395.85838111748,12622.666666666668,36,101.82971020300364,40.2552,10.6364,99.4288,-0.636147059,11.32716277,2,55.0968,1,Remote Rural / Hard-to-Reach,40.12
NG-JIG-339,North West,Jigawa,Malam Madori,jigawa,malam madori,283400.0,0.0377917055607414,305276.0,11536.900706760902,10683.0,36,92.59852599528315,42.3114,11.6351,98.9898,-0.57235,13.74958769,4,69.1973,1,Remote Rural / Hard-to-Reach,44.86
NG-JIG-340,North West,Jigawa,Miga,jigawa,miga,219900.0,0.0293239098546472,305276.0,8951.885904787305,9510.0,36,106.23459795118954,46.3626,14.0357,98.4139,-0.482234043,14.8675765,1,53.5407,1,Remote Rural / Hard-to-Reach,38.52
NG-JIG-341,North West,Jigawa,Ringim,jigawa,ringim,330900.0,0.0441258834511268,305276.0,13470.573196426189,14722.0,36,109.29007834578132,49.6724,14.2571,87.5889,-0.487987879,14.58567384,1,71.4753,1,Remote Rural / Hard-to-Reach,37.89
NG-JIG-342,North West,Jigawa,Roni,jigawa,roni,133100.0,0.0177490332044272,305276.0,5418.353860514735,6657.333333333334,36,122.86634473705078,30.7274,9.1077,64.2312,-0.432080645,9.342641901,1,57.1431,1,Remote Rural / Hard-to-Reach,41.53
NG-JIG-343,North West,Jigawa,Sule-Tankarkar,jigawa,sule tankarkar,231800.0,0.0309107881050806,305276.0,9436.321749566609,10705.666666666668,36,113.45169177978016,47.0408,13.2764,98.2129,-0.556472727,12.50524859,2,67.5053,1,Remote Rural / Hard-to-Reach,
NG-JIG-344,North West,Jigawa,Taura,jigawa,taura,226700.0,0.0302306974263235,305276.0,9228.706387518336,9543.333333333334,36,103.40922045413132,50.6234,15.231,95.8984,-0.550553191,13.35745892,5,64.4087,1,Remote Rural / Hard-to-Reach,32.34
NG-JIG-345,North West,Jigawa,Yankwashi,jigawa,yankwashi,164500.0,0.0219362581677557,305276.0,6696.6131484197895,6200.666666666666,36,92.5940700058185,38.7805,11.4631,57.0901,-0.552886792,8.979786292,1,44.6961,1,Remote Rural / Hard-to-Reach,36.1
NG-KAD-346,North West,Kaduna,Birnin Gwari,kaduna,birnin gwari,382000.0,0.0422935972808095,319114.0,13496.479002668262,21993.333333333336,36,162.9560815749444,41.2762,10.6825,34.919,-0.408469534,36.85431395,225,41.5964,2,Conflict-Affected / Nomadic,66.02000000000001
NG-KAD-347,North West,Kaduna,Chikun,kaduna,chikun,550000.0,0.0608939227865059,319114.0,19432.103276093047,20313.666666666668,36,104.53663393019424,59.3886,19.9403,68.7452,-0.325962076,27.6599281,228,37.385,2,Conflict-Affected / Nomadic,33.19
NG-KAD-348,North West,Kaduna,Giwa,kaduna,giwa,432000.0,0.0478294084432191,319114.0,15263.033845949449,30598.666666666664,36,200.4756523211605,49.1021,11.4673,30.2661,-0.394914454,14.80967423,128,39.5567,2,Conflict-Affected / Nomadic,58.01
NG-KAD-349,North West,Kaduna,Igabi,kaduna,igabi,636400.0,0.0704598044751497,319114.0,22484.710045282933,36321.66666666667,36,161.53940430415554,57.3679,15.4103,55.3873,-0.281331337,15.72983111,146,57.5164,2,Conflict-Affected / Nomadic,37.98
NG-KAD-350,North West,Kaduna,Ikara,kaduna,ikara,287700.0,0.031853057428505,319114.0,10164.756568239944,32493.0,36,319.66333656750083,47.6944,7.7001,28.2997,-0.245965517,5.295780771,7,16.0774,1,Remote Rural / Hard-to-Reach,46.17
NG-KAD-351,North West,Kaduna,Jaba,kaduna,jaba,230400.0,0.0255090178363835,319114.0,8140.284717839705,8582.333333333334,36,105.43038273003972,66.838,40.9236,73.258,-0.268738095,9.534594479,1,31.01,2,Conflict-Affected / Nomadic,15.86
NG-KAD-352,North West,Kaduna,Jema'A,kaduna,jemaa,411000.0,0.0455043677550071,319114.0,14521.08081177135,14089.666666666668,36,97.02904934765628,71.187,49.8819,76.7336,-0.272382653,12.66149984,31,44.1328,4,Peri-urban / Migrant Dense (transitional),22.159999999999997
NG-KAD-353,North West,Kaduna,Kachia,kaduna,kachia,373100.0,0.0413082228939006,319114.0,13182.032240564213,16289.0,36,123.56971749678262,58.4629,25.0869,65.2544,-0.39055914,23.50841093,142,12.5766,2,Conflict-Affected / Nomadic,35.08
NG-KAD-354,North West,Kaduna,Kaduna North,kaduna,kaduna north,538600.0,0.0596317578414765,319114.0,19029.328771824938,15808.0,36,83.07176879200028,81.246,46.8591,96.2229,1.288333333,0.776770879,35,7.326,2,Conflict-Affected / Nomadic,21.86
NG-KAD-355,North West,Kaduna,Kaduna South,kaduna,kaduna south,595000.0,0.0658761528326745,319114.0,21022.00263504612,21417.0,36,101.87897115137535,84.4653,54.8562,98.5342,1.248666667,0.356399292,5,28.2521,2,Conflict-Affected / Nomadic,20.42
NG-KAD-356,North West,Kaduna,Kagarko,kaduna,kagarko,353200.0,0.0391049700512616,319114.0,12478.943412938295,14116.333333333332,36,113.12122241613318,61.3887,33.5493,69.0089,-0.269744409,12.06474184,75,45.8673,4,Peri-urban / Migrant Dense (transitional),24.680000000000007
NG-KAD-357,North West,Kaduna,Kajuru,kaduna,kajuru,162200.0,0.0179581714108568,319114.0,5730.703911604168,8514.0,36,148.5681363289404,58.9431,18.3278,63.5554,-0.451918819,28.85595929,113,33.441,2,Conflict-Affected / Nomadic,33.260000000000005
NG-KAD-358,North West,Kaduna,Kaura,kaduna,kaura,258000.0,0.0285647855980336,319114.0,9115.42299133092,11968.333333333332,36,131.29761882378503,71.3737,50.244,74.1005,-0.182855263,16.98340796,24,44.7498,4,Peri-urban / Migrant Dense (transitional),15.069999999999993
NG-KAD-359,North West,Kaduna,Kauru,kaduna,kauru,326900.0,0.0361931333798341,319114.0,11549.735565372392,15297.666666666668,36,132.45036286831586,55.519,20.0351,60.7412,-0.46163113,32.5678902,33,50.1238,2,Conflict-Affected / Nomadic,36.67
NG-KAD-360,North West,Kaduna,Kubau,kaduna,kubau,414700.0,0.0459140177810254,319114.0,14651.805870174156,24731.666666666664,36,168.796030235505,52.1206,8.9044,38.1418,-0.438137405,17.93418155,1,33.9769,1,Remote Rural / Hard-to-Reach,49.05
NG-KAD-361,North West,Kaduna,Kudan,kaduna,kudan,205300.0,0.0227300406328539,319114.0,7253.47418651255,10971.666666666666,36,151.26084941568962,56.153,11.2952,31.2128,-0.063440678,3.594651794,2,46.9436,1,Remote Rural / Hard-to-Reach,46.57
NG-KAD-362,North West,Kaduna,Lere,kaduna,lere,501900.0,0.0555684724482678,319114.0,17732.677516856547,57712.66666666666,36,325.459404603763,56.535,21.3595,53.5103,-0.421483254,21.62829341,14,44.6568,2,Conflict-Affected / Nomadic,32.599999999999994
NG-KAD-363,North West,Kaduna,Makarfi,kaduna,makarfi,216600.0,0.0239811339555585,319114.0,7652.715581094098,16073.333333333332,36,210.03437489617707,52.8251,9.4288,30.286,-0.165159574,4.841736667,6,9.2781,1,Remote Rural / Hard-to-Reach,44.66
NG-KAD-364,North West,Kaduna,Sabon Gari,kaduna,sabon gari,430500.0,0.0476633341083468,319114.0,15210.037200651012,26489.666666666664,36,174.15911820079486,61.6617,17.8541,55.3072,0.283285714,3.056958498,20,39.1669,2,Conflict-Affected / Nomadic,39.28
NG-KAD-365,North West,Kaduna,Sanga,kaduna,sanga,223800.0,0.0247782907629454,319114.0,7907.099478526588,10720.333333333332,36,135.5785817852258,66.5427,46.134,64.0137,-0.343562249,13.34863239,8,36.1727,4,Peri-urban / Migrant Dense (transitional),24.019999999999996
NG-KAD-366,North West,Kaduna,Soba,kaduna,soba,430200.0,0.0476301192413724,319114.0,15199.437871591324,28730.33333333333,36,189.02234132639916,54.0105,8.7317,33.2984,-0.438164265,15.36186522,3,38.7887,1,Remote Rural / Hard-to-Reach,60.95
NG-KAD-367,North West,Kaduna,Zangon Kataf,kaduna,zangon kataf,471300.0,0.0521805560168731,319114.0,16651.545952768458,19162.33333333333,36,115.07840405741688,62.818,31.6639,70.2997,-0.343463557,18.53936685,95,12.2632,2,Conflict-Affected / Nomadic,18.03
NG-KAD-368,North West,Kaduna,Zaria,kaduna,zaria,601300.0,0.0665736650391381,319114.0,21244.588545299543,37549.0,36,176.74618606961857,59.1358,14.4993,54.736,-0.04465,7.478237075,38,47.4911,2,Conflict-Affected / Nomadic,42.94
NG-KAN-369,North West,Kano,Ajingi,kano,ajingi,283900.0,0.0183609059512876,535705.0,9836.029122634554,10218.666666666666,36,103.89016278074646,45.7781,10.8294,80.8808,-0.393358491,5.320790792,0,37.282,1,Remote Rural / Hard-to-Reach,46.99
NG-KAN-370,North West,Kano,Albasu,kano,albasu,308600.0,0.0199583500407445,535705.0,10691.787908577046,12598.333333333332,36,117.83186723360684,44.9727,7.5397,71.8225,-0.224813953,5.570105297,0,50.4444,1,Remote Rural / Hard-to-Reach,50.08
NG-KAN-371,North West,Kano,Bagwai,kano,bagwai,265700.0,0.017183841885372,535705.0,9205.470017203244,9896.666666666666,36,107.50854272700587,35.3879,6.4293,46.3971,-0.347260274,5.203785966,0,51.6721,1,Remote Rural / Hard-to-Reach,41.71
NG-KAN-372,North West,Kano,Bebeji,kano,bebeji,315600.0,0.0204110669891736,535705.0,10934.310641435242,12521.333333333332,36,114.51415406001102,44.786,8.0433,29.56,-0.266042017,14.41220224,3,44.6663,1,Remote Rural / Hard-to-Reach,52.97
NG-KAN-373,North West,Kano,Bichi,kano,bichi,457700.0,0.0296012210422837,535705.0,15857.522118456624,17141.666666666664,36,108.09801517927836,28.6171,6.9523,54.7556,-0.250938931,4.613416939,0,38.2225,1,Remote Rural / Hard-to-Reach,46.94
NG-KAN-374,North West,Kano,Bunkure,kano,bunkure,286900.0,0.0185549275006144,535705.0,9939.96743671664,12001.666666666668,36,120.7415088940276,51.2081,8.4556,43.0501,-0.2452375,7.925656522,0,4.1645,1,Remote Rural / Hard-to-Reach,50.09
NG-KAN-375,North West,Kano,Dala,kano,dala,688700.0,0.0445408803404431,535705.0,23860.77230277709,24185.33333333333,36,101.3602285225213,73.9463,53.0103,95.655,1.5115,0.155353798,0,54.2313,2,Conflict-Affected / Nomadic,19.900000000000006
NG-KAN-376,North West,Kano,Danbatta,kano,dambatta,346200.0,0.0223900867923063,535705.0,11994.4814450725,14377.0,36,119.8634560888522,39.7335,11.6709,80.2561,-0.459214815,4.943712461,3,28.7418,1,Remote Rural / Hard-to-Reach,36.6
NG-KAN-377,North West,Kano,Dawakin Kudu,kano,dawakin kudu,370900.0,0.0239875308817632,535705.0,12850.24023101499,13966.666666666668,36,108.68798104612162,52.1456,12.0012,57.5058,-0.011484848,4.562704696,0,32.4425,1,Remote Rural / Hard-to-Reach,47.08
NG-KAN-378,North West,Kano,Dawakin Tofa,kano,dawakin tofa,404900.0,0.026186441774133,535705.0,14028.207790611945,14633.0,36,104.31125784858132,40.4679,9.6666,63.3335,-0.039955882,4.345556551,0,51.5725,1,Remote Rural / Hard-to-Reach,40.73
NG-KAN-379,North West,Kano,Doguwa,kano,doguwa,247800.0,0.0160261799743891,535705.0,8585.304743180142,11477.0,36,133.68191745455414,51.6834,11.2941,47.9083,-0.342941935,17.15350209,0,0.4566,1,Remote Rural / Hard-to-Reach,46.85
NG-KAN-380,North West,Kano,Fagge,kano,fagge,329100.0,0.0212841639611439,535705.0,11402.03305480462,12805.666666666668,36,112.31038013234472,72.2872,48.9069,95.7311,0.7715,0.658247375,6,38.3645,2,Conflict-Affected / Nomadic,18.599999999999994
NG-KAN-381,North West,Kano,Gabasawa,kano,gabasawa,347400.0,0.022467695412037,535705.0,12036.056770705334,13087.0,36,108.73162406356012,42.6332,11.7307,77.4057,-0.386990196,7.568340972,0,37.2145,1,Remote Rural / Hard-to-Reach,42.31
NG-KAN-382,North West,Kano,Garko,kano,garko,266400.0,0.0172291135802149,535705.0,9229.722290489064,9239.333333333334,36,100.10413144124794,46.4404,6.7937,50.6767,-0.298794521,7.283456728,0,42.9466,1,Remote Rural / Hard-to-Reach,46.45
NG-KAN-383,North West,Kano,Garum Mallam,kano,garun malam,195100.0,0.0126178680912159,535705.0,6759.455025804866,6947.0,36,102.77455761565338,,,,,,2,47.5522,1,Remote Rural / Hard-to-Reach,50.22
NG-KAN-384,North West,Kano,Gaya,kano,gaya,341100.0,0.0220602501584509,535705.0,11817.786311132955,12816.666666666668,36,108.45234741292212,43.208,8.4793,78.019,-0.36978,6.840005287,0,16.758,1,Remote Rural / Hard-to-Reach,49.19
NG-KAN-385,North West,Kano,Gezawa,kano,gezawa,464300.0,0.0300280684508026,535705.0,16086.186409437209,17710.666666666668,36,110.09860395672422,48.271,15.1263,77.357,-0.04578125,3.974890688,1,7.3895,1,Remote Rural / Hard-to-Reach,34.599999999999994
NG-KAN-386,North West,Kano,Gwale,kano,gwale,588500.0,0.0380605605929298,535705.0,20389.232612435488,22360.666666666668,36,109.6689958455268,73.3269,54.2973,94.8212,1.192125,0.518125449,7,62.6513,2,Conflict-Affected / Nomadic,18.560000000000002
NG-KAN-387,North West,Kano,Gwarzo,kano,gwarzo,302000.0,0.0195315026322256,535705.0,10463.12361759646,13472.0,36,128.75696104118785,34.8908,6.8278,41.7285,-0.145052632,4.201668032,0,47.9729,1,Remote Rural / Hard-to-Reach,42.66
NG-KAN-388,North West,Kano,Kabo,kano,kabo,251900.0,0.016291342758469,535705.0,8727.353772425658,8767.666666666668,36,100.46191429031305,37.9203,6.9008,30.1232,-0.111428571,5.225604567,0,7.3895,1,Remote Rural / Hard-to-Reach,43.46
NG-KAN-389,North West,Kano,Kano Municipal,kano,kano municipal,610600.0,0.0394898526729702,535705.0,21154.91152617351,20411.33333333333,36,96.48508011049728,74.0002,56.8105,97.1763,1.301,0.231069271,21,42.5039,2,Conflict-Affected / Nomadic,
NG-KAN-390,North West,Kano,Karaye,kano,karaye,236900.0,0.0153212350118353,535705.0,8207.662202015237,8653.0,36,105.42587873408604,37.2092,6.3735,28.2823,-0.312785714,6.931845635,1,39.7793,1,Remote Rural / Hard-to-Reach,44.23
NG-KAN-391,North West,Kano,Kibiya,kano,kibiya,228000.0,0.0147456377488326,535705.0,7899.311870238388,8331.0,36,105.4648827246339,45.8731,7.426,32.0218,-0.271260274,5.669485315,0,53.8549,1,Remote Rural / Hard-to-Reach,50.11
NG-KAN-392,North West,Kano,Kiru,kano,kiru,439400.0,0.0284176895913906,535705.0,15223.49840255591,18835.666666666668,36,123.72758329651944,41.6685,7.0817,26.655,-0.304080247,13.7989959,1,20.9525,1,Remote Rural / Hard-to-Reach,49.37
NG-KAN-393,North West,Kano,Kumbotso,kano,kumbotso,484200.0,0.0313150780613366,535705.0,16775.643892848366,23645.0,36,140.9483901245669,64.4965,35.2085,79.5288,0.357647059,1.212305096,5,56.8824,2,Conflict-Affected / Nomadic,28.89
NG-KAN-394,North West,Kano,Kunchi,kano,kunchi,181200.0,0.0117189015793354,535705.0,6277.874170557877,7608.666666666666,36,121.1981390507948,24.3106,6.0385,52.3792,-0.393,6.982076774,0,38.8777,1,Remote Rural / Hard-to-Reach,47.27
NG-KAN-395,North West,Kano,Kura,kano,kura,235300.0,0.0152177568521943,535705.0,8152.228434504792,8563.333333333332,36,105.0428530325342,59.6773,14.8629,53.572,0.045558824,4.338422041,0,41.493,1,Remote Rural / Hard-to-Reach,39.26
NG-KAN-396,North West,Kano,Madobi,kano,madobi,226400.0,0.0146421595891917,535705.0,7843.878102727943,8377.333333333332,36,106.80091178902774,53.2643,14.7209,45.2585,-0.087444444,4.404243989,1,55.3295,1,Remote Rural / Hard-to-Reach,41.09
NG-KAN-397,North West,Kano,Makoda,kano,makoda,362000.0,0.0234119336187605,535705.0,12541.889899238142,12108.0,36,96.5404743405976,39.1035,11.0628,74.8068,-0.331652174,4.944216155,0,29.6762,1,Remote Rural / Hard-to-Reach,40.69
NG-KAN-398,North West,Kano,Minjibir,kano,minjibir,361200.0,0.0233601945389401,535705.0,12514.17301548292,11528.0,36,92.1195510541304,41.9923,10.2313,70.7599,-0.157515152,4.434874185,2,0.4621,1,Remote Rural / Hard-to-Reach,40.52
NG-KAN-399,North West,Kano,Nasarawa,kano,nassarawa,980900.0,0.0634385792448681,535705.0,33984.36409437208,34525.666666666664,36,101.59279888477955,72.7752,49.5881,95.7531,1.339,0.459998302,4,42.1022,2,Conflict-Affected / Nomadic,17.950000000000003
NG-KAN-400,North West,Kano,Rano,kano,rano,243900.0,0.0157739519602643,535705.0,8450.184934873434,9369.333333333334,36,110.87725778244956,45.4221,7.1939,22.5909,-0.33027381,11.7656785,3,43.2385,1,Remote Rural / Hard-to-Reach,53.74
NG-KAN-401,North West,Kano,Rimin Gado,kano,rimin gado,170000.0,0.0109945544618488,535705.0,5889.837797984763,6937.0,36,117.77913480696412,42.3511,8.9687,31.3953,-0.161844444,4.335937824,1,53.7266,1,Remote Rural / Hard-to-Reach,42.09
NG-KAN-402,North West,Kano,Rogo,kano,rogo,374300.0,0.0242074219710002,535705.0,12968.036986974686,16015.0,36,123.49594634936447,43.8465,7.1857,34.5149,-0.372035211,10.2127479,3,57.2632,1,Remote Rural / Hard-to-Reach,44.85
NG-KAN-403,North West,Kano,Shanono,kano,shanono,228800.0,0.0147973768286531,535705.0,7927.02875399361,9702.0,36,122.39138145061182,31.0294,5.6348,46.1076,-0.372682927,4.566933424,0,52.1116,1,Remote Rural / Hard-to-Reach,41.53
NG-KAN-404,North West,Kano,Sumaila,kano,sumaila,411800.0,0.0266326913375845,535705.0,14267.265913000738,17907.333333333336,36,125.51341961752928,45.8807,7.7099,40.5524,-0.316407895,11.34774591,4,28.4742,1,Remote Rural / Hard-to-Reach,47.94
NG-KAN-405,North West,Kano,Takai,kano,takai,333300.0,0.0215557941302013,535705.0,11547.54669451954,17296.666666666668,36,149.7865055170174,45.9357,8.2637,68.022,-0.226422018,5.176666903,4,2.5066,1,Remote Rural / Hard-to-Reach,50.72
NG-KAN-406,North West,Kano,Tarauni,kano,tarauni,364900.0,0.0235994877831097,535705.0,12642.363602850824,15412.333333333332,36,121.91022041050844,71.5858,48.3009,94.0113,1.1452,0.441350937,2,37.0469,2,Conflict-Affected / Nomadic,20.700000000000003
NG-KAN-407,North West,Kano,Tofa,kano,tofa,162200.0,0.0104900984335993,535705.0,5619.598181371344,5625.333333333333,36,100.10205626411155,44.4862,10.321,46.472,-0.034914286,4.243277075,1,55.4239,1,Remote Rural / Hard-to-Reach,38.25
NG-KAN-408,North West,Kano,Tsanyawa,kano,tsanyawa,259400.0,0.0167763966317859,535705.0,8987.199557630867,9737.333333333334,36,108.34669098969258,29.045,5.9549,49.8663,-0.330673469,6.66341999,1,60.4022,1,Remote Rural / Hard-to-Reach,40.24
NG-KAN-409,North West,Kano,Tudun Wada,kano,tudun wada,376100.0,0.0243238349005962,535705.0,13030.399975423938,14644.333333333332,36,112.38590803776832,47.7287,7.8037,29.8254,-0.149834356,13.17146367,5,4.821,1,Remote Rural / Hard-to-Reach,49.16
NG-KAN-410,North West,Kano,Ungogo,kano,ungogo,601500.0,0.0389013206400124,535705.0,20839.63197345785,27126.666666666668,36,130.16864549823254,57.3355,27.0494,80.0011,0.171230769,2.019831788,4,16.7775,2,Conflict-Affected / Nomadic,22.909999999999997
NG-KAN-411,North West,Kano,Warawa,kano,warawa,216900.0,0.0140277580163236,535705.0,7514.740108134677,7942.333333333333,36,105.69006005591316,47.3135,10.7748,71.8468,-0.286690476,5.291487381,0,30.5513,1,Remote Rural / Hard-to-Reach,38.26
NG-KAN-412,North West,Kano,Wudil,kano,wudil,310300.0,0.020068295585363,535705.0,10750.686286556896,12218.333333333334,36,113.65165913744174,48.1345,8.506,66.7034,-0.1693,4.030716311,1,63.7648,1,Remote Rural / Hard-to-Reach,47.14
NG-KAT-413,North West,Katsina,Bakori,katsina,bakori,267200.0,0.0257701136122523,435245.0,11216.313099164789,17644.666666666668,36,157.3125367548857,37.2246,7.8579,29.3758,-0.345238462,7.999030881,24,61.9954,2,Conflict-Affected / Nomadic,49.38
NG-KAT-414,North West,Katsina,Batagarawa,katsina,batagarawa,337900.0,0.032588777655614,435245.0,14184.102530717742,13406.666666666666,36,94.51896330862368,28.3292,12.8734,68.7311,-0.310505263,5.40434467,14,54.6717,1,Remote Rural / Hard-to-Reach,58.12
NG-KAT-415,North West,Katsina,Batsari,katsina,batsari,371500.0,0.0358293308643404,435245.0,15594.537112049842,16039.333333333332,36,102.85225664659067,27.4986,8.2803,54.5874,-0.459510309,19.77319353,112,61.9598,2,Conflict-Affected / Nomadic,57.17
NG-KAT-416,North West,Katsina,Baure,katsina,baure,362700.0,0.0349806145477692,435245.0,15225.137578843816,12394.666666666668,36,81.40922604134462,39.963,10.2384,76.7606,-0.539474359,13.88834464,0,62.431,1,Remote Rural / Hard-to-Reach,37.22
NG-KAT-417,North West,Katsina,Bindawa,katsina,bindawa,269900.0,0.0260305152093821,435245.0,11329.651592307544,11504.0,36,101.53886821913248,21.2572,6.7694,73.5953,-0.390776471,8.233533831,2,45.026,1,Remote Rural / Hard-to-Reach,65.22
NG-KAT-418,North West,Katsina,Charanchi,katsina,charanchi,244800.0,0.0236097448064348,435245.0,10276.02337827672,11790.333333333334,36,114.7363420587173,26.4833,8.2648,65.9692,-0.497484211,10.49573354,4,61.9865,1,Remote Rural / Hard-to-Reach,61.67
NG-KAT-419,North West,Katsina,Dan Musa,katsina,dan musa,202300.0,0.0195108307775398,435245.0,8491.991541770345,8092.333333333333,36,95.29370458659578,26.8554,5.7132,24.1018,-0.565398693,43.0539041,68,50.7003,2,Conflict-Affected / Nomadic,64.32
NG-KAT-420,North West,Katsina,Dandume,katsina,dandume,259700.0,0.0250467758424473,435245.0,10901.483951546012,16407.333333333336,36,150.50550371178136,44.6318,10.6176,30.1781,-0.311182796,9.781426933,26,48.5419,2,Conflict-Affected / Nomadic,59.36
NG-KAT-421,North West,Katsina,Danja,katsina,danja,224300.0,0.0216326215689678,435245.0,9415.49037478541,15843.666666666668,36,168.2723473340895,49.8565,10.8489,27.1265,-0.334561798,6.351294084,8,67.5839,1,Remote Rural / Hard-to-Reach,47.44
NG-KAT-422,North West,Katsina,Daura,katsina,daura,401900.0,0.0387612599579499,435245.0,16870.64459039793,16052.0,36,95.14752038067432,36.8114,11.2743,48.27,-0.374108108,9.341321686,5,59.2654,1,Remote Rural / Hard-to-Reach,40.75
NG-KAT-423,North West,Katsina,Dutsi,katsina,dutsi,216100.0,0.020841772273981,435245.0,9071.277173388886,7703.0,36,84.91637784585829,32.0031,9.2498,63.9888,-0.499285714,9.494249029,0,14.3822,1,Remote Rural / Hard-to-Reach,54.04
NG-KAT-424,North West,Katsina,Dutsin-Ma,katsina,dutsin ma,303500.0,0.0292710684181085,435245.0,12740.086173639644,14437.333333333332,36,113.32210109540266,27.7788,6.7306,40.0056,-0.487876106,12.63709841,103,61.4693,2,Conflict-Affected / Nomadic,55.66
NG-KAT-425,North West,Katsina,Faskari,katsina,faskari,347400.0,0.033505005497367,435245.0,14582.88611770152,14670.666666666668,36,100.60194222362192,33.7919,6.7204,22.7186,-0.433194805,21.22676318,100,59.0062,2,Conflict-Affected / Nomadic,64.19
NG-KAT-426,North West,Katsina,Funtua,katsina,funtua,402400.0,0.0388094824759369,435245.0,16891.633200239183,22825.666666666668,36,135.130016121493,48.5828,13.9972,36.9206,-0.242705882,11.04303954,31,62.6323,2,Conflict-Affected / Nomadic,49.94
NG-KAT-427,North West,Katsina,Ingawa,katsina,ingawa,302300.0,0.0291553343749397,435245.0,12689.71351002064,10361.333333333334,36,81.65143622156117,19.9521,5.8107,57.4364,-0.531097561,14.91798135,1,56.753,1,Remote Rural / Hard-to-Reach,58.31
NG-KAT-428,North West,Katsina,Jibia,katsina,jibia,299200.0,0.0288563547634203,435245.0,12559.58412900488,12737.333333333332,36,101.41524753130926,27.9225,8.8924,54.0958,-0.497215909,17.15836756,116,57.3031,2,Conflict-Affected / Nomadic,51.14
NG-KAT-429,North West,Katsina,Kafur,katsina,kafur,374200.0,0.0360897324614702,435245.0,15707.8756051926,16823.0,36,107.09914200261916,40.5936,7.5349,33.9717,-0.38726506,7.560842758,16,71.218,2,Conflict-Affected / Nomadic,43.07
NG-KAT-430,North West,Katsina,Kaita,katsina,kaita,326000.0,0.0314410817275234,435245.0,13684.573616495958,13757.0,36,100.52925568259384,33.432,10.6433,79.445,-0.474529412,13.01143297,2,72.1274,1,Remote Rural / Hard-to-Reach,58.91
NG-KAT-431,North West,Katsina,Kankara,katsina,kankara,434700.0,0.0419246571378971,435245.0,18247.497395984028,14823.333333333334,36,81.23488394959686,26.6843,4.7071,26.5565,-0.469939535,18.5345726,105,40.4326,2,Conflict-Affected / Nomadic,60.43
NG-KAT-432,North West,Katsina,Kankia,katsina,kankia,270600.0,0.0260980267345639,435245.0,11359.035646085296,11282.666666666666,36,99.32768078384407,28.4933,7.1099,54.0127,-0.492821138,16.56345665,15,29.9927,1,Remote Rural / Hard-to-Reach,57.04
NG-KAT-433,North West,Katsina,Katsina,katsina,katsina,568600.0,0.0548386474548155,435245.0,23868.247111471173,22510.0,36,94.30939731297488,36.552,22.9681,89.8752,0.34826087,2.205859633,24,45.7288,2,Conflict-Affected / Nomadic,47.66
NG-KAT-434,North West,Katsina,Kurfi,katsina,kurfi,208600.0,0.020118434504176,435245.0,8756.448025770114,9630.0,36,109.9760995743826,24.1157,8.0038,49.8313,-0.485431373,12.99232807,26,53.703,2,Conflict-Affected / Nomadic,60.28
NG-KAT-435,North West,Katsina,Kusada,katsina,kusada,175800.0,0.0169550373242289,435245.0,7379.595220184016,7521.0,36,101.91615902494524,24.5609,5.9362,60.21,-0.395632911,9.251635137,5,55.1059,1,Remote Rural / Hard-to-Reach,54.12
NG-KAT-436,North West,Katsina,Mai'Adua,katsina,maiadua,360700.0,0.0347877244758212,435245.0,15141.183139478811,9786.666666666666,36,64.63607616731821,36.093,10.3984,59.8772,-0.536188119,14.27227618,0,57.6939,1,Remote Rural / Hard-to-Reach,44.54
NG-KAT-437,North West,Katsina,Malumfashi,katsina,malumfashi,326900.0,0.0315278822599,435245.0,13722.353114210213,17415.0,36,126.90972062193808,33.3265,5.9659,35.0458,-0.374477707,9.569702048,39,64.7619,2,Conflict-Affected / Nomadic,41.39
NG-KAT-438,North West,Katsina,Mani,katsina,mani,315100.0,0.0303898308354069,435245.0,13227.021921956675,11983.0,36,90.59484493715388,23.8748,7.7165,63.7842,-0.403243697,9.162407004,1,59.5057,1,Remote Rural / Hard-to-Reach,62.49
NG-KAT-439,North West,Katsina,Mashi,katsina,mashi,305700.0,0.0294832474972513,435245.0,12832.43605694115,13075.0,36,101.89024080838998,30.4221,8.1005,66.0495,-0.550953488,13.1050219,1,41.6666,1,Remote Rural / Hard-to-Reach,59.4
NG-KAT-440,North West,Katsina,Matazu,katsina,matazu,203400.0,0.0196169203171112,435245.0,8538.166483421099,10051.666666666668,36,117.72629037140928,31.4883,6.398,44.2341,-0.489988636,12.33070661,28,62.1641,2,Conflict-Affected / Nomadic,58.72
NG-KAT-441,North West,Katsina,Musawa,katsina,musawa,303800.0,0.0293000019289007,435245.0,12752.679339544393,10358.742857142855,35,81.22797242318913,30.4845,5.7202,44.245,-0.507884298,13.09533064,25,68.6185,2,Conflict-Affected / Nomadic,54.2
NG-KAT-442,North West,Katsina,Rimi,katsina,rimi,275400.0,0.0265609629072391,435245.0,11560.526300561309,11827.333333333332,36,102.30791424053996,27.2194,9.6985,72.3762,-0.323325301,6.379720544,1,49.8714,1,Remote Rural / Hard-to-Reach,64.6
NG-KAT-443,North West,Katsina,Sabuwa,katsina,sabuwa,251400.0,0.0242462820438632,435245.0,10553.07302818124,8353.666666666668,36,79.15861706214662,42.2802,9.6237,25.5748,-0.381035088,19.05348876,37,38.578,2,Conflict-Affected / Nomadic,66.61
NG-KAT-444,North West,Katsina,Safana,katsina,safana,331000.0,0.0319233069073934,435245.0,13894.459714908477,14247.333333333334,36,102.53967139180112,23.5754,5.1237,33.1588,-0.541913462,34.30308331,93,58.3704,2,Conflict-Affected / Nomadic,59.95
NG-KAT-445,North West,Katsina,Sandamu,katsina,sandamu,244700.0,0.0236001003028374,435245.0,10271.82565630847,6950.666666666666,36,67.6672959533527,37.5355,10.9258,51.3754,-0.449072727,9.239879072,5,55.8352,1,Remote Rural / Hard-to-Reach,38.64
NG-KAT-446,North West,Katsina,Zango,katsina,zango,278900.0,0.0268985205331481,435245.0,11707.44656945007,9091.666666666668,36,77.65712713471497,37.55,10.0585,57.5816,-0.519011111,14.64657232,1,26.4992,1,Remote Rural / Hard-to-Reach,32.480000000000004
NG-KEB-447,North West,Kebbi,Aleiro,kebbi,aleiro,114600.0,0.0205974334088213,225729.0,4649.438045939825,4868.333333333334,36,104.707994498059,24.9244,8.7444,27.3985,-0.299,7.553603002,0,34.0692,1,Remote Rural / Hard-to-Reach,75.67
NG-KEB-448,North West,Kebbi,Arewa,kebbi,arewa dandi,324200.0,0.0582695280204177,225729.0,13153.122290520869,10139.0,36,77.08435895336372,20.4432,2.8389,17.5985,-0.572986254,20.66304192,3,26.2086,1,Remote Rural / Hard-to-Reach,64.32
NG-KEB-449,North West,Kebbi,Argungu,kebbi,argungu,342100.0,0.0614867536575721,225729.0,13879.343416370106,13760.333333333332,36,99.14253809084076,27.0468,5.6945,33.737,-0.448932432,21.73880848,0,33.2981,1,Remote Rural / Hard-to-Reach,68.49
NG-KEB-450,North West,Kebbi,Augie,kebbi,augie,198800.0,0.0357309752327545,225729.0,8065.517308314461,7689.333333333334,36,95.33589774095044,21.1996,3.9134,22.3126,-0.446934426,16.30757623,6,41.2776,2,Conflict-Affected / Nomadic,72.53999999999999
NG-KEB-451,North West,Kebbi,Bagudo,kebbi,bagudu,406700.0,0.0730975232754592,225729.0,16500.230831446133,18601.0,36,112.73175624034435,,,,,,1,19.9913,2,Conflict-Affected / Nomadic,67.4
NG-KEB-452,North West,Kebbi,Birnin Kebbi,kebbi,birnin kebbi,458900.0,0.0824796002731945,225729.0,18618.03769006794,19207.0,36,103.16339627052238,34.2766,11.691,44.3501,-0.294633094,13.85192082,8,30.2618,1,Remote Rural / Hard-to-Reach,69.12
NG-KEB-453,North West,Kebbi,Bunza,kebbi,bunza,211100.0,0.0379416945253244,225729.0,8564.540763506957,8367.333333333334,36,97.69739632726235,26.8619,7.5346,35.5102,-0.437208633,14.09831202,3,35.1707,1,Remote Rural / Hard-to-Reach,77.67
NG-KEB-454,North West,Kebbi,Dandi,kebbi,dandi,249800.0,0.0448973722995075,225729.0,10134.638951795534,9681.666666666666,36,95.53045463895272,22.586,6.8612,31.8618,-0.459369427,26.9269777,1,50.6168,1,Remote Rural / Hard-to-Reach,64.32
NG-KEB-455,North West,Kebbi,Danko/Wasagu,kebbi,wasagu danko,453200.0,0.081455120601028,225729.0,18386.782918149467,17277.666666666668,36,93.96786128155134,24.7154,7.3217,25.3781,-0.424255537,26.84343404,47,45.6416,2,Conflict-Affected / Nomadic,74.41
NG-KEB-456,North West,Kebbi,Fakai,kebbi,fakai,204600.0,0.0367734282325029,225729.0,8300.829181494662,9118.0,36,109.8444480742609,18.5316,8.2103,28.5669,-0.454362007,21.68826747,2,39.1078,1,Remote Rural / Hard-to-Reach,71.86
NG-KEB-457,North West,Kebbi,Gwandu,kebbi,gwandu,258100.0,0.0463891584888026,225729.0,10471.378356518926,12412.0,36,118.53262844115405,22.6468,5.3516,21.7116,-0.543576389,17.71065226,1,30.9662,1,Remote Rural / Hard-to-Reach,77.06
NG-KEB-458,North West,Kebbi,Jega,kebbi,jega,337900.0,0.0607318738991336,225729.0,13708.945163377548,13159.333333333332,36,95.9908525164105,20.0276,6.5085,23.9499,-0.409519231,13.59778607,1,25.5931,1,Remote Rural / Hard-to-Reach,77.73
NG-KEB-459,North West,Kebbi,Kalgo,kebbi,kalgo,145100.0,0.0260792983212912,225729.0,5886.8539307667415,5966.666666666667,36,101.35577911119547,29.7714,8.1083,37.3111,-0.445534247,12.32210031,0,27.1169,1,Remote Rural / Hard-to-Reach,76.2
NG-KEB-460,North West,Kebbi,Koko/Besse,kebbi,koko besse,264500.0,0.0475394514540422,225729.0,10731.032837269491,11787.333333333334,36,109.8434187284867,15.0072,5.0925,21.6328,-0.541780142,26.27950847,0,26.285,1,Remote Rural / Hard-to-Reach,78.2
NG-KEB-461,North West,Kebbi,Maiyama,kebbi,maiyama,296900.0,0.0533628095905676,225729.0,12045.533646069234,11611.0,36,96.39257455221974,17.2497,5.5278,18.5428,-0.463516667,17.60143891,1,34.6715,1,Remote Rural / Hard-to-Reach,79.9
NG-KEB-462,North West,Kebbi,Ngaski,kebbi,ngaski,215400.0,0.0387145476113447,225729.0,8738.996117761242,8965.0,36,102.586153823543,29.2555,9.971,31.0541,-0.295269231,20.22114172,6,43.2328,2,Conflict-Affected / Nomadic,65.87
NG-KEB-463,North West,Kebbi,Sakaba,kebbi,sakaba,156700.0,0.0281642043207879,225729.0,6357.477677127144,7322.666666666666,36,115.18194854245526,29.5611,9.1202,34.9889,-0.337743961,16.55556296,15,45.5213,2,Conflict-Affected / Nomadic,71.94
NG-KEB-464,North West,Kebbi,Shanga,kebbi,shanga,217200.0,0.0390380675078183,225729.0,8812.023940472338,11174.666666666666,36,126.81157861297964,23.6714,9.5805,39.1814,-0.432572327,18.82371537,7,29.3884,2,Conflict-Affected / Nomadic,72.97
NG-KEB-465,North West,Kebbi,Suru,kebbi,suru,253700.0,0.0455983320752004,225729.0,10292.865901002911,8707.666666666668,36,84.59904899585075,18.2729,6.3624,32.1174,-0.45555,23.39507764,4,29.1544,1,Remote Rural / Hard-to-Reach,76.22
NG-KEB-466,North West,Kebbi,Yauri,kebbi,yauri,171800.0,0.03087817678565,225729.0,6970.09996764801,7357.666666666667,36,105.56041808320632,31.0858,11.7001,37.9158,-0.126162791,5.901030595,2,36.2035,2,Conflict-Affected / Nomadic,64.8
NG-KEB-467,North West,Kebbi,Zuru,kebbi,zuru,282500.0,0.0507746504187785,225729.0,11461.31106438046,11667.0,36,101.79463705735012,23.0237,8.9433,32.0043,-0.348884615,24.54409911,2,20.4577,2,Conflict-Affected / Nomadic,61.48
NG-KOG-468,North Central,Kogi,Adavi,kogi,adavi,292800.0,0.0655517496138088,151897.0,9957.114111088724,14112.333333333334,36,141.7311600116861,79.0809,78.5358,86.6607,-0.063893617,15.51325632,14,26.163,5,Urban Slums (better-off urban core),18.120000000000005
NG-KOG-469,North Central,Kogi,Ajaokuta,kogi,ajaokuta,165000.0,0.0369400228356504,151897.0,5611.078648666801,5932.0,36,105.71942350887294,66.5084,67.1564,69.821,-0.215125,17.00255431,14,22.0,4,Peri-urban / Migrant Dense (transitional),26.25
NG-KOG-470,North Central,Kogi,Ankpa,kogi,ankpa,358800.0,0.080327758748069,151897.0,12201.545570555443,15353.333333333332,36,125.83105348869675,70.4086,73.0854,54.4551,-0.286146853,10.73859764,5,19.6281,4,Peri-urban / Migrant Dense (transitional),27.709999999999994
NG-KOG-471,North Central,Kogi,Bassa,kogi,bassa,188300.0,0.0421564018178968,151897.0,6403.430966933082,5051.0,36,78.87958855312174,64.198,62.5013,60.9448,-0.446956284,15.32599721,8,18.6844,4,Peri-urban / Migrant Dense (transitional),35.379999999999995
NG-KOG-472,North Central,Kogi,Dekina,kogi,dekina,351700.0,0.0787382183715046,151897.0,11960.099155976448,14721.666666666668,36,123.08983792421375,70.8203,73.8641,56.6477,-0.313771429,11.26725719,25,32.7671,4,Peri-urban / Migrant Dense (transitional),31.11
NG-KOG-473,North Central,Kogi,Ibaji,kogi,ibaji,171900.0,0.0384847874269595,151897.0,5845.723755792867,5025.333333333333,36,85.96597347511398,56.9896,49.211,39.7657,-0.445648438,17.22479756,3,21.006,2,Conflict-Affected / Nomadic,26.489999999999995
NG-KOG-474,North Central,Kogi,Idah,kogi,idah,107500.0,0.0240669845747419,151897.0,3655.7027559495823,8006.666666666666,36,219.018536275576,68.2222,59.6283,64.3621,-0.22512,7.796073262,6,31.0747,4,Peri-urban / Migrant Dense (transitional),23.069999999999993
NG-KOG-475,North Central,Kogi,Igalamela-Odolu,kogi,igalamela odolu,198200.0,0.0443728031880359,151897.0,6740.095685853091,8065.0,36,119.65705497219832,71.1434,67.1145,57.6852,-0.433730769,18.31678884,8,11.2946,4,Peri-urban / Migrant Dense (transitional),28.900000000000006
NG-KOG-476,North Central,Kogi,Ijumu,kogi,ijumu,159800.0,0.0357758524190118,151897.0,5434.244654890636,7341.0,36,135.08777146044298,80.0994,72.883,67.8213,-0.4066,15.22708583,7,20.9393,4,Peri-urban / Migrant Dense (transitional),17.090000000000003
NG-KOG-477,North Central,Kogi,Kabba/Bunu,kogi,kabba bunu,194900.0,0.0436340027313229,151897.0,6627.874112879755,8618.333333333334,36,130.03163890191544,58.12,53.0047,48.1422,-0.413944444,43.09352341,0,7.3643,4,Peri-urban / Migrant Dense (transitional),23.980000000000004
NG-KOG-478,North Central,Kogi,Kogi,kogi,kogi,155100.0,0.0347236214655114,151897.0,5274.413929746793,4906.0,36,93.0150736242182,63.3885,58.3641,68.9326,-0.402751773,16.43497747,24,23.8468,4,Peri-urban / Migrant Dense (transitional),
NG-KOG-479,North Central,Kogi,Lokoja,kogi,lokoja,265000.0,0.0593279154633174,151897.0,9011.732375131529,8495.0,36,94.2660039865644,48.463,41.678,40.781,-0.378883598,25.16653727,48,15.1615,4,Peri-urban / Migrant Dense (transitional),30.159999999999997
NG-KOG-480,North Central,Kogi,Mopa-Muro,kogi,mopa muro,59000.0,0.0132088566503235,151897.0,2006.385698614189,3158.333333333333,36,157.41406727105334,63.4577,52.919,56.0067,-0.351755556,29.0492258,4,24.967,4,Peri-urban / Migrant Dense (transitional),23.480000000000004
NG-KOG-481,North Central,Kogi,Ofu,kogi,ofu,258100.0,0.0577831508720084,151897.0,8777.087268005462,7224.333333333334,36,82.30900653873775,69.9829,72.8534,59.3547,-0.29505,10.21228164,22,19.422,4,Peri-urban / Migrant Dense (transitional),32.099999999999994
NG-KOG-482,North Central,Kogi,Ogori/Magongo,kogi,ogori magongo,53700.0,0.0120222983410571,151897.0,1826.151051111559,2300.333333333333,36,125.96621357982109,84.7949,84.6237,87.6115,-0.011375,8.962428574,0,17.5664,4,Peri-urban / Migrant Dense (transitional),15.909999999999997
NG-KOG-483,North Central,Kogi,Okehi,kogi,okehi,301300.0,0.0674547204871605,151897.0,10246.169677838225,12644.666666666666,36,123.40871822585788,77.6177,76.3022,81.8563,-0.215714286,36.51653931,6,29.755,4,Peri-urban / Migrant Dense (transitional),17.78
NG-KOG-484,North Central,Kogi,Okene,kogi,okene,438900.0,0.0982604607428302,151897.0,14925.46920545369,20199.0,36,135.33242889690456,86.052,86.4187,95.8489,0.2018125,9.350413183,18,36.4722,5,Urban Slums (better-off urban core),16.909999999999997
NG-KOG-485,North Central,Kogi,Olamaboro,kogi,olamaboro,213600.0,0.0478205386526966,151897.0,7263.796359728659,10267.666666666668,36,141.35399945394695,75.757,76.5862,62.8171,-0.308539773,6.22049334,8,22.2057,4,Peri-urban / Migrant Dense (transitional),21.569999999999993
NG-KOG-486,North Central,Kogi,Omala,kogi,omala,145500.0,0.0325743837732554,151897.0,4947.951172006179,6298.666666666667,36,127.29848067827298,62.2226,64.8674,47.863,-0.381955056,18.17991336,10,22.6439,4,Peri-urban / Migrant Dense (transitional),38.47
NG-KOG-487,North Central,Kogi,Yagba East,kogi,yagba east,199000.0,0.0445519063290572,151897.0,6767.300915664809,8351.666666666666,36,123.41207773596118,60.2748,48.6757,55.8239,-0.427805085,20.03023987,6,22.514,4,Peri-urban / Migrant Dense (transitional),21.92
NG-KOG-488,North Central,Kogi,Yagba West,kogi,yagba west,188600.0,0.0422235654957798,151897.0,6413.632928112476,9611.333333333334,36,149.85786435024332,53.9155,41.2262,56.518,-0.197777778,33.94612965,12,28.2319,4,Peri-urban / Migrant Dense (transitional),30.89
NG-KWA-489,North Central,Kwara,Asa,kwara,asa,187200.0,0.0527160598124524,125780.0,6630.626003210274,9340.0,36,140.86151134867146,66.6538,52.8058,67.4403,-0.364778443,6.211289758,20,50.8373,4,Peri-urban / Migrant Dense (transitional),20.11
NG-KWA-490,North Central,Kwara,Baruten,kwara,baruten,310300.0,0.0873813747852778,125780.0,10990.82932049224,13888.333333333332,36,126.36292429215273,38.3287,20.2789,20.3323,-0.482677984,24.98756671,5,19.8864,2,Conflict-Affected / Nomadic,64.86
NG-KWA-491,North Central,Kwara,Edu,kwara,edu,302700.0,0.0852411928698149,125780.0,10721.63723916533,11243.666666666666,36,104.86893387508394,46.899,28.4325,46.4538,-0.404983051,13.50784302,5,12.3531,2,Conflict-Affected / Nomadic,33.06
NG-KWA-492,North Central,Kwara,Ekiti,kwara,ekiti,81700.0,0.0230069555912252,125780.0,2893.8148742643125,3486.6666666666665,36,120.48685967007732,70.0655,54.1233,70.3367,-0.199,13.91840129,23,23.7577,4,Peri-urban / Migrant Dense (transitional),14.909999999999997
NG-KWA-493,North Central,Kwara,Ifelodun,kwara,ifelodun,307700.0,0.0866492072878826,125780.0,10898.737292669875,11640.333333333334,36,106.8044216568302,55.4753,40.9172,54.0098,-0.409003521,30.82130351,24,17.5634,4,Peri-urban / Migrant Dense (transitional),23.17
NG-KWA-494,North Central,Kwara,Ilorin East,kwara,ilorin east,311500.0,0.087719298245614,125780.0,11033.333333333332,11392.666666666668,36,103.2567975830816,71.6361,60.0737,79.9956,-0.139693878,10.6671728,24,17.3853,4,Peri-urban / Migrant Dense (transitional),13.75
NG-KWA-495,North Central,Kwara,Ilorin South,kwara,ilorin south,314100.0,0.0884514657430092,125780.0,11125.425361155698,13474.666666666668,36,121.1159684169319,77.4628,68.6156,87.9913,0.329775,3.42527885,2,9.0948,4,Peri-urban / Migrant Dense (transitional),14.36
NG-KWA-496,North Central,Kwara,Ilorin West,kwara,ilorin west,548300.0,0.1544028610852975,125780.0,19420.79186730872,25320.666666666668,36,130.3791670271143,80.9067,76.2786,93.8044,0.520071429,1.573324446,67,9.8324,5,Urban Slums (better-off urban core),13.75
NG-KWA-497,North Central,Kwara,Irepodun,kwara,irepodun,221600.0,0.0624031990087578,125780.0,7849.074371321562,8968.0,36,114.25551059583148,77.8173,65.1253,74.2993,-0.202313725,6.60970212,9,14.1478,4,Peri-urban / Migrant Dense (transitional),14.829999999999998
NG-KWA-498,North Central,Kwara,Isin,kwara,isin,89300.0,0.025147137506688,125780.0,3163.006955591225,3840.6666666666665,36,121.42454065355584,72.4702,59.8168,70.4351,-0.231489362,10.93556275,0,40.9148,4,Peri-urban / Migrant Dense (transitional),17.11
NG-KWA-499,North Central,Kwara,Kaiama,kwara,kaiama,186200.0,0.0524344569288389,125780.0,6595.205992509364,8364.0,36,126.81938986438908,38.6942,20.8938,25.749,-0.525863344,44.440625,2,26.1293,2,Conflict-Affected / Nomadic,68.05
NG-KWA-500,North Central,Kwara,Moro,kwara,moro,163200.0,0.0459575906057278,125780.0,5780.545746388443,7806.0,36,135.03915274569042,56.6344,38.2236,55.2965,-0.418959596,19.60613498,12,11.0692,4,Peri-urban / Migrant Dense (transitional),28.75
NG-KWA-501,North Central,Kwara,Offa,kwara,offa,133600.0,0.0376221452507673,125780.0,4732.113429641519,5592.666666666666,36,118.1853890406498,83.9069,73.9469,88.8787,0.34575,1.973393912,7,11.0866,4,Peri-urban / Migrant Dense (transitional),15.879999999999995
NG-KWA-502,North Central,Kwara,Oke-Ero,kwara,oke ero,85500.0,0.0240770465489566,125780.0,3028.410914927769,3906.333333333333,36,128.98954082083353,64.8297,50.4957,67.0105,-0.191764706,19.67242588,6,18.3168,4,Peri-urban / Migrant Dense (transitional),15.480000000000004
NG-KWA-503,North Central,Kwara,Oyun,kwara,oyun,141800.0,0.0399312888963983,125780.0,5022.557517388978,5345.333333333334,36,106.42652303785172,78.0941,67.2636,77.208,-0.238441558,3.850681255,1,21.7553,4,Peri-urban / Migrant Dense (transitional),17.400000000000006
NG-KWA-504,North Central,Kwara,Pategi,kwara,pategi,166400.0,0.046858719833291,125780.0,5893.889780631354,6265.666666666667,36,106.30783573960028,40.2166,28.3507,40.7216,-0.493433498,29.94721809,4,3.5777,2,Conflict-Affected / Nomadic,46.99
NG-LAG-505,South West,Lagos,Agege,lagos,agege,683600.0,0.0506685641436152,301919.0,15297.802217676184,24076.666666666668,36,157.38644234036934,83.5899,81.6672,99.4293,1.288333333,0.195758438,20,3.6178,5,Urban Slums (better-off urban core),7.709999999999994
NG-LAG-506,South West,Lagos,Ajeromi/Ifelodun,lagos,ajeromi ifelodun,1017500.0,0.0754172966883097,301919.0,22769.914798837795,38662.333333333336,36,169.79568731327316,79.4171,72.8861,98.079,1.231,0.086013063,5,3.688,5,Urban Slums (better-off urban core),6.079999999999998
NG-LAG-507,South West,Lagos,Alimosho,lagos,alimosho,1953500.0,0.1447937976222242,301919.0,43715.9985843043,61082.0,36,139.72459048877988,86.9063,83.719,99.0534,1.31715625,1.341445393,55,14.6539,5,Urban Slums (better-off urban core),8.409999999999997
NG-LAG-508,South West,Lagos,Amuwo Odofin,lagos,amuwo odofin,487000.0,0.036096534139761,301919.0,10898.229490942513,17445.666666666668,36,160.07798955936568,79.1999,72.0824,92.3897,0.84465,4.639413915,12,6.565,5,Urban Slums (better-off urban core),7.450000000000003
NG-LAG-509,South West,Lagos,Apapa,lagos,apapa,330100.0,0.0244670758101337,301919.0,7387.07506151976,12636.666666666668,36,171.0645493842714,79.8755,72.296,96.0332,0.8715,1.997566106,17,15.7737,5,Urban Slums (better-off urban core),7.319999999999993
NG-LAG-510,South West,Lagos,Badagry,lagos,badagry,351900.0,0.0260828960241928,301919.0,7874.921884728275,13763.0,36,174.76998758159613,78.7006,67.0685,71.7862,0.348821918,7.171951398,17,19.3909,5,Urban Slums (better-off urban core),23.42
NG-LAG-511,South West,Lagos,Epe,lagos,epe,269000.0,0.0199383319991698,301919.0,6019.761258857363,10471.333333333332,36,173.94931265631192,74.3735,54.6162,28.0619,-0.124104762,24.89272458,12,4.2029,4,Peri-urban / Migrant Dense (transitional),18.620000000000005
NG-LAG-512,South West,Lagos,Eti-Osa,lagos,eti osa,420100.0,0.0311378932076254,301919.0,9401.12157935308,15572.57142857143,35,165.64588913276268,78.2041,70.5335,84.3328,1.054448276,2.794428236,25,17.2544,5,Urban Slums (better-off urban core),8.799999999999997
NG-LAG-513,South West,Lagos,Ibeju/Lekki,lagos,ibeju lekki,174400.0,0.0129265617124729,301919.0,3902.77458566812,9276.333333333334,36,237.6856036574121,70.7741,48.4062,30.469,0.292267857,12.82155883,14,4.5731,4,Peri-urban / Migrant Dense (transitional),16.39
NG-LAG-514,South West,Lagos,Ifako/Ijaye,lagos,ifako ijaye,633200.0,0.0469329064010198,301919.0,14169.936167689526,24228.666666666668,36,170.98642068630622,87.2721,85.0358,99.5311,1.2768,0.366381612,0,3.3769,5,Urban Slums (better-off urban core),9.480000000000004
NG-LAG-515,South West,Lagos,Ikeja,lagos,ikeja,470200.0,0.0348513148922292,301919.0,10522.274140946958,18199.33333333333,36,172.96007583105484,80.6059,79.4126,99.2162,1.184666667,0.538785403,20,5.2786,5,Urban Slums (better-off urban core),7.6200000000000045
NG-LAG-516,South West,Lagos,Ikorodu,lagos,ikorodu,781500.0,0.0579249310682202,301919.0,17488.63726318598,30365.33333333333,36,173.62892760805963,81.0166,68.4095,87.3018,0.70975,4.275814566,38,2.8668,5,Urban Slums (better-off urban core),10.620000000000005
NG-LAG-517,South West,Lagos,Kosofe,lagos,kosofe,1010800.0,0.0749206913931631,301919.0,22619.980224732422,31662.0,36,139.9735971713235,77.8068,75.9819,96.9292,1.137181818,1.851570908,41,12.0465,5,Urban Slums (better-off urban core),7.760000000000005
NG-LAG-518,South West,Lagos,Lagos Island,lagos,lagos island,314900.0,0.0233404488718906,301919.0,7046.924982952355,9747.333333333334,36,138.3203788448678,83.1367,76.2345,96.7397,1.245,0.055294126,19,5.4809,5,Urban Slums (better-off urban core),8.310000000000002
NG-LAG-519,South West,Lagos,Lagos Mainland,lagos,lagos mainland,483600.0,0.0358445254825224,301919.0,10822.1432891577,13988.666666666666,36,129.25966966895908,76.0769,74.5975,98.0956,1.299666667,0.355228329,19,4.4992,5,Urban Slums (better-off urban core),8.310000000000002
NG-LAG-520,South West,Lagos,Mushin,lagos,mushin,935400.0,0.0693320288179311,301919.0,20932.65680868096,30539.666666666664,36,145.89484242631636,75.5099,79.1507,99.4465,1.593,0.015798378,13,7.139,5,Urban Slums (better-off urban core),5.8799999999999955
NG-LAG-521,South West,Lagos,Ojo,lagos,ojo,901800.0,0.0668415903228675,301919.0,20180.74610868985,30710.666666666664,36,152.1780537808888,79.3815,70.2493,78.7333,0.719068966,10.21610771,62,2.844,5,Urban Slums (better-off urban core),11.540000000000006
NG-LAG-522,South West,Lagos,Oshodi/Isolo,lagos,oshodi isolo,931300.0,0.0690281360253787,301919.0,20840.90580064633,33195.66666666667,36,159.28130468128302,81.6672,81.066,99.1953,1.4264,0.820143415,23,6.9984,5,Urban Slums (better-off urban core),6.609999999999999
NG-LAG-523,South West,Lagos,Shomolu,lagos,shomolu,597400.0,0.0442794034806842,301919.0,13368.793219484716,21353.33333333333,36,159.725212162092,73.2015,77.2891,98.8109,1.3235,0.092157178,10,5.3828,5,Urban Slums (better-off urban core),6.230000000000004
NG-LAG-524,South West,Lagos,Surulere,lagos,surulere,744400.0,0.0551750718965875,301919.0,16658.4025319458,23664.0,36,142.0544374205124,78.2117,76.7326,98.9313,1.247,0.022416559,16,33.3239,5,Urban Slums (better-off urban core),5.920000000000002
NG-NAS-525,North Central,Nasarawa,Akwanga,nasarawa,akwanga,172800.0,0.0598752598752598,105280.0,6303.66735966736,5786.666666666667,36,91.79841410559496,73.7217,53.2182,58.9755,-0.330421053,7.354475191,19,39.9076,4,Peri-urban / Migrant Dense (transitional),23.67
NG-NAS-526,North Central,Nasarawa,Awe,nasarawa,awe,174600.0,0.0604989604989605,105280.0,6369.330561330562,8524.666666666668,36,133.83928789034076,48.1013,32.9283,56.7013,-0.498400697,21.98639029,6,36.4976,2,Conflict-Affected / Nomadic,39.02
NG-NAS-527,North Central,Nasarawa,Doma,nasarawa,doma,214600.0,0.0743589743589743,105280.0,7828.51282051282,8355.333333333334,36,106.7295094853789,55.4975,46.9025,60.3671,-0.480297414,37.14923361,7,18.7877,4,Peri-urban / Migrant Dense (transitional),31.879999999999995
NG-NAS-528,North Central,Nasarawa,Karu,nasarawa,karu,333800.0,0.1156618156618156,105280.0,12176.875952875953,27131.33333333333,36,222.81029582900047,68.0609,50.6064,74.9197,-0.277859532,10.86021004,14,38.315,4,Peri-urban / Migrant Dense (transitional),20.950000000000003
NG-NAS-529,North Central,Nasarawa,Keana,nasarawa,keana,126300.0,0.0437629937629937,105280.0,4607.367983367984,5012.333333333334,36,108.78951608439404,50.0672,40.9467,67.3634,-0.411685185,21.76193228,14,21.9204,4,Peri-urban / Migrant Dense (transitional),41.06
NG-NAS-530,North Central,Nasarawa,Keffi,nasarawa,keffi,142900.0,0.0495148995148995,105280.0,5212.928620928621,8428.333333333332,36,161.68134931860865,72.0598,52.6125,83.8901,-0.11525,3.922304068,10,33.8442,4,Peri-urban / Migrant Dense (transitional),24.549999999999997
NG-NAS-531,North Central,Nasarawa,Kokona,nasarawa,kokona,167600.0,0.058073458073458,105280.0,6113.973665973666,6662.666666666666,36,108.97440896330096,64.6539,44.9868,61.0086,-0.447575342,18.42538188,10,42.4545,4,Peri-urban / Migrant Dense (transitional),28.689999999999998
NG-NAS-532,North Central,Nasarawa,Lafia,nasarawa,lafia,509300.0,0.1764726264726264,105280.0,18579.038115038114,25396.666666666664,36,136.69527189413682,50.508,36.126,55.4366,-0.38692,22.53350144,41,36.466,4,Peri-urban / Migrant Dense (transitional),24.86
NG-NAS-534,North Central,Nasarawa,Nasarawa,nasarawa,nasarawa,289000.0,0.1001386001386001,105280.0,10542.591822591825,14257.333333333332,36,135.2355623100304,62.3812,52.5359,63.1901,-0.494809179,33.07869999,10,31.8434,4,Peri-urban / Migrant Dense (transitional),43.91
NG-NAS-533,North Central,Nasarawa,Nasarawa Eggon,nasarawa,nasarawa egon,229100.0,0.0793832293832293,105280.0,8357.466389466388,10281.0,36,123.01575047861397,,,,,,9,33.4119,4,Peri-urban / Migrant Dense (transitional),22.849999999999994
NG-NAS-535,North Central,Nasarawa,Obi,nasarawa,obi,230000.0,0.0796950796950796,105280.0,8390.29799029799,11796.333333333334,36,140.59492698559538,55.4924,42.1177,71.4206,-0.3609375,15.24268288,9,21.1939,4,Peri-urban / Migrant Dense (transitional),33.81999999999999
NG-NAS-536,North Central,Nasarawa,Toto,nasarawa,toto,183800.0,0.0636867636867636,105280.0,6704.94248094248,6557.333333333334,36,97.79850240283646,64.9498,60.265,70.5435,-0.447608247,30.19664461,36,40.2768,4,Peri-urban / Migrant Dense (transitional),40.55
NG-NAS-537,North Central,Nasarawa,Wamba,nasarawa,wamba,112200.0,0.0388773388773388,105280.0,4093.006237006237,4937.333333333334,36,120.6285318769674,53.5079,42.6587,41.4198,-0.395780142,17.39241316,6,17.0477,2,Conflict-Affected / Nomadic,23.849999999999994
NG-NIG-538,North Central,Niger,Agaie,niger,agaie,226600.0,0.0334040922224187,231412.0,7730.107789374373,13924.666666666668,36,180.1354786515033,41.9723,33.2464,68.4682,-0.460721461,8.816225962,7,35.5481,2,Conflict-Affected / Nomadic,61.51
NG-NIG-539,North Central,Niger,Agwara,niger,agwara,98400.0,0.0145055722625154,231412.0,3356.763488413232,10574.333333333334,36,315.01573970979723,26.5732,10.3793,39.6745,-0.331889764,6.354556878,1,1.8769,1,Remote Rural / Hard-to-Reach,60.44
NG-NIG-540,North Central,Niger,Bida,niger,bida,318300.0,0.0469219883247833,231412.0,10858.311162214752,14352.666666666668,36,132.18139038611946,35.5729,27.9244,67.368,-0.202834862,5.440742144,2,47.7782,2,Conflict-Affected / Nomadic,44.0
NG-NIG-541,North Central,Niger,Borgu,niger,borgu,296500.0,0.0437083554454861,231412.0,10114.637950350849,18317.666666666664,36,181.1005668871349,26.5925,9.9754,23.392,-0.382632035,34.56767313,17,17.3812,2,Conflict-Affected / Nomadic,67.63
NG-NIG-542,North Central,Niger,Bosso,niger,bosso,254100.0,0.0374579869096055,231412.0,8668.227666725634,12809.0,36,147.76953827792707,39.662,26.4819,67.2754,-0.354376307,14.41436129,14,16.7568,2,Conflict-Affected / Nomadic,32.150000000000006
NG-NIG-543,North Central,Niger,Chanchaga,niger,chanchaga,346700.0,0.0511085559290052,231412.0,11827.133144642965,15456.333333333334,36,130.68537526639918,59.544,54.9612,93.9665,0.948692308,0.936430359,34,6.3663,2,Conflict-Affected / Nomadic,24.89
NG-NIG-544,North Central,Niger,Edati,niger,edati,274100.0,0.0404062739548322,231412.0,9350.49666843564,11801.333333333334,36,126.21076453800532,35.8883,27.4816,55.0789,-0.345068182,8.040260843,3,8.7546,2,Conflict-Affected / Nomadic,40.32
NG-NIG-545,North Central,Niger,Gbako,niger,gbako,217600.0,0.0320773630520667,231412.0,7423.086738604871,14594.666666666666,36,196.61182983037125,32.373,24.8473,66.9478,-0.425119469,11.86270015,3,23.2443,2,Conflict-Affected / Nomadic,42.67
NG-NIG-546,North Central,Niger,Gurara,niger,gurara,155900.0,0.0229818975175423,231412.0,5318.286868329501,7217.666666666666,36,135.714128353023,52.6117,35.6467,78.524,-0.3925,13.38755915,19,16.7227,2,Conflict-Affected / Nomadic,23.22
NG-NIG-547,North Central,Niger,Katcha,niger,katcha,207400.0,0.0305737366590011,231412.0,7075.129547732768,11775.0,36,166.42804800335156,34.7753,26.572,62.7084,-0.370754789,8.430437049,4,52.7461,2,Conflict-Affected / Nomadic,56.26
NG-NIG-548,North Central,Niger,Kontagora,niger,kontagora,260700.0,0.0384309216345303,231412.0,8893.376437289935,13808.0,36,155.2616162979793,38.0499,13.8625,50.8793,-0.1271,6.180353941,28,23.1841,2,Conflict-Affected / Nomadic,
NG-NIG-549,North Central,Niger,Lapai,niger,lapai,200700.0,0.0295860604988501,231412.0,6846.569432159915,11515.0,36,168.1864196967227,48.7454,37.9534,67.5595,-0.449246622,16.4151774,30,10.4131,2,Conflict-Affected / Nomadic,51.92
NG-NIG-550,North Central,Niger,Lavun,niger,lavun,359800.0,0.0530396839436287,231412.0,12274.019340763016,17844.333333333336,36,145.38296574188092,33.6949,24.8887,55.4507,-0.396335793,13.86737842,13,41.8301,2,Conflict-Affected / Nomadic,46.35
NG-NIG-551,North Central,Niger,Magama,niger,magama,311300.0,0.0458900878589539,231412.0,10619.51701161625,13369.0,36,125.89084781705424,35.2044,13.2828,40.8728,-0.180372146,5.811483781,12,52.9302,2,Conflict-Affected / Nomadic,64.77000000000001
NG-NIG-552,North Central,Niger,Mariga,niger,mariga,342400.0,0.0504746742142815,231412.0,11680.44530927531,15893.666666666666,36,136.07072543754546,35.7097,11.6394,52.408,-0.192874601,8.485692747,42,32.7244,2,Conflict-Affected / Nomadic,76.03999999999999
NG-NIG-553,North Central,Niger,Mashegu,niger,mashegu,369100.0,0.0544106374196591,231412.0,12591.27442655817,15886.666666666668,36,126.17203095151103,32.1407,15.9756,36.659,-0.492327434,17.07698117,28,21.3771,2,Conflict-Affected / Nomadic,68.06
NG-NIG-554,North Central,Niger,Mokwa,niger,mokwa,416600.0,0.0614128191520726,231412.0,14211.663305619437,20726.0,36,145.83796107669346,40.1154,27.0629,48.1001,-0.3865,12.33380379,7,43.4012,2,Conflict-Affected / Nomadic,45.46
NG-NIG-555,North Central,Niger,Muya,niger,munya,177500.0,0.0261660475263871,231412.0,6055.137390176307,8769.333333333334,36,144.82467974319567,50.9343,21.2658,66.3463,-0.408249201,23.49626277,92,37.2454,2,Conflict-Affected / Nomadic,29.709999999999994
NG-NIG-556,North Central,Niger,Paikoro,niger,paikoro,271300.0,0.0399935137685005,231412.0,9254.979008196238,10572.0,36,114.23040495972388,47.6112,29.7123,75.5794,-0.409953846,12.5059929,28,34.1138,2,Conflict-Affected / Nomadic,39.84
NG-NIG-557,North Central,Niger,Rafi,niger,rafi,319200.0,0.0470546612418185,231412.0,10889.013267291704,12289.666666666668,36,112.86299653598763,33.9484,14.9307,58.7493,-0.40840035,18.01644513,87,30.6211,2,Conflict-Affected / Nomadic,47.18
NG-NIG-558,North Central,Niger,Rijau,niger,rijau,302200.0,0.0445486172533757,231412.0,10309.0846158382,14618.333333333332,36,141.80049808568538,29.2363,10.5662,42.2679,-0.213848739,7.359402639,16,41.6056,2,Conflict-Affected / Nomadic,66.37
NG-NIG-559,North Central,Niger,Shiroro,niger,shiroro,404200.0,0.059584881184032,231412.0,13788.656524559232,18154.0,36,131.6589471038427,39.2966,16.3023,56.091,-0.434323322,32.37125586,150,5.8167,2,Conflict-Affected / Nomadic,37.74
NG-NIG-560,North Central,Niger,Suleja,niger,suleja,368900.0,0.0543811545492069,231412.0,12584.45173654107,14786.333333333332,36,117.49684168122104,70.1331,64.0938,94.391,0.252473684,12.68970138,26,6.1995,4,Peri-urban / Migrant Dense (transitional),16.92
NG-NIG-561,North Central,Niger,Tafa,niger,tafa,143900.0,0.0212129252904062,231412.0,4908.925467303497,8788.0,36,179.0208480151829,75.2951,62.184,92.7422,0.086195122,3.728868599,11,11.953,4,Peri-urban / Migrant Dense (transitional),14.530000000000001
NG-NIG-562,North Central,Niger,Wushishi,niger,wushishi,140200.0,0.0206674921870393,231412.0,4782.705701987145,6074.666666666667,36,127.01318134926704,30.4869,18.4151,51.2456,-0.425897959,17.30497401,20,11.53,2,Conflict-Affected / Nomadic,34.209999999999994
NG-OGU-563,South West,Ogun,Abeokuta North,ogun,abeokuta north,338100.0,0.0529953917050691,155284.0,8229.336405529953,11695.542857142857,35,142.1201210012958,84.8201,73.6116,85.4745,-0.161788889,9.477501465,25,14.0876,4,Peri-urban / Migrant Dense (transitional),33.64
NG-OGU-564,South West,Ogun,Abeokuta South,ogun,abeokuta south,425700.0,0.0667262296623718,155284.0,10361.515846891753,13089.0,36,126.32321557396872,87.8517,79.0486,94.5634,0.712,2.16136431,66,36.3582,5,Urban Slums (better-off urban core),21.459999999999994
NG-OGU-565,South West,Ogun,Ado Odo/Ota,ogun,ado odo ota,896700.0,0.140552995391705,155284.0,21825.63133640553,29790.0,36,136.49089705968672,85.5632,74.7198,92.2703,0.256485075,4.313387453,37,33.3028,5,Urban Slums (better-off urban core),20.439999999999998
NG-OGU-566,South West,Ogun,Ewekoro,ogun,ewekoro,93700.0,0.0146869807830966,155284.0,2280.65312392238,3894.857142857143,35,170.77814692655122,87.1162,73.843,84.0877,0.010758621,7.272691136,17,16.0514,4,Peri-urban / Migrant Dense (transitional),35.61
NG-OGU-567,South West,Ogun,Ifo,ogun,ifo,917000.0,0.1437349133201667,155284.0,22319.73228000878,28687.0,36,128.5275273023513,86.7332,76.1457,91.2069,0.337753086,5.622265048,15,26.6343,5,Urban Slums (better-off urban core),17.090000000000003
NG-OGU-568,South West,Ogun,Ijebu East,ogun,ijebu east,185900.0,0.0291388444778833,155284.0,4524.796325903633,6413.333333333334,36,141.73750311407767,75.5777,58.166,22.375,-0.36403012,26.22018668,3,28.0032,4,Peri-urban / Migrant Dense (transitional),24.08
NG-OGU-570,South West,Ogun,Ijebu North,ogun,ijebu north,477100.0,0.0747829085551271,155284.0,11612.58917207436,14611.333333333332,36,125.82321751698812,82.5331,67.0987,44.596,-0.34703252,11.22426684,15,24.5275,4,Peri-urban / Migrant Dense (transitional),23.14
NG-OGU-569,South West,Ogun,Ijebu North East,ogun,ijebu north east,117000.0,0.0183391328881783,155284.0,2847.7739114078813,4415.666666666667,36,155.0567848443998,85.9077,69.5329,60.1063,0.090961538,3.992679812,0,17.0937,4,Peri-urban / Migrant Dense (transitional),21.61
NG-OGU-571,South West,Ogun,Ijebu Ode,ogun,ijebu ode,267300.0,0.0418978651368381,155284.0,6506.068089908775,10063.333333333332,36,154.67611457897357,84.3538,66.6814,64.5526,0.399703704,5.375367713,18,31.7875,5,Urban Slums (better-off urban core),18.620000000000005
NG-OGU-572,South West,Ogun,Ikenne,ogun,ikenne,202600.0,0.031756481394401,155284.0,4931.2734568481765,7004.0,36,142.03227748956772,86.7128,71.4765,80.038,0.23256,5.324336914,14,38.5935,5,Urban Slums (better-off urban core),16.53
NG-OGU-573,South West,Ogun,Imeko Afon,ogun,imeko afon,141100.0,0.0221166807736919,155284.0,3434.366657261983,5024.571428571428,35,146.30270818483956,70.0428,64.2028,65.4076,-0.471609053,21.79117425,12,18.3927,4,Peri-urban / Migrant Dense (transitional),46.24
NG-OGU-574,South West,Ogun,Ipokia,ogun,ipokia,255800.0,0.0400953007931283,155284.0,6226.158688360137,7186.333333333333,36,115.4216217901457,81.5999,68.1165,73.909,-0.074560976,7.27531303,4,30.004,4,Peri-urban / Migrant Dense (transitional),38.97
NG-OGU-575,South West,Ogun,Obafemi Owode,ogun,obafemi owode,399800.0,0.0626665412708862,155284.0,9731.1111947083,12738.333333333334,36,130.90317311614257,84.0397,70.4026,64.9704,-0.078434211,6.912881252,44,32.2793,4,Peri-urban / Migrant Dense (transitional),23.67
NG-OGU-576,South West,Ogun,Odeda,ogun,odeda,186300.0,0.0292015423680993,155284.0,4534.532305087933,7053.0,36,155.53974534675254,80.0422,66.7342,69.0699,-0.391911765,8.091628186,16,29.2542,4,Peri-urban / Migrant Dense (transitional),22.430000000000007
NG-OGU-577,South West,Ogun,Odogbolu,ogun,odogbolu,213700.0,0.0334963478478949,155284.0,5201.446879212514,7168.666666666667,36,137.82062632065148,84.7478,63.1511,72.1907,0.232,13.58774718,10,16.3876,5,Urban Slums (better-off urban core),18.959999999999994
NG-OGU-578,South West,Ogun,Ogun Waterside,ogun,ogun waterside,126200.0,0.0197811843631461,155284.0,3071.7014326467915,3962.666666666667,36,129.0055935954738,70.0916,50.6089,21.2324,-0.234666667,29.41203089,0,41.8322,4,Peri-urban / Migrant Dense (transitional),32.980000000000004
NG-OGU-579,South West,Ogun,Remo North,ogun,remo north,101600.0,0.0159252641148625,155284.0,2472.938712812314,3776.3333333333335,36,152.70630500335986,84.3382,66.6762,59.567,-0.042615385,5.035323563,6,20.2764,4,Peri-urban / Migrant Dense (transitional),17.650000000000006
NG-OGU-580,South West,Ogun,Sagamu,ogun,shagamu,435200.0,0.0682153045550017,155284.0,10592.745352518888,15558.0,36,146.87410564722398,83.7378,65.9344,83.4552,0.308088608,7.245473031,30,12.273,5,Urban Slums (better-off urban core),15.709999999999994
NG-OGU-581,South West,Ogun,Yewa North,ogun,yewa north,312700.0,0.0490140756763534,155284.0,7611.101727326875,10461.666666666666,36,137.45272421080816,78.8394,65.0047,70.7618,-0.315637615,11.94477867,25,20.1008,4,Peri-urban / Migrant Dense (transitional),
NG-OGU-582,South West,Ogun,Yewa South,ogun,yewa south,286300.0,0.0448760149220978,155284.0,6968.527101163046,8064.0,36,115.7202932977633,84.2623,70.5916,80.0276,-0.152431373,7.589628152,8,25.5025,4,Peri-urban / Migrant Dense (transitional),
NG-OND-583,South West,Ondo,Akoko North East,ondo,akoko north east,275100.0,0.0517465154336662,147740.0,7645.030190169855,8319.0,36,108.81579003699358,86.5541,81.6032,81.8813,-0.253531915,7.02540264,20,13.3616,5,Urban Slums (better-off urban core),12.879999999999995
NG-OND-584,South West,Ondo,Akoko North West,ondo,akoko north west,325500.0,0.0612267930703684,147740.0,9045.64640821624,9614.666666666666,36,106.29054279563238,87.5674,80.5176,81.2194,-0.159285714,7.335103813,11,14.0573,5,Urban Slums (better-off urban core),12.879999999999995
NG-OND-585,South West,Ondo,Akoko South East,ondo,akoko south east,126600.0,0.0238135545398115,147740.0,3518.214547711754,4224.333333333333,36,120.07037308400758,83.7307,83.4526,79.1621,-0.128625,5.125461019,5,15.9289,4,Peri-urban / Migrant Dense (transitional),12.409999999999997
NG-OND-586,South West,Ondo,Akoko South West,ondo,akoko south west,350800.0,0.0659857419633956,147740.0,9748.733517672066,8751.333333333334,36,89.76892554780895,85.0059,81.6569,74.4283,-0.229362319,7.496889051,14,8.5347,5,Urban Slums (better-off urban core),11.629999999999995
NG-OND-587,South West,Ondo,Akure North,ondo,akure north,200900.0,0.0377894400240768,147740.0,5583.011869157121,10730.0,36,192.1901699560587,84.5545,82.3348,65.664,-0.050246575,7.972320847,26,10.3371,5,Urban Slums (better-off urban core),6.8799999999999955
NG-OND-588,South West,Ondo,Akure South,ondo,akure south,553400.0,0.1040949532569644,147740.0,15378.988394183923,22264.666666666668,36,144.7732847960715,86.377,85.0263,68.9579,0.117923077,5.391442736,38,21.6569,5,Urban Slums (better-off urban core),6.010000000000005
NG-OND-589,South West,Ondo,Ese Odo,ondo,ese odo,243100.0,0.0457272915373474,147740.0,6755.750051727706,9369.666666666666,36,138.69173067275457,60.8659,44.0208,26.6589,-0.3119375,55.34869482,4,17.9034,4,Peri-urban / Migrant Dense (transitional),40.79
NG-OND-590,South West,Ondo,Idanre,ondo,idanre,199400.0,0.0375072889039369,147740.0,5541.3268626676445,8178.666666666666,36,147.5940125778717,71.3683,68.1481,26.259,-0.383701299,42.22616617,8,13.1991,4,Peri-urban / Migrant Dense (transitional),11.969999999999999
NG-OND-591,South West,Ondo,Ifedore,ondo,ifedore,270900.0,0.0509564922972744,147740.0,7528.312171999322,2630.0,36,34.93478936463312,86.0205,82.5283,74.8489,-0.013438596,6.622197856,2,12.0707,4,Peri-urban / Migrant Dense (transitional),6.079999999999998
NG-OND-592,South West,Ondo,Ilaje,ondo,ilaje,445200.0,0.0837424524575362,147740.0,12372.109926076406,19825.0,36,160.23944273413957,56.3266,41.9609,27.7825,-0.223778846,50.32840823,4,17.9034,4,Peri-urban / Migrant Dense (transitional),
NG-OND-593,South West,Ondo,Ile-Oluji/Okeigbo,ondo,ile oluji okeigbo,264000.0,0.0496585971446306,147740.0,7336.561142147735,10827.666666666666,36,147.58503959658856,85.7491,81.0283,52.9066,-0.273930769,7.762560495,0,15.3272,4,Peri-urban / Migrant Dense (transitional),7.420000000000002
NG-OND-594,South West,Ondo,Irele,ondo,irele,221400.0,0.0416455053326561,147740.0,6152.706957846623,8919.666666666666,36,144.97142034842577,76.6397,60.3383,35.7904,-0.454494624,28.60740589,1,13.9469,4,Peri-urban / Migrant Dense (transitional),26.75
NG-OND-595,South West,Ondo,Odigbo,ondo,odigbo,356800.0,0.0671143464439553,147740.0,9915.473543629969,21444.666666666668,36,216.2747605780608,77.3378,65.7051,30.4589,-0.419341346,25.18418047,9,10.6396,4,Peri-urban / Migrant Dense (transitional),18.409999999999997
NG-OND-596,South West,Ondo,Okitipupa,ondo,okitipupa,359700.0,0.0676598386095592,147740.0,9996.064556176289,13843.0,36,138.48449979694055,81.1726,65.0198,51.2322,-0.307377778,19.97352921,6,20.4754,4,Peri-urban / Migrant Dense (transitional),22.060000000000002
NG-OND-597,South West,Ondo,Ondo East,ondo,ondo east,116900.0,0.0219889772962398,147740.0,3248.6515057464776,4159.0,36,128.02234997023302,84.0453,78.9188,50.7901,-0.427729167,9.981993918,4,21.7701,4,Peri-urban / Migrant Dense (transitional),9.689999999999998
NG-OND-598,South West,Ondo,Ondo West,ondo,ondo west,443800.0,0.0834791114120723,147740.0,12333.20392001956,16078.333333333332,36,130.3662327940154,85.3924,77.8022,50.1181,-0.428666667,17.43713781,5,16.0298,4,Peri-urban / Migrant Dense (transitional),10.86
NG-OND-599,South West,Ondo,Ose,ondo,ose,221400.0,0.0416455053326561,147740.0,6152.706957846623,5082.666666666666,36,82.60862578843738,74.4277,77.1168,35.9342,-0.487267081,15.41187279,23,18.4039,4,Peri-urban / Migrant Dense (transitional),11.0
NG-OND-600,South West,Ondo,Owo,ondo,owo,341400.0,0.0642175949438519,147740.0,9487.507477004683,9611.666666666666,36,101.30865972925884,77.5588,80.1612,49.9881,-0.323248,10.90234525,20,13.8562,4,Peri-urban / Migrant Dense (transitional),9.060000000000002
NG-OSU-601,South West,Osun,Atakumosa East,osun,atakunmosa east,98800.0,0.0222723174030658,118739.0,2644.592696122633,3584.666666666667,36,135.5470228713224,88.1801,83.4166,49.9329,-0.377462963,6.337802775,4,19.2619,4,Peri-urban / Migrant Dense (transitional),8.25
NG-OSU-602,South West,Osun,Atakumosa West,osun,atakunmosa west,88700.0,0.019995491433724,118739.0,2374.244657348963,3319.0,36,139.79182767566732,90.7789,85.9524,72.8967,-0.268530303,3.737379512,11,19.6677,4,Peri-urban / Migrant Dense (transitional),9.959999999999994
NG-OSU-603,South West,Osun,Ayedaade,osun,ayedade,194200.0,0.0437781785392245,118739.0,5198.177141568981,8217.0,36,158.07464378791522,85.6512,77.0796,45.7564,-0.369136364,10.26564966,6,25.5867,4,Peri-urban / Migrant Dense (transitional),16.269999999999996
NG-OSU-604,South West,Osun,Ayedire,osun,ayedire,99100.0,0.0223399458972046,118739.0,2652.622835888188,2737.0,36,103.18089563922344,89.5829,81.8039,72.9293,-0.259326087,5.703994269,0,15.9915,4,Peri-urban / Migrant Dense (transitional),14.780000000000001
NG-OSU-605,South West,Osun,Boluwaduro,osun,boluwaduro,92100.0,0.0207619477006311,118739.0,2465.252908025248,3723.6666666666665,36,151.0460307964691,90.7135,84.5281,81.0746,-0.18568,4.768358971,1,17.0254,4,Peri-urban / Migrant Dense (transitional),14.450000000000003
NG-OSU-606,South West,Osun,Boripe,osun,boripe,180100.0,0.0405996393146979,118739.0,4820.7605725879175,7553.333333333334,36,156.68343655736663,92.5773,88.4961,92.3996,0.179214286,2.997282883,8,48.09,4,Peri-urban / Migrant Dense (transitional),12.0
NG-OSU-607,South West,Osun,Ede North,osun,ede north,108800.0,0.0245266005410279,118739.0,2912.2640216411182,4418.0,36,151.7032785204128,92.0359,86.2685,92.6488,0.371473684,1.616067814,11,38.6285,4,Peri-urban / Migrant Dense (transitional),9.379999999999995
NG-OSU-608,South West,Osun,Ede South,osun,ede south,98000.0,0.0220919747520288,118739.0,2623.1789900811546,4286.333333333334,36,163.4022439772867,91.6185,83.877,89.368,-0.152305556,3.193499695,3,45.3335,4,Peri-urban / Migrant Dense (transitional),10.579999999999998
NG-OSU-609,South West,Osun,Egbedore,osun,egbedore,96000.0,0.0216411181244364,118739.0,2569.6447249774574,3782.666666666667,36,147.20582304232158,91.8386,86.7368,90.34,-0.01026,2.516480577,2,43.4318,4,Peri-urban / Migrant Dense (transitional),10.25
NG-OSU-610,South West,Osun,Ejigbo,osun,ejigbo,172000.0,0.0387736699729486,118739.0,4603.946798917944,5809.0,36,126.1743511320608,88.3988,81.4672,84.5741,-0.122807018,2.606953415,2,17.5702,4,Peri-urban / Migrant Dense (transitional),13.920000000000002
NG-OSU-611,South West,Osun,Ife Central,osun,ife central,217100.0,0.0489404869251578,118739.0,5811.144477006313,10005.6,35,172.17950852177944,91.3573,86.4014,84.9708,0.271923077,3.132251848,13,8.8292,4,Peri-urban / Migrant Dense (transitional),8.459999999999994
NG-OSU-612,South West,Osun,Ife East,osun,ife east,244900.0,0.0552073940486925,118739.0,6555.2707619477005,11027.0,36,168.21578239010313,90.7858,85.1525,71.0183,-0.131488372,4.3320287,1,23.1487,4,Peri-urban / Migrant Dense (transitional),10.040000000000006
NG-OSU-613,South West,Osun,Ife North,osun,ife north,199000.0,0.0448602344454463,118739.0,5326.659377817854,6736.333333333333,36,126.46450346320007,89.0711,82.0862,58.4065,-0.24812766,6.291484325,4,20.1104,4,Peri-urban / Migrant Dense (transitional),10.680000000000007
NG-OSU-614,South West,Osun,Ife South,osun,ife south,174600.0,0.0393597835888187,118739.0,4673.54134355275,6624.0,36,141.73406231097002,82.2053,75.0622,36.5726,-0.426359223,19.01337039,1,17.9594,4,Peri-urban / Migrant Dense (transitional),11.989999999999995
NG-OSU-615,South West,Osun,Ifedayo,osun,ifedayo,48700.0,0.0109783588818755,118739.0,1303.5593552750224,1721.6666666666667,36,132.07428259401607,88.3855,79.7145,76.3843,-0.165571429,3.621809066,3,19.8179,4,Peri-urban / Migrant Dense (transitional),11.64
NG-OSU-616,South West,Osun,Ifelodun,osun,ifelodun,125200.0,0.0282236248872858,118739.0,3351.244995491434,4838.666666666667,36,144.38415195476074,91.4422,86.2493,89.3693,0.054458333,4.824452546,7,10.6733,4,Peri-urban / Migrant Dense (transitional),11.829999999999998
NG-OSU-617,South West,Osun,Ila,osun,ila,80600.0,0.0181695220919747,118739.0,2157.43088367899,3569.0,36,165.42824277707157,88.4661,81.5989,75.2091,-0.193,3.540151743,2,11.1057,4,Peri-urban / Migrant Dense (transitional),13.260000000000005
NG-OSU-618,South West,Osun,Ilesa East,osun,ilesha east,136800.0,0.0308385933273219,118739.0,3661.743733092877,5252.0,36,143.4289339402766,90.7401,87.4049,82.5745,0.340076923,3.238071565,23,14.1802,5,Urban Slums (better-off urban core),8.010000000000005
NG-OSU-619,South West,Osun,Ilesa West,osun,ilesha west,138700.0,0.0312669071235347,118739.0,3712.601284941388,5121.0,36,137.93563076032945,91.1305,88.4939,86.6388,0.562555556,2.416093476,1,35.2868,4,Peri-urban / Migrant Dense (transitional),7.75
NG-OSU-620,South West,Osun,Irepodun,osun,irepodun,155200.0,0.0349864743011722,118739.0,4154.2589720468895,5114.333333333334,36,123.11060450844728,91.0194,86.8685,90.2302,-0.20125,3.716330465,4,11.3635,4,Peri-urban / Migrant Dense (transitional),10.75
NG-OSU-621,South West,Osun,Irewole,osun,irewole,185400.0,0.0417944093778178,118739.0,4962.6263751127135,6427.666666666667,36,129.521470705533,88.3604,79.5634,64.9948,-0.275636364,5.076708984,6,11.4867,4,Peri-urban / Migrant Dense (transitional),15.39
NG-OSU-622,South West,Osun,Isokan,osun,isokan,132500.0,0.0298692515779981,118739.0,3546.645063119928,6109.0,36,172.2472897986022,87.3854,76.1875,57.3364,-0.139225,5.352094029,9,21.7143,4,Peri-urban / Migrant Dense (transitional),20.319999999999993
NG-OSU-623,South West,Osun,Iwo,osun,iwo,248400.0,0.0559963931469792,118739.0,6648.95572587917,8826.0,36,132.74264958100568,89.8433,82.226,89.2589,-0.035131579,3.462189593,7,8.7557,4,Peri-urban / Migrant Dense (transitional),12.159999999999997
NG-OSU-624,South West,Osun,Obokun,osun,obokun,151700.0,0.0341974752028854,118739.0,4060.57400811542,4944.666666666666,36,121.77260300598655,89.7817,85.3373,72.9517,-0.13238961,4.209635538,11,20.284,4,Peri-urban / Migrant Dense (transitional),11.400000000000006
NG-OSU-625,South West,Osun,Odo Otin,osun,odo otin,171500.0,0.0386609558160504,118739.0,4590.56323264202,7336.333333333333,36,159.81335974564132,87.5654,80.0814,80.6111,0.031371429,2.938900499,7,40.5134,4,Peri-urban / Migrant Dense (transitional),14.489999999999995
NG-OSU-626,South West,Osun,Ola-Oluwa,osun,ola oluwa,99000.0,0.022317403065825,118739.0,2649.9461226330027,3176.666666666667,36,119.87665105848686,89.5387,82.1408,84.6728,-0.266314815,4.707901711,1,25.6921,4,Peri-urban / Migrant Dense (transitional),13.930000000000007
NG-OSU-627,South West,Osun,Olorunda,osun,olorunda,170900.0,0.0385256988277727,118739.0,4574.502953110911,5354.0,36,117.0400381173432,91.6726,87.1254,88.8955,-0.01975,5.000309575,1,13.2935,4,Peri-urban / Migrant Dense (transitional),9.349999999999994
NG-OSU-628,South West,Osun,Oriade,osun,oriade,192600.0,0.0434174932371505,118739.0,5155.349729486024,6173.666666666666,36,119.75262573082829,88.3977,84.3552,70.2187,-0.0066,4.845563206,5,32.4447,4,Peri-urban / Migrant Dense (transitional),9.049999999999997
NG-OSU-629,South West,Osun,Orolu,osun,orolu,133500.0,0.0300946798917944,118739.0,3573.4121956717763,4000.333333333333,36,111.94715622727924,91.8909,87.6155,92.5504,-0.130692308,3.081542447,6,39.1907,4,Peri-urban / Migrant Dense (transitional),10.189999999999998
NG-OSU-630,South West,Osun,Osogbo,osun,osogbo,201900.0,0.0455139765554553,118739.0,5404.284062218215,8174.333333333334,36,151.25654460839235,92.6991,89.2234,98.2764,0.734705882,1.238602526,80,19.7316,5,Urban Slums (better-off urban core),8.799999999999997
NG-OYO-631,South West,Oyo,Afijio,oyo,afijio,188900.0,0.0236829567964694,233281.0,5524.7838444372,6437.333333333334,36,116.51737904307264,83.2189,73.2979,79.1523,-0.373052632,8.194297848,3,9.948,4,Peri-urban / Migrant Dense (transitional),20.78
NG-OYO-632,South West,Oyo,Akinyele,oyo,akinyele,302700.0,0.0379504024472806,233281.0,8853.107833304079,10235.333333333334,36,115.61288449271484,88.6201,76.9997,81.4579,-0.035231884,3.23187234,39,45.3231,5,Urban Slums (better-off urban core),17.060000000000002
NG-OYO-633,South West,Oyo,Atiba,oyo,atiba,240500.0,0.0301522028033399,233281.0,7033.936022165944,8065.333333333333,36,114.663160255043,67.1779,58.8989,71.2667,-0.537342342,12.15876148,3,31.464,4,Peri-urban / Migrant Dense (transitional),43.18
NG-OYO-634,South West,Oyo,Atisbo,oyo,atisbo,157200.0,0.0197086331837215,233281.0,4597.649657731752,4895.666666666667,36,106.4819425384826,52.7613,43.5837,41.1684,-0.486076142,39.56947293,5,7.2316,2,Conflict-Affected / Nomadic,54.45
NG-OYO-635,South West,Oyo,Egbeda,oyo,egbeda,405400.0,0.0508262079687069,233281.0,11856.788621147916,14445.942857142858,35,121.83689292880617,86.5371,75.494,86.2992,0.299944444,3.060616436,9,4.922,4,Peri-urban / Migrant Dense (transitional),17.239999999999995
NG-OYO-637,South West,Oyo,Ibadan North,oyo,ibadan north,440400.0,0.0552142624307314,233281.0,12880.438354103457,10787.0,36,83.74714977432016,87.9679,79.1771,99.0265,1.319142857,0.358480846,12,5.3704,5,Urban Slums (better-off urban core),15.060000000000002
NG-OYO-636,South West,Oyo,Ibadan North East,oyo,ibadan north east,473700.0,0.0593891828188861,233281.0,13854.367957172588,16423.542857142857,35,118.54415089820228,87.2692,74.3163,99.3357,1.366333333,0.054119804,2,6.4217,5,Urban Slums (better-off urban core),15.319999999999993
NG-OYO-638,South West,Oyo,Ibadan North West,oyo,ibadan north west,220100.0,0.0275945939169027,233281.0,6437.294463528999,8671.333333333332,36,134.70462447323885,88.0268,81.9228,99.1697,1.1716,0.754199902,36,5.1621,5,Urban Slums (better-off urban core),14.75
NG-OYO-639,South West,Oyo,Ibadan South East,oyo,ibadan south east,380800.0,0.0477420325468268,233281.0,11137.309094556304,11711.0,36,105.15107285407122,86.5474,77.9202,99.2834,1.1105,0.076729004,3,6.0226,5,Urban Slums (better-off urban core),15.030000000000001
NG-OYO-640,South West,Oyo,Ibadan South West,oyo,ibadan south west,404600.0,0.0507259095810034,233281.0,11833.390912966075,11746.0,36,99.2614888360502,87.5415,79.0999,99.368,1.537,0.20388655,15,39.2689,5,Urban Slums (better-off urban core),14.489999999999995
NG-OYO-641,South West,Oyo,Ibarapa Central,oyo,ibarapa central,147600.0,0.0185050525312805,233281.0,4316.87715954966,4708.114285714286,35,109.06296639224824,77.3535,65.4453,78.1825,-0.338095238,10.81565552,9,35.0408,4,Peri-urban / Migrant Dense (transitional),30.260000000000005
NG-OYO-642,South West,Oyo,Ibarapa East,oyo,ibarapa east,167500.0,0.020999974925403,233281.0,4898.895150572955,6831.666666666666,36,139.45321254462166,75.8824,64.7983,79.3161,-0.477152381,8.565052287,5,37.3542,4,Peri-urban / Migrant Dense (transitional),23.629999999999995
NG-OYO-643,South West,Oyo,Ibarapa North,oyo,ibarapa north,143300.0,0.0179659486973746,233281.0,4191.114478072264,4631.657142857143,35,110.51134888082346,74.4024,66.7552,74.6904,-0.5062,15.19412502,24,27.1341,4,Peri-urban / Migrant Dense (transitional),32.09
NG-OYO-644,South West,Oyo,Ido,oyo,ido,148800.0,0.0186555001128356,233281.0,4351.973721822422,5852.666666666667,36,134.48304242553695,82.4465,71.4603,78.7088,-0.152474227,8.196674734,4,45.0977,4,Peri-urban / Migrant Dense (transitional),17.120000000000005
NG-OYO-645,South West,Oyo,Irepo,oyo,irepo,173300.0,0.0217271382362528,233281.0,5068.528534891301,6332.470588235295,34,124.9370610156997,55.4564,36.6055,46.9879,-0.478739583,22.00681551,0,36.8181,4,Peri-urban / Migrant Dense (transitional),62.68
NG-OYO-646,South West,Oyo,Iseyin,oyo,iseyin,365300.0,0.045798751285073,233281.0,10683.978498533135,9459.0,36,88.53443500750848,70.9809,63.1666,69.7406,-0.501663399,24.38981041,8,31.2545,4,Peri-urban / Migrant Dense (transitional),32.56999999999999
NG-OYO-647,South West,Oyo,Itesiwaju,oyo,itesiwaju,182100.0,0.0228304205009904,233281.0,5325.903324891553,6631.333333333333,36,124.510959527572,61.5522,53.7538,54.7956,-0.480878788,21.25002448,2,41.0102,4,Peri-urban / Migrant Dense (transitional),46.56
NG-OYO-648,South West,Oyo,Iwajowa,oyo,iwajowa,147000.0,0.0184298287405029,233281.0,4299.32887841328,5345.333333333334,36,124.32948221691043,64.8139,57.3254,62.1132,-0.507165217,21.26594286,9,34.2715,4,Peri-urban / Migrant Dense (transitional),34.269999999999996
NG-OYO-649,South West,Oyo,Kajola,oyo,kajola,286600.0,0.0359318973947493,233281.0,8382.228956144529,9539.29411764706,34,113.80378855739023,75.207,66.9049,73.3098,-0.43995,16.00105853,2,10.8543,4,Peri-urban / Migrant Dense (transitional),30.569999999999993
NG-OYO-650,South West,Oyo,Lagelu,oyo,lagelu,211700.0,0.0265414608460169,233281.0,6191.618527619669,7893.0,36,127.4787838558009,89.2067,77.6811,82.5169,0.031909091,2.909108632,4,38.8102,4,Peri-urban / Migrant Dense (transitional),16.989999999999995
NG-OYO-651,South West,Oyo,Ogbomosho North,oyo,ogbomosho north,284200.0,0.0356310022316391,233281.0,8312.035831599007,9710.470588235294,34,116.82421472871908,86.0938,77.8084,95.9266,0.061793103,3.274886942,8,45.9666,4,Peri-urban / Migrant Dense (transitional),22.78
NG-OYO-652,South West,Oyo,Ogbomosho South,oyo,ogbomosho south,143500.0,0.0179910232943005,233281.0,4196.9639051177255,4249.028571428571,35,101.24053166736456,86.6998,79.8451,97.0829,0.307142857,2.436519507,0,47.1935,4,Peri-urban / Migrant Dense (transitional),22.689999999999998
NG-OYO-653,South West,Oyo,Ogo Oluwa,oyo,ogo oluwa,93200.0,0.0116847621674481,233281.0,2725.833003184474,3705.6,35,135.94376455457495,82.9286,74.2188,83.1853,-0.281972222,4.973458482,2,41.1972,4,Peri-urban / Migrant Dense (transitional),18.909999999999997
NG-OYO-654,South West,Oyo,Olorunsogo,oyo,olorunsogo,116200.0,0.0145683408139214,233281.0,3398.5171134124016,4210.235294117647,34,123.8844811903922,57.3158,47.8815,44.7102,-0.432477987,22.9184336,1,20.7546,4,Peri-urban / Migrant Dense (transitional),54.33
NG-OYO-655,South West,Oyo,Oluyole,oyo,oluyole,290800.0,0.0364584639301923,233281.0,8505.066924099196,11441.142857142857,35,134.5214912386434,84.2414,71.1774,73.0583,-0.066821053,12.27017208,7,10.9377,4,Peri-urban / Migrant Dense (transitional),19.25
NG-OYO-656,South West,Oyo,Ona Ara,oyo,ona ara,379500.0,0.0475790476668087,233281.0,11099.287818760811,11979.428571428572,35,107.92970474357898,85.798,73.4325,67.2559,-0.092171429,6.074463423,3,38.8727,4,Peri-urban / Migrant Dense (transitional),18.659999999999997
NG-OYO-657,South West,Oyo,Orelope,oyo,orelope,148600.0,0.0186304255159098,233281.0,4346.1242947769615,5781.882352941177,34,133.0353657830188,56.3369,44.9912,44.1306,-0.509855856,27.79544214,1,45.4755,4,Peri-urban / Migrant Dense (transitional),60.15
NG-OYO-658,South West,Oyo,Ori Ire,oyo,ori ire,213500.0,0.0267671322183495,233281.0,6244.263371028811,7432.941176470587,34,119.03631757361204,63.2074,54.3602,58.6744,-0.456194215,22.78818422,3,31.2052,4,Peri-urban / Migrant Dense (transitional),38.77
NG-OYO-659,South West,Oyo,Oyo East,oyo,oyo east,177400.0,0.0222411674732328,233281.0,5188.441789323237,6895.764705882353,34,132.90627486796598,83.8817,75.1492,84.3125,-0.054772727,6.214095697,0,27.7706,4,Peri-urban / Migrant Dense (transitional),20.72
NG-OYO-660,South West,Oyo,Oyo West,oyo,oyo west,195000.0,0.024447732002708,233281.0,5703.191369323738,6514.666666666667,36,114.2284423718917,77.8114,68.8946,83.0933,-0.42136,15.16071803,6,21.3408,4,Peri-urban / Migrant Dense (transitional),24.069999999999993
NG-OYO-661,South West,Oyo,Saki East,oyo,saki east,155700.0,0.0195205737067776,233281.0,4553.7789548908,5523.666666666666,36,121.29852417922476,56.3934,41.8387,42.1402,-0.48010084,24.57534957,2,31.7332,4,Peri-urban / Migrant Dense (transitional),61.61
NG-OYO-662,South West,Oyo,Saki West,oyo,saki west,390500.0,0.0489581504977307,233281.0,11421.006306261128,11849.0,36,103.74742542173574,43.2621,28.4942,33.2918,-0.40119398,22.29378069,6,46.5335,4,Peri-urban / Migrant Dense (transitional),58.62
NG-OYO-663,South West,Oyo,Surulere,oyo,surulere,200600.0,0.0251498207166319,233281.0,5866.975326596625,5791.0,36,98.70503415529622,82.3181,72.0285,82.0026,-0.442640845,3.68824747,2,24.2348,4,Peri-urban / Migrant Dense (transitional),19.5
NG-PLA-664,North Central,Plateau,Barkin Ladi,plateau,barkin ladi,264500.0,0.0560702096538274,148720.0,8338.761579717211,9237.333333333334,36,110.7758417724973,54.5833,50.9952,40.4173,-0.168107143,11.16827401,35,47.6481,4,Peri-urban / Migrant Dense (transitional),9.89
NG-PLA-665,North Central,Plateau,Bassa,plateau,bassa,279300.0,0.0592075975664045,148720.0,8805.353910075679,10694.666666666666,36,121.45640908798802,57.2747,37.5251,59.9617,-0.288175676,16.62347288,66,47.7561,4,Peri-urban / Migrant Dense (transitional),15.030000000000001
NG-PLA-666,North Central,Plateau,Bokkos,plateau,bokkos,264100.0,0.0559854153859199,148720.0,8326.150976194009,7053.0,36,84.70900924287608,51.1977,43.245,32.655,-0.295012,16.36290932,64,39.3694,4,Peri-urban / Migrant Dense (transitional),13.060000000000002
NG-PLA-667,North Central,Plateau,Jos East,plateau,jos east,129900.0,0.0275369385029572,148720.0,4095.293494159795,4111.333333333333,36,100.39166519313969,65.1659,54.8732,76.3563,-0.433907563,28.58162918,16,34.88,4,Peri-urban / Migrant Dense (transitional),8.469999999999999
NG-PLA-668,North Central,Plateau,Jos North,plateau,jos north,643200.0,0.136349182795243,148720.0,20277.850465308547,20486.0,36,101.0264871764764,70.9069,65.7864,86.0256,0.435891304,6.461019802,66,34.7246,4,Peri-urban / Migrant Dense (transitional),6.510000000000005
NG-PLA-669,North Central,Plateau,Jos South,plateau,jos south,458100.0,0.0971106353210523,148720.0,14442.293684946895,14620.666666666668,36,101.23507377436653,66.4523,65.1831,81.395,0.365134831,7.649414063,48,42.8487,4,Peri-urban / Migrant Dense (transitional),6.959999999999994
NG-PLA-670,North Central,Plateau,Kanam,plateau,kanam,246600.0,0.0522756661649672,148720.0,7774.437072053929,12237.333333333334,36,157.40475123686804,43.0607,19.9361,32.8251,-0.451425856,23.2201225,7,47.9184,2,Conflict-Affected / Nomadic,36.07
NG-PLA-671,North Central,Plateau,Kanke,plateau,kanke,182800.0,0.0387509804337226,148720.0,5763.045810103237,3813.6666666666665,36,66.17449856082871,55.1558,34.722,43.1005,-0.417008547,14.44116678,1,64.7918,2,Conflict-Affected / Nomadic,13.260000000000005
NG-PLA-672,North Central,Plateau,Langtang North,plateau,langtang north,209400.0,0.0443897992495707,148720.0,6601.650944396159,7214.666666666666,36,109.28579422683455,40.8883,27.0521,28.2105,-0.369100719,15.84558343,0,51.9485,2,Conflict-Affected / Nomadic,25.060000000000002
NG-PLA-673,North Central,Plateau,Langtang South,plateau,langtang south,154700.0,0.0327941831132215,148720.0,4877.150912598308,4504.0,36,92.34899802599072,35.384,16.8418,35.2761,-0.41092,16.92124521,1,34.727,2,Conflict-Affected / Nomadic,25.019999999999996
NG-PLA-674,North Central,Plateau,Mangu,plateau,mangu,442100.0,0.0937188646047527,148720.0,13937.869544018824,11656.0,36,83.62827592257064,57.5346,51.0356,47.7626,-0.262545113,13.01664208,64,54.8764,4,Peri-urban / Migrant Dense (transitional),9.659999999999997
NG-PLA-675,North Central,Plateau,Mikang,plateau,mikang,141800.0,0.030059567973205,148720.0,4470.45894897505,3899.666666666667,36,87.23190865136455,47.4482,33.488,41.1941,-0.421421875,24.9108047,3,41.3344,2,Conflict-Affected / Nomadic,19.400000000000006
NG-PLA-676,North Central,Plateau,Pankshin,plateau,pankshin,279700.0,0.059292391834312,148720.0,8817.964513598881,5755.666666666667,36,65.27205522079838,58.6339,46.1584,51.9541,-0.380473684,22.52751491,10,41.7112,4,Peri-urban / Migrant Dense (transitional),11.14
NG-PLA-677,North Central,Plateau,Qua'An Pan,plateau,quaan pan,290200.0,0.0615182413668836,148720.0,9148.992856082928,18593.0,36,203.2245547949903,51.4895,36.0024,48.3486,-0.419274151,25.10573748,6,30.2109,2,Conflict-Affected / Nomadic,24.5
NG-PLA-678,North Central,Plateau,Riyom,plateau,riyom,193900.0,0.0411040213681555,148720.0,6112.990057872087,4682.0,36,76.59099647922199,59.7329,47.8214,59.8279,-0.312816,21.37128194,46,43.7681,4,Peri-urban / Migrant Dense (transitional),11.439999999999998
NG-PLA-679,North Central,Plateau,Shendam,plateau,shendam,301800.0,0.0639772751362007,148720.0,9514.70035825578,16797.0,36,176.53735133577237,47.6571,29.7154,44.3794,-0.45462982,22.14604613,2,55.3969,2,Conflict-Affected / Nomadic,21.36
NG-PLA-680,North Central,Plateau,Wase,plateau,wase,235200.0,0.0498590295296038,148720.0,7415.034871642677,9440.666666666666,36,127.31789978184209,33.8591,14.9401,23.2318,-0.467011876,48.2015908,35,9.2748,2,Conflict-Affected / Nomadic,43.88
NG-RIV-681,South South,Rivers,Abua/Odual,rivers,abua odual,406200.0,0.054326601578173,201625.0,10953.601043199144,17105.666666666664,36,156.16477721988244,56.6741,26.9722,80.8192,-0.238894737,35.00776832,0,5.7828,4,Peri-urban / Migrant Dense (transitional),20.239999999999995
NG-RIV-682,South South,Rivers,Ahoada East,rivers,ahoada east,239200.0,0.0319914404172796,201625.0,6450.274174134011,9350.333333333334,36,144.9602463540036,69.9293,35.2125,93.0678,-0.029015625,9.238912509,0,5.1662,4,Peri-urban / Migrant Dense (transitional),21.049999999999997
NG-RIV-683,South South,Rivers,Ahoada West,rivers,ahoada west,358400.0,0.0479336632339173,201625.0,9664.624849538584,14517.333333333334,36,150.21103829008356,57.2617,30.65,90.359,-0.084021739,17.77742443,18,24.2846,5,Urban Slums (better-off urban core),22.67
NG-RIV-684,South South,Rivers,Akuku Toru,rivers,akuku toru,231700.0,0.0309883643172395,201625.0,6248.028955463421,6615.666666666666,36,105.8840590180328,40.3452,19.6657,40.5513,-0.108755814,144.074212,12,21.0137,3,Riverine / Geographically Isolated,19.549999999999997
NG-RIV-685,South South,Rivers,Andoni,rivers,andoni,313400.0,0.0419152066336766,201625.0,8451.153537515045,13739.333333333332,36,162.57346730649044,61.7964,19.0139,50.7561,-0.10547619,27.98331876,6,8.4239,4,Peri-urban / Migrant Dense (transitional),13.430000000000007
NG-RIV-686,South South,Rivers,Asari-Toru,rivers,asari toru,316100.0,0.042276314029691,201625.0,8523.961816236459,9656.333333333334,36,113.28456815632292,76.1377,40.4055,83.3534,-0.056592593,35.35130186,3,17.2888,4,Peri-urban / Migrant Dense (transitional),12.219999999999999
NG-RIV-687,South South,Rivers,Bonny,rivers,bonny,309200.0,0.0413534840176541,201625.0,8337.896215059516,9645.333333333334,36,115.68065953990153,57.3858,22.0261,42.4386,0.068608696,29.11388679,7,23.7719,4,Peri-urban / Migrant Dense (transitional),14.450000000000003
NG-RIV-688,South South,Rivers,Degema,rivers,degema,358800.0,0.0479871606259194,201625.0,9675.411261201016,13859.666666666666,36,143.24627958963114,51.6462,27.0689,50.0252,-0.068283019,111.8244981,41,42.5921,3,Riverine / Geographically Isolated,15.36
NG-RIV-689,South South,Rivers,Eleme,rivers,eleme,273500.0,0.0365788417814631,201625.0,7375.208974187508,11049.333333333334,36,149.8172237831483,84.6314,60.8732,98.2493,0.526666667,4.498437375,11,13.5921,5,Urban Slums (better-off urban core),9.079999999999998
NG-RIV-690,South South,Rivers,Emohua,rivers,emuoha,289200.0,0.0386786144175471,201625.0,7798.5756319379425,9380.0,36,120.27837444552776,75.5237,43.9988,88.7054,-0.046931507,15.82617751,0,13.5812,4,Peri-urban / Migrant Dense (transitional),18.430000000000007
NG-RIV-691,South South,Rivers,Etche,rivers,etche,359500.0,0.0480807810619232,201625.0,9694.287481610272,14199.333333333334,36,146.47113942379963,85.905,71.4189,93.2804,0.079690265,5.968255621,9,37.7893,5,Urban Slums (better-off urban core),15.019999999999996
NG-RIV-692,South South,Rivers,Gokana,rivers,gokana,336300.0,0.0449779323257991,201625.0,9068.675605189246,17171.666666666664,36,189.3514269805919,70.8348,33.8304,89.4662,0.256944444,7.885676558,0,15.2913,4,Peri-urban / Migrant Dense (transitional),10.040000000000006
NG-RIV-693,South South,Rivers,Ikwerre,rivers,ikwerre,271700.0,0.0363381035174535,201625.0,7326.6701217065665,10676.333333333334,36,145.71876658815023,82.2601,60.667,92.2461,0.196694444,8.763251568,21,43.7955,4,Peri-urban / Migrant Dense (transitional),16.180000000000007
NG-RIV-694,South South,Rivers,Khana,rivers,khana,421300.0,0.0563461281262538,201625.0,11360.788083455933,16981.333333333332,36,149.47319858964963,70.7079,31.1823,86.6162,0.060726027,8.054301715,17,5.0783,5,Urban Slums (better-off urban core),11.709999999999994
NG-RIV-695,South South,Rivers,Obio/Akpor,rivers,obio akpor,665000.0,0.0889394142035575,201625.0,17932.409388792297,31244.666666666664,36,174.23574261133302,87.668,68.0277,97.509,0.855891304,2.347995353,0,2.4444,4,Peri-urban / Migrant Dense (transitional),9.810000000000002
NG-RIV-696,South South,Rivers,Ogba/Egbema/Ndoni,rivers,ogba egbema ndoni,407400.0,0.0544870937541794,201625.0,10985.960278186438,17557.0,36,159.813066454108,70.8392,62.1257,92.6814,-0.078154545,21.79963156,0,63.8137,4,Peri-urban / Migrant Dense (transitional),
NG-RIV-697,South South,Rivers,Ogu/Bolo,rivers,ogu bolo,108300.0,0.0144844188845793,201625.0,2920.4209576033168,4985.0,36,170.69457014481256,61.628,28.402,68.6677,0.029,36.10192958,0,45.2848,4,Peri-urban / Migrant Dense (transitional),11.329999999999998
NG-RIV-698,South South,Rivers,Okrika,rivers,okrika,319700.0,0.0427577905577103,201625.0,8621.039521198341,15585.0,36,180.7786631957541,57.3256,31.0579,56.3064,0.042051724,120.6522524,6,12.9782,3,Riverine / Geographically Isolated,11.349999999999994
NG-RIV-699,South South,Rivers,Omumma,rivers,omumma,144400.0,0.0193125585127725,201625.0,3893.894610137756,6887.333333333334,36,176.87518597452944,86.2756,78.0507,95.3288,0.168206897,5.285530784,4,32.5261,5,Urban Slums (better-off urban core),12.769999999999996
NG-RIV-700,South South,Rivers,Opobo/Nkoro,rivers,opobo nkoro,219800.0,0.0293968169051758,201625.0,5927.133208506085,9694.666666666668,36,163.56417724430017,63.4289,20.8671,59.8144,0.045,19.40546634,0,35.5238,4,Peri-urban / Migrant Dense (transitional),14.489999999999995
NG-RIV-701,South South,Rivers,Oyigbo,rivers,oyigbo,180300.0,0.0241139494449645,201625.0,4861.975056840979,7591.666666666667,36,156.14367778347426,79.9628,53.1687,94.495,0.15075,6.006988822,9,12.6685,5,Urban Slums (better-off urban core),10.099999999999994
NG-RIV-702,South South,Rivers,Port-Harcourt,rivers,port harcourt,774600.0,0.1035976996121439,201625.0,20887.886184298517,32228.0,36,154.29038494199514,85.7565,66.4876,96.3211,0.960416667,3.382940565,97,59.2875,5,Urban Slums (better-off urban core),9.870000000000005
NG-RIV-703,South South,Rivers,Tai,rivers,tai,173000.0,0.0231376220409255,201625.0,4665.123044001605,8168.666666666666,36,175.1007763272161,76.8948,43.6625,97.3341,0.10173913,2.50336186,3,20.2432,4,Peri-urban / Migrant Dense (transitional),9.700000000000003
NG-SOK-704,North West,Sokoto,Binji,sokoto,binji,180000.0,0.028165047176454,234814.0,6613.547387691874,4529.666666666667,36,68.49072670283715,19.8667,3.3771,10.6017,-0.550741935,36.15716978,12,11.601,2,Conflict-Affected / Nomadic,81.05
NG-SOK-705,North West,Sokoto,Bodinga,sokoto,bodinga,300900.0,0.0470825705299723,234814.0,11055.646716424915,8958.0,36,81.02646755789935,19.9327,5.3097,19.7879,-0.439669903,10.98455265,4,16.8983,1,Remote Rural / Hard-to-Reach,76.76
NG-SOK-706,North West,Sokoto,Dange-Shuni,sokoto,dange shuni,333900.0,0.0522461625123222,234814.0,12268.130404168429,9832.0,36,80.14261078166656,19.5296,5.3946,20.9052,-0.443062937,33.90141519,6,29.4173,2,Conflict-Affected / Nomadic,75.24
NG-SOK-707,North West,Sokoto,Gada,sokoto,gada,429900.0,0.067267521006431,234814.0,15795.355677604091,14260.0,36,90.27970177473723,28.3509,3.5433,32.0608,-0.413493088,7.831935773,10,21.9738,2,Conflict-Affected / Nomadic,69.44
NG-SOK-708,North West,Sokoto,Goronyo,sokoto,goronyo,314300.0,0.0491793018197749,234814.0,11547.988577508646,16951.333333333332,36,146.79035417776973,23.9253,3.2232,27.2946,-0.470179104,27.16270616,66,32.9715,2,Conflict-Affected / Nomadic,82.67
NG-SOK-709,North West,Sokoto,Gudu,sokoto,gudu,164700.0,0.0257710181664554,234814.0,6051.395859738065,5216.333333333334,36,86.2004974429011,16.1909,1.8919,12.5132,-0.595962121,36.61620634,9,14.9638,2,Conflict-Affected / Nomadic,67.06
NG-SOK-710,North West,Sokoto,Gwadabawa,sokoto,gwadabawa,399700.0,0.0625420519801592,234814.0,14685.749393669124,12397.333333333332,36,84.41743761934067,31.2373,4.0019,14.552,-0.345795031,7.490897647,26,29.3193,2,Conflict-Affected / Nomadic,79.58
NG-SOK-711,North West,Sokoto,Illela,sokoto,illela,259100.0,0.0405420206856624,234814.0,9519.834045283138,11380.666666666668,36,119.5469018948448,30.7771,3.6695,16.7495,-0.415142857,12.27795592,39,31.2675,2,Conflict-Affected / Nomadic,75.57
NG-SOK-712,North West,Sokoto,Isa,sokoto,isa,259400.0,0.0405889624309565,234814.0,9530.856624262624,7333.333333333333,36,76.94306632065921,17.8426,4.1415,52.5752,-0.54842487,27.90138639,44,34.8485,2,Conflict-Affected / Nomadic,84.06
NG-SOK-713,North West,Sokoto,Kebbe,sokoto,kebbe,212600.0,0.0332660501650784,234814.0,7811.334303462736,6459.666666666666,36,82.69607234455603,12.7255,4.3843,14.5225,-0.516787234,37.38062456,3,6.917,1,Remote Rural / Hard-to-Reach,80.59
NG-SOK-714,North West,Sokoto,Kware,sokoto,kware,231400.0,0.0362077328701747,234814.0,8502.082586177221,9455.666666666666,36,111.21588823472254,29.6831,6.9413,28.2337,-0.33427027,9.595201265,11,26.0651,2,Conflict-Affected / Nomadic,77.25
NG-SOK-715,North West,Sokoto,Rabah,sokoto,rabah,257400.0,0.0402760174623292,234814.0,9457.37276439938,16456.333333333332,36,174.00533682335447,18.7092,3.0139,26.5312,-0.565045685,49.54559763,33,23.8622,2,Conflict-Affected / Nomadic,84.45
NG-SOK-716,North West,Sokoto,Sabon Birni,sokoto,sabon birni,358100.0,0.0560327966327121,234814.0,13157.285108513668,12989.333333333332,36,98.72350736648808,19.1585,4.0574,72.2131,-0.519775735,18.05570334,146,29.5899,2,Conflict-Affected / Nomadic,80.89
NG-SOK-717,North West,Sokoto,Shagari,sokoto,shagari,270800.0,0.0423727487521319,234814.0,9949.714625483108,6833.666666666666,36,68.68203686128192,15.4054,4.5763,12.639,-0.560769231,24.98641512,1,19.3703,1,Remote Rural / Hard-to-Reach,82.2
NG-SOK-718,North West,Sokoto,Silame,sokoto,silame,180500.0,0.0282432834186108,234814.0,6631.918352657685,5563.0,36,83.88221483110803,22.4738,4.7069,16.5097,-0.5366875,9.626423602,1,0.9919,1,Remote Rural / Hard-to-Reach,79.57
NG-SOK-719,North West,Sokoto,Sokoto North,sokoto,sokoto north,402200.0,0.0629332331909433,234814.0,14777.604218498178,10083.0,36,68.23162842173288,57.2695,31.183,93.8584,0.8825,1.653080713,17,3.0574,2,Conflict-Affected / Nomadic,63.91
NG-SOK-720,North West,Sokoto,Sokoto South,sokoto,sokoto south,341200.0,0.0533884116478117,234814.0,12536.346492669263,10644.666666666666,36,84.91043760549556,52.1718,29.7348,75.658,1.2405,0.605524222,3,36.8417,2,Conflict-Affected / Nomadic,64.42
NG-SOK-721,North West,Sokoto,Tambuwal,sokoto,tambuwal,389900.0,0.0610086216338856,234814.0,14325.678480339231,10401.666666666666,36,72.60854472576685,14.6915,3.7275,13.4161,-0.497805405,22.67053553,5,14.2696,1,Remote Rural / Hard-to-Reach,80.37
NG-SOK-722,North West,Sokoto,Tangaza,sokoto,tangaza,198100.0,0.0309971991425307,234814.0,7278.576319454224,7560.0,36,103.8664660256922,18.2994,2.0334,14.8328,-0.499531792,24.24272473,25,32.7561,2,Conflict-Affected / Nomadic,78.19
NG-SOK-723,North West,Sokoto,Tureta,sokoto,tureta,118100.0,0.0184794003974401,234814.0,4339.221924924502,5237.666666666667,36,120.70520377354973,15.2882,4.6323,15.9083,-0.669423077,65.37640973,10,5.8699,2,Conflict-Affected / Nomadic,75.49
NG-SOK-724,North West,Sokoto,Wamako,sokoto,wamakko,309400.0,0.0484125866466381,234814.0,11367.9531208437,9858.333333333334,36,86.72039045672695,30.4135,9.1117,28.5732,-0.258,7.388491144,14,11.8911,2,Conflict-Affected / Nomadic,65.11
NG-SOK-725,North West,Sokoto,Wurno,sokoto,wurno,280300.0,0.0438592373531114,234814.0,10298.762959833512,12079.333333333332,36,117.28916745092852,28.3302,4.4925,22.4949,-0.350170455,10.37454492,24,24.8845,2,Conflict-Affected / Nomadic,82.08
NG-SOK-726,North West,Sokoto,Yabo,sokoto,yabo,199000.0,0.031138024378413,234814.0,7311.644056392683,6611.333333333334,36,90.42198009561125,19.7175,3.9231,5.8422,-0.49295,12.10939997,3,73.1004,1,Remote Rural / Hard-to-Reach,80.75
NG-TAR-727,North East,Taraba,Ardo-Kola,taraba,ardo kola,138100.0,0.0385915886544641,122239.0,4717.397205533044,7445.666666666666,36,157.83421116062962,47.9011,22.4849,49.8806,-0.340956311,22.61637556,13,46.9564,2,Conflict-Affected / Nomadic,27.450000000000003
NG-TAR-728,North East,Taraba,Bali,taraba,bali,332000.0,0.0927763029202179,122239.0,11340.882492664525,19273.0,36,169.94268314186402,49.6671,30.3237,46.3325,-0.464314286,61.23387761,19,45.3901,2,Conflict-Affected / Nomadic,52.32
NG-TAR-729,North East,Taraba,Donga,taraba,donga,209400.0,0.0585161380466675,122239.0,7152.954198686601,11044.333333333332,36,154.40240530774338,56.1347,46.2887,72.7705,-0.48822508,29.43110887,14,54.0691,2,Conflict-Affected / Nomadic,43.13
NG-TAR-730,North East,Taraba,Gashaka,taraba,gashaka,137100.0,0.0383121419589213,122239.0,4683.237920916586,6871.666666666667,36,146.72896792144547,41.1649,23.3533,21.3606,-0.463439815,100.0233211,2,65.2584,3,Riverine / Geographically Isolated,41.78
NG-TAR-731,North East,Taraba,Gassol,taraba,gassol,385500.0,0.1077267011317591,122239.0,13168.404219645105,23579.0,36,179.05738316282844,38.9543,18.1709,34.9724,-0.445495902,43.12440558,34,41.6199,2,Conflict-Affected / Nomadic,51.42
NG-TAR-732,North East,Taraba,Ibi,taraba,ibi,132600.0,0.0370546318289786,122239.0,4529.521140142518,11157.333333333334,36,246.3247877231958,43.322,23.7465,41.2703,-0.513202643,30.51527221,4,46.063,2,Conflict-Affected / Nomadic,33.86
NG-TAR-733,North East,Taraba,Jalingo,taraba,jalingo,220700.0,0.0616738857063015,122239.0,7538.954114852591,11096.333333333334,36,147.1866410683188,54.279,25.9354,56.8579,0.022444444,8.125867073,40,50.0262,2,Conflict-Affected / Nomadic,19.700000000000003
NG-TAR-734,North East,Taraba,Karim-Lamido,taraba,karim lamido,305100.0,0.0852591868101159,122239.0,10421.997736481766,17170.0,36,164.74768498458923,43.9801,23.5672,40.1587,-0.440608911,40.75952769,28,48.7367,2,Conflict-Affected / Nomadic,30.959999999999994
NG-TAR-735,North East,Taraba,Kurmi,taraba,kurmi,143600.0,0.0401285454799497,122239.0,4905.273270923572,6099.666666666666,36,124.34917138710628,57.5321,39.7467,25.0549,-0.407834254,92.25028471,6,50.367,3,Riverine / Geographically Isolated,43.47
NG-TAR-736,North East,Taraba,Lau,taraba,lau,149700.0,0.0418331703227609,122239.0,5113.6449070839735,9803.666666666666,36,191.71582784494024,51.4343,24.9426,36.6023,-0.374862069,15.48517483,12,55.223,2,Conflict-Affected / Nomadic,20.269999999999996
NG-TAR-737,North East,Taraba,Sardauna,taraba,sardauna,352900.0,0.098616738857063,122239.0,12054.811541148523,17274.0,36,143.29547949410926,52.6182,26.3244,7.6455,-0.261229846,37.0152069,3,53.1995,2,Conflict-Affected / Nomadic,41.01
NG-TAR-738,North East,Taraba,Takum,taraba,takum,211700.0,0.059158865446416,122239.0,7231.520553304457,10044.0,36,138.89195122885153,54.5232,53.4256,66.2397,-0.381501567,34.44815269,53,49.2803,4,Peri-urban / Migrant Dense (transitional),31.39
NG-TAR-739,North East,Taraba,Ussa,taraba,ussa,143000.0,0.039960877462624,122239.0,4884.777700153696,6821.333333333334,36,139.6447034451272,56.9218,54.2469,66.0066,-0.324768421,13.61094106,15,43.2448,4,Peri-urban / Migrant Dense (transitional),23.97
NG-TAR-740,North East,Taraba,Wukari,taraba,wukari,374800.0,0.1047366214894508,122239.0,12802.899874248988,14933.333333333332,36,116.6402415078585,48.6704,36.3152,64.8651,-0.346730673,15.48344758,42,50.2966,2,Conflict-Affected / Nomadic,33.68000000000001
NG-TAR-741,North East,Taraba,Yorro,taraba,yorro,141400.0,0.0395137627497554,122239.0,4830.12284476736,8223.666666666666,36,170.25791953874733,53.8389,20.2123,30.3633,-0.359888158,41.09470078,18,49.4821,2,Conflict-Affected / Nomadic,26.319999999999993
NG-TAR-742,North East,Taraba,Zing,taraba,zing,200900.0,0.0561408411345535,122239.0,6862.600279446695,9554.333333333334,36,139.223223621931,61.7934,25.6246,34.0732,-0.386202703,18.14340667,4,41.364,2,Conflict-Affected / Nomadic,25.42
NG-YOB-743,North East,Yobe,Bade,yobe,bade,219800.0,0.0602241280105214,121020.0,7288.323971833302,11560.666666666668,36,158.61900090259988,26.4812,5.7462,53.4135,-0.434041379,36.79156716,5,61.6003,1,Remote Rural / Hard-to-Reach,50.14
NG-YOB-744,North East,Yobe,Busari,yobe,bursari,172500.0,0.0472641586979751,121020.0,5719.908485628956,9766.333333333332,36,170.74282495726737,20.1987,3.6373,32.9994,-0.507577419,34.75098146,4,52.9983,1,Remote Rural / Hard-to-Reach,
NG-YOB-745,North East,Yobe,Damaturu,yobe,damaturu,137900.0,0.0377839274460914,121020.0,4572.610899525988,11236.0,36,245.7239473659296,15.7002,3.2126,14.0704,-0.36578534,20.17286962,21,39.1469,2,Conflict-Affected / Nomadic,56.66
NG-YOB-746,North East,Yobe,Fika,yobe,fika,215000.0,0.0589089514206647,121020.0,7129.161300928843,15757.333333333332,36,221.02646676377407,28.7278,8.0966,15.8151,-0.539327913,21.91468967,3,60.5258,1,Remote Rural / Hard-to-Reach,58.94
NG-YOB-747,North East,Yobe,Fune,yobe,fune,474700.0,0.1300654848343699,121020.0,15740.524974655453,24396.0,36,154.9884774445651,20.7502,3.6726,10.9322,-0.63390056,39.14425343,1,56.8733,1,Remote Rural / Hard-to-Reach,62.34
NG-YOB-748,North East,Yobe,Geidam,yobe,geidam,244900.0,0.0671014055949804,121020.0,8120.61210510453,13193.333333333332,36,162.46722737858818,15.0099,3.0409,36.3518,-0.431071006,32.81499797,25,57.4466,2,Conflict-Affected / Nomadic,72.58
NG-YOB-749,North East,Yobe,Gujba,yobe,gujba,204100.0,0.0559224045811984,121020.0,6767.729402416637,9530.333333333334,36,140.82024807212622,24.3688,5.856,21.9074,-0.526242254,52.74529089,129,47.9101,2,Conflict-Affected / Nomadic,55.47
NG-YOB-750,North East,Yobe,Gulani,yobe,gulani,162700.0,0.0445790064936844,121020.0,5394.951365865687,11521.0,36,213.55150804313715,26.6178,8.6742,20.6327,-0.408978339,26.47830206,0,37.0623,1,Remote Rural / Hard-to-Reach,59.83
NG-YOB-751,North East,Yobe,Jakusko,yobe,jakusko,365500.0,0.10014521741513,121020.0,12119.574211579034,16419.666666666668,36,135.48055715504697,23.2069,4.6406,32.065,-0.568319328,33.59513255,2,63.9741,1,Remote Rural / Hard-to-Reach,58.1
NG-YOB-752,North East,Yobe,Karasuwa,yobe,karasuwa,165900.0,0.0454557908869222,121020.0,5501.059813135326,7976.0,36,144.9902431701444,27.7146,6.4803,66.0937,-0.606535211,30.31414382,2,55.7885,1,Remote Rural / Hard-to-Reach,52.0
NG-YOB-753,North East,Yobe,Machina,yobe,machina,95900.0,0.0262761322848453,121020.0,3179.937529111982,6198.666666666666,36,194.9304541337227,27.658,5.8099,94.1562,-0.715869318,34.18745283,0,50.7889,1,Remote Rural / Hard-to-Reach,51.36
NG-YOB-754,North East,Yobe,Nangere,yobe,nangere,137600.0,0.0377017289092254,121020.0,4562.663232594459,8849.0,36,193.9437462047404,29.6052,8.4023,22.7481,-0.635923469,9.910609816,0,63.7587,1,Remote Rural / Hard-to-Reach,50.86
NG-YOB-755,North East,Yobe,Nguru,yobe,nguru,236900.0,0.0649094446118859,121020.0,7855.340986930433,13338.333333333334,36,169.79954600984732,30.9552,8.4517,85.1622,-0.564178218,12.10713778,0,37.2808,1,Remote Rural / Hard-to-Reach,44.06
NG-YOB-756,North East,Yobe,Potiskum,yobe,potiskum,322100.0,0.0882538290818423,121020.0,10680.47839548456,29102.0,36,272.47843141842407,35.7892,10.077,17.5153,-0.402714286,13.33247198,3,55.6881,1,Remote Rural / Hard-to-Reach,49.27
NG-YOB-757,North East,Yobe,Tarmuwa,yobe,tarmuwa,122100.0,0.0334548045044798,121020.0,4048.700441132148,7993.666666666667,36,197.43783920035776,15.4724,2.6864,11.7441,-0.531564103,35.73827338,16,46.3287,2,Conflict-Affected / Nomadic,68.76
NG-YOB-758,North East,Yobe,Yunusari,yobe,yunusari,198000.0,0.0542510343315889,121020.0,6565.460174808889,10133.333333333334,36,154.34307822342856,19.7677,2.9804,60.2802,-0.493247978,30.98465993,13,58.8114,2,Conflict-Affected / Nomadic,67.8
NG-YOB-759,North East,Yobe,Yusufari,yobe,yusufari,174100.0,0.047702550894594,121020.0,5772.962709263775,9082.333333333332,36,157.32534212907814,24.8526,4.4399,62.0701,-0.633248918,67.07155169,0,50.789,1,Remote Rural / Hard-to-Reach,62.22
NG-ZAM-760,North West,Zamfara,Anka,zamfara,anka,255500.0,0.0437987486071826,213755.0,9362.201508528327,11662.333333333332,36,124.56827940212293,22.2827,5.2148,20.5844,-0.509633094,22.12149768,70,54.5495,2,Conflict-Affected / Nomadic,82.49
NG-ZAM-761,North West,Zamfara,Bakura,zamfara,bakura,332900.0,0.0570669409445444,213755.0,12198.343961601096,11928.666666666666,36,97.7892302776234,17.5047,3.0052,20.8271,-0.516556701,52.10648224,40,40.4085,2,Conflict-Affected / Nomadic,79.92
NG-ZAM-762,North West,Zamfara,Birnin Magaji,zamfara,birnin magaji kiyaw,327500.0,0.056141253107054,213755.0,12000.473557898344,11882.0,36,99.01275931048262,21.5827,4.8763,46.3131,-0.474522876,21.18430837,26,53.9135,2,Conflict-Affected / Nomadic,80.8
NG-ZAM-763,North West,Zamfara,Bukkuyum,zamfara,bukkuyum,384900.0,0.0659809719722293,213755.0,14103.762663923888,14198.666666666666,36,100.67289846691432,15.1711,4.4976,14.9836,-0.527668817,33.40494488,88,48.3281,2,Conflict-Affected / Nomadic,82.73
NG-ZAM-764,North West,Zamfara,Bungudu,zamfara,bungudu,460200.0,0.0788891745950115,213755.0,16862.9555155567,21923.0,36,130.00686611415907,24.9239,6.2502,34.3166,-0.448758523,13.7548985,79,58.5332,2,Conflict-Affected / Nomadic,75.7
NG-ZAM-765,North West,Zamfara,Gummi,zamfara,gummi,367800.0,0.0630496271535099,213755.0,13477.173052198508,17957.333333333332,36,133.2425818365817,12.1904,3.8338,13.887,-0.563918301,44.06928242,33,39.7838,2,Conflict-Affected / Nomadic,81.83
NG-ZAM-766,North West,Zamfara,Gusau,zamfara,gusau,682700.0,0.1170309419730864,213755.0,25015.949001457106,29570.0,36,118.20459019275118,27.9466,6.6168,27.5815,-0.378915709,26.77715105,161,50.7022,2,Conflict-Affected / Nomadic,68.96000000000001
NG-ZAM-767,North West,Zamfara,Kaura Namoda,zamfara,kaura namoda,507700.0,0.0870317990914545,213755.0,18603.482214793865,23359.666666666668,36,125.56609777115057,19.0122,5.1499,58.7829,-0.391013605,15.45913107,80,54.9805,2,Conflict-Affected / Nomadic,82.67
NG-ZAM-768,North West,Zamfara,Maradun,zamfara,maradun,369300.0,0.0633067626639238,213755.0,13532.137053227052,14862.666666666668,36,109.83236873973516,15.9589,3.4551,32.9284,-0.543851133,49.40582511,93,44.2796,2,Conflict-Affected / Nomadic,84.25
NG-ZAM-769,North West,Zamfara,Maru,zamfara,maru,521500.0,0.0893974457872632,213755.0,19109.15102425645,20522.666666666664,36,107.3970614425306,32.9121,8.2929,31.113,-0.517654501,42.19817114,149,50.2184,2,Conflict-Affected / Nomadic,80.16
NG-ZAM-770,North West,Zamfara,Shinkafi,zamfara,shinkafi,241900.0,0.0414673866460958,213755.0,8863.861232536214,10031.666666666666,36,113.17490655024964,16.0424,3.651,55.7221,-0.515775194,20.65479424,51,39.0775,2,Conflict-Affected / Nomadic,84.18
NG-ZAM-771,North West,Zamfara,Talata Mafara,zamfara,talata mafara,383700.0,0.0657752635638981,213755.0,14059.791463101055,18580.666666666668,36,132.1546391027942,17.9485,3.6504,22.9496,-0.458132231,24.73941608,49,55.4036,2,Conflict-Affected / Nomadic,82.23
NG-ZAM-772,North West,Zamfara,Tsafe,zamfara,tsafe,474900.0,0.0814091025970686,213755.0,17401.60272563641,20512.33333333333,36,117.8761155322442,29.2244,5.7527,26.8736,-0.439973684,20.96402246,137,56.5074,2,Conflict-Affected / Nomadic,70.86
NG-ZAM-773,North West,Zamfara,Zurmi,zamfara,zurmi,523000.0,0.0896545812976772,213755.0,19164.11502528499,20202.0,36,105.41577303906617,17.8881,4.0043,48.9765,-0.520211864,29.03882095,102,48.6278,2,Conflict-Affected / Nomadic,79.03
