state,zone,antigen,baseline_2024_doses_per_month,min_forecast_pct_6_12m,min_forecast_when,crosses_80_in_6_12m,first_month_below_80,months_observed,last_observed,severity,lga_clean
Abia,South East,Measles1,649.8,76.0,2026-12,True,2026-05,60,2025-12,Warning (70-80%),Aba North
Abia,South East,Penta1,718.8,54.5,2026-06,True,2026-01,60,2025-12,Severe (40-70%),Arochukwu
Abia,South East,Penta3,679.4,52.5,2026-06,True,2026-01,60,2025-12,Severe (40-70%),Arochukwu
Abia,South East,Measles1,448.2,59.1,2026-11,True,2026-05,60,2025-12,Severe (40-70%),Bende
Abia,South East,Penta1,682.7,77.2,2026-09,True,2026-01,60,2025-12,Warning (70-80%),Isiala-Ngwa South
Abia,South East,Penta3,632.5,79.8,2026-09,True,2026-01,60,2025-12,Warning (70-80%),Isiala-Ngwa South
Abia,South East,BCG,982.0,60.1,2026-11,True,2026-05,60,2025-12,Severe (40-70%),Obi Nwga
Abia,South East,Measles1,568.2,34.1,2026-11,True,2026-05,60,2025-12,Critical (0-40%),Obi Nwga
Abia,South East,Penta1,1090.2,66.0,2026-09,True,2026-01,60,2025-12,Severe (40-70%),Ohafia
Abia,South East,Penta3,1013.3,61.3,2026-09,True,2026-01,60,2025-12,Severe (40-70%),Ohafia
Abia,South East,BCG,1095.9,62.5,2026-12,True,2026-02,60,2025-12,Severe (40-70%),Osisioma Ngwa
Abia,South East,BCG,744.3,26.3,2026-10,True,2026-01,60,2025-12,Critical (0-40%),Ukwa West
Abia,South East,Measles1,471.9,-9.2,2026-11,True,2026-05,60,2025-12,Collapsed (<0%),Ukwa West
Abia,South East,BCG,787.3,68.6,2026-09,True,2026-02,60,2025-12,Severe (40-70%),Umuahia North
Abia,South East,Penta1,926.5,69.3,2026-09,True,2026-05,60,2025-12,Severe (40-70%),Umuahia North
Abia,South East,Penta3,880.8,69.1,2026-09,True,2026-02,60,2025-12,Severe (40-70%),Umuahia North
Abia,South East,Measles1,678.6,60.2,2026-09,True,2026-05,60,2025-12,Severe (40-70%),Umuahia North
Abia,South East,BCG,622.8,79.3,2026-09,True,2026-02,60,2025-12,Warning (70-80%),Umuahia South
Abia,South East,Penta1,618.2,73.7,2026-09,True,2026-02,60,2025-12,Warning (70-80%),Umuahia South
Abia,South East,Penta3,565.2,76.1,2026-09,True,2026-03,60,2025-12,Warning (70-80%),Umuahia South
Abia,South East,Penta3,698.0,78.1,2026-11,True,2026-05,60,2025-12,Warning (70-80%),Umunneochi
Adamawa,North East,Penta1,1040.0,78.8,2026-07,True,2026-07,60,2025-12,Warning (70-80%),Michika
Adamawa,North East,Penta3,990.8,79.4,2026-07,True,2026-07,60,2025-12,Warning (70-80%),Michika
Adamawa,North East,BCG,931.4,65.8,2026-12,True,2026-02,60,2025-12,Severe (40-70%),Mubi South
Adamawa,North East,Measles1,1498.1,76.1,2026-06,True,2026-02,60,2025-12,Warning (70-80%),Yola North
Akwa Ibom,South South,Penta1,504.2,69.5,2026-10,True,2026-01,60,2025-12,Severe (40-70%),Abak
Akwa Ibom,South South,Penta3,452.8,60.1,2026-09,True,2026-01,60,2025-12,Severe (40-70%),Abak
Akwa Ibom,South South,BCG,271.2,54.6,2026-10,True,2026-02,60,2025-12,Severe (40-70%),Eastern Obolo
Akwa Ibom,South South,Penta1,240.8,57.0,2026-10,True,2026-01,60,2025-12,Severe (40-70%),Eastern Obolo
Akwa Ibom,South South,Penta3,197.2,34.9,2026-10,True,2026-01,60,2025-12,Critical (0-40%),Eastern Obolo
Akwa Ibom,South South,Penta1,694.3,65.7,2026-08,True,2026-02,60,2025-12,Severe (40-70%),Eket
Akwa Ibom,South South,Penta3,638.7,68.7,2026-08,True,2026-02,60,2025-12,Severe (40-70%),Eket
Akwa Ibom,South South,Penta1,777.9,71.0,2026-08,True,2026-01,60,2025-12,Warning (70-80%),Essien Udim
Akwa Ibom,South South,Penta3,680.1,57.7,2026-08,True,2026-01,60,2025-12,Severe (40-70%),Essien Udim
Akwa Ibom,South South,BCG,584.4,60.5,2026-09,True,2026-03,60,2025-12,Severe (40-70%),Etinan
Akwa Ibom,South South,Penta1,1979.6,1.8,2026-07,True,2026-01,60,2025-12,Critical (0-40%),Etinan
Akwa Ibom,South South,Penta3,473.3,65.8,2026-09,True,2026-02,60,2025-12,Severe (40-70%),Etinan
Akwa Ibom,South South,Measles1,386.4,58.3,2026-09,True,2026-05,60,2025-12,Severe (40-70%),Etinan
Akwa Ibom,South South,Penta3,322.8,77.4,2026-08,True,2026-08,60,2025-12,Warning (70-80%),Ini
Akwa Ibom,South South,Measles1,316.8,65.7,2026-12,True,2026-03,60,2025-12,Severe (40-70%),Ini
Akwa Ibom,South South,BCG,652.6,77.5,2026-12,True,2026-03,60,2025-12,Warning (70-80%),Mkpat Enin
Akwa Ibom,South South,Measles1,731.1,47.2,2026-09,True,2026-01,60,2025-12,Severe (40-70%),Mkpat Enin
Akwa Ibom,South South,BCG,340.2,67.6,2026-07,True,2026-03,60,2025-12,Severe (40-70%),Nsit Atai
Akwa Ibom,South South,Penta1,379.6,66.1,2026-07,True,2026-01,60,2025-12,Severe (40-70%),Nsit Atai
Akwa Ibom,South South,Penta3,338.8,54.4,2026-07,True,2026-01,60,2025-12,Severe (40-70%),Nsit Atai
Akwa Ibom,South South,Measles1,378.3,64.6,2026-09,True,2026-01,60,2025-12,Severe (40-70%),Nsit Atai
Akwa Ibom,South South,Measles1,621.2,77.6,2026-10,True,2026-05,60,2025-12,Warning (70-80%),Nsit Ibom
Akwa Ibom,South South,BCG,457.8,69.8,2026-12,True,2026-02,60,2025-12,Severe (40-70%),Okobo
Akwa Ibom,South South,Measles1,423.1,76.2,2026-12,True,2026-02,60,2025-12,Warning (70-80%),Okobo
Akwa Ibom,South South,Penta1,508.7,34.6,2026-11,True,2026-01,60,2025-12,Critical (0-40%),Onna
Akwa Ibom,South South,Penta3,450.0,59.8,2026-11,True,2026-02,60,2025-12,Severe (40-70%),Onna
Akwa Ibom,South South,Measles1,512.0,64.6,2026-06,True,2026-06,60,2025-12,Severe (40-70%),Onna
Akwa Ibom,South South,Measles1,323.4,79.6,2026-09,True,2026-05,60,2025-12,Warning (70-80%),Oron
Akwa Ibom,South South,Penta1,1965.2,13.2,2026-07,True,2026-01,60,2025-12,Critical (0-40%),Oruk Anam
Akwa Ibom,South South,Measles1,541.0,33.9,2026-09,True,2026-01,60,2025-12,Critical (0-40%),Oruk Anam
Akwa Ibom,South South,Measles1,164.0,26.0,2026-07,True,2026-02,60,2025-12,Critical (0-40%),Udung Uko
Akwa Ibom,South South,Penta1,324.2,75.1,2026-07,True,2026-02,60,2025-12,Warning (70-80%),Ukanafun
Akwa Ibom,South South,Penta3,277.8,74.3,2026-07,True,2026-02,60,2025-12,Warning (70-80%),Ukanafun
Akwa Ibom,South South,BCG,440.8,63.7,2026-09,True,2026-02,60,2025-12,Severe (40-70%),Uruan
Akwa Ibom,South South,Penta1,378.3,66.8,2026-09,True,2026-02,60,2025-12,Severe (40-70%),Uruan
Akwa Ibom,South South,Penta3,362.9,63.8,2026-09,True,2026-02,60,2025-12,Severe (40-70%),Uruan
Akwa Ibom,South South,Measles1,356.9,63.4,2026-09,True,2026-03,60,2025-12,Severe (40-70%),Uruan
Akwa Ibom,South South,Penta1,375.5,66.7,2026-09,True,2026-03,60,2025-12,Severe (40-70%),Urue-Offong/Oruko
Akwa Ibom,South South,Penta3,319.4,55.1,2026-09,True,2026-01,60,2025-12,Severe (40-70%),Urue-Offong/Oruko
Akwa Ibom,South South,Penta1,2859.2,32.3,2026-07,True,2026-01,60,2025-12,Critical (0-40%),Uyo
Anambra,South East,BCG,1091.5,69.5,2026-09,True,2026-03,60,2025-12,Severe (40-70%),Anambra East
Anambra,South East,Penta3,727.4,77.6,2026-09,True,2026-03,60,2025-12,Warning (70-80%),Anambra East
Anambra,South East,Measles1,830.6,72.5,2026-10,True,2026-03,60,2025-12,Warning (70-80%),Anambra East
Anambra,South East,Penta1,1352.5,57.2,2026-12,True,2026-01,60,2025-12,Severe (40-70%),Anaocha
Anambra,South East,Penta3,1339.4,58.5,2026-12,True,2026-05,60,2025-12,Severe (40-70%),Anaocha
Anambra,South East,Measles1,1555.8,76.6,2026-12,True,2026-01,60,2025-12,Warning (70-80%),Anaocha
Anambra,South East,BCG,734.8,70.1,2026-09,True,2026-06,60,2025-12,Warning (70-80%),Awka North
Anambra,South East,Penta1,706.2,75.8,2026-12,True,2026-05,60,2025-12,Warning (70-80%),Awka North
Anambra,South East,Penta3,691.9,75.2,2026-12,True,2026-05,60,2025-12,Warning (70-80%),Awka North
Anambra,South East,Measles1,776.8,68.1,2026-11,True,2026-05,60,2025-12,Severe (40-70%),Awka North
Anambra,South East,BCG,1521.3,42.7,2026-12,True,2026-06,60,2025-12,Severe (40-70%),Awka South
Anambra,South East,Penta1,1106.8,53.4,2026-12,True,2026-07,60,2025-12,Severe (40-70%),Awka South
Anambra,South East,Penta3,837.2,66.3,2026-12,True,2026-06,60,2025-12,Severe (40-70%),Awka South
Anambra,South East,Penta1,412.1,73.8,2026-12,True,2026-05,60,2025-12,Warning (70-80%),Ayamelum
Anambra,South East,Penta3,377.7,73.0,2026-12,True,2026-06,60,2025-12,Warning (70-80%),Ayamelum
Anambra,South East,BCG,444.2,68.5,2026-12,True,2026-06,60,2025-12,Severe (40-70%),Dunukofia
Anambra,South East,Penta3,606.2,38.4,2026-12,True,2026-02,60,2025-12,Critical (0-40%),Dunukofia
Anambra,South East,BCG,987.9,69.7,2026-11,True,2026-01,60,2025-12,Severe (40-70%),Ekwusigo
Anambra,South East,Penta1,884.5,72.5,2026-11,True,2026-01,60,2025-12,Warning (70-80%),Ekwusigo
Anambra,South East,Penta3,856.6,63.9,2026-11,True,2026-01,60,2025-12,Severe (40-70%),Ekwusigo
Anambra,South East,Measles1,949.8,55.4,2026-10,True,2026-01,60,2025-12,Severe (40-70%),Ekwusigo
Anambra,South East,Penta1,1984.5,52.9,2026-11,True,2026-05,60,2025-12,Severe (40-70%),Idemili North
Anambra,South East,Penta3,2051.9,43.1,2026-11,True,2026-05,60,2025-12,Severe (40-70%),Idemili North
Anambra,South East,Measles1,2266.9,68.0,2026-11,True,2026-11,60,2025-12,Severe (40-70%),Idemili North
Anambra,South East,Penta1,800.8,65.5,2026-10,True,2026-04,60,2025-12,Severe (40-70%),Idemili South
Anambra,South East,Penta3,714.0,75.0,2026-07,True,2026-07,60,2025-12,Warning (70-80%),Idemili South
Anambra,South East,Penta1,2397.5,56.2,2026-07,True,2026-02,60,2025-12,Severe (40-70%),Ihiala
Anambra,South East,Penta3,1984.2,56.8,2026-12,True,2026-02,60,2025-12,Severe (40-70%),Ihiala
Anambra,South East,Measles1,2010.2,74.6,2026-09,True,2026-03,60,2025-12,Warning (70-80%),Ihiala
Anambra,South East,BCG,1032.7,57.4,2026-12,True,2026-06,60,2025-12,Severe (40-70%),Njikoka
Anambra,South East,Penta1,676.8,62.5,2026-12,True,2026-06,60,2025-12,Severe (40-70%),Njikoka
Anambra,South East,Penta3,652.7,61.4,2026-12,True,2026-06,60,2025-12,Severe (40-70%),Njikoka
Anambra,South East,Penta3,658.8,73.4,2026-11,True,2026-11,60,2025-12,Warning (70-80%),Nnewi North
Anambra,South East,BCG,1654.7,57.2,2026-12,True,2026-04,60,2025-12,Severe (40-70%),Ogbaru
Anambra,South East,Penta1,875.9,77.2,2026-12,True,2026-12,60,2025-12,Warning (70-80%),Ogbaru
Anambra,South East,Measles1,1321.9,63.9,2026-11,True,2026-04,60,2025-12,Severe (40-70%),Ogbaru
Anambra,South East,BCG,1501.2,78.6,2026-11,True,2026-05,60,2025-12,Warning (70-80%),Onitsha South
Anambra,South East,Penta1,1108.6,60.6,2026-11,True,2026-11,60,2025-12,Severe (40-70%),Onitsha South
Anambra,South East,Penta3,863.4,46.5,2026-11,True,2026-05,60,2025-12,Severe (40-70%),Onitsha South
Anambra,South East,Measles1,1218.2,55.2,2026-11,True,2026-02,60,2025-12,Severe (40-70%),Onitsha South
Anambra,South East,Penta1,511.6,63.0,2026-08,True,2026-04,60,2025-12,Severe (40-70%),Orumba South
Anambra,South East,Penta3,492.6,61.7,2026-08,True,2026-04,60,2025-12,Severe (40-70%),Orumba South
Anambra,South East,Measles1,485.2,62.3,2026-08,True,2026-04,60,2025-12,Severe (40-70%),Orumba South
Anambra,South East,BCG,1169.8,55.6,2026-12,True,2026-05,60,2025-12,Severe (40-70%),Oyi
Anambra,South East,Penta1,695.1,69.5,2026-06,True,2026-01,60,2025-12,Severe (40-70%),Oyi
Anambra,South East,Penta3,635.1,65.5,2026-06,True,2026-01,60,2025-12,Severe (40-70%),Oyi
Anambra,South East,Measles1,927.7,70.4,2026-12,True,2026-12,60,2025-12,Warning (70-80%),Oyi
Bauchi,North East,BCG,1380.4,55.3,2026-06,True,2026-06,60,2025-12,Severe (40-70%),Alkaleri
Bauchi,North East,Penta1,1494.8,70.2,2026-06,True,2026-06,60,2025-12,Warning (70-80%),Alkaleri
Bauchi,North East,Penta3,1404.8,78.2,2026-06,True,2026-06,60,2025-12,Warning (70-80%),Alkaleri
Bauchi,North East,Measles1,1132.8,74.3,2026-09,True,2026-09,60,2025-12,Warning (70-80%),Alkaleri
Bauchi,North East,BCG,3149.4,72.2,2026-06,True,2026-05,60,2025-12,Warning (70-80%),Bauchi
Bauchi,North East,Penta1,3012.3,78.1,2026-06,True,2026-02,60,2025-12,Warning (70-80%),Bauchi
Bauchi,North East,Penta3,2891.8,67.3,2026-10,True,2026-04,60,2025-12,Severe (40-70%),Bauchi
Bauchi,North East,BCG,340.5,55.8,2026-12,True,2026-06,60,2025-12,Severe (40-70%),Bogoro
Bauchi,North East,Penta1,698.9,54.0,2026-07,True,2026-01,60,2025-12,Severe (40-70%),Bogoro
Bauchi,North East,Measles1,349.5,60.5,2026-12,True,2026-02,60,2025-12,Severe (40-70%),Bogoro
Bauchi,North East,BCG,794.8,68.8,2026-07,True,2026-07,60,2025-12,Severe (40-70%),Dambam
Bauchi,North East,Penta1,956.5,68.2,2026-07,True,2026-02,60,2025-12,Severe (40-70%),Dambam
Bauchi,North East,Penta3,900.3,66.4,2026-08,True,2026-02,60,2025-12,Severe (40-70%),Dambam
Bauchi,North East,Measles1,794.1,67.3,2026-09,True,2026-02,60,2025-12,Severe (40-70%),Dambam
Bauchi,North East,BCG,1277.2,69.2,2026-06,True,2026-06,60,2025-12,Severe (40-70%),Darazo
Bauchi,North East,Penta1,1385.9,77.2,2026-06,True,2026-06,60,2025-12,Warning (70-80%),Darazo
Bauchi,North East,Penta3,467.6,74.9,2026-12,True,2026-12,60,2025-12,Warning (70-80%),Dass
Bauchi,North East,Measles1,445.6,67.4,2026-06,True,2026-06,60,2025-12,Severe (40-70%),Dass
Bauchi,North East,Measles1,1157.8,53.7,2026-08,True,2026-02,60,2025-12,Severe (40-70%),Gamawa
Bauchi,North East,Penta1,789.6,77.1,2026-06,True,2026-06,60,2025-12,Warning (70-80%),Giade
Bauchi,North East,Penta3,745.6,77.1,2026-06,True,2026-02,60,2025-12,Warning (70-80%),Giade
Bauchi,North East,Measles1,562.3,78.0,2026-09,True,2026-09,60,2025-12,Warning (70-80%),Giade
Bauchi,North East,BCG,912.1,69.5,2026-06,True,2026-06,60,2025-12,Severe (40-70%),Itas/Gadau
Bauchi,North East,Penta1,1014.1,75.3,2026-06,True,2026-06,60,2025-12,Warning (70-80%),Itas/Gadau
Bauchi,North East,Penta3,997.0,75.2,2026-06,True,2026-06,60,2025-12,Warning (70-80%),Itas/Gadau
Bauchi,North East,Penta3,1330.0,75.2,2026-06,True,2026-06,60,2025-12,Warning (70-80%),Katagum
Bauchi,North East,BCG,703.5,75.2,2026-09,True,2026-09,60,2025-12,Warning (70-80%),Kirfi
Bauchi,North East,Penta1,1010.8,78.1,2026-09,True,2026-01,60,2025-12,Warning (70-80%),Kirfi
Bauchi,North East,BCG,925.4,70.6,2026-11,True,2026-06,60,2025-12,Warning (70-80%),Shira
Bauchi,North East,Penta1,984.7,72.6,2026-06,True,2026-06,60,2025-12,Warning (70-80%),Shira
Bauchi,North East,Penta3,976.5,75.9,2026-06,True,2026-02,60,2025-12,Warning (70-80%),Shira
Bauchi,North East,BCG,2614.2,77.6,2026-09,True,2026-09,60,2025-12,Warning (70-80%),Toro
Bauchi,North East,Measles1,2852.2,69.0,2026-09,True,2026-03,60,2025-12,Severe (40-70%),Toro
Bauchi,North East,BCG,500.8,56.3,2026-12,True,2026-06,60,2025-12,Severe (40-70%),Warji
Bauchi,North East,Penta1,586.3,77.2,2026-09,True,2026-06,60,2025-12,Warning (70-80%),Warji
Bauchi,North East,Penta3,573.7,64.5,2026-12,True,2026-06,60,2025-12,Severe (40-70%),Warji
Bauchi,North East,Measles1,558.8,-25.1,2026-11,True,2026-05,60,2025-12,Collapsed (<0%),Warji
Bauchi,North East,BCG,1304.9,60.9,2026-12,True,2026-03,60,2025-12,Severe (40-70%),Zaki
Bauchi,North East,Measles1,1208.7,78.0,2026-09,True,2026-09,60,2025-12,Warning (70-80%),Zaki
Bayelsa,South South,Measles1,896.9,59.8,2026-11,True,2026-05,60,2025-12,Severe (40-70%),Brass
Bayelsa,South South,BCG,935.0,58.5,2026-12,True,2026-12,60,2025-12,Severe (40-70%),Yenagoa
Bayelsa,South South,Penta1,1132.9,71.9,2026-12,True,2026-12,60,2025-12,Warning (70-80%),Yenagoa
Bayelsa,South South,Penta3,1103.9,71.5,2026-12,True,2026-06,60,2025-12,Warning (70-80%),Yenagoa
Bayelsa,South South,Measles1,1007.9,62.5,2026-09,True,2026-06,60,2025-12,Severe (40-70%),Yenagoa
Benue,North Central,Penta1,1102.5,74.9,2026-11,True,2026-01,60,2025-12,Warning (70-80%),Ado
Benue,North Central,Penta3,1081.6,72.7,2026-11,True,2026-01,60,2025-12,Warning (70-80%),Ado
Benue,North Central,Penta1,584.3,79.1,2026-06,True,2026-04,60,2025-12,Warning (70-80%),Agatu
Benue,North Central,Penta3,544.4,73.6,2026-06,True,2026-04,60,2025-12,Warning (70-80%),Agatu
Benue,North Central,Measles1,591.9,40.1,2026-07,True,2026-01,60,2025-12,Severe (40-70%),Agatu
Benue,North Central,BCG,807.9,53.1,2026-08,True,2026-02,60,2025-12,Severe (40-70%),Apa
Benue,North Central,Measles1,730.2,37.6,2026-12,True,2026-04,60,2025-12,Critical (0-40%),Apa
Benue,North Central,Penta1,1952.8,69.6,2026-07,True,2026-01,60,2025-12,Severe (40-70%),Gboko
Benue,North Central,Measles1,594.7,78.7,2026-08,True,2026-01,60,2025-12,Warning (70-80%),Guma
Benue,North Central,Measles1,487.8,25.9,2026-12,True,2026-06,60,2025-12,Critical (0-40%),Gwer East
Benue,North Central,BCG,1019.2,76.0,2026-08,True,2026-08,60,2025-12,Warning (70-80%),Katsina-Ala
Benue,North Central,Penta1,812.0,57.0,2026-07,True,2026-01,60,2025-12,Severe (40-70%),Katsina-Ala
Benue,North Central,Penta3,724.2,57.9,2026-07,True,2026-01,60,2025-12,Severe (40-70%),Katsina-Ala
Benue,North Central,Measles1,664.5,67.4,2026-11,True,2026-01,60,2025-12,Severe (40-70%),Katsina-Ala
Benue,North Central,BCG,1326.7,71.7,2026-07,True,2026-01,60,2025-12,Warning (70-80%),Kwande
Benue,North Central,Measles1,890.9,64.7,2026-08,True,2026-01,60,2025-12,Severe (40-70%),Kwande
Benue,North Central,Penta1,901.6,56.1,2026-10,True,2026-01,60,2025-12,Severe (40-70%),Logo
Benue,North Central,Penta3,794.5,59.2,2026-10,True,2026-01,60,2025-12,Severe (40-70%),Logo
Benue,North Central,Measles1,811.0,78.5,2026-10,True,2026-04,60,2025-12,Warning (70-80%),Logo
Benue,North Central,Penta1,526.1,43.5,2026-06,True,2026-03,60,2025-12,Severe (40-70%),Obi
Benue,North Central,Penta3,518.6,50.8,2026-06,True,2026-04,60,2025-12,Severe (40-70%),Obi
Benue,North Central,Measles1,609.4,65.4,2026-10,True,2026-10,60,2025-12,Severe (40-70%),Obi
Benue,North Central,BCG,656.7,71.7,2026-06,True,2026-06,60,2025-12,Warning (70-80%),Oju
Benue,North Central,Penta1,934.0,62.4,2026-06,True,2026-06,60,2025-12,Severe (40-70%),Oju
Benue,North Central,Penta3,845.8,66.6,2026-06,True,2026-06,60,2025-12,Severe (40-70%),Oju
Benue,North Central,Measles1,688.5,65.2,2026-06,True,2026-06,60,2025-12,Severe (40-70%),Oju
Benue,North Central,BCG,333.2,41.5,2026-12,True,2026-12,60,2025-12,Severe (40-70%),Okpokwu
Benue,North Central,Penta1,958.6,48.6,2026-07,True,2026-01,60,2025-12,Severe (40-70%),Okpokwu
Benue,North Central,Penta3,772.3,68.1,2026-07,True,2026-01,60,2025-12,Severe (40-70%),Okpokwu
Benue,North Central,Measles1,366.2,-36.9,2026-12,True,2026-01,60,2025-12,Collapsed (<0%),Okpokwu
Benue,North Central,Measles1,915.3,46.7,2026-12,True,2026-11,60,2025-12,Severe (40-70%),Otukpo
Benue,North Central,Measles1,297.3,66.8,2026-10,True,2026-04,60,2025-12,Severe (40-70%),Tarka
Benue,North Central,Penta1,765.4,43.7,2026-07,True,2026-01,60,2025-12,Severe (40-70%),Ukum
Benue,North Central,Penta3,691.8,38.1,2026-07,True,2026-01,60,2025-12,Critical (0-40%),Ukum
Benue,North Central,Measles1,696.2,29.5,2026-11,True,2026-01,60,2025-12,Critical (0-40%),Ukum
Benue,North Central,Measles1,699.2,49.2,2026-11,True,2026-01,60,2025-12,Severe (40-70%),Ushongo
Benue,North Central,Measles1,579.8,46.6,2026-11,True,2026-01,60,2025-12,Severe (40-70%),Vandeikya
Borno,North East,BCG,970.2,-270.7,2026-10,True,2026-04,60,2025-12,Collapsed (<0%),Askira/Uba
Borno,North East,Measles1,853.6,-162.6,2026-11,True,2026-01,60,2025-12,Collapsed (<0%),Askira/Uba
Borno,North East,BCG,1773.5,56.7,2026-09,True,2026-02,60,2025-12,Severe (40-70%),Bama
Borno,North East,Measles1,2058.5,63.8,2026-11,True,2026-03,60,2025-12,Severe (40-70%),Bama
Borno,North East,BCG,1314.8,75.4,2026-08,True,2026-08,60,2025-12,Warning (70-80%),Biu
Borno,North East,Penta1,1420.7,78.2,2026-08,True,2026-01,60,2025-12,Warning (70-80%),Biu
Borno,North East,Penta3,1251.4,68.2,2026-11,True,2026-01,60,2025-12,Severe (40-70%),Biu
Borno,North East,Measles1,1009.1,72.8,2026-11,True,2026-01,60,2025-12,Warning (70-80%),Biu
Borno,North East,Measles1,1109.5,29.1,2026-07,True,2026-02,60,2025-12,Critical (0-40%),Damboa
Borno,North East,Penta1,472.2,57.4,2026-06,True,2026-06,60,2025-12,Severe (40-70%),Dikwa
Borno,North East,Penta3,450.2,46.0,2026-06,True,2026-06,60,2025-12,Severe (40-70%),Dikwa
Borno,North East,Measles1,376.0,49.9,2026-06,True,2026-06,60,2025-12,Severe (40-70%),Dikwa
Borno,North East,Measles1,1095.6,7.0,2026-06,True,2026-06,60,2025-12,Critical (0-40%),Gubio
Borno,North East,BCG,45.2,46.1,2026-09,True,2026-03,60,2025-12,Severe (40-70%),Marte
Borno,North East,Penta1,54.4,47.7,2026-11,True,2026-03,60,2025-12,Severe (40-70%),Marte
Borno,North East,Penta3,50.8,53.8,2026-11,True,2026-03,60,2025-12,Severe (40-70%),Marte
Borno,North East,Measles1,36.8,-1410.8,2026-11,True,2026-01,60,2025-12,Collapsed (<0%),Marte
Borno,North East,Penta1,521.3,75.3,2026-06,True,2026-03,60,2025-12,Warning (70-80%),Mobbar
Borno,North East,Penta3,453.9,58.9,2026-06,True,2026-03,60,2025-12,Severe (40-70%),Mobbar
Borno,North East,Measles1,512.1,54.6,2026-06,True,2026-04,60,2025-12,Severe (40-70%),Mobbar
Borno,North East,BCG,1271.9,74.1,2026-11,True,2026-03,60,2025-12,Warning (70-80%),Monguno
Borno,North East,Penta1,1520.9,75.2,2026-11,True,2026-03,60,2025-12,Warning (70-80%),Monguno
Borno,North East,Penta3,1256.8,63.6,2026-11,True,2026-03,60,2025-12,Severe (40-70%),Monguno
Borno,North East,Measles1,1181.6,50.9,2026-09,True,2026-03,60,2025-12,Severe (40-70%),Monguno
Borno,North East,BCG,875.1,67.9,2026-11,True,2026-04,60,2025-12,Severe (40-70%),Ngala
Borno,North East,Penta1,1022.5,73.9,2026-06,True,2026-04,60,2025-12,Warning (70-80%),Ngala
Borno,North East,Penta3,808.0,68.4,2026-06,True,2026-05,60,2025-12,Severe (40-70%),Ngala
Borno,North East,Measles1,731.0,71.1,2026-10,True,2026-04,60,2025-12,Warning (70-80%),Ngala
Borno,North East,Measles1,632.2,66.3,2026-11,True,2026-05,60,2025-12,Severe (40-70%),Shani
Cross River,South South,Penta1,496.2,55.5,2026-07,True,2026-01,60,2025-12,Severe (40-70%),Abi
Cross River,South South,Penta3,455.1,52.5,2026-07,True,2026-01,60,2025-12,Severe (40-70%),Abi
Cross River,South South,Measles1,750.2,74.3,2026-07,True,2026-07,60,2025-12,Warning (70-80%),Abi
Cross River,South South,BCG,1197.7,52.8,2026-12,True,2026-01,60,2025-12,Severe (40-70%),Akamkpa
Cross River,South South,Measles1,925.0,57.9,2026-08,True,2026-01,60,2025-12,Severe (40-70%),Akamkpa
Cross River,South South,Penta1,707.6,65.8,2026-07,True,2026-01,60,2025-12,Severe (40-70%),Akpabuyo
Cross River,South South,Penta3,654.5,65.7,2026-07,True,2026-01,60,2025-12,Severe (40-70%),Akpabuyo
Cross River,South South,Measles1,208.3,72.7,2026-08,True,2026-03,60,2025-12,Warning (70-80%),Bakassi
Cross River,South South,Penta1,374.0,55.5,2026-07,True,2026-02,60,2025-12,Severe (40-70%),Bekwarra
Cross River,South South,Penta3,350.9,56.1,2026-07,True,2026-02,60,2025-12,Severe (40-70%),Bekwarra
Cross River,South South,Measles1,390.2,70.4,2026-09,True,2026-09,60,2025-12,Warning (70-80%),Bekwarra
Cross River,South South,Penta1,583.8,75.7,2026-08,True,2026-02,60,2025-12,Warning (70-80%),Biase
Cross River,South South,Penta3,525.0,74.7,2026-08,True,2026-02,60,2025-12,Warning (70-80%),Biase
Cross River,South South,Penta3,556.2,79.8,2026-07,True,2026-02,60,2025-12,Warning (70-80%),Boki
Cross River,South South,BCG,871.9,71.8,2026-12,True,2026-12,60,2025-12,Warning (70-80%),Calabar Municipal
Cross River,South South,Penta1,639.0,65.4,2026-10,True,2026-02,60,2025-12,Severe (40-70%),Calabar Municipal
Cross River,South South,Penta3,558.3,70.3,2026-10,True,2026-02,60,2025-12,Warning (70-80%),Calabar Municipal
Cross River,South South,Measles1,672.1,72.6,2026-08,True,2026-08,60,2025-12,Warning (70-80%),Calabar Municipal
Cross River,South South,Penta1,800.2,60.5,2026-07,True,2026-02,60,2025-12,Severe (40-70%),Calabar South
Cross River,South South,Penta3,747.2,55.1,2026-07,True,2026-02,60,2025-12,Severe (40-70%),Calabar South
Cross River,South South,BCG,584.4,72.6,2026-12,True,2026-06,60,2025-12,Warning (70-80%),Etung
Cross River,South South,Measles1,480.3,77.7,2026-11,True,2026-05,60,2025-12,Warning (70-80%),Ikom
Cross River,South South,Measles1,381.8,52.8,2026-09,True,2026-03,60,2025-12,Severe (40-70%),Obanliku
Cross River,South South,BCG,766.0,64.9,2026-07,True,2026-01,60,2025-12,Severe (40-70%),Obubra
Cross River,South South,Penta1,583.1,66.9,2026-07,True,2026-01,60,2025-12,Severe (40-70%),Obubra
Cross River,South South,Penta3,566.2,31.8,2026-07,True,2026-01,60,2025-12,Critical (0-40%),Obubra
Cross River,South South,Measles1,905.2,46.2,2026-11,True,2026-01,60,2025-12,Severe (40-70%),Obubra
Cross River,South South,Penta1,499.2,65.0,2026-07,True,2026-02,60,2025-12,Severe (40-70%),Obudu
Cross River,South South,Penta3,478.1,49.6,2026-07,True,2026-01,60,2025-12,Severe (40-70%),Obudu
Cross River,South South,BCG,1361.2,77.9,2026-08,True,2026-01,60,2025-12,Warning (70-80%),Odukpani
Cross River,South South,Penta1,704.2,77.7,2026-07,True,2026-02,60,2025-12,Warning (70-80%),Odukpani
Cross River,South South,Penta3,617.0,70.6,2026-07,True,2026-01,60,2025-12,Warning (70-80%),Odukpani
Cross River,South South,BCG,785.3,74.9,2026-09,True,2026-03,60,2025-12,Warning (70-80%),Ogoja
Cross River,South South,Penta1,540.3,65.0,2026-07,True,2026-01,60,2025-12,Severe (40-70%),Ogoja
Cross River,South South,Penta3,471.8,55.9,2026-07,True,2026-01,60,2025-12,Severe (40-70%),Ogoja
Cross River,South South,Measles1,644.4,75.4,2026-09,True,2026-03,60,2025-12,Warning (70-80%),Ogoja
Cross River,South South,BCG,1228.8,72.8,2026-12,True,2026-02,60,2025-12,Warning (70-80%),Yakurr
Cross River,South South,Penta1,673.6,47.0,2026-07,True,2026-01,60,2025-12,Severe (40-70%),Yakurr
Cross River,South South,Penta3,637.4,44.9,2026-07,True,2026-01,60,2025-12,Severe (40-70%),Yakurr
Cross River,South South,Measles1,1012.7,79.0,2026-07,True,2026-03,60,2025-12,Warning (70-80%),Yakurr
Cross River,South South,Penta1,761.5,66.9,2026-07,True,2026-02,60,2025-12,Severe (40-70%),Yala
Cross River,South South,Penta3,710.6,60.4,2026-07,True,2026-01,60,2025-12,Severe (40-70%),Yala
Delta,South South,Penta1,535.8,73.1,2026-07,True,2026-05,60,2025-12,Warning (70-80%),Aniocha North
Delta,South South,Penta3,491.1,68.0,2026-07,True,2026-05,60,2025-12,Severe (40-70%),Aniocha North
Delta,South South,Measles1,538.1,77.1,2026-07,True,2026-05,60,2025-12,Warning (70-80%),Aniocha North
Delta,South South,Penta1,666.4,72.2,2026-07,True,2026-03,60,2025-12,Warning (70-80%),Aniocha South
Delta,South South,Penta3,622.8,76.2,2026-07,True,2026-03,60,2025-12,Warning (70-80%),Aniocha South
Delta,South South,BCG,267.6,73.9,2026-08,True,2026-02,60,2025-12,Warning (70-80%),Bomadi
Delta,South South,Measles1,375.7,63.6,2026-07,True,2026-01,60,2025-12,Severe (40-70%),Bomadi
Delta,South South,Penta1,571.8,77.2,2026-09,True,2026-06,60,2025-12,Warning (70-80%),Burutu
Delta,South South,Measles1,1484.8,57.8,2026-07,True,2026-01,60,2025-12,Severe (40-70%),Ethiope West
Delta,South South,Penta1,869.8,50.7,2026-06,True,2026-02,60,2025-12,Severe (40-70%),Ika North East
Delta,South South,Penta3,842.7,55.3,2026-06,True,2026-02,60,2025-12,Severe (40-70%),Ika North East
Delta,South South,Measles1,1012.2,67.8,2026-06,True,2026-06,60,2025-12,Severe (40-70%),Ika North East
Delta,South South,Penta1,841.2,51.8,2026-07,True,2026-02,60,2025-12,Severe (40-70%),Isoko South
Delta,South South,Penta3,795.0,48.1,2026-07,True,2026-02,60,2025-12,Severe (40-70%),Isoko South
Delta,South South,Penta1,370.7,79.3,2026-10,True,2026-10,60,2025-12,Warning (70-80%),Ndokwa East
Delta,South South,Penta1,590.2,77.7,2026-11,True,2026-05,60,2025-12,Warning (70-80%),Ndokwa West
Delta,South South,Penta1,591.1,69.2,2026-11,True,2026-02,60,2025-12,Severe (40-70%),Okpe
Delta,South South,Penta3,538.6,71.1,2026-11,True,2026-02,60,2025-12,Warning (70-80%),Okpe
Delta,South South,Measles1,614.6,-59.6,2026-06,True,2026-06,60,2025-12,Collapsed (<0%),Okpe
Delta,South South,Measles1,225.5,-19.9,2026-06,True,2026-06,60,2025-12,Collapsed (<0%),Patani
Delta,South South,BCG,606.6,74.8,2026-09,True,2026-01,60,2025-12,Warning (70-80%),Sapele
Delta,South South,Penta1,653.2,79.1,2026-11,True,2026-05,60,2025-12,Warning (70-80%),Sapele
Delta,South South,Measles1,545.1,68.8,2026-11,True,2026-05,60,2025-12,Severe (40-70%),Sapele
Delta,South South,BCG,1680.6,73.8,2026-07,True,2026-07,60,2025-12,Warning (70-80%),Ughelli North
Delta,South South,Penta1,703.8,66.9,2026-07,True,2026-05,60,2025-12,Severe (40-70%),Ughelli South
Delta,South South,Penta3,629.3,59.7,2026-07,True,2026-05,60,2025-12,Severe (40-70%),Ughelli South
Delta,South South,Measles1,806.9,37.6,2026-06,True,2026-06,60,2025-12,Critical (0-40%),Uvwie
Delta,South South,BCG,789.8,69.9,2026-07,True,2026-06,60,2025-12,Severe (40-70%),Warri North
Delta,South South,Penta1,582.3,66.6,2026-07,True,2026-07,60,2025-12,Severe (40-70%),Warri North
Delta,South South,Penta3,533.2,73.0,2026-10,True,2026-07,60,2025-12,Warning (70-80%),Warri North
Delta,South South,BCG,569.4,64.3,2026-10,True,2026-06,60,2025-12,Severe (40-70%),Warri South West
Delta,South South,Penta1,384.9,53.0,2026-06,True,2026-06,60,2025-12,Severe (40-70%),Warri South West
Delta,South South,Penta3,342.2,44.8,2026-06,True,2026-02,60,2025-12,Severe (40-70%),Warri South West
Delta,South South,Measles1,542.1,79.2,2026-07,True,2026-07,60,2025-12,Warning (70-80%),Warri South West
Ebonyi,South East,Penta1,753.2,58.7,2026-07,True,2026-01,60,2025-12,Severe (40-70%),Afikpo South
Ebonyi,South East,Penta3,707.3,59.8,2026-07,True,2026-01,60,2025-12,Severe (40-70%),Afikpo South
Ebonyi,South East,Measles1,871.1,78.5,2026-12,True,2026-12,60,2025-12,Warning (70-80%),Ebonyi
Ebonyi,South East,Measles1,534.5,67.0,2026-09,True,2026-09,60,2025-12,Severe (40-70%),Ezza North
Ebonyi,South East,Penta1,707.6,76.1,2026-11,True,2026-01,60,2025-12,Warning (70-80%),Ishielu
Ebonyi,South East,Penta3,682.8,76.8,2026-11,True,2026-05,60,2025-12,Warning (70-80%),Ishielu
Ebonyi,South East,BCG,457.9,64.1,2026-12,True,2026-01,60,2025-12,Severe (40-70%),Ivo
Ebonyi,South East,Penta1,598.4,78.5,2026-07,True,2026-01,60,2025-12,Warning (70-80%),Ivo
Ebonyi,South East,Penta3,564.4,74.1,2026-07,True,2026-01,60,2025-12,Warning (70-80%),Ivo
Ebonyi,South East,Measles1,563.6,28.9,2026-07,True,2026-02,60,2025-12,Critical (0-40%),Ivo
Ebonyi,South East,Penta1,793.3,71.6,2026-07,True,2026-01,60,2025-12,Warning (70-80%),Ohaozara
Ebonyi,South East,Penta3,764.5,75.5,2026-07,True,2026-01,60,2025-12,Warning (70-80%),Ohaozara
Ebonyi,South East,Measles1,582.2,70.8,2026-11,True,2026-05,60,2025-12,Warning (70-80%),Ohaukwu
Ebonyi,South East,BCG,1107.8,71.7,2026-12,True,2026-03,60,2025-12,Warning (70-80%),Onicha
Ebonyi,South East,Penta1,1133.3,47.3,2026-07,True,2026-01,60,2025-12,Severe (40-70%),Onicha
Ebonyi,South East,Penta3,1070.9,48.3,2026-07,True,2026-01,60,2025-12,Severe (40-70%),Onicha
Ebonyi,South East,Measles1,1120.2,72.3,2026-10,True,2026-03,60,2025-12,Warning (70-80%),Onicha
Edo,South South,BCG,1112.3,44.1,2026-12,True,2026-06,60,2025-12,Severe (40-70%),Egor
Edo,South South,Penta1,812.2,65.5,2026-12,True,2026-03,60,2025-12,Severe (40-70%),Egor
Edo,South South,Penta3,749.4,78.2,2026-12,True,2026-12,60,2025-12,Warning (70-80%),Egor
Edo,South South,Measles1,775.9,70.3,2026-12,True,2026-06,60,2025-12,Warning (70-80%),Egor
Edo,South South,Penta1,296.5,74.6,2026-06,True,2026-06,60,2025-12,Warning (70-80%),Esan Central
Edo,South South,Penta3,283.3,68.7,2026-06,True,2026-06,60,2025-12,Severe (40-70%),Esan Central
Edo,South South,Measles1,731.6,61.6,2026-07,True,2026-01,60,2025-12,Severe (40-70%),Etsako Central
Edo,South South,BCG,1362.7,72.2,2026-12,True,2026-02,60,2025-12,Warning (70-80%),Oredo
Edo,South South,Measles1,1083.4,79.4,2026-12,True,2026-12,60,2025-12,Warning (70-80%),Oredo
Edo,South South,Measles1,259.0,71.0,2026-06,True,2026-06,60,2025-12,Warning (70-80%),Owan West
Ekiti,South West,Measles1,1329.3,78.8,2026-09,True,2026-09,60,2025-12,Warning (70-80%),Ado Ekiti
Ekiti,South West,BCG,729.7,73.3,2026-12,True,2026-12,60,2025-12,Warning (70-80%),Ekiti East
Ekiti,South West,Penta3,659.2,79.5,2026-10,True,2026-10,60,2025-12,Warning (70-80%),Ekiti East
Ekiti,South West,Measles1,1118.0,57.3,2026-07,True,2026-01,60,2025-12,Severe (40-70%),Ekiti East
Ekiti,South West,Penta1,947.0,58.4,2026-10,True,2026-01,60,2025-12,Severe (40-70%),Ijero
Ekiti,South West,Penta3,913.2,62.0,2026-10,True,2026-01,60,2025-12,Severe (40-70%),Ijero
Ekiti,South West,BCG,642.2,69.6,2026-12,True,2026-12,60,2025-12,Severe (40-70%),Ikole
Ekiti,South West,BCG,497.9,68.4,2026-11,True,2026-10,60,2025-12,Severe (40-70%),Irepodun/Ifelodun
Ekiti,South West,BCG,701.4,69.4,2026-12,True,2026-12,60,2025-12,Severe (40-70%),Oye
Enugu,South East,Penta1,1035.4,64.2,2026-06,True,2026-06,60,2025-12,Severe (40-70%),Awgu
Enugu,South East,Penta3,992.1,62.9,2026-06,True,2026-06,60,2025-12,Severe (40-70%),Awgu
Enugu,South East,BCG,1530.6,72.0,2026-11,True,2026-11,60,2025-12,Warning (70-80%),Enugu East
Enugu,South East,Penta1,1331.6,61.9,2026-12,True,2026-12,60,2025-12,Severe (40-70%),Enugu East
Enugu,South East,Penta3,1295.7,55.6,2026-12,True,2026-12,60,2025-12,Severe (40-70%),Enugu East
Enugu,South East,Measles1,1194.2,64.2,2026-12,True,2026-12,60,2025-12,Severe (40-70%),Enugu East
Enugu,South East,BCG,1218.7,74.1,2026-12,True,2026-09,60,2025-12,Warning (70-80%),Enugu North
Enugu,South East,Penta3,1157.7,77.6,2026-09,True,2026-09,60,2025-12,Warning (70-80%),Enugu North
Enugu,South East,Measles1,1063.8,58.9,2026-09,True,2026-05,60,2025-12,Severe (40-70%),Enugu North
Enugu,South East,BCG,858.0,77.2,2026-09,True,2026-03,60,2025-12,Warning (70-80%),Ezeagu
Enugu,South East,BCG,880.1,67.4,2026-08,True,2026-05,60,2025-12,Severe (40-70%),Igbo-Etiti
Enugu,South East,Penta3,952.0,78.1,2026-08,True,2026-08,60,2025-12,Warning (70-80%),Igbo-Etiti
Enugu,South East,Measles1,729.5,77.1,2026-08,True,2026-08,60,2025-12,Warning (70-80%),Igbo-Etiti
Enugu,South East,BCG,547.2,52.2,2026-12,True,2026-05,60,2025-12,Severe (40-70%),Igbo-Eze North
Enugu,South East,Penta1,1191.4,50.3,2026-12,True,2026-12,60,2025-12,Severe (40-70%),Igbo-Eze North
Enugu,South East,Penta3,1066.2,78.5,2026-12,True,2026-12,60,2025-12,Warning (70-80%),Igbo-Eze North
Enugu,South East,BCG,606.0,78.9,2026-12,True,2026-12,60,2025-12,Warning (70-80%),Igbo-Eze South
Enugu,South East,Penta1,672.8,54.6,2026-12,True,2026-02,60,2025-12,Severe (40-70%),Igbo-Eze South
Enugu,South East,Penta3,589.2,51.5,2026-09,True,2026-03,60,2025-12,Severe (40-70%),Igbo-Eze South
Enugu,South East,Measles1,552.2,57.6,2026-08,True,2026-02,60,2025-12,Severe (40-70%),Igbo-Eze South
Enugu,South East,BCG,559.8,79.6,2026-10,True,2026-10,60,2025-12,Warning (70-80%),Nkanu West
Enugu,South East,BCG,1162.0,64.8,2026-12,True,2026-06,60,2025-12,Severe (40-70%),Nsukka
Enugu,South East,Penta1,1447.8,56.1,2026-12,True,2026-06,60,2025-12,Severe (40-70%),Nsukka
Enugu,South East,Penta3,1185.1,39.6,2026-12,True,2026-06,60,2025-12,Critical (0-40%),Nsukka
Enugu,South East,Measles1,1023.2,44.2,2026-12,True,2026-06,60,2025-12,Severe (40-70%),Nsukka
Enugu,South East,BCG,780.9,63.2,2026-12,True,2026-01,60,2025-12,Severe (40-70%),Udenu
Enugu,South East,Penta1,1046.8,69.0,2026-12,True,2026-08,60,2025-12,Severe (40-70%),Udenu
Enugu,South East,Penta3,945.2,69.1,2026-12,True,2026-08,60,2025-12,Severe (40-70%),Udenu
Enugu,South East,Measles1,675.4,55.2,2026-12,True,2026-03,60,2025-12,Severe (40-70%),Udenu
Enugu,South East,BCG,839.3,77.0,2026-12,True,2026-12,60,2025-12,Warning (70-80%),Udi
Enugu,South East,Measles1,750.2,77.0,2026-12,True,2026-12,60,2025-12,Warning (70-80%),Udi
FCT,North Central,BCG,616.9,47.6,2026-06,True,2026-03,60,2025-12,Severe (40-70%),Abaji
FCT,North Central,Penta1,781.5,58.7,2026-06,True,2026-03,60,2025-12,Severe (40-70%),Abaji
FCT,North Central,Penta3,791.2,62.3,2026-06,True,2026-03,60,2025-12,Severe (40-70%),Abaji
FCT,North Central,Measles1,627.1,47.0,2026-06,True,2026-03,60,2025-12,Severe (40-70%),Abaji
FCT,North Central,BCG,4523.8,55.5,2026-06,True,2026-02,60,2025-12,Severe (40-70%),Abuja Municipal Area Council
FCT,North Central,Penta1,4793.6,40.2,2026-06,True,2026-02,60,2025-12,Severe (40-70%),Abuja Municipal Area Council
FCT,North Central,Penta3,4499.5,69.1,2026-10,True,2026-03,60,2025-12,Severe (40-70%),Abuja Municipal Area Council
FCT,North Central,Measles1,4040.2,42.2,2026-06,True,2026-03,60,2025-12,Severe (40-70%),Abuja Municipal Area Council
FCT,North Central,BCG,1567.2,67.1,2026-06,True,2026-03,60,2025-12,Severe (40-70%),Bwari
FCT,North Central,Penta1,1615.5,7.1,2026-12,True,2026-04,60,2025-12,Critical (0-40%),Bwari
FCT,North Central,Penta3,1602.9,35.5,2026-06,True,2026-04,60,2025-12,Critical (0-40%),Bwari
FCT,North Central,Measles1,1548.2,52.4,2026-06,True,2026-03,60,2025-12,Severe (40-70%),Bwari
FCT,North Central,BCG,1272.0,55.2,2026-06,True,2026-03,60,2025-12,Severe (40-70%),Gwagwalada
FCT,North Central,Penta1,1333.3,22.4,2026-09,True,2026-06,60,2025-12,Critical (0-40%),Gwagwalada
FCT,North Central,Penta3,1279.7,37.5,2026-11,True,2026-04,60,2025-12,Critical (0-40%),Gwagwalada
FCT,North Central,Measles1,1138.7,53.4,2026-12,True,2026-03,60,2025-12,Severe (40-70%),Gwagwalada
FCT,North Central,BCG,843.5,75.9,2026-06,True,2026-02,60,2025-12,Warning (70-80%),Kuje
FCT,North Central,Penta1,968.3,58.6,2026-09,True,2026-03,60,2025-12,Severe (40-70%),Kuje
FCT,North Central,Penta3,991.8,60.5,2026-06,True,2026-03,60,2025-12,Severe (40-70%),Kuje
FCT,North Central,Measles1,1094.4,14.9,2026-09,True,2026-01,60,2025-12,Critical (0-40%),Kuje
FCT,North Central,BCG,714.4,71.3,2026-06,True,2026-04,60,2025-12,Warning (70-80%),Kwali
FCT,North Central,Penta1,923.4,67.4,2026-06,True,2026-03,60,2025-12,Severe (40-70%),Kwali
FCT,North Central,Penta3,894.9,66.4,2026-06,True,2026-04,60,2025-12,Severe (40-70%),Kwali
FCT,North Central,Measles1,813.0,48.8,2026-06,True,2026-03,60,2025-12,Severe (40-70%),Kwali
Gombe,North East,BCG,1786.4,78.5,2026-12,True,2026-04,60,2025-12,Warning (70-80%),Akko
Gombe,North East,Penta1,2080.9,70.8,2026-09,True,2026-09,60,2025-12,Warning (70-80%),Akko
Gombe,North East,Penta3,2047.1,72.3,2026-11,True,2026-09,60,2025-12,Warning (70-80%),Akko
Gombe,North East,BCG,893.2,73.2,2026-06,True,2026-06,60,2025-12,Warning (70-80%),Balanga
Gombe,North East,Penta1,990.4,79.5,2026-06,True,2026-03,60,2025-12,Warning (70-80%),Balanga
Gombe,North East,Penta3,985.8,75.0,2026-11,True,2026-03,60,2025-12,Warning (70-80%),Balanga
Gombe,North East,Penta1,630.1,26.7,2026-09,True,2026-02,60,2025-12,Critical (0-40%),Billiri
Gombe,North East,Penta3,601.2,77.2,2026-11,True,2026-11,60,2025-12,Warning (70-80%),Billiri
Gombe,North East,Measles1,524.7,58.1,2026-12,True,2026-01,60,2025-12,Severe (40-70%),Billiri
Gombe,North East,Penta1,1098.0,-33.8,2026-07,True,2026-03,60,2025-12,Collapsed (<0%),Dukku
Gombe,North East,Penta3,1022.5,79.3,2026-06,True,2026-03,60,2025-12,Warning (70-80%),Dukku
Gombe,North East,Measles1,1126.2,59.2,2026-06,True,2026-03,60,2025-12,Severe (40-70%),Dukku
Gombe,North East,BCG,958.9,71.3,2026-06,True,2026-06,60,2025-12,Warning (70-80%),Funakaye
Gombe,North East,Penta1,1112.6,74.1,2026-11,True,2026-06,60,2025-12,Warning (70-80%),Funakaye
Gombe,North East,Penta3,1064.8,70.1,2026-06,True,2026-05,60,2025-12,Warning (70-80%),Funakaye
Gombe,North East,Measles1,950.5,57.3,2026-11,True,2026-05,60,2025-12,Severe (40-70%),Funakaye
Gombe,North East,BCG,2135.4,70.6,2026-09,True,2026-02,60,2025-12,Warning (70-80%),Gombe
Gombe,North East,Penta1,2080.7,48.9,2026-09,True,2026-03,60,2025-12,Severe (40-70%),Gombe
Gombe,North East,Penta3,2020.7,47.2,2026-09,True,2026-03,60,2025-12,Severe (40-70%),Gombe
Gombe,North East,Measles1,1841.4,-74.7,2026-12,True,2026-03,60,2025-12,Collapsed (<0%),Gombe
Gombe,North East,Penta3,621.4,72.1,2026-06,True,2026-06,60,2025-12,Warning (70-80%),Kaltungo
Gombe,North East,Measles1,508.1,67.8,2026-12,True,2026-05,60,2025-12,Severe (40-70%),Kaltungo
Gombe,North East,Penta1,1165.2,75.2,2026-12,True,2026-12,60,2025-12,Warning (70-80%),Kwami
Gombe,North East,Penta3,1154.6,64.1,2026-12,True,2026-06,60,2025-12,Severe (40-70%),Kwami
Gombe,North East,Measles1,1115.9,74.2,2026-11,True,2026-05,60,2025-12,Warning (70-80%),Kwami
Gombe,North East,Measles1,460.7,69.1,2026-12,True,2026-05,60,2025-12,Severe (40-70%),Nafada
Gombe,North East,BCG,322.5,65.5,2026-09,True,2026-09,60,2025-12,Severe (40-70%),Shongom
Gombe,North East,Penta1,409.8,52.8,2026-09,True,2026-09,60,2025-12,Severe (40-70%),Shongom
Gombe,North East,Penta3,393.8,58.6,2026-09,True,2026-09,60,2025-12,Severe (40-70%),Shongom
Gombe,North East,Measles1,403.6,55.7,2026-09,True,2026-05,60,2025-12,Severe (40-70%),Shongom
Gombe,North East,Penta3,1614.0,77.2,2026-11,True,2026-11,60,2025-12,Warning (70-80%),Yamaltu/Deba
Imo,South East,BCG,700.8,64.8,2026-08,True,2026-07,60,2025-12,Severe (40-70%),Aboh-Mbaise
Imo,South East,Penta1,602.1,65.4,2026-08,True,2026-01,60,2025-12,Severe (40-70%),Aboh-Mbaise
Imo,South East,Penta3,542.0,53.4,2026-09,True,2026-01,60,2025-12,Severe (40-70%),Aboh-Mbaise
Imo,South East,Measles1,527.3,25.7,2026-08,True,2026-01,60,2025-12,Critical (0-40%),Aboh-Mbaise
Imo,South East,Penta1,540.7,48.1,2026-10,True,2026-01,60,2025-12,Severe (40-70%),Ahiazu-Mbaise
Imo,South East,Penta3,449.8,63.4,2026-06,True,2026-01,60,2025-12,Severe (40-70%),Ahiazu-Mbaise
Imo,South East,Measles1,494.8,56.6,2026-10,True,2026-01,60,2025-12,Severe (40-70%),Ahiazu-Mbaise
Imo,South East,Penta1,576.2,67.0,2026-07,True,2026-05,60,2025-12,Severe (40-70%),Ezinihitte-Mbaise
Imo,South East,Penta3,511.7,67.3,2026-11,True,2026-05,60,2025-12,Severe (40-70%),Ezinihitte-Mbaise
Imo,South East,BCG,343.0,56.9,2026-09,True,2026-09,60,2025-12,Severe (40-70%),Ideato North
Imo,South East,Measles1,370.2,69.2,2026-09,True,2026-09,60,2025-12,Severe (40-70%),Ideato North
Imo,South East,BCG,357.4,62.3,2026-09,True,2026-02,60,2025-12,Severe (40-70%),Ideato South
Imo,South East,Penta1,576.7,62.8,2026-09,True,2026-03,60,2025-12,Severe (40-70%),Ideato South
Imo,South East,Penta3,487.1,70.2,2026-09,True,2026-03,60,2025-12,Warning (70-80%),Ideato South
Imo,South East,Measles1,490.4,71.0,2026-09,True,2026-02,60,2025-12,Warning (70-80%),Ideato South
Imo,South East,BCG,386.1,56.1,2026-10,True,2026-02,60,2025-12,Severe (40-70%),Ihitte/Uboma
Imo,South East,Penta1,706.9,58.6,2026-12,True,2026-04,60,2025-12,Severe (40-70%),Ihitte/Uboma
Imo,South East,Penta3,681.2,49.4,2026-10,True,2026-01,60,2025-12,Severe (40-70%),Ihitte/Uboma
Imo,South East,Measles1,562.6,55.6,2026-12,True,2026-02,60,2025-12,Severe (40-70%),Ihitte/Uboma
Imo,South East,Penta1,1035.9,46.5,2026-07,True,2026-01,60,2025-12,Severe (40-70%),Ikeduru
Imo,South East,Penta3,902.6,37.1,2026-07,True,2026-01,60,2025-12,Critical (0-40%),Ikeduru
Imo,South East,BCG,393.1,52.0,2026-09,True,2026-09,60,2025-12,Severe (40-70%),Isu
Imo,South East,Measles1,395.3,79.2,2026-09,True,2026-09,60,2025-12,Warning (70-80%),Isu
Imo,South East,Penta1,1022.7,46.6,2026-07,True,2026-01,60,2025-12,Severe (40-70%),Mbaitoli
Imo,South East,Penta3,863.5,45.8,2026-07,True,2026-02,60,2025-12,Severe (40-70%),Mbaitoli
Imo,South East,Penta1,1882.2,33.2,2026-07,True,2026-01,60,2025-12,Critical (0-40%),Ngor-Okpala
Imo,South East,Penta1,529.1,77.9,2026-07,True,2026-01,60,2025-12,Warning (70-80%),Njaba
Imo,South East,Penta3,428.2,79.7,2026-12,True,2026-03,60,2025-12,Warning (70-80%),Njaba
Imo,South East,BCG,300.0,73.9,2026-07,True,2026-07,60,2025-12,Warning (70-80%),Nkwerre
Imo,South East,Penta1,461.9,75.3,2026-09,True,2026-09,60,2025-12,Warning (70-80%),Nkwerre
Imo,South East,Penta3,417.8,69.3,2026-09,True,2026-09,60,2025-12,Severe (40-70%),Nkwerre
Imo,South East,Measles1,401.6,79.5,2026-09,True,2026-09,60,2025-12,Warning (70-80%),Nkwerre
Imo,South East,Penta3,356.8,77.3,2026-11,True,2026-02,60,2025-12,Warning (70-80%),Nwangele
Imo,South East,BCG,469.7,76.3,2026-09,True,2026-03,60,2025-12,Warning (70-80%),Obowo
Imo,South East,Penta1,581.6,72.2,2026-12,True,2026-12,60,2025-12,Warning (70-80%),Obowo
Imo,South East,Penta3,515.2,72.7,2026-12,True,2026-12,60,2025-12,Warning (70-80%),Obowo
Imo,South East,Measles1,619.3,78.5,2026-10,True,2026-10,60,2025-12,Warning (70-80%),Obowo
Imo,South East,Measles1,531.3,66.7,2026-11,True,2026-08,60,2025-12,Severe (40-70%),Oguta
Imo,South East,BCG,472.2,78.9,2026-07,True,2026-01,60,2025-12,Warning (70-80%),Ohaji/Egbema
Imo,South East,Penta1,756.3,66.3,2026-07,True,2026-01,60,2025-12,Severe (40-70%),Ohaji/Egbema
Imo,South East,Penta3,683.3,54.4,2026-07,True,2026-01,60,2025-12,Severe (40-70%),Ohaji/Egbema
Imo,South East,Measles1,483.1,68.0,2026-07,True,2026-01,60,2025-12,Severe (40-70%),Ohaji/Egbema
Imo,South East,Penta1,609.2,57.5,2026-07,True,2026-01,60,2025-12,Severe (40-70%),Okigwe
Imo,South East,Penta3,526.2,56.8,2026-07,True,2026-01,60,2025-12,Severe (40-70%),Okigwe
Imo,South East,BCG,608.2,71.2,2026-09,True,2026-03,60,2025-12,Warning (70-80%),Onuimo
Imo,South East,Penta1,549.7,63.7,2026-09,True,2026-03,60,2025-12,Severe (40-70%),Onuimo
Imo,South East,Penta3,532.1,56.9,2026-09,True,2026-03,60,2025-12,Severe (40-70%),Onuimo
Imo,South East,Measles1,560.2,61.0,2026-09,True,2026-03,60,2025-12,Severe (40-70%),Onuimo
Imo,South East,BCG,221.5,71.0,2026-09,True,2026-03,60,2025-12,Warning (70-80%),Orsu
Imo,South East,Penta3,236.6,75.5,2026-09,True,2026-03,60,2025-12,Warning (70-80%),Orsu
Imo,South East,Measles1,212.5,68.7,2026-09,True,2026-03,60,2025-12,Severe (40-70%),Orsu
Imo,South East,Penta1,595.0,58.9,2026-07,True,2026-07,60,2025-12,Severe (40-70%),Oru West
Imo,South East,Penta3,573.2,49.2,2026-07,True,2026-07,60,2025-12,Severe (40-70%),Oru West
Imo,South East,Penta1,668.0,72.7,2026-07,True,2026-07,60,2025-12,Warning (70-80%),Owerri Municipal
Imo,South East,Penta3,627.3,65.1,2026-07,True,2026-05,60,2025-12,Severe (40-70%),Owerri Municipal
Imo,South East,BCG,899.3,75.5,2026-09,True,2026-09,60,2025-12,Warning (70-80%),Owerri North
Imo,South East,Penta1,785.4,54.2,2026-09,True,2026-03,60,2025-12,Severe (40-70%),Owerri North
Imo,South East,Penta3,732.2,64.3,2026-09,True,2026-03,60,2025-12,Severe (40-70%),Owerri North
Imo,South East,Measles1,796.1,70.2,2026-12,True,2026-09,60,2025-12,Warning (70-80%),Owerri North
Imo,South East,BCG,762.5,54.2,2026-10,True,2026-04,60,2025-12,Severe (40-70%),Owerri West
Imo,South East,Penta1,573.0,55.5,2026-10,True,2026-03,60,2025-12,Severe (40-70%),Owerri West
Imo,South East,Penta3,528.5,42.0,2026-07,True,2026-01,60,2025-12,Severe (40-70%),Owerri West
Imo,South East,Measles1,582.8,60.9,2026-10,True,2026-04,60,2025-12,Severe (40-70%),Owerri West
Jigawa,North West,BCG,1059.2,62.9,2026-11,True,2026-05,60,2025-12,Severe (40-70%),Babura
Jigawa,North West,Measles1,1039.7,70.4,2026-09,True,2026-09,60,2025-12,Warning (70-80%),Babura
Jigawa,North West,BCG,1467.0,73.4,2026-07,True,2026-02,60,2025-12,Warning (70-80%),Birnin Kudu
Jigawa,North West,Measles1,1465.9,17.0,2026-11,True,2026-05,60,2025-12,Critical (0-40%),Birnin Kudu
Jigawa,North West,Penta3,732.0,75.5,2026-08,True,2026-02,60,2025-12,Warning (70-80%),Buji
Jigawa,North West,Measles1,1450.1,69.5,2026-09,True,2026-09,60,2025-12,Severe (40-70%),Dutse
Jigawa,North West,Measles1,840.4,71.1,2026-11,True,2026-03,60,2025-12,Warning (70-80%),Garki
Jigawa,North West,Measles1,606.4,33.3,2026-11,True,2026-02,60,2025-12,Critical (0-40%),Gwiwa
Jigawa,North West,BCG,626.4,71.0,2026-07,True,2026-06,60,2025-12,Warning (70-80%),Kaugama
Jigawa,North West,Measles1,699.8,71.6,2026-11,True,2026-03,60,2025-12,Warning (70-80%),Kaugama
Jigawa,North West,Penta3,1274.6,76.7,2026-09,True,2026-09,60,2025-12,Warning (70-80%),Kiyawa
Jigawa,North West,Measles1,1223.6,73.1,2026-09,True,2026-02,60,2025-12,Warning (70-80%),Kiyawa
Jigawa,North West,BCG,631.8,68.3,2026-06,True,2026-06,60,2025-12,Severe (40-70%),Miga
Jigawa,North West,BCG,1183.1,76.1,2026-06,True,2026-06,60,2025-12,Warning (70-80%),Ringim
Jigawa,North West,Penta3,1165.1,79.8,2026-09,True,2026-09,60,2025-12,Warning (70-80%),Ringim
Jigawa,North West,Measles1,496.1,72.5,2026-09,True,2026-02,60,2025-12,Warning (70-80%),Roni
Jigawa,North West,BCG,736.8,76.7,2026-07,True,2026-02,60,2025-12,Warning (70-80%),Taura
Jigawa,North West,Measles1,718.7,68.4,2026-11,True,2026-11,60,2025-12,Severe (40-70%),Taura
Kaduna,North West,Measles1,1388.4,77.6,2026-11,True,2026-11,60,2025-12,Warning (70-80%),Chikun
Kaduna,North West,BCG,2243.3,78.5,2026-06,True,2026-06,60,2025-12,Warning (70-80%),Giwa
Kaduna,North West,Measles1,1802.0,-30.7,2026-11,True,2026-05,60,2025-12,Collapsed (<0%),Giwa
Kaduna,North West,Measles1,1884.5,65.7,2026-06,True,2026-04,60,2025-12,Severe (40-70%),Igabi
Kaduna,North West,Measles1,805.9,-132.4,2026-11,True,2026-01,60,2025-12,Collapsed (<0%),Jema'a
Kaduna,North West,Measles1,943.3,45.9,2026-06,True,2026-06,60,2025-12,Severe (40-70%),Kagarko
Kaduna,North West,Measles1,827.8,-153.5,2026-11,True,2026-01,60,2025-12,Collapsed (<0%),Kaura
Kaduna,North West,BCG,2041.3,78.1,2026-06,True,2026-06,60,2025-12,Warning (70-80%),Kubau
Kaduna,North West,Measles1,1021.8,72.3,2026-06,True,2026-06,60,2025-12,Warning (70-80%),Kubau
Kaduna,North West,BCG,835.5,77.9,2026-06,True,2026-06,60,2025-12,Warning (70-80%),Kudan
Kaduna,North West,Penta1,857.3,78.5,2026-06,True,2026-06,60,2025-12,Warning (70-80%),Kudan
Kaduna,North West,Measles1,727.8,47.9,2026-11,True,2026-05,60,2025-12,Severe (40-70%),Kudan
Kaduna,North West,Measles1,3797.8,48.9,2026-11,True,2026-05,60,2025-12,Severe (40-70%),Lere
Kaduna,North West,BCG,1137.8,68.1,2026-06,True,2026-06,60,2025-12,Severe (40-70%),Makarfi
Kaduna,North West,Penta1,1259.8,79.7,2026-06,True,2026-06,60,2025-12,Warning (70-80%),Makarfi
Kaduna,North West,Measles1,1027.2,78.9,2026-06,True,2026-06,60,2025-12,Warning (70-80%),Makarfi
Kaduna,North West,Penta3,1920.4,78.3,2026-06,True,2026-06,60,2025-12,Warning (70-80%),Sabon Gari
Kaduna,North West,Measles1,1641.4,71.5,2026-06,True,2026-06,60,2025-12,Warning (70-80%),Sabon Gari
Kaduna,North West,Measles1,656.9,37.1,2026-11,True,2026-05,60,2025-12,Critical (0-40%),Sanga
Kaduna,North West,Penta1,2383.5,79.7,2026-06,True,2026-06,60,2025-12,Warning (70-80%),Soba
Kaduna,North West,Penta1,1672.2,78.6,2026-09,True,2026-09,60,2025-12,Warning (70-80%),Zangon Kataf
Kaduna,North West,Penta3,1607.4,74.8,2026-09,True,2026-09,60,2025-12,Warning (70-80%),Zangon Kataf
Kaduna,North West,Measles1,1265.2,6.4,2026-11,True,2026-05,60,2025-12,Critical (0-40%),Zangon Kataf
Kano,North West,BCG,706.7,59.1,2026-12,True,2026-06,60,2025-12,Severe (40-70%),Ajingi
Kano,North West,Penta1,784.5,79.0,2026-12,True,2026-12,60,2025-12,Warning (70-80%),Ajingi
Kano,North West,Penta3,749.6,80.0,2026-12,True,2026-12,60,2025-12,Warning (70-80%),Ajingi
Kano,North West,Measles1,614.0,37.9,2026-12,True,2026-04,60,2025-12,Critical (0-40%),Ajingi
Kano,North West,Measles1,701.9,78.2,2026-09,True,2026-04,60,2025-12,Warning (70-80%),Bagwai
Kano,North West,BCG,958.0,75.0,2026-06,True,2026-06,60,2025-12,Warning (70-80%),Bebeji
Kano,North West,Measles1,724.3,65.1,2026-11,True,2026-04,60,2025-12,Severe (40-70%),Bebeji
Kano,North West,BCG,1309.5,77.4,2026-06,True,2026-06,60,2025-12,Warning (70-80%),Bichi
Kano,North West,Measles1,1243.5,74.2,2026-10,True,2026-04,60,2025-12,Warning (70-80%),Bichi
Kano,North West,Measles1,811.8,63.4,2026-09,True,2026-04,60,2025-12,Severe (40-70%),Bunkure
Kano,North West,BCG,1618.8,70.7,2026-06,True,2026-06,60,2025-12,Warning (70-80%),Dala
Kano,North West,Measles1,1372.4,48.5,2026-11,True,2026-04,60,2025-12,Severe (40-70%),Dala
Kano,North West,BCG,1007.9,75.7,2026-12,True,2026-06,60,2025-12,Warning (70-80%),Danbatta
Kano,North West,Measles1,901.7,76.6,2026-10,True,2026-04,60,2025-12,Warning (70-80%),Danbatta
Kano,North West,BCG,1116.2,69.4,2026-06,True,2026-06,60,2025-12,Severe (40-70%),Dawakin Kudu
Kano,North West,Penta1,1160.9,76.9,2026-06,True,2026-06,60,2025-12,Warning (70-80%),Dawakin Kudu
Kano,North West,Penta3,1129.2,77.8,2026-06,True,2026-06,60,2025-12,Warning (70-80%),Dawakin Kudu
Kano,North West,Measles1,967.2,38.6,2026-12,True,2026-04,60,2025-12,Critical (0-40%),Dawakin Kudu
Kano,North West,BCG,980.5,67.0,2026-06,True,2026-06,60,2025-12,Severe (40-70%),Dawakin Tofa
Kano,North West,Penta1,1164.3,76.0,2026-06,True,2026-06,60,2025-12,Warning (70-80%),Dawakin Tofa
Kano,North West,Penta3,1135.0,77.6,2026-09,True,2026-06,60,2025-12,Warning (70-80%),Dawakin Tofa
Kano,North West,Measles1,997.0,64.2,2026-10,True,2026-04,60,2025-12,Severe (40-70%),Dawakin Tofa
Kano,North West,Penta1,952.6,77.4,2026-09,True,2026-09,60,2025-12,Warning (70-80%),Doguwa
Kano,North West,Penta3,908.9,79.5,2026-09,True,2026-09,60,2025-12,Warning (70-80%),Doguwa
Kano,North West,Measles1,713.1,59.0,2026-10,True,2026-04,60,2025-12,Severe (40-70%),Doguwa
Kano,North West,BCG,1082.2,66.4,2026-06,True,2026-06,60,2025-12,Severe (40-70%),Fagge
Kano,North West,Penta1,1107.1,70.7,2026-09,True,2026-08,60,2025-12,Warning (70-80%),Fagge
Kano,North West,Penta3,1036.1,69.8,2026-09,True,2026-09,60,2025-12,Severe (40-70%),Fagge
Kano,North West,BCG,874.3,73.1,2026-06,True,2026-02,60,2025-12,Warning (70-80%),Gabasawa
Kano,North West,Measles1,833.3,55.8,2026-10,True,2026-02,60,2025-12,Severe (40-70%),Gabasawa
Kano,North West,BCG,740.8,67.9,2026-07,True,2026-07,60,2025-12,Severe (40-70%),Garko
Kano,North West,Penta1,789.2,68.5,2026-07,True,2026-02,60,2025-12,Severe (40-70%),Garko
Kano,North West,Penta3,754.8,72.9,2026-07,True,2026-03,60,2025-12,Warning (70-80%),Garko
Kano,North West,Measles1,595.8,63.6,2026-11,True,2026-04,60,2025-12,Severe (40-70%),Garko
Kano,North West,BCG,466.2,79.4,2026-06,True,2026-06,60,2025-12,Warning (70-80%),Garum Mallam
Kano,North West,Penta1,589.2,69.6,2026-07,True,2026-06,60,2025-12,Severe (40-70%),Garum Mallam
Kano,North West,Penta3,581.4,70.5,2026-09,True,2026-06,60,2025-12,Warning (70-80%),Garum Mallam
Kano,North West,Measles1,461.8,60.1,2026-11,True,2026-10,60,2025-12,Severe (40-70%),Garum Mallam
Kano,North West,Measles1,828.3,51.9,2026-11,True,2026-04,60,2025-12,Severe (40-70%),Gaya
Kano,North West,Measles1,1038.2,43.8,2026-11,True,2026-05,60,2025-12,Severe (40-70%),Gezawa
Kano,North West,BCG,1968.0,62.0,2026-06,True,2026-03,60,2025-12,Severe (40-70%),Gwale
Kano,North West,Penta1,1921.0,62.3,2026-06,True,2026-06,60,2025-12,Severe (40-70%),Gwale
Kano,North West,Penta3,1825.8,64.1,2026-06,True,2026-06,60,2025-12,Severe (40-70%),Gwale
Kano,North West,Measles1,1467.7,61.5,2026-10,True,2026-04,60,2025-12,Severe (40-70%),Gwale
Kano,North West,BCG,1050.8,60.9,2026-07,True,2026-06,60,2025-12,Severe (40-70%),Gwarzo
Kano,North West,Penta1,1075.8,64.4,2026-06,True,2026-06,60,2025-12,Severe (40-70%),Gwarzo
Kano,North West,Penta3,1067.3,68.1,2026-09,True,2026-03,60,2025-12,Severe (40-70%),Gwarzo
Kano,North West,Measles1,962.0,70.3,2026-11,True,2026-04,60,2025-12,Warning (70-80%),Gwarzo
Kano,North West,BCG,621.4,79.7,2026-06,True,2026-06,60,2025-12,Warning (70-80%),Kabo
Kano,North West,Measles1,579.2,47.9,2026-06,True,2026-04,60,2025-12,Severe (40-70%),Kabo
Kano,North West,BCG,2097.8,69.1,2026-06,True,2026-02,60,2025-12,Severe (40-70%),Kano Municipal
Kano,North West,Penta1,1651.6,30.5,2026-09,True,2026-01,60,2025-12,Critical (0-40%),Kano Municipal
Kano,North West,Penta3,1670.7,26.7,2026-09,True,2026-02,60,2025-12,Critical (0-40%),Kano Municipal
Kano,North West,Measles1,1162.9,44.1,2026-12,True,2026-03,60,2025-12,Severe (40-70%),Kano Municipal
Kano,North West,BCG,677.2,66.7,2026-06,True,2026-06,60,2025-12,Severe (40-70%),Karaye
Kano,North West,Penta1,722.7,72.8,2026-08,True,2026-06,60,2025-12,Warning (70-80%),Karaye
Kano,North West,Penta3,708.4,74.9,2026-08,True,2026-08,60,2025-12,Warning (70-80%),Karaye
Kano,North West,Measles1,639.4,59.7,2026-10,True,2026-04,60,2025-12,Severe (40-70%),Karaye
Kano,North West,Measles1,524.2,56.5,2026-12,True,2026-04,60,2025-12,Severe (40-70%),Kibiya
Kano,North West,BCG,1525.8,78.3,2026-06,True,2026-06,60,2025-12,Warning (70-80%),Kiru
Kano,North West,Measles1,1319.4,62.4,2026-10,True,2026-04,60,2025-12,Severe (40-70%),Kiru
Kano,North West,BCG,1892.8,74.2,2026-06,True,2026-06,60,2025-12,Warning (70-80%),Kumbotso
Kano,North West,Penta1,2049.7,79.3,2026-06,True,2026-06,60,2025-12,Warning (70-80%),Kumbotso
Kano,North West,Measles1,1530.6,67.2,2026-06,True,2026-06,60,2025-12,Severe (40-70%),Kumbotso
Kano,North West,Measles1,449.9,66.2,2026-10,True,2026-02,60,2025-12,Severe (40-70%),Kunchi
Kano,North West,BCG,660.9,66.7,2026-06,True,2026-06,60,2025-12,Severe (40-70%),Kura
Kano,North West,Penta1,665.7,69.1,2026-09,True,2026-06,60,2025-12,Severe (40-70%),Kura
Kano,North West,Penta3,653.5,72.5,2026-09,True,2026-09,60,2025-12,Warning (70-80%),Kura
Kano,North West,Measles1,573.6,58.7,2026-11,True,2026-04,60,2025-12,Severe (40-70%),Kura
Kano,North West,BCG,643.6,-148.0,2026-06,True,2026-02,60,2025-12,Collapsed (<0%),Madobi
Kano,North West,Penta3,678.2,78.5,2026-09,True,2026-04,60,2025-12,Warning (70-80%),Madobi
Kano,North West,Measles1,623.4,68.3,2026-09,True,2026-04,60,2025-12,Severe (40-70%),Madobi
Kano,North West,BCG,792.8,67.2,2026-06,True,2026-06,60,2025-12,Severe (40-70%),Makoda
Kano,North West,Penta1,981.9,76.2,2026-12,True,2026-02,60,2025-12,Warning (70-80%),Makoda
Kano,North West,Penta3,959.9,79.7,2026-06,True,2026-02,60,2025-12,Warning (70-80%),Makoda
Kano,North West,Measles1,783.8,35.8,2026-12,True,2026-02,60,2025-12,Critical (0-40%),Makoda
Kano,North West,BCG,890.9,76.3,2026-06,True,2026-06,60,2025-12,Warning (70-80%),Minjibir
Kano,North West,Penta1,890.4,72.4,2026-12,True,2026-02,60,2025-12,Warning (70-80%),Minjibir
Kano,North West,Penta3,864.3,63.1,2026-09,True,2026-02,60,2025-12,Severe (40-70%),Minjibir
Kano,North West,Measles1,809.6,46.0,2026-11,True,2026-03,60,2025-12,Severe (40-70%),Minjibir
Kano,North West,Measles1,1852.8,51.9,2026-11,True,2026-05,60,2025-12,Severe (40-70%),Nasarawa
Kano,North West,BCG,796.6,75.3,2026-11,True,2026-09,60,2025-12,Warning (70-80%),Rano
Kano,North West,Penta1,797.4,79.6,2026-11,True,2026-11,60,2025-12,Warning (70-80%),Rano
Kano,North West,Measles1,657.9,75.4,2026-11,True,2026-11,60,2025-12,Warning (70-80%),Rano
Kano,North West,BCG,448.3,67.7,2026-07,True,2026-06,60,2025-12,Severe (40-70%),Rimin Gado
Kano,North West,Measles1,442.6,65.8,2026-11,True,2026-09,60,2025-12,Severe (40-70%),Rimin Gado
Kano,North West,Measles1,1065.4,63.1,2026-10,True,2026-04,60,2025-12,Severe (40-70%),Rogo
Kano,North West,Penta1,809.2,75.4,2026-07,True,2026-07,60,2025-12,Warning (70-80%),Shanono
Kano,North West,Measles1,750.0,72.7,2026-11,True,2026-09,60,2025-12,Warning (70-80%),Shanono
Kano,North West,Penta1,1579.2,77.5,2026-12,True,2026-12,60,2025-12,Warning (70-80%),Sumaila
Kano,North West,Measles1,1186.6,55.9,2026-11,True,2026-04,60,2025-12,Severe (40-70%),Sumaila
Kano,North West,Measles1,1012.8,62.4,2026-10,True,2026-04,60,2025-12,Severe (40-70%),Tarauni
Kano,North West,BCG,428.1,79.7,2026-07,True,2026-07,60,2025-12,Warning (70-80%),Tofa
Kano,North West,Penta1,459.7,75.9,2026-07,True,2026-07,60,2025-12,Warning (70-80%),Tofa
Kano,North West,Measles1,404.5,60.4,2026-11,True,2026-06,60,2025-12,Severe (40-70%),Tofa
Kano,North West,BCG,754.7,55.5,2026-12,True,2026-06,60,2025-12,Severe (40-70%),Tsanyawa
Kano,North West,Penta1,785.2,62.1,2026-12,True,2026-06,60,2025-12,Severe (40-70%),Tsanyawa
Kano,North West,Penta3,749.8,64.6,2026-09,True,2026-02,60,2025-12,Severe (40-70%),Tsanyawa
Kano,North West,Measles1,767.7,68.4,2026-11,True,2026-09,60,2025-12,Severe (40-70%),Tsanyawa
Kano,North West,Measles1,921.0,61.8,2026-11,True,2026-04,60,2025-12,Severe (40-70%),Tudun Wada
Kano,North West,BCG,2248.7,76.5,2026-09,True,2026-06,60,2025-12,Warning (70-80%),Ungogo
Kano,North West,Penta1,2321.6,75.8,2026-09,True,2026-09,60,2025-12,Warning (70-80%),Ungogo
Kano,North West,Penta3,2175.0,72.3,2026-09,True,2026-09,60,2025-12,Warning (70-80%),Ungogo
Kano,North West,Penta3,613.4,77.0,2026-09,True,2026-09,60,2025-12,Warning (70-80%),Warawa
Kano,North West,Measles1,544.1,54.7,2026-12,True,2026-05,60,2025-12,Severe (40-70%),Warawa
Kano,North West,BCG,887.0,68.1,2026-06,True,2026-02,60,2025-12,Severe (40-70%),Wudil
Kano,North West,Penta1,949.6,66.3,2026-06,True,2026-02,60,2025-12,Severe (40-70%),Wudil
Kano,North West,Penta3,926.1,52.5,2026-09,True,2026-02,60,2025-12,Severe (40-70%),Wudil
Kano,North West,Measles1,797.7,53.1,2026-11,True,2026-04,60,2025-12,Severe (40-70%),Wudil
Katsina,North West,BCG,1472.8,69.7,2026-11,True,2026-02,36,2025-12,Severe (40-70%),Bakori
Katsina,North West,Penta1,1516.5,63.7,2026-09,True,2026-01,36,2025-12,Severe (40-70%),Bakori
Katsina,North West,Penta3,1514.1,67.3,2026-11,True,2026-04,36,2025-12,Severe (40-70%),Bakori
Katsina,North West,Measles1,1359.9,55.1,2026-06,True,2026-03,36,2025-12,Severe (40-70%),Bakori
Katsina,North West,Penta1,1140.2,65.3,2026-09,True,2026-04,36,2025-12,Severe (40-70%),Batagarawa
Katsina,North West,Penta3,1108.9,73.6,2026-10,True,2026-04,36,2025-12,Warning (70-80%),Batagarawa
Katsina,North West,BCG,952.6,69.2,2026-06,True,2026-02,36,2025-12,Severe (40-70%),Baure
Katsina,North West,Penta3,1012.8,73.6,2026-06,True,2026-02,36,2025-12,Warning (70-80%),Baure
Katsina,North West,Measles1,997.6,60.6,2026-06,True,2026-02,36,2025-12,Severe (40-70%),Baure
Katsina,North West,BCG,637.7,60.5,2026-11,True,2026-02,36,2025-12,Severe (40-70%),Bindawa
Katsina,North West,Penta1,871.9,69.2,2026-11,True,2026-11,36,2025-12,Severe (40-70%),Bindawa
Katsina,North West,Penta3,742.9,79.8,2026-11,True,2026-05,36,2025-12,Warning (70-80%),Bindawa
Katsina,North West,BCG,777.3,73.5,2026-07,True,2026-01,36,2025-12,Warning (70-80%),Charanchi
Katsina,North West,Penta1,1035.4,69.4,2026-11,True,2026-03,36,2025-12,Severe (40-70%),Charanchi
Katsina,North West,Penta3,904.6,77.6,2026-11,True,2026-03,36,2025-12,Warning (70-80%),Charanchi
Katsina,North West,Measles1,760.4,66.5,2026-09,True,2026-02,36,2025-12,Severe (40-70%),Charanchi
Katsina,North West,Penta1,684.9,64.5,2026-06,True,2026-06,36,2025-12,Severe (40-70%),Dan Musa
Katsina,North West,Penta3,633.8,62.1,2026-06,True,2026-06,36,2025-12,Severe (40-70%),Dan Musa
Katsina,North West,Measles1,604.8,61.1,2026-06,True,2026-06,36,2025-12,Severe (40-70%),Dan Musa
Katsina,North West,BCG,1559.2,74.5,2026-11,True,2026-11,36,2025-12,Warning (70-80%),Dandume
Katsina,North West,Penta1,1625.1,75.6,2026-09,True,2026-09,36,2025-12,Warning (70-80%),Dandume
Katsina,North West,Measles1,1353.8,64.7,2026-09,True,2026-03,36,2025-12,Severe (40-70%),Dandume
Katsina,North West,BCG,1153.2,48.5,2026-07,True,2026-01,36,2025-12,Severe (40-70%),Danja
Katsina,North West,Penta1,1259.6,58.4,2026-09,True,2026-01,36,2025-12,Severe (40-70%),Danja
Katsina,North West,Penta3,1230.9,52.8,2026-11,True,2026-03,36,2025-12,Severe (40-70%),Danja
Katsina,North West,Measles1,1033.8,55.6,2026-06,True,2026-03,36,2025-12,Severe (40-70%),Danja
Katsina,North West,Penta1,1849.6,-164.2,2026-06,True,2026-02,36,2025-12,Collapsed (<0%),Daura
Katsina,North West,Penta3,1251.8,-27.7,2026-06,True,2026-06,36,2025-12,Collapsed (<0%),Daura
Katsina,North West,Penta1,632.0,74.1,2026-11,True,2026-11,36,2025-12,Warning (70-80%),Dutsi
Katsina,North West,Penta3,594.2,76.3,2026-09,True,2026-09,36,2025-12,Warning (70-80%),Dutsi
Katsina,North West,Measles1,459.7,75.6,2026-06,True,2026-06,36,2025-12,Warning (70-80%),Dutsi
Katsina,North West,BCG,1284.1,63.1,2026-08,True,2026-02,36,2025-12,Severe (40-70%),Dutsin-Ma
Katsina,North West,Measles1,1092.5,79.9,2026-08,True,2026-02,36,2025-12,Warning (70-80%),Dutsin-Ma
Katsina,North West,BCG,1921.3,59.5,2026-10,True,2026-02,36,2025-12,Severe (40-70%),Funtua
Katsina,North West,Penta1,2050.4,33.4,2026-09,True,2026-02,36,2025-12,Critical (0-40%),Funtua
Katsina,North West,Penta3,1955.2,58.2,2026-09,True,2026-02,36,2025-12,Severe (40-70%),Funtua
Katsina,North West,Measles1,1801.0,12.6,2026-09,True,2026-02,36,2025-12,Critical (0-40%),Funtua
Katsina,North West,BCG,1109.1,60.5,2026-07,True,2026-02,36,2025-12,Severe (40-70%),Kafur
Katsina,North West,Penta1,1244.4,68.3,2026-12,True,2026-04,36,2025-12,Severe (40-70%),Kafur
Katsina,North West,Penta3,1169.3,70.4,2026-12,True,2026-04,36,2025-12,Warning (70-80%),Kafur
Katsina,North West,BCG,991.4,63.7,2026-11,True,2026-02,36,2025-12,Severe (40-70%),Kaita
Katsina,North West,Penta1,1046.8,72.9,2026-11,True,2026-11,36,2025-12,Warning (70-80%),Kaita
Katsina,North West,Penta3,1055.1,67.4,2026-11,True,2026-05,36,2025-12,Severe (40-70%),Kaita
Katsina,North West,Measles1,958.9,71.7,2026-11,True,2026-04,36,2025-12,Warning (70-80%),Kaita
Katsina,North West,BCG,1221.5,64.5,2026-06,True,2026-01,36,2025-12,Severe (40-70%),Kankara
Katsina,North West,Penta1,1209.2,55.1,2026-09,True,2026-02,36,2025-12,Severe (40-70%),Kankara
Katsina,North West,Penta3,1074.4,43.6,2026-09,True,2026-02,36,2025-12,Severe (40-70%),Kankara
Katsina,North West,Measles1,1015.8,0.5,2026-06,True,2026-01,36,2025-12,Critical (0-40%),Kankara
Katsina,North West,Penta3,791.3,79.5,2026-11,True,2026-05,36,2025-12,Warning (70-80%),Kankia
Katsina,North West,BCG,1949.6,60.9,2026-08,True,2026-02,36,2025-12,Severe (40-70%),Katsina
Katsina,North West,Penta1,1981.5,59.9,2026-09,True,2026-02,36,2025-12,Severe (40-70%),Katsina
Katsina,North West,Penta3,1826.2,60.9,2026-09,True,2026-02,36,2025-12,Severe (40-70%),Katsina
Katsina,North West,Measles1,1517.8,78.6,2026-06,True,2026-06,36,2025-12,Warning (70-80%),Katsina
Katsina,North West,BCG,709.7,56.7,2026-09,True,2026-03,36,2025-12,Severe (40-70%),Kurfi
Katsina,North West,Penta1,913.3,65.2,2026-09,True,2026-09,36,2025-12,Severe (40-70%),Kurfi
Katsina,North West,Penta3,840.0,67.2,2026-09,True,2026-03,36,2025-12,Severe (40-70%),Kurfi
Katsina,North West,Measles1,629.3,70.2,2026-09,True,2026-03,36,2025-12,Warning (70-80%),Kurfi
Katsina,North West,BCG,526.7,53.1,2026-10,True,2026-02,36,2025-12,Severe (40-70%),Kusada
Katsina,North West,Penta1,684.3,39.5,2026-11,True,2026-01,36,2025-12,Critical (0-40%),Kusada
Katsina,North West,Penta3,605.9,72.1,2026-09,True,2026-03,36,2025-12,Warning (70-80%),Kusada
Katsina,North West,Measles1,604.6,19.5,2026-09,True,2026-01,36,2025-12,Critical (0-40%),Kusada
Katsina,North West,Penta1,832.6,9.5,2026-06,True,2026-06,36,2025-12,Critical (0-40%),Mai'Adua
Katsina,North West,Penta3,714.2,22.6,2026-09,True,2026-03,36,2025-12,Critical (0-40%),Mai'Adua
Katsina,North West,BCG,804.1,65.2,2026-09,True,2026-02,36,2025-12,Severe (40-70%),Mani
Katsina,North West,Penta1,947.7,78.0,2026-09,True,2026-02,36,2025-12,Warning (70-80%),Mani
Katsina,North West,Penta3,889.5,58.4,2026-09,True,2026-03,36,2025-12,Severe (40-70%),Mani
Katsina,North West,Measles1,858.8,47.4,2026-09,True,2026-02,36,2025-12,Severe (40-70%),Mani
Katsina,North West,BCG,648.8,77.2,2026-09,True,2026-04,36,2025-12,Warning (70-80%),Matazu
Katsina,North West,Penta1,859.2,68.6,2026-09,True,2026-03,36,2025-12,Severe (40-70%),Matazu
Katsina,North West,Penta3,799.0,28.7,2026-09,True,2026-03,36,2025-12,Critical (0-40%),Matazu
Katsina,North West,Measles1,679.9,34.6,2026-09,True,2026-03,36,2025-12,Critical (0-40%),Matazu
Katsina,North West,BCG,790.3,-45.9,2026-09,True,2026-03,36,2025-12,Collapsed (<0%),Musawa
Katsina,North West,Penta1,845.1,-47.5,2026-09,True,2026-03,36,2025-12,Collapsed (<0%),Musawa
Katsina,North West,Penta3,832.9,-53.7,2026-09,True,2026-03,36,2025-12,Collapsed (<0%),Musawa
Katsina,North West,Measles1,679.1,-25.1,2026-09,True,2026-03,36,2025-12,Collapsed (<0%),Musawa
Katsina,North West,BCG,960.7,68.5,2026-09,True,2026-02,36,2025-12,Severe (40-70%),Rimi
Katsina,North West,Penta1,1028.6,67.6,2026-09,True,2026-01,36,2025-12,Severe (40-70%),Rimi
Katsina,North West,Penta3,1033.3,55.7,2026-09,True,2026-03,36,2025-12,Severe (40-70%),Rimi
Katsina,North West,Measles1,956.5,69.0,2026-09,True,2026-03,36,2025-12,Severe (40-70%),Rimi
Katsina,North West,BCG,900.8,14.0,2026-06,True,2026-03,36,2025-12,Critical (0-40%),Sabuwa
Katsina,North West,Penta1,784.1,56.4,2026-11,True,2026-04,36,2025-12,Severe (40-70%),Sabuwa
Katsina,North West,Penta3,719.2,42.1,2026-06,True,2026-04,36,2025-12,Severe (40-70%),Sabuwa
Katsina,North West,Measles1,736.6,4.3,2026-06,True,2026-02,36,2025-12,Critical (0-40%),Sabuwa
Katsina,North West,BCG,459.8,64.2,2026-07,True,2026-01,36,2025-12,Severe (40-70%),Sandamu
Katsina,North West,Penta1,564.2,79.1,2026-09,True,2026-03,36,2025-12,Warning (70-80%),Sandamu
Katsina,North West,Penta3,547.6,78.6,2026-11,True,2026-11,36,2025-12,Warning (70-80%),Sandamu
Katsina,North West,Measles1,478.8,79.1,2026-11,True,2026-11,36,2025-12,Warning (70-80%),Sandamu
Katsina,North West,Penta1,831.7,11.6,2026-06,True,2026-06,36,2025-12,Critical (0-40%),Zango
Katsina,North West,Penta3,683.5,-8.4,2026-06,True,2026-04,36,2025-12,Collapsed (<0%),Zango
Katsina,North West,Measles1,550.1,71.4,2026-09,True,2026-03,36,2025-12,Warning (70-80%),Zango
Kebbi,North West,Measles1,300.2,77.0,2026-09,True,2026-03,60,2025-12,Warning (70-80%),Aleiro
Kebbi,North West,Penta3,862.8,75.8,2026-09,True,2026-09,60,2025-12,Warning (70-80%),Arewa
Kebbi,North West,Measles1,854.4,67.6,2026-11,True,2026-04,60,2025-12,Severe (40-70%),Argungu
Kebbi,North West,Measles1,660.5,70.0,2026-11,True,2026-03,60,2025-12,Severe (40-70%),Suru
Kebbi,North West,Measles1,537.8,58.1,2026-12,True,2026-06,60,2025-12,Severe (40-70%),Yauri
Kebbi,North West,Measles1,769.3,61.2,2026-12,True,2026-02,60,2025-12,Severe (40-70%),Zuru
Kogi,North Central,BCG,1088.7,32.9,2026-06,True,2026-03,36,2025-12,Critical (0-40%),Adavi
Kogi,North Central,Penta1,1201.3,37.0,2026-06,True,2026-03,36,2025-12,Critical (0-40%),Adavi
Kogi,North Central,Penta3,1125.3,41.6,2026-06,True,2026-03,36,2025-12,Severe (40-70%),Adavi
Kogi,North Central,Measles1,925.9,39.1,2026-09,True,2026-03,36,2025-12,Critical (0-40%),Adavi
Kogi,North Central,Penta3,476.9,72.3,2026-11,True,2026-11,36,2025-12,Warning (70-80%),Ajaokuta
Kogi,North Central,Measles1,424.7,-43.9,2026-11,True,2026-03,36,2025-12,Collapsed (<0%),Ajaokuta
Kogi,North Central,BCG,174.5,68.7,2026-07,True,2026-07,36,2025-12,Severe (40-70%),Bassa
Kogi,North Central,Penta1,382.1,76.1,2026-07,True,2026-03,36,2025-12,Warning (70-80%),Bassa
Kogi,North Central,Penta3,352.0,70.0,2026-07,True,2026-03,36,2025-12,Severe (40-70%),Bassa
Kogi,North Central,Measles1,624.6,-74.8,2026-11,True,2026-01,36,2025-12,Collapsed (<0%),Bassa
Kogi,North Central,Penta1,1274.3,54.2,2026-11,True,2026-05,36,2025-12,Severe (40-70%),Dekina
Kogi,North Central,Penta3,1193.4,44.8,2026-06,True,2026-03,36,2025-12,Severe (40-70%),Dekina
Kogi,North Central,Measles1,1247.6,-15.6,2026-11,True,2026-05,36,2025-12,Collapsed (<0%),Dekina
Kogi,North Central,Measles1,382.6,-26.4,2026-11,True,2026-01,36,2025-12,Collapsed (<0%),Ibaji
Kogi,North Central,Penta1,583.7,29.6,2026-09,True,2026-01,36,2025-12,Critical (0-40%),Idah
Kogi,North Central,Penta3,555.5,24.0,2026-07,True,2026-01,36,2025-12,Critical (0-40%),Idah
Kogi,North Central,Measles1,464.6,16.0,2026-10,True,2026-02,36,2025-12,Critical (0-40%),Idah
Kogi,North Central,BCG,460.5,44.1,2026-09,True,2026-01,36,2025-12,Severe (40-70%),Igalamela-Odolu
Kogi,North Central,Penta1,610.6,57.7,2026-09,True,2026-01,36,2025-12,Severe (40-70%),Igalamela-Odolu
Kogi,North Central,Penta3,557.0,71.8,2026-09,True,2026-01,36,2025-12,Warning (70-80%),Igalamela-Odolu
Kogi,North Central,Measles1,655.8,48.8,2026-07,True,2026-01,36,2025-12,Severe (40-70%),Igalamela-Odolu
Kogi,North Central,Measles1,641.8,4.7,2026-11,True,2026-02,36,2025-12,Critical (0-40%),Ijumu
Kogi,North Central,BCG,476.0,73.8,2026-09,True,2026-09,36,2025-12,Warning (70-80%),Kabba/Bunu
Kogi,North Central,Measles1,582.1,58.5,2026-09,True,2026-09,36,2025-12,Severe (40-70%),Kabba/Bunu
Kogi,North Central,BCG,648.9,61.4,2026-06,True,2026-05,36,2025-12,Severe (40-70%),Lokoja
Kogi,North Central,Penta1,696.6,59.8,2026-09,True,2026-03,36,2025-12,Severe (40-70%),Lokoja
Kogi,North Central,Penta3,583.4,19.2,2026-06,True,2026-05,36,2025-12,Critical (0-40%),Lokoja
Kogi,North Central,Measles1,582.2,39.6,2026-09,True,2026-03,36,2025-12,Critical (0-40%),Lokoja
Kogi,North Central,Penta1,239.8,36.2,2026-09,True,2026-03,36,2025-12,Critical (0-40%),Mopa-Muro
Kogi,North Central,Penta3,241.9,42.2,2026-09,True,2026-01,36,2025-12,Severe (40-70%),Mopa-Muro
Kogi,North Central,Measles1,208.5,2.5,2026-10,True,2026-01,36,2025-12,Critical (0-40%),Mopa-Muro
Kogi,North Central,BCG,479.1,12.2,2026-09,True,2026-02,36,2025-12,Critical (0-40%),Ofu
Kogi,North Central,Penta1,659.2,34.3,2026-09,True,2026-02,36,2025-12,Critical (0-40%),Ofu
Kogi,North Central,Penta3,647.9,31.0,2026-09,True,2026-03,36,2025-12,Critical (0-40%),Ofu
Kogi,North Central,Measles1,487.6,11.2,2026-09,True,2026-01,36,2025-12,Critical (0-40%),Ofu
Kogi,North Central,BCG,202.8,54.5,2026-09,True,2026-03,36,2025-12,Severe (40-70%),Ogori/Magongo
Kogi,North Central,Penta1,204.4,46.7,2026-09,True,2026-09,36,2025-12,Severe (40-70%),Ogori/Magongo
Kogi,North Central,Penta3,195.8,40.7,2026-09,True,2026-09,36,2025-12,Severe (40-70%),Ogori/Magongo
Kogi,North Central,Measles1,868.3,59.2,2026-06,True,2026-02,36,2025-12,Severe (40-70%),Okehi
Kogi,North Central,BCG,1706.6,59.4,2026-06,True,2026-03,36,2025-12,Severe (40-70%),Okene
Kogi,North Central,Penta1,1753.3,48.5,2026-09,True,2026-02,36,2025-12,Severe (40-70%),Okene
Kogi,North Central,Penta3,1690.7,51.4,2026-09,True,2026-02,36,2025-12,Severe (40-70%),Okene
Kogi,North Central,Measles1,1462.7,34.7,2026-08,True,2026-02,36,2025-12,Critical (0-40%),Okene
Kogi,North Central,Penta1,899.3,77.5,2026-08,True,2026-02,36,2025-12,Warning (70-80%),Olamaboro
Kogi,North Central,Penta3,715.2,73.4,2026-08,True,2026-02,36,2025-12,Warning (70-80%),Olamaboro
Kogi,North Central,BCG,332.3,54.6,2026-09,True,2026-09,36,2025-12,Severe (40-70%),Omala
Kogi,North Central,Penta1,394.4,39.9,2026-09,True,2026-03,36,2025-12,Critical (0-40%),Omala
Kogi,North Central,Penta3,368.2,41.7,2026-09,True,2026-03,36,2025-12,Severe (40-70%),Omala
Kogi,North Central,Measles1,367.2,15.4,2026-09,True,2026-03,36,2025-12,Critical (0-40%),Omala
Kogi,North Central,BCG,655.1,32.1,2026-08,True,2026-01,36,2025-12,Critical (0-40%),Yagba East
Kogi,North Central,Penta1,661.0,-13.8,2026-07,True,2026-01,36,2025-12,Collapsed (<0%),Yagba East
Kogi,North Central,Penta3,615.6,-18.8,2026-07,True,2026-01,36,2025-12,Collapsed (<0%),Yagba East
Kogi,North Central,Measles1,517.0,38.8,2026-08,True,2026-02,36,2025-12,Critical (0-40%),Yagba East
Kogi,North Central,Penta1,783.4,75.4,2026-11,True,2026-11,36,2025-12,Warning (70-80%),Yagba West
Kogi,North Central,Measles1,778.7,-15.5,2026-11,True,2026-01,36,2025-12,Collapsed (<0%),Yagba West
Kwara,North Central,BCG,621.0,75.4,2026-07,True,2026-07,36,2025-12,Warning (70-80%),Asa
Kwara,North Central,Penta1,763.3,66.5,2026-07,True,2026-07,36,2025-12,Severe (40-70%),Asa
Kwara,North Central,Penta3,749.7,76.7,2026-07,True,2026-07,36,2025-12,Warning (70-80%),Asa
Kwara,North Central,Measles1,577.5,64.9,2026-07,True,2026-07,36,2025-12,Severe (40-70%),Asa
Kwara,North Central,BCG,898.2,73.1,2026-07,True,2026-01,36,2025-12,Warning (70-80%),Baruten
Kwara,North Central,Penta1,1156.2,35.7,2026-06,True,2026-01,36,2025-12,Critical (0-40%),Baruten
Kwara,North Central,Measles1,849.7,41.9,2026-07,True,2026-01,36,2025-12,Severe (40-70%),Baruten
Kwara,North Central,BCG,344.2,72.1,2026-07,True,2026-07,36,2025-12,Warning (70-80%),Ekiti
Kwara,North Central,BCG,744.9,71.3,2026-11,True,2026-01,36,2025-12,Warning (70-80%),Ifelodun
Kwara,North Central,Penta1,1060.8,59.3,2026-06,True,2026-01,36,2025-12,Severe (40-70%),Ifelodun
Kwara,North Central,Penta3,873.8,55.9,2026-11,True,2026-11,36,2025-12,Severe (40-70%),Ifelodun
Kwara,North Central,Measles1,924.8,-48.4,2026-07,True,2026-01,36,2025-12,Collapsed (<0%),Ifelodun
Kwara,North Central,Penta1,1097.5,46.4,2026-06,True,2026-06,36,2025-12,Severe (40-70%),Ilorin East
Kwara,North Central,BCG,609.1,76.3,2026-11,True,2026-01,36,2025-12,Warning (70-80%),Irepodun
Kwara,North Central,Measles1,581.2,51.5,2026-06,True,2026-01,36,2025-12,Severe (40-70%),Irepodun
Kwara,North Central,BCG,272.4,40.8,2026-06,True,2026-01,36,2025-12,Severe (40-70%),Isin
Kwara,North Central,BCG,644.3,77.1,2026-07,True,2026-01,36,2025-12,Warning (70-80%),Kaiama
Kwara,North Central,Penta1,716.3,70.2,2026-07,True,2026-01,36,2025-12,Warning (70-80%),Kaiama
Kwara,North Central,Measles1,582.8,63.4,2026-07,True,2026-01,36,2025-12,Severe (40-70%),Kaiama
Kwara,North Central,BCG,535.2,70.3,2026-11,True,2026-01,36,2025-12,Warning (70-80%),Moro
Kwara,North Central,Penta1,660.2,70.2,2026-07,True,2026-01,36,2025-12,Warning (70-80%),Moro
Kwara,North Central,Penta3,688.3,76.4,2026-07,True,2026-01,36,2025-12,Warning (70-80%),Moro
Kwara,North Central,Measles1,540.9,65.1,2026-11,True,2026-01,36,2025-12,Severe (40-70%),Moro
Kwara,North Central,Measles1,362.8,74.8,2026-11,True,2026-01,36,2025-12,Warning (70-80%),Offa
Kwara,North Central,BCG,452.3,75.6,2026-11,True,2026-05,36,2025-12,Warning (70-80%),Oyun
Kwara,North Central,Penta1,448.8,79.8,2026-12,True,2026-03,36,2025-12,Warning (70-80%),Oyun
Kwara,North Central,Penta3,413.8,78.6,2026-11,True,2026-04,36,2025-12,Warning (70-80%),Oyun
Kwara,North Central,Measles1,432.8,21.4,2026-12,True,2026-03,36,2025-12,Critical (0-40%),Oyun
Kwara,North Central,Measles1,425.1,34.9,2026-10,True,2026-04,36,2025-12,Critical (0-40%),Pategi
Lagos,South West,BCG,1997.9,64.4,2026-09,True,2026-01,36,2025-12,Severe (40-70%),Agege
Lagos,South West,Penta1,2102.7,49.4,2026-09,True,2026-01,36,2025-12,Severe (40-70%),Agege
Lagos,South West,Penta3,1994.8,41.9,2026-10,True,2026-01,36,2025-12,Severe (40-70%),Agege
Lagos,South West,Measles1,1676.5,49.8,2026-09,True,2026-02,36,2025-12,Severe (40-70%),Agege
Lagos,South West,BCG,3402.9,49.0,2026-09,True,2026-02,36,2025-12,Severe (40-70%),Ajeromi/Ifelodun
Lagos,South West,Penta1,3114.4,23.3,2026-11,True,2026-01,36,2025-12,Critical (0-40%),Ajeromi/Ifelodun
Lagos,South West,Penta3,3161.8,19.3,2026-11,True,2026-01,36,2025-12,Critical (0-40%),Ajeromi/Ifelodun
Lagos,South West,Measles1,3290.6,64.7,2026-09,True,2026-09,36,2025-12,Severe (40-70%),Ajeromi/Ifelodun
Lagos,South West,BCG,4678.4,75.8,2026-09,True,2026-01,36,2025-12,Warning (70-80%),Alimosho
Lagos,South West,Penta1,5030.8,70.7,2026-09,True,2026-01,36,2025-12,Warning (70-80%),Alimosho
Lagos,South West,Penta3,4976.8,45.1,2026-10,True,2026-01,36,2025-12,Severe (40-70%),Alimosho
Lagos,South West,Measles1,9717.8,31.6,2026-10,True,2026-01,36,2025-12,Critical (0-40%),Alimosho
Lagos,South West,Penta1,1375.2,75.1,2026-09,True,2026-09,36,2025-12,Warning (70-80%),Amuwo Odofin
Lagos,South West,Penta3,1342.2,79.0,2026-11,True,2026-02,36,2025-12,Warning (70-80%),Amuwo Odofin
Lagos,South West,Measles1,1533.8,66.1,2026-09,True,2026-09,36,2025-12,Severe (40-70%),Amuwo Odofin
Lagos,South West,BCG,1224.1,65.8,2026-10,True,2026-02,36,2025-12,Severe (40-70%),Badagry
Lagos,South West,Penta1,1046.6,63.8,2026-10,True,2026-02,36,2025-12,Severe (40-70%),Badagry
Lagos,South West,Penta3,1032.7,67.8,2026-10,True,2026-02,36,2025-12,Severe (40-70%),Badagry
Lagos,South West,Measles1,943.8,74.0,2026-10,True,2026-09,36,2025-12,Warning (70-80%),Badagry
Lagos,South West,BCG,745.4,63.1,2026-08,True,2026-02,36,2025-12,Severe (40-70%),Epe
Lagos,South West,Penta1,865.8,66.4,2026-09,True,2026-01,36,2025-12,Severe (40-70%),Epe
Lagos,South West,Penta3,857.9,54.3,2026-07,True,2026-01,36,2025-12,Severe (40-70%),Epe
Lagos,South West,Measles1,764.1,60.8,2026-09,True,2026-03,36,2025-12,Severe (40-70%),Epe
Lagos,South West,BCG,1319.2,54.6,2026-11,True,2026-01,36,2025-12,Severe (40-70%),Eti-Osa
Lagos,South West,Penta1,1262.6,65.4,2026-08,True,2026-01,36,2025-12,Severe (40-70%),Eti-Osa
Lagos,South West,Penta3,1320.8,51.7,2026-11,True,2026-01,36,2025-12,Severe (40-70%),Eti-Osa
Lagos,South West,Measles1,1307.5,56.3,2026-12,True,2026-04,36,2025-12,Severe (40-70%),Eti-Osa
Lagos,South West,Penta3,741.5,79.7,2026-11,True,2026-01,36,2025-12,Warning (70-80%),Ibeju/Lekki
Lagos,South West,Measles1,675.2,60.2,2026-10,True,2026-04,36,2025-12,Severe (40-70%),Ibeju/Lekki
Lagos,South West,BCG,2305.6,55.2,2026-11,True,2026-02,36,2025-12,Severe (40-70%),Ifako/Ijaye
Lagos,South West,Penta1,2190.3,50.6,2026-11,True,2026-02,36,2025-12,Severe (40-70%),Ifako/Ijaye
Lagos,South West,Penta3,2203.2,41.9,2026-11,True,2026-01,36,2025-12,Severe (40-70%),Ifako/Ijaye
Lagos,South West,Measles1,2105.1,53.2,2026-12,True,2026-02,36,2025-12,Severe (40-70%),Ifako/Ijaye
Lagos,South West,BCG,1550.2,21.1,2026-12,True,2026-01,36,2025-12,Critical (0-40%),Ikeja
Lagos,South West,Penta1,1568.5,29.1,2026-12,True,2026-01,36,2025-12,Critical (0-40%),Ikeja
Lagos,South West,Penta3,1489.6,30.6,2026-12,True,2026-01,36,2025-12,Critical (0-40%),Ikeja
Lagos,South West,Measles1,1483.0,27.0,2026-12,True,2026-02,36,2025-12,Critical (0-40%),Ikeja
Lagos,South West,BCG,2796.7,69.2,2026-08,True,2026-02,36,2025-12,Severe (40-70%),Ikorodu
Lagos,South West,Penta1,2409.8,68.5,2026-11,True,2026-02,36,2025-12,Severe (40-70%),Ikorodu
Lagos,South West,Penta3,2561.7,43.1,2026-11,True,2026-05,36,2025-12,Severe (40-70%),Ikorodu
Lagos,South West,Measles1,2601.5,58.1,2026-09,True,2026-02,36,2025-12,Severe (40-70%),Ikorodu
Lagos,South West,BCG,2518.4,62.9,2026-11,True,2026-03,36,2025-12,Severe (40-70%),Kosofe
Lagos,South West,Penta1,2555.6,76.9,2026-11,True,2026-03,36,2025-12,Warning (70-80%),Kosofe
Lagos,South West,Penta3,2405.2,64.5,2026-11,True,2026-01,36,2025-12,Severe (40-70%),Kosofe
Lagos,South West,BCG,701.8,57.8,2026-09,True,2026-03,36,2025-12,Severe (40-70%),Lagos Island
Lagos,South West,Penta1,856.8,36.4,2026-09,True,2026-03,36,2025-12,Critical (0-40%),Lagos Island
Lagos,South West,Penta3,881.6,43.9,2026-09,True,2026-03,36,2025-12,Severe (40-70%),Lagos Island
Lagos,South West,Measles1,818.4,22.9,2026-09,True,2026-03,36,2025-12,Critical (0-40%),Lagos Island
Lagos,South West,BCG,821.0,62.4,2026-12,True,2026-01,36,2025-12,Severe (40-70%),Lagos Mainland
Lagos,South West,Penta1,1193.2,72.7,2026-11,True,2026-01,36,2025-12,Warning (70-80%),Lagos Mainland
Lagos,South West,Penta3,1331.3,59.8,2026-12,True,2026-01,36,2025-12,Severe (40-70%),Lagos Mainland
Lagos,South West,Measles1,903.4,57.6,2026-12,True,2026-06,36,2025-12,Severe (40-70%),Lagos Mainland
Lagos,South West,BCG,2419.2,55.0,2026-12,True,2026-06,36,2025-12,Severe (40-70%),Mushin
Lagos,South West,Penta1,2356.2,76.6,2026-12,True,2026-01,36,2025-12,Warning (70-80%),Mushin
Lagos,South West,Penta3,2619.2,36.5,2026-12,True,2026-01,36,2025-12,Critical (0-40%),Mushin
Lagos,South West,Measles1,2446.1,45.6,2026-06,True,2026-02,36,2025-12,Severe (40-70%),Mushin
Lagos,South West,Penta1,2586.3,15.7,2026-09,True,2026-01,36,2025-12,Critical (0-40%),Ojo
Lagos,South West,Penta3,2843.7,15.7,2026-09,True,2026-01,36,2025-12,Critical (0-40%),Ojo
Lagos,South West,Measles1,2293.0,33.7,2026-09,True,2026-02,36,2025-12,Critical (0-40%),Ojo
Lagos,South West,BCG,2783.3,64.3,2026-11,True,2026-01,36,2025-12,Severe (40-70%),Oshodi/Isolo
Lagos,South West,Penta1,2568.7,53.4,2026-08,True,2026-01,36,2025-12,Severe (40-70%),Oshodi/Isolo
Lagos,South West,Penta3,2544.7,54.2,2026-08,True,2026-01,36,2025-12,Severe (40-70%),Oshodi/Isolo
Lagos,South West,Measles1,2692.1,61.0,2026-10,True,2026-02,36,2025-12,Severe (40-70%),Oshodi/Isolo
Lagos,South West,BCG,1692.1,33.2,2026-12,True,2026-02,36,2025-12,Critical (0-40%),Shomolu
Lagos,South West,Penta1,1836.2,22.1,2026-09,True,2026-01,36,2025-12,Critical (0-40%),Shomolu
Lagos,South West,Penta3,1791.6,28.1,2026-11,True,2026-01,36,2025-12,Critical (0-40%),Shomolu
Lagos,South West,Measles1,1488.9,21.5,2026-09,True,2026-02,36,2025-12,Critical (0-40%),Shomolu
Lagos,South West,BCG,1293.8,5.5,2026-12,True,2026-01,36,2025-12,Critical (0-40%),Surulere
Lagos,South West,Penta1,1986.2,3.6,2026-09,True,2026-01,36,2025-12,Critical (0-40%),Surulere
Lagos,South West,Penta3,2006.4,19.2,2026-10,True,2026-01,36,2025-12,Critical (0-40%),Surulere
Lagos,South West,Measles1,1581.2,-15.0,2026-09,True,2026-01,36,2025-12,Collapsed (<0%),Surulere
Nasarawa,North Central,Measles1,522.2,70.7,2026-06,True,2026-03,60,2025-12,Warning (70-80%),Awe
Nasarawa,North Central,Measles1,3712.0,14.4,2026-11,True,2026-01,60,2025-12,Critical (0-40%),Karu
Nasarawa,North Central,BCG,738.3,63.4,2026-11,True,2026-05,60,2025-12,Severe (40-70%),Keffi
Nasarawa,North Central,Penta1,727.9,77.2,2026-09,True,2026-09,60,2025-12,Warning (70-80%),Keffi
Nasarawa,North Central,Penta3,667.6,75.4,2026-09,True,2026-09,60,2025-12,Warning (70-80%),Keffi
Nasarawa,North Central,Measles1,512.2,78.0,2026-11,True,2026-02,60,2025-12,Warning (70-80%),Keffi
Nasarawa,North Central,Penta1,564.6,78.8,2026-09,True,2026-09,60,2025-12,Warning (70-80%),Kokona
Nasarawa,North Central,BCG,1727.1,78.8,2026-06,True,2026-06,60,2025-12,Warning (70-80%),Lafia
Nasarawa,North Central,Measles1,757.2,59.1,2026-10,True,2026-04,60,2025-12,Severe (40-70%),Nasarawa Eggon
Nasarawa,North Central,Measles1,951.8,70.4,2026-06,True,2026-06,60,2025-12,Warning (70-80%),Nasarawa
Nasarawa,North Central,Penta1,899.7,75.7,2026-07,True,2026-07,60,2025-12,Warning (70-80%),Obi
Niger,North Central,BCG,1126.9,72.6,2026-11,True,2026-01,36,2025-12,Warning (70-80%),Bida
Niger,North Central,Penta1,1215.9,72.0,2026-09,True,2026-04,36,2025-12,Warning (70-80%),Bida
Niger,North Central,Measles1,975.5,53.3,2026-10,True,2026-03,36,2025-12,Severe (40-70%),Bida
Niger,North Central,Penta3,1248.2,75.0,2026-11,True,2026-11,36,2025-12,Warning (70-80%),Borgu
Niger,North Central,Measles1,1389.9,4.2,2026-11,True,2026-03,36,2025-12,Critical (0-40%),Borgu
Niger,North Central,Penta1,994.1,53.6,2026-09,True,2026-08,36,2025-12,Severe (40-70%),Bosso
Niger,North Central,Measles1,1071.2,-63.1,2026-06,True,2026-01,36,2025-12,Collapsed (<0%),Bosso
Niger,North Central,BCG,1390.0,61.2,2026-08,True,2026-02,36,2025-12,Severe (40-70%),Chanchaga
Niger,North Central,Penta1,1321.7,60.1,2026-09,True,2026-03,36,2025-12,Severe (40-70%),Chanchaga
Niger,North Central,Penta3,1033.9,68.8,2026-09,True,2026-03,36,2025-12,Severe (40-70%),Chanchaga
Niger,North Central,Measles1,856.9,64.9,2026-09,True,2026-03,36,2025-12,Severe (40-70%),Chanchaga
Niger,North Central,BCG,972.1,76.1,2026-11,True,2026-11,36,2025-12,Warning (70-80%),Edati
Niger,North Central,Penta3,530.5,75.4,2026-09,True,2026-09,36,2025-12,Warning (70-80%),Gurara
Niger,North Central,Measles1,440.0,79.0,2026-10,True,2026-10,36,2025-12,Warning (70-80%),Gurara
Niger,North Central,BCG,905.0,76.8,2026-11,True,2026-11,36,2025-12,Warning (70-80%),Katcha
Niger,North Central,Penta1,936.6,69.5,2026-08,True,2026-08,36,2025-12,Severe (40-70%),Katcha
Niger,North Central,Penta3,937.2,49.6,2026-11,True,2026-05,36,2025-12,Severe (40-70%),Katcha
Niger,North Central,Measles1,878.1,43.8,2026-07,True,2026-01,36,2025-12,Severe (40-70%),Katcha
Niger,North Central,BCG,1289.7,29.2,2026-11,True,2026-02,36,2025-12,Critical (0-40%),Kontagora
Niger,North Central,Penta1,1253.0,18.9,2026-11,True,2026-05,36,2025-12,Critical (0-40%),Kontagora
Niger,North Central,Penta3,1131.2,44.0,2026-11,True,2026-02,36,2025-12,Severe (40-70%),Kontagora
Niger,North Central,Measles1,1004.7,67.6,2026-11,True,2026-05,36,2025-12,Severe (40-70%),Kontagora
Niger,North Central,BCG,919.9,77.5,2026-08,True,2026-02,36,2025-12,Warning (70-80%),Lapai
Niger,North Central,Penta1,1019.5,69.4,2026-09,True,2026-02,36,2025-12,Severe (40-70%),Lapai
Niger,North Central,Penta3,983.9,68.0,2026-09,True,2026-02,36,2025-12,Severe (40-70%),Lapai
Niger,North Central,Measles1,892.8,55.0,2026-09,True,2026-03,36,2025-12,Severe (40-70%),Lapai
Niger,North Central,BCG,1236.5,70.3,2026-09,True,2026-09,36,2025-12,Warning (70-80%),Lavun
Niger,North Central,Penta3,1381.4,78.6,2026-06,True,2026-06,36,2025-12,Warning (70-80%),Lavun
Niger,North Central,Measles1,1292.6,60.4,2026-06,True,2026-04,36,2025-12,Severe (40-70%),Lavun
Niger,North Central,Penta1,1177.4,78.0,2026-09,True,2026-09,36,2025-12,Warning (70-80%),Magama
Niger,North Central,Measles1,1103.7,11.8,2026-06,True,2026-02,36,2025-12,Critical (0-40%),Magama
Niger,North Central,BCG,1451.3,30.7,2026-09,True,2026-01,36,2025-12,Critical (0-40%),Mariga
Niger,North Central,Penta1,1348.2,60.7,2026-06,True,2026-06,36,2025-12,Severe (40-70%),Mariga
Niger,North Central,Penta3,1244.5,49.6,2026-09,True,2026-03,36,2025-12,Severe (40-70%),Mariga
Niger,North Central,Measles1,1179.6,56.0,2026-06,True,2026-02,36,2025-12,Severe (40-70%),Mariga
Niger,North Central,BCG,1132.5,51.0,2026-08,True,2026-08,36,2025-12,Severe (40-70%),Mashegu
Niger,North Central,Penta1,1255.6,43.4,2026-08,True,2026-08,36,2025-12,Severe (40-70%),Mashegu
Niger,North Central,Penta3,1104.0,76.2,2026-08,True,2026-08,36,2025-12,Warning (70-80%),Mashegu
Niger,North Central,Measles1,1603.3,77.8,2026-10,True,2026-10,36,2025-12,Warning (70-80%),Mokwa
Niger,North Central,BCG,866.3,17.0,2026-11,True,2026-01,36,2025-12,Critical (0-40%),Paikoro
Niger,North Central,Penta1,873.0,78.7,2026-07,True,2026-07,36,2025-12,Warning (70-80%),Paikoro
Niger,North Central,Measles1,832.8,-180.0,2026-11,True,2026-01,36,2025-12,Collapsed (<0%),Paikoro
Niger,North Central,BCG,1130.8,62.2,2026-11,True,2026-05,36,2025-12,Severe (40-70%),Rafi
Niger,North Central,Penta3,902.6,71.9,2026-09,True,2026-09,36,2025-12,Warning (70-80%),Rafi
Niger,North Central,BCG,1177.6,58.6,2026-09,True,2026-03,36,2025-12,Severe (40-70%),Suleja
Niger,North Central,Penta1,1268.6,48.2,2026-09,True,2026-09,36,2025-12,Severe (40-70%),Suleja
Niger,North Central,Penta3,1298.3,44.4,2026-09,True,2026-02,36,2025-12,Severe (40-70%),Suleja
Niger,North Central,Measles1,1043.8,38.7,2026-09,True,2026-03,36,2025-12,Critical (0-40%),Suleja
Ogun,South West,Measles1,1096.7,71.3,2026-12,True,2026-06,60,2025-12,Warning (70-80%),Abeokuta South
Ogun,South West,Penta1,2717.2,75.5,2026-07,True,2026-01,60,2025-12,Warning (70-80%),Ado Odo/Ota
Ogun,South West,Penta1,2477.2,74.3,2026-07,True,2026-01,60,2025-12,Warning (70-80%),Ifo
Ogun,South West,Penta3,2510.8,61.9,2026-07,True,2026-01,60,2025-12,Severe (40-70%),Ifo
Ogun,South West,Penta1,536.2,77.2,2026-06,True,2026-05,60,2025-12,Warning (70-80%),Ijebu East
Ogun,South West,Measles1,538.5,72.9,2026-06,True,2026-04,60,2025-12,Warning (70-80%),Ijebu East
Ogun,South West,Measles1,457.1,79.0,2026-09,True,2026-04,60,2025-12,Warning (70-80%),Ijebu North East
Ogun,South West,BCG,1665.6,56.4,2026-09,True,2026-01,60,2025-12,Severe (40-70%),Ijebu North
Ogun,South West,Penta1,1293.4,69.3,2026-10,True,2026-04,60,2025-12,Severe (40-70%),Ijebu North
Ogun,South West,Penta3,1237.9,72.3,2026-10,True,2026-04,60,2025-12,Warning (70-80%),Ijebu North
Ogun,South West,Measles1,1580.2,39.1,2026-09,True,2026-02,60,2025-12,Critical (0-40%),Ijebu North
Ogun,South West,Measles1,959.7,74.5,2026-07,True,2026-02,60,2025-12,Warning (70-80%),Ijebu Ode
Ogun,South West,BCG,650.0,56.4,2026-07,True,2026-01,60,2025-12,Severe (40-70%),Ikenne
Ogun,South West,Penta1,654.7,70.1,2026-12,True,2026-01,60,2025-12,Warning (70-80%),Ikenne
Ogun,South West,Penta3,623.3,63.2,2026-11,True,2026-01,60,2025-12,Severe (40-70%),Ikenne
Ogun,South West,Measles1,663.5,50.6,2026-07,True,2026-01,60,2025-12,Severe (40-70%),Ikenne
Ogun,South West,Penta1,448.8,52.2,2026-12,True,2026-01,60,2025-12,Severe (40-70%),Imeko Afon
Ogun,South West,Penta3,409.4,48.5,2026-12,True,2026-01,60,2025-12,Severe (40-70%),Imeko Afon
Ogun,South West,Measles1,482.0,78.8,2026-06,True,2026-02,60,2025-12,Warning (70-80%),Imeko Afon
Ogun,South West,Measles1,505.6,74.4,2026-09,True,2026-09,60,2025-12,Warning (70-80%),Ipokia
Ogun,South West,BCG,1159.9,79.0,2026-11,True,2026-11,60,2025-12,Warning (70-80%),Obafemi Owode
Ogun,South West,Measles1,971.8,-10.8,2026-07,True,2026-01,60,2025-12,Collapsed (<0%),Obafemi Owode
Ogun,South West,Measles1,550.3,14.1,2026-09,True,2026-03,60,2025-12,Critical (0-40%),Odeda
Ogun,South West,BCG,751.8,76.9,2026-10,True,2026-10,60,2025-12,Warning (70-80%),Odogbolu
Ogun,South West,Penta1,657.1,71.7,2026-07,True,2026-07,60,2025-12,Warning (70-80%),Odogbolu
Ogun,South West,Penta3,628.9,71.0,2026-10,True,2026-04,60,2025-12,Warning (70-80%),Odogbolu
Ogun,South West,Measles1,686.9,74.6,2026-10,True,2026-09,60,2025-12,Warning (70-80%),Odogbolu
Ogun,South West,BCG,1468.1,73.6,2026-12,True,2026-09,60,2025-12,Warning (70-80%),Sagamu
Ogun,South West,Penta1,1266.6,75.9,2026-12,True,2026-12,60,2025-12,Warning (70-80%),Sagamu
Ogun,South West,Penta3,1176.8,67.8,2026-12,True,2026-12,60,2025-12,Severe (40-70%),Sagamu
Ogun,South West,BCG,1136.3,70.1,2026-12,True,2026-03,60,2025-12,Warning (70-80%),Yewa North
Ogun,South West,Penta3,962.4,80.0,2026-12,True,2026-12,60,2025-12,Warning (70-80%),Yewa North
Ogun,South West,BCG,856.6,73.0,2026-10,True,2026-02,60,2025-12,Warning (70-80%),Yewa South
Ogun,South West,Penta1,707.4,67.1,2026-12,True,2026-02,60,2025-12,Severe (40-70%),Yewa South
Ogun,South West,Penta3,650.1,67.2,2026-12,True,2026-02,60,2025-12,Severe (40-70%),Yewa South
Ogun,South West,Measles1,766.2,63.0,2026-10,True,2026-02,60,2025-12,Severe (40-70%),Yewa South
Ondo,South West,Measles1,990.2,78.9,2026-07,True,2026-01,60,2025-12,Warning (70-80%),Akoko North East
Ondo,South West,BCG,878.7,77.9,2026-12,True,2026-12,60,2025-12,Warning (70-80%),Akure North
Ondo,South West,BCG,2093.3,60.0,2026-12,True,2026-01,60,2025-12,Severe (40-70%),Akure South
Ondo,South West,Penta1,1883.4,69.6,2026-12,True,2026-01,60,2025-12,Severe (40-70%),Akure South
Ondo,South West,Penta3,1837.7,71.2,2026-12,True,2026-01,60,2025-12,Warning (70-80%),Akure South
Ondo,South West,Measles1,1829.5,58.0,2026-12,True,2026-02,60,2025-12,Severe (40-70%),Akure South
Ondo,South West,Penta1,1802.7,59.4,2026-12,True,2026-01,60,2025-12,Severe (40-70%),Odigbo
Ondo,South West,Penta3,1744.2,59.1,2026-12,True,2026-01,60,2025-12,Severe (40-70%),Odigbo
Ondo,South West,Measles1,2207.5,63.1,2026-06,True,2026-01,60,2025-12,Severe (40-70%),Odigbo
Ondo,South West,Penta1,1183.2,73.4,2026-10,True,2026-07,60,2025-12,Warning (70-80%),Okitipupa
Ondo,South West,Penta3,1117.1,73.1,2026-10,True,2026-07,60,2025-12,Warning (70-80%),Okitipupa
Osun,South West,BCG,177.1,61.3,2026-12,True,2026-03,60,2025-12,Severe (40-70%),Atakumosa West
Osun,South West,Penta1,303.2,78.4,2026-12,True,2026-12,60,2025-12,Warning (70-80%),Atakumosa West
Osun,South West,Measles1,185.9,59.5,2026-12,True,2026-05,60,2025-12,Severe (40-70%),Atakumosa West
Osun,South West,BCG,473.7,70.5,2026-12,True,2026-02,60,2025-12,Warning (70-80%),Ayedaade
Osun,South West,Penta1,714.6,49.4,2026-12,True,2026-01,60,2025-12,Severe (40-70%),Ayedaade
Osun,South West,Penta3,712.1,47.8,2026-12,True,2026-01,60,2025-12,Severe (40-70%),Ayedaade
Osun,South West,Measles1,473.2,72.2,2026-12,True,2026-08,60,2025-12,Warning (70-80%),Ayedaade
Osun,South West,BCG,165.2,73.7,2026-08,True,2026-02,60,2025-12,Warning (70-80%),Ayedire
Osun,South West,Measles1,160.5,69.7,2026-10,True,2026-02,60,2025-12,Severe (40-70%),Ayedire
Osun,South West,Penta1,367.1,44.8,2026-12,True,2026-01,60,2025-12,Severe (40-70%),Boluwaduro
Osun,South West,Penta3,343.8,54.5,2026-12,True,2026-01,60,2025-12,Severe (40-70%),Boluwaduro
Osun,South West,BCG,727.2,72.9,2026-11,True,2026-08,60,2025-12,Warning (70-80%),Boripe
Osun,South West,Penta1,658.3,56.3,2026-12,True,2026-02,60,2025-12,Severe (40-70%),Boripe
Osun,South West,Penta3,646.3,71.2,2026-12,True,2026-12,60,2025-12,Warning (70-80%),Boripe
Osun,South West,Measles1,599.6,40.9,2026-12,True,2026-08,60,2025-12,Severe (40-70%),Boripe
Osun,South West,BCG,284.7,77.7,2026-12,True,2026-12,60,2025-12,Warning (70-80%),Ede South
Osun,South West,Measles1,231.1,77.4,2026-11,True,2026-11,60,2025-12,Warning (70-80%),Ede South
Osun,South West,BCG,259.0,79.8,2026-08,True,2026-01,60,2025-12,Warning (70-80%),Egbedore
Osun,South West,Measles1,417.8,36.8,2026-12,True,2026-05,60,2025-12,Critical (0-40%),Ejigbo
Osun,South West,BCG,832.1,73.4,2026-12,True,2026-02,60,2025-12,Warning (70-80%),Ife Central
Osun,South West,Penta1,947.0,71.6,2026-12,True,2026-01,60,2025-12,Warning (70-80%),Ife Central
Osun,South West,Penta3,931.6,69.1,2026-12,True,2026-01,60,2025-12,Severe (40-70%),Ife Central
Osun,South West,Measles1,591.5,50.3,2026-09,True,2026-03,60,2025-12,Severe (40-70%),Ife Central
Osun,South West,BCG,914.0,77.8,2026-12,True,2026-12,60,2025-12,Warning (70-80%),Ife East
Osun,South West,Measles1,778.8,9.8,2026-09,True,2026-01,60,2025-12,Critical (0-40%),Ife East
Osun,South West,BCG,725.2,43.8,2026-12,True,2026-01,60,2025-12,Severe (40-70%),Ife North
Osun,South West,Penta1,625.1,16.3,2026-12,True,2026-02,60,2025-12,Critical (0-40%),Ife North
Osun,South West,Penta3,599.3,5.5,2026-12,True,2026-05,60,2025-12,Critical (0-40%),Ife North
Osun,South West,Measles1,662.8,34.4,2026-12,True,2026-01,60,2025-12,Critical (0-40%),Ife North
Osun,South West,BCG,474.8,75.2,2026-12,True,2026-12,60,2025-12,Warning (70-80%),Ife South
Osun,South West,Penta1,579.2,77.7,2026-12,True,2026-12,60,2025-12,Warning (70-80%),Ife South
Osun,South West,Penta3,561.2,75.1,2026-12,True,2026-12,60,2025-12,Warning (70-80%),Ife South
Osun,South West,Measles1,433.2,-29.1,2026-06,True,2026-01,60,2025-12,Collapsed (<0%),Ife South
Osun,South West,Penta1,143.9,73.9,2026-12,True,2026-01,60,2025-12,Warning (70-80%),Ifedayo
Osun,South West,Penta3,150.8,66.5,2026-08,True,2026-01,60,2025-12,Severe (40-70%),Ifedayo
Osun,South West,Measles1,150.8,78.6,2026-11,True,2026-11,60,2025-12,Warning (70-80%),Ifedayo
Osun,South West,BCG,463.5,65.9,2026-09,True,2026-03,60,2025-12,Severe (40-70%),Ifelodun
Osun,South West,Penta1,393.9,65.8,2026-09,True,2026-03,60,2025-12,Severe (40-70%),Ifelodun
Osun,South West,Penta3,306.8,53.9,2026-09,True,2026-03,60,2025-12,Severe (40-70%),Ifelodun
Osun,South West,Measles1,299.8,58.3,2026-09,True,2026-03,60,2025-12,Severe (40-70%),Ifelodun
Osun,South West,BCG,185.1,61.1,2026-12,True,2026-08,60,2025-12,Severe (40-70%),Ila
Osun,South West,Penta1,330.1,56.6,2026-12,True,2026-02,60,2025-12,Severe (40-70%),Ila
Osun,South West,Penta3,357.8,69.5,2026-12,True,2026-04,60,2025-12,Severe (40-70%),Ila
Osun,South West,Measles1,236.1,59.3,2026-12,True,2026-02,60,2025-12,Severe (40-70%),Ila
Osun,South West,BCG,304.9,71.0,2026-06,True,2026-06,60,2025-12,Warning (70-80%),Ilesa East
Osun,South West,Penta3,418.4,76.3,2026-06,True,2026-06,60,2025-12,Warning (70-80%),Ilesa East
Osun,South West,Measles1,270.2,58.2,2026-06,True,2026-06,60,2025-12,Severe (40-70%),Ilesa East
Osun,South West,BCG,346.4,74.2,2026-12,True,2026-01,60,2025-12,Warning (70-80%),Ilesa West
Osun,South West,Penta1,361.9,67.6,2026-12,True,2026-06,60,2025-12,Severe (40-70%),Ilesa West
Osun,South West,Penta3,346.9,30.6,2026-06,True,2026-05,60,2025-12,Critical (0-40%),Ilesa West
Osun,South West,Measles1,274.5,43.1,2026-11,True,2026-04,60,2025-12,Severe (40-70%),Ilesa West
Osun,South West,Measles1,305.7,78.6,2026-09,True,2026-09,60,2025-12,Warning (70-80%),Irepodun
Osun,South West,Penta1,571.5,74.1,2026-12,True,2026-03,60,2025-12,Warning (70-80%),Irewole
Osun,South West,Penta3,565.9,73.3,2026-12,True,2026-02,60,2025-12,Warning (70-80%),Irewole
Osun,South West,Measles1,406.3,78.9,2026-10,True,2026-10,60,2025-12,Warning (70-80%),Irewole
Osun,South West,Measles1,591.5,52.6,2026-07,True,2026-01,60,2025-12,Severe (40-70%),Isokan
Osun,South West,BCG,951.8,79.2,2026-06,True,2026-06,60,2025-12,Warning (70-80%),Iwo
Osun,South West,Penta1,651.1,47.1,2026-12,True,2026-02,60,2025-12,Severe (40-70%),Odo Otin
Osun,South West,Penta3,613.6,43.9,2026-12,True,2026-02,60,2025-12,Severe (40-70%),Odo Otin
Osun,South West,Measles1,239.2,-54.2,2026-12,True,2026-12,60,2025-12,Collapsed (<0%),Odo Otin
Osun,South West,Measles1,148.3,62.2,2026-12,True,2026-12,60,2025-12,Severe (40-70%),Ola-Oluwa
Osun,South West,BCG,460.3,76.4,2026-12,True,2026-12,60,2025-12,Warning (70-80%),Olorunda
Osun,South West,Penta3,435.2,75.1,2026-12,True,2026-12,60,2025-12,Warning (70-80%),Olorunda
Osun,South West,Measles1,434.1,66.9,2026-06,True,2026-06,60,2025-12,Severe (40-70%),Olorunda
Osun,South West,Measles1,627.5,44.2,2026-07,True,2026-01,60,2025-12,Severe (40-70%),Oriade
Osun,South West,BCG,385.1,47.2,2026-10,True,2026-02,60,2025-12,Severe (40-70%),Orolu
Osun,South West,Penta1,375.4,65.4,2026-10,True,2026-03,60,2025-12,Severe (40-70%),Orolu
Osun,South West,Penta3,364.4,64.1,2026-10,True,2026-03,60,2025-12,Severe (40-70%),Orolu
Osun,South West,Measles1,287.6,41.3,2026-10,True,2026-01,60,2025-12,Severe (40-70%),Orolu
Osun,South West,BCG,697.7,69.6,2026-12,True,2026-02,60,2025-12,Severe (40-70%),Osogbo
Osun,South West,Penta1,766.1,79.5,2026-12,True,2026-12,60,2025-12,Warning (70-80%),Osogbo
Osun,South West,Penta3,715.8,66.7,2026-12,True,2026-02,60,2025-12,Severe (40-70%),Osogbo
Osun,South West,Measles1,587.2,60.9,2026-12,True,2026-02,60,2025-12,Severe (40-70%),Osogbo
Oyo,South West,BCG,635.2,75.9,2026-10,True,2026-01,60,2025-12,Warning (70-80%),Afijio
Oyo,South West,Penta1,567.6,35.0,2026-07,True,2026-01,60,2025-12,Critical (0-40%),Afijio
Oyo,South West,Penta3,548.2,32.2,2026-07,True,2026-01,60,2025-12,Critical (0-40%),Afijio
Oyo,South West,Measles1,620.8,44.8,2026-10,True,2026-01,60,2025-12,Severe (40-70%),Afijio
Oyo,South West,BCG,1133.5,77.1,2026-08,True,2026-08,60,2025-12,Warning (70-80%),Akinyele
Oyo,South West,Measles1,1097.8,13.2,2026-10,True,2026-04,60,2025-12,Critical (0-40%),Akinyele
Oyo,South West,Penta1,678.8,33.4,2026-07,True,2026-01,60,2025-12,Critical (0-40%),Atiba
Oyo,South West,Penta3,627.7,32.5,2026-07,True,2026-01,60,2025-12,Critical (0-40%),Atiba
Oyo,South West,Measles1,613.0,69.4,2026-10,True,2026-10,60,2025-12,Severe (40-70%),Atiba
Oyo,South West,Penta1,434.2,38.5,2026-07,True,2026-01,60,2025-12,Critical (0-40%),Atisbo
Oyo,South West,Penta3,394.3,25.5,2026-12,True,2026-01,60,2025-12,Critical (0-40%),Atisbo
Oyo,South West,Penta1,1038.8,54.1,2026-07,True,2026-01,60,2025-12,Severe (40-70%),Egbeda
Oyo,South West,Penta3,1007.2,56.0,2026-07,True,2026-01,60,2025-12,Severe (40-70%),Egbeda
Oyo,South West,Measles1,1130.2,41.5,2026-10,True,2026-04,60,2025-12,Severe (40-70%),Egbeda
Oyo,South West,Penta1,1361.5,31.7,2026-12,True,2026-01,60,2025-12,Critical (0-40%),Ibadan North East
Oyo,South West,Penta3,1295.4,36.6,2026-12,True,2026-01,60,2025-12,Critical (0-40%),Ibadan North East
Oyo,South West,Measles1,1181.1,63.0,2026-09,True,2026-03,60,2025-12,Severe (40-70%),Ibadan North East
Oyo,South West,BCG,837.7,62.3,2026-12,True,2026-06,60,2025-12,Severe (40-70%),Ibadan North
Oyo,South West,Penta1,812.7,73.6,2026-12,True,2026-02,60,2025-12,Warning (70-80%),Ibadan North
Oyo,South West,Penta3,755.2,71.4,2026-11,True,2026-09,60,2025-12,Warning (70-80%),Ibadan North
Oyo,South West,Measles1,1427.8,24.5,2026-06,True,2026-01,60,2025-12,Critical (0-40%),Ibadan North
Oyo,South West,BCG,594.8,70.2,2026-12,True,2026-09,60,2025-12,Warning (70-80%),Ibadan North West
Oyo,South West,Penta1,754.2,41.0,2026-07,True,2026-01,60,2025-12,Severe (40-70%),Ibadan North West
Oyo,South West,Penta3,709.2,44.9,2026-07,True,2026-01,60,2025-12,Severe (40-70%),Ibadan North West
Oyo,South West,Measles1,714.2,59.1,2026-09,True,2026-01,60,2025-12,Severe (40-70%),Ibadan North West
Oyo,South West,Penta1,943.3,56.4,2026-07,True,2026-01,60,2025-12,Severe (40-70%),Ibadan South East
Oyo,South West,Penta3,906.4,65.3,2026-07,True,2026-01,60,2025-12,Severe (40-70%),Ibadan South East
Oyo,South West,Measles1,1699.2,5.0,2026-09,True,2026-01,60,2025-12,Critical (0-40%),Ibadan South East
Oyo,South West,Penta1,972.7,48.8,2026-07,True,2026-01,60,2025-12,Severe (40-70%),Ibadan South West
Oyo,South West,Penta3,923.5,47.8,2026-07,True,2026-01,60,2025-12,Severe (40-70%),Ibadan South West
Oyo,South West,Measles1,1481.3,75.0,2026-12,True,2026-12,60,2025-12,Warning (70-80%),Ibadan South West
Oyo,South West,Penta1,604.0,71.8,2026-07,True,2026-01,60,2025-12,Warning (70-80%),Ibarapa East
Oyo,South West,Measles1,1090.2,39.7,2026-07,True,2026-01,60,2025-12,Critical (0-40%),Ibarapa East
Oyo,South West,Penta1,373.2,77.3,2026-07,True,2026-01,60,2025-12,Warning (70-80%),Ibarapa North
Oyo,South West,Penta3,328.7,74.7,2026-07,True,2026-01,60,2025-12,Warning (70-80%),Ibarapa North
Oyo,South West,Measles1,360.8,-88.9,2026-09,True,2026-01,60,2025-12,Collapsed (<0%),Ibarapa North
Oyo,South West,Penta1,479.8,51.7,2026-07,True,2026-04,60,2025-12,Severe (40-70%),Ido
Oyo,South West,Penta3,417.4,65.4,2026-07,True,2026-07,60,2025-12,Severe (40-70%),Ido
Oyo,South West,Measles1,616.8,20.7,2026-10,True,2026-04,60,2025-12,Critical (0-40%),Ido
Oyo,South West,Penta1,515.8,30.6,2026-07,True,2026-01,60,2025-12,Critical (0-40%),Irepo
Oyo,South West,Penta3,506.0,33.2,2026-07,True,2026-01,60,2025-12,Critical (0-40%),Irepo
Oyo,South West,Measles1,635.7,34.9,2026-10,True,2026-04,60,2025-12,Critical (0-40%),Irepo
Oyo,South West,Penta1,891.6,31.2,2026-11,True,2026-01,60,2025-12,Critical (0-40%),Iseyin
Oyo,South West,Penta3,827.9,24.2,2026-11,True,2026-01,60,2025-12,Critical (0-40%),Iseyin
Oyo,South West,Measles1,776.3,68.9,2026-10,True,2026-10,60,2025-12,Severe (40-70%),Iseyin
Oyo,South West,Measles1,1088.7,58.6,2026-10,True,2026-01,60,2025-12,Severe (40-70%),Itesiwaju
Oyo,South West,Penta1,460.2,55.0,2026-12,True,2026-01,60,2025-12,Severe (40-70%),Iwajowa
Oyo,South West,Penta3,433.8,57.5,2026-12,True,2026-01,60,2025-12,Severe (40-70%),Iwajowa
Oyo,South West,Measles1,534.5,44.8,2026-10,True,2026-01,60,2025-12,Severe (40-70%),Iwajowa
Oyo,South West,Penta1,702.2,77.9,2026-10,True,2026-05,60,2025-12,Warning (70-80%),Kajola
Oyo,South West,Penta3,637.8,74.1,2026-10,True,2026-05,60,2025-12,Warning (70-80%),Kajola
Oyo,South West,Measles1,745.3,65.6,2026-10,True,2026-04,60,2025-12,Severe (40-70%),Kajola
Oyo,South West,BCG,565.1,44.9,2026-12,True,2026-01,60,2025-12,Severe (40-70%),Lagelu
Oyo,South West,Penta1,683.1,62.7,2026-12,True,2026-01,60,2025-12,Severe (40-70%),Lagelu
Oyo,South West,Penta3,650.6,57.4,2026-12,True,2026-01,60,2025-12,Severe (40-70%),Lagelu
Oyo,South West,Measles1,446.2,51.3,2026-12,True,2026-02,60,2025-12,Severe (40-70%),Lagelu
Oyo,South West,Penta1,673.7,56.4,2026-07,True,2026-07,60,2025-12,Severe (40-70%),Ogbomosho North
Oyo,South West,Penta3,647.1,58.7,2026-07,True,2026-07,60,2025-12,Severe (40-70%),Ogbomosho North
Oyo,South West,Measles1,986.3,34.9,2026-10,True,2026-04,60,2025-12,Critical (0-40%),Ogbomosho North
Oyo,South West,BCG,465.9,74.7,2026-09,True,2026-09,60,2025-12,Warning (70-80%),Ogbomosho South
Oyo,South West,Measles1,383.1,71.7,2026-10,True,2026-09,60,2025-12,Warning (70-80%),Ogbomosho South
Oyo,South West,Penta1,298.8,62.3,2026-12,True,2026-07,60,2025-12,Severe (40-70%),Ogo Oluwa
Oyo,South West,Penta3,288.4,62.8,2026-07,True,2026-07,60,2025-12,Severe (40-70%),Ogo Oluwa
Oyo,South West,Measles1,387.2,66.5,2026-07,True,2026-02,60,2025-12,Severe (40-70%),Ogo Oluwa
Oyo,South West,Penta1,300.7,27.3,2026-07,True,2026-01,60,2025-12,Critical (0-40%),Olorunsogo
Oyo,South West,Penta3,315.9,31.7,2026-07,True,2026-01,60,2025-12,Critical (0-40%),Olorunsogo
Oyo,South West,Penta1,901.7,37.5,2026-07,True,2026-01,60,2025-12,Critical (0-40%),Oluyole
Oyo,South West,Penta3,846.2,33.8,2026-07,True,2026-01,60,2025-12,Critical (0-40%),Oluyole
Oyo,South West,Measles1,1140.5,67.4,2026-10,True,2026-10,60,2025-12,Severe (40-70%),Oluyole
Oyo,South West,BCG,959.4,75.1,2026-09,True,2026-09,60,2025-12,Warning (70-80%),Ona Ara
Oyo,South West,Penta1,908.2,75.8,2026-07,True,2026-07,60,2025-12,Warning (70-80%),Ona Ara
Oyo,South West,Penta3,894.1,79.2,2026-12,True,2026-12,60,2025-12,Warning (70-80%),Ona Ara
Oyo,South West,Measles1,742.4,75.0,2026-10,True,2026-10,60,2025-12,Warning (70-80%),Ona Ara
Oyo,South West,Penta1,507.8,37.2,2026-07,True,2026-01,60,2025-12,Critical (0-40%),Orelope
Oyo,South West,Penta3,486.3,39.8,2026-07,True,2026-01,60,2025-12,Critical (0-40%),Orelope
Oyo,South West,Measles1,524.5,24.3,2026-10,True,2026-04,60,2025-12,Critical (0-40%),Orelope
Oyo,South West,Penta1,530.8,64.0,2026-07,True,2026-07,60,2025-12,Severe (40-70%),Ori Ire
Oyo,South West,Penta3,500.2,60.0,2026-07,True,2026-07,60,2025-12,Severe (40-70%),Ori Ire
Oyo,South West,Measles1,727.8,27.3,2026-10,True,2026-04,60,2025-12,Critical (0-40%),Ori Ire
Oyo,South West,BCG,770.8,69.9,2026-09,True,2026-09,60,2025-12,Severe (40-70%),Oyo East
Oyo,South West,Penta1,557.8,28.7,2026-07,True,2026-01,60,2025-12,Critical (0-40%),Oyo East
Oyo,South West,Penta3,506.9,39.3,2026-07,True,2026-01,60,2025-12,Critical (0-40%),Oyo East
Oyo,South West,Measles1,666.8,35.5,2026-10,True,2026-04,60,2025-12,Critical (0-40%),Oyo East
Oyo,South West,Penta1,574.2,46.1,2026-07,True,2026-01,60,2025-12,Severe (40-70%),Oyo West
Oyo,South West,Penta3,552.8,50.2,2026-07,True,2026-01,60,2025-12,Severe (40-70%),Oyo West
Oyo,South West,Measles1,609.0,-178.6,2026-11,True,2026-01,60,2025-12,Collapsed (<0%),Oyo West
Oyo,South West,BCG,703.3,68.5,2026-06,True,2026-06,60,2025-12,Severe (40-70%),Saki East
Oyo,South West,Penta1,441.9,47.5,2026-06,True,2026-01,60,2025-12,Severe (40-70%),Saki East
Oyo,South West,Penta3,402.7,57.1,2026-06,True,2026-01,60,2025-12,Severe (40-70%),Saki East
Oyo,South West,Measles1,1177.2,39.0,2026-10,True,2026-01,60,2025-12,Critical (0-40%),Saki East
Oyo,South West,Penta1,1062.4,69.4,2026-07,True,2026-01,60,2025-12,Severe (40-70%),Saki West
Oyo,South West,Penta3,925.1,69.1,2026-07,True,2026-01,60,2025-12,Severe (40-70%),Saki West
Oyo,South West,Measles1,2332.6,50.6,2026-10,True,2026-01,60,2025-12,Severe (40-70%),Saki West
Oyo,South West,BCG,521.4,69.9,2026-06,True,2026-06,60,2025-12,Severe (40-70%),Surulere
Oyo,South West,Penta1,472.5,27.7,2026-12,True,2026-01,60,2025-12,Critical (0-40%),Surulere
Oyo,South West,Penta3,434.4,25.4,2026-12,True,2026-01,60,2025-12,Critical (0-40%),Surulere
Oyo,South West,Measles1,514.8,61.4,2026-12,True,2026-01,60,2025-12,Severe (40-70%),Surulere
Plateau,North Central,BCG,647.2,78.8,2026-06,True,2026-06,60,2025-12,Warning (70-80%),Barkin Ladi
Plateau,North Central,Penta1,788.6,67.9,2026-06,True,2026-06,60,2025-12,Severe (40-70%),Barkin Ladi
Plateau,North Central,Penta3,752.2,67.8,2026-06,True,2026-06,60,2025-12,Severe (40-70%),Barkin Ladi
Plateau,North Central,Measles1,632.3,79.3,2026-11,True,2026-11,60,2025-12,Warning (70-80%),Barkin Ladi
Plateau,North Central,BCG,530.1,78.9,2026-06,True,2026-06,60,2025-12,Warning (70-80%),Bokkos
Plateau,North Central,Penta1,628.2,79.0,2026-07,True,2026-07,60,2025-12,Warning (70-80%),Bokkos
Plateau,North Central,Penta3,584.9,76.2,2026-06,True,2026-06,60,2025-12,Warning (70-80%),Bokkos
Plateau,North Central,Measles1,519.4,78.2,2026-07,True,2026-05,60,2025-12,Warning (70-80%),Bokkos
Plateau,North Central,Measles1,323.9,51.1,2026-11,True,2026-05,60,2025-12,Severe (40-70%),Jos East
Plateau,North Central,BCG,1670.9,76.6,2026-09,True,2026-09,60,2025-12,Warning (70-80%),Jos North
Plateau,North Central,Penta1,1936.0,50.0,2026-09,True,2026-09,60,2025-12,Severe (40-70%),Jos North
Plateau,North Central,Penta3,1694.0,66.6,2026-09,True,2026-09,60,2025-12,Severe (40-70%),Jos North
Plateau,North Central,Measles1,1511.6,61.2,2026-09,True,2026-01,60,2025-12,Severe (40-70%),Jos North
Plateau,North Central,BCG,957.5,68.0,2026-06,True,2026-05,60,2025-12,Severe (40-70%),Kanam
Plateau,North Central,Penta1,1129.1,74.9,2026-06,True,2026-05,60,2025-12,Warning (70-80%),Kanam
Plateau,North Central,Penta3,1005.5,79.3,2026-06,True,2026-05,60,2025-12,Warning (70-80%),Kanam
Plateau,North Central,Measles1,1035.5,66.9,2026-06,True,2026-05,60,2025-12,Severe (40-70%),Kanam
Plateau,North Central,BCG,273.9,48.1,2026-06,True,2026-05,60,2025-12,Severe (40-70%),Kanke
Plateau,North Central,Penta1,327.6,70.0,2026-06,True,2026-05,60,2025-12,Severe (40-70%),Kanke
Plateau,North Central,Penta3,308.1,56.9,2026-06,True,2026-03,60,2025-12,Severe (40-70%),Kanke
Plateau,North Central,Measles1,249.1,67.3,2026-11,True,2026-05,60,2025-12,Severe (40-70%),Kanke
Plateau,North Central,BCG,325.3,74.4,2026-06,True,2026-06,60,2025-12,Warning (70-80%),Langtang South
Plateau,North Central,Penta1,359.8,69.7,2026-06,True,2026-03,60,2025-12,Severe (40-70%),Langtang South
Plateau,North Central,Penta3,315.9,74.2,2026-06,True,2026-06,60,2025-12,Warning (70-80%),Langtang South
Plateau,North Central,Measles1,250.1,71.9,2026-06,True,2026-06,60,2025-12,Warning (70-80%),Langtang South
Plateau,North Central,BCG,776.8,56.3,2026-06,True,2026-05,60,2025-12,Severe (40-70%),Mangu
Plateau,North Central,Penta1,977.5,61.3,2026-06,True,2026-05,60,2025-12,Severe (40-70%),Mangu
Plateau,North Central,Penta3,876.8,64.3,2026-06,True,2026-05,60,2025-12,Severe (40-70%),Mangu
Plateau,North Central,Measles1,1000.1,43.3,2026-06,True,2026-01,60,2025-12,Severe (40-70%),Mangu
Plateau,North Central,BCG,291.2,77.7,2026-06,True,2026-03,60,2025-12,Warning (70-80%),Mikang
Plateau,North Central,Measles1,235.1,51.1,2026-11,True,2026-03,60,2025-12,Severe (40-70%),Mikang
Plateau,North Central,BCG,376.8,73.8,2026-06,True,2026-05,60,2025-12,Warning (70-80%),Pankshin
Plateau,North Central,Penta1,508.6,76.2,2026-06,True,2026-05,60,2025-12,Warning (70-80%),Pankshin
Plateau,North Central,Penta3,379.2,78.9,2026-06,True,2026-06,60,2025-12,Warning (70-80%),Riyom
Plateau,North Central,Measles1,743.1,75.8,2026-06,True,2026-05,60,2025-12,Warning (70-80%),Wase
Rivers,South South,Measles1,1118.8,72.1,2026-07,True,2026-01,60,2025-12,Warning (70-80%),Ahoada East
Rivers,South South,Penta1,1365.3,71.5,2026-07,True,2026-01,60,2025-12,Warning (70-80%),Ahoada West
Rivers,South South,BCG,694.1,74.0,2026-12,True,2026-06,60,2025-12,Warning (70-80%),Emohua
Rivers,South South,Penta1,764.7,78.0,2026-07,True,2026-07,60,2025-12,Warning (70-80%),Emohua
Rivers,South South,Penta3,732.2,76.4,2026-07,True,2026-07,60,2025-12,Warning (70-80%),Emohua
Rivers,South South,Measles1,549.4,67.0,2026-09,True,2026-01,60,2025-12,Severe (40-70%),Emohua
Rivers,South South,Measles1,1205.4,72.8,2026-09,True,2026-03,60,2025-12,Warning (70-80%),Etche
Rivers,South South,BCG,1704.9,57.1,2026-09,True,2026-02,60,2025-12,Severe (40-70%),Khana
Rivers,South South,Penta1,1363.7,77.0,2026-11,True,2026-02,60,2025-12,Warning (70-80%),Khana
Rivers,South South,Penta3,1275.4,76.2,2026-11,True,2026-02,60,2025-12,Warning (70-80%),Khana
Rivers,South South,Measles1,1417.8,79.9,2026-12,True,2026-02,60,2025-12,Warning (70-80%),Khana
Rivers,South South,BCG,2653.8,71.3,2026-09,True,2026-01,60,2025-12,Warning (70-80%),Obio/Akpor
Rivers,South South,BCG,377.0,64.2,2026-11,True,2026-03,60,2025-12,Severe (40-70%),Ogu/Bolo
Rivers,South South,Measles1,375.8,32.1,2026-11,True,2026-05,60,2025-12,Critical (0-40%),Ogu/Bolo
Rivers,South South,BCG,958.8,58.7,2026-09,True,2026-02,60,2025-12,Severe (40-70%),Okrika
Rivers,South South,Penta1,1347.5,77.6,2026-09,True,2026-09,60,2025-12,Warning (70-80%),Okrika
Rivers,South South,Penta3,1286.9,78.6,2026-09,True,2026-09,60,2025-12,Warning (70-80%),Okrika
Rivers,South South,Penta3,516.0,78.3,2026-09,True,2026-09,60,2025-12,Warning (70-80%),Omumma
Rivers,South South,BCG,570.4,76.6,2026-12,True,2026-01,60,2025-12,Warning (70-80%),Opobo/Nkoro
Rivers,South South,Penta1,841.1,68.6,2026-08,True,2026-01,60,2025-12,Severe (40-70%),Opobo/Nkoro
Rivers,South South,Penta3,787.8,63.0,2026-12,True,2026-01,60,2025-12,Severe (40-70%),Opobo/Nkoro
Rivers,South South,Measles1,577.0,50.3,2026-09,True,2026-01,60,2025-12,Severe (40-70%),Opobo/Nkoro
Rivers,South South,BCG,795.0,75.1,2026-12,True,2026-05,60,2025-12,Warning (70-80%),Oyigbo
Rivers,South South,Measles1,566.1,79.1,2026-09,True,2026-03,60,2025-12,Warning (70-80%),Oyigbo
Rivers,South South,Measles1,633.7,64.7,2026-08,True,2026-08,60,2025-12,Severe (40-70%),Tai
Sokoto,North West,BCG,308.7,25.6,2026-11,True,2026-01,60,2025-12,Critical (0-40%),Binji
Sokoto,North West,Penta1,360.1,53.3,2026-11,True,2026-01,60,2025-12,Severe (40-70%),Binji
Sokoto,North West,Measles1,238.3,72.7,2026-06,True,2026-06,60,2025-12,Warning (70-80%),Binji
Sokoto,North West,BCG,606.7,52.7,2026-06,True,2026-01,60,2025-12,Severe (40-70%),Bodinga
Sokoto,North West,Penta1,634.8,49.4,2026-06,True,2026-06,60,2025-12,Severe (40-70%),Bodinga
Sokoto,North West,Penta3,599.1,51.4,2026-06,True,2026-05,60,2025-12,Severe (40-70%),Bodinga
Sokoto,North West,Measles1,452.2,55.6,2026-06,True,2026-06,60,2025-12,Severe (40-70%),Bodinga
Sokoto,North West,BCG,747.2,74.7,2026-06,True,2026-06,60,2025-12,Warning (70-80%),Dange-Shuni
Sokoto,North West,Penta1,794.8,73.0,2026-06,True,2026-06,60,2025-12,Warning (70-80%),Dange-Shuni
Sokoto,North West,Penta3,710.2,61.1,2026-06,True,2026-05,60,2025-12,Severe (40-70%),Dange-Shuni
Sokoto,North West,Measles1,537.4,64.6,2026-06,True,2026-06,60,2025-12,Severe (40-70%),Dange-Shuni
Sokoto,North West,BCG,1107.3,77.1,2026-07,True,2026-01,60,2025-12,Warning (70-80%),Gada
Sokoto,North West,Measles1,908.0,68.7,2026-11,True,2026-05,60,2025-12,Severe (40-70%),Gada
Sokoto,North West,Penta1,1082.6,79.5,2026-07,True,2026-07,60,2025-12,Warning (70-80%),Gwadabawa
Sokoto,North West,Penta3,797.8,79.0,2026-06,True,2026-06,60,2025-12,Warning (70-80%),Illela
Sokoto,North West,BCG,329.0,54.8,2026-07,True,2026-06,60,2025-12,Severe (40-70%),Isa
Sokoto,North West,Penta1,547.5,61.4,2026-08,True,2026-06,60,2025-12,Severe (40-70%),Isa
Sokoto,North West,Penta3,471.9,66.2,2026-08,True,2026-06,60,2025-12,Severe (40-70%),Isa
Sokoto,North West,Measles1,374.0,43.2,2026-10,True,2026-02,60,2025-12,Severe (40-70%),Isa
Sokoto,North West,BCG,467.6,72.1,2026-08,True,2026-02,60,2025-12,Warning (70-80%),Kebbe
Sokoto,North West,Penta1,588.2,78.1,2026-09,True,2026-02,60,2025-12,Warning (70-80%),Kebbe
Sokoto,North West,Penta3,491.4,73.4,2026-09,True,2026-02,60,2025-12,Warning (70-80%),Kebbe
Sokoto,North West,Measles1,390.9,62.1,2026-08,True,2026-02,60,2025-12,Severe (40-70%),Kebbe
Sokoto,North West,BCG,698.8,60.1,2026-07,True,2026-01,60,2025-12,Severe (40-70%),Kware
Sokoto,North West,Penta1,750.2,73.7,2026-06,True,2026-03,60,2025-12,Warning (70-80%),Kware
Sokoto,North West,Penta3,680.2,75.0,2026-09,True,2026-03,60,2025-12,Warning (70-80%),Kware
Sokoto,North West,BCG,665.2,69.2,2026-06,True,2026-06,60,2025-12,Severe (40-70%),Rabah
Sokoto,North West,BCG,1241.6,57.1,2026-08,True,2026-01,60,2025-12,Severe (40-70%),Sabon Birni
Sokoto,North West,Penta1,1086.8,74.4,2026-06,True,2026-05,60,2025-12,Warning (70-80%),Sabon Birni
Sokoto,North West,Penta3,896.9,69.1,2026-06,True,2026-06,60,2025-12,Severe (40-70%),Sabon Birni
Sokoto,North West,Measles1,893.2,59.8,2026-06,True,2026-05,60,2025-12,Severe (40-70%),Sabon Birni
Sokoto,North West,BCG,464.8,37.4,2026-12,True,2026-01,60,2025-12,Critical (0-40%),Shagari
Sokoto,North West,Penta1,540.2,49.3,2026-12,True,2026-01,60,2025-12,Severe (40-70%),Shagari
Sokoto,North West,Penta3,524.1,52.3,2026-06,True,2026-01,60,2025-12,Severe (40-70%),Shagari
Sokoto,North West,Measles1,338.2,34.7,2026-12,True,2026-03,60,2025-12,Critical (0-40%),Shagari
Sokoto,North West,Measles1,288.2,70.9,2026-11,True,2026-11,60,2025-12,Warning (70-80%),Silame
Sokoto,North West,BCG,562.6,35.8,2026-06,True,2026-01,60,2025-12,Critical (0-40%),Sokoto North
Sokoto,North West,Penta1,760.7,58.8,2026-06,True,2026-01,60,2025-12,Severe (40-70%),Sokoto North
Sokoto,North West,Penta3,677.3,58.2,2026-06,True,2026-06,60,2025-12,Severe (40-70%),Sokoto North
Sokoto,North West,Measles1,427.1,60.5,2026-06,True,2026-03,60,2025-12,Severe (40-70%),Sokoto North
Sokoto,North West,BCG,708.7,62.4,2026-12,True,2026-02,60,2025-12,Severe (40-70%),Sokoto South
Sokoto,North West,Penta1,841.7,71.0,2026-08,True,2026-02,60,2025-12,Warning (70-80%),Sokoto South
Sokoto,North West,Penta3,797.4,66.9,2026-06,True,2026-02,60,2025-12,Severe (40-70%),Sokoto South
Sokoto,North West,Measles1,467.0,72.4,2026-06,True,2026-06,60,2025-12,Warning (70-80%),Sokoto South
Sokoto,North West,BCG,683.0,74.6,2026-07,True,2026-07,60,2025-12,Warning (70-80%),Tambuwal
Sokoto,North West,Penta1,673.5,68.6,2026-07,True,2026-06,60,2025-12,Severe (40-70%),Tambuwal
Sokoto,North West,Measles1,553.7,52.7,2026-06,True,2026-03,60,2025-12,Severe (40-70%),Tambuwal
Sokoto,North West,Measles1,419.9,20.2,2026-11,True,2026-01,60,2025-12,Critical (0-40%),Tangaza
Sokoto,North West,BCG,415.7,72.6,2026-12,True,2026-06,60,2025-12,Warning (70-80%),Tureta
Sokoto,North West,Penta1,464.1,55.6,2026-12,True,2026-02,60,2025-12,Severe (40-70%),Tureta
Sokoto,North West,Penta3,423.1,65.9,2026-12,True,2026-06,60,2025-12,Severe (40-70%),Tureta
Sokoto,North West,Measles1,260.2,69.6,2026-06,True,2026-01,60,2025-12,Severe (40-70%),Tureta
Sokoto,North West,BCG,818.5,71.7,2026-06,True,2026-03,60,2025-12,Warning (70-80%),Wamako
Sokoto,North West,Measles1,589.0,73.6,2026-09,True,2026-03,60,2025-12,Warning (70-80%),Wamako
Sokoto,North West,Penta1,1156.5,79.6,2026-12,True,2026-12,60,2025-12,Warning (70-80%),Wurno
Sokoto,North West,BCG,444.4,43.3,2026-06,True,2026-01,60,2025-12,Severe (40-70%),Yabo
Sokoto,North West,Penta1,483.9,62.0,2026-08,True,2026-01,60,2025-12,Severe (40-70%),Yabo
Sokoto,North West,Measles1,396.8,64.8,2026-06,True,2026-01,60,2025-12,Severe (40-70%),Yabo
Taraba,North East,Measles1,1226.5,75.7,2026-08,True,2026-04,60,2025-12,Warning (70-80%),Bali
Taraba,North East,BCG,854.9,70.0,2026-08,True,2026-02,60,2025-12,Severe (40-70%),Donga
Taraba,North East,Penta1,981.2,70.2,2026-09,True,2026-02,60,2025-12,Warning (70-80%),Donga
Taraba,North East,Penta3,906.2,76.9,2026-09,True,2026-03,60,2025-12,Warning (70-80%),Donga
Taraba,North East,Measles1,716.0,66.0,2026-11,True,2026-02,60,2025-12,Severe (40-70%),Donga
Taraba,North East,Measles1,684.9,77.3,2026-11,True,2026-04,60,2025-12,Warning (70-80%),Jalingo
Taraba,North East,Measles1,1426.0,80.0,2026-09,True,2026-09,60,2025-12,Warning (70-80%),Karim-Lamido
Taraba,North East,Penta1,1411.8,76.3,2026-09,True,2026-03,60,2025-12,Warning (70-80%),Sardauna
Taraba,North East,Measles1,1143.1,65.0,2026-11,True,2026-05,60,2025-12,Severe (40-70%),Sardauna
Taraba,North East,Penta3,781.4,77.0,2026-08,True,2026-02,60,2025-12,Warning (70-80%),Takum
Taraba,North East,Measles1,684.0,74.4,2026-07,True,2026-01,60,2025-12,Warning (70-80%),Takum
Taraba,North East,Penta1,624.8,75.5,2026-09,True,2026-03,60,2025-12,Warning (70-80%),Ussa
Taraba,North East,Penta3,596.8,67.3,2026-09,True,2026-03,60,2025-12,Severe (40-70%),Ussa
Taraba,North East,Measles1,533.9,73.9,2026-09,True,2026-01,60,2025-12,Warning (70-80%),Ussa
Taraba,North East,Penta1,1262.8,73.2,2026-12,True,2026-02,60,2025-12,Warning (70-80%),Wukari
Taraba,North East,Penta3,1219.5,76.6,2026-09,True,2026-02,60,2025-12,Warning (70-80%),Wukari
Yobe,North East,Measles1,557.0,79.0,2026-08,True,2026-08,60,2025-12,Warning (70-80%),Karasuwa
Yobe,North East,Measles1,607.4,54.6,2026-08,True,2026-01,60,2025-12,Severe (40-70%),Tarmuwa
Zamfara,North West,Measles1,652.2,41.9,2026-11,True,2026-11,60,2025-12,Severe (40-70%),Anka
Zamfara,North West,BCG,1627.8,75.7,2026-07,True,2026-07,60,2025-12,Warning (70-80%),Bungudu
Zamfara,North West,Penta1,1691.7,79.6,2026-07,True,2026-07,60,2025-12,Warning (70-80%),Bungudu
Zamfara,North West,BCG,1301.8,50.0,2026-12,True,2026-06,60,2025-12,Severe (40-70%),Gummi
Zamfara,North West,Penta1,1417.8,75.1,2026-12,True,2026-12,60,2025-12,Warning (70-80%),Gummi
Zamfara,North West,BCG,2224.9,77.2,2026-06,True,2026-06,60,2025-12,Warning (70-80%),Gusau
