lga_uid,state,lga,profile_id,profile,membership,secondary_profile,dominant_barrier,barriers_flagged,n_barriers,candidate_components,score_Socioeconomic,score_Maternal care,score_Nutrition,score_Access,score_Insecurity,score_Programme (dropout)
NG-ABI-000,Abia,Aba North,5,Relatively advantaged,Clear,Near-average,Programme (dropout),None,0,Core services only,-2.186,-0.891,-0.59,-1.119,0.124,0.613
NG-ABI-001,Abia,Aba South,5,Relatively advantaged,Clear,Near-average,Insecurity,Insecurity,1,Security-sensitive access,-1.833,-0.777,-0.609,-1.109,1.26,0.48
NG-ABI-002,Abia,Arochukwu,4,Near-average,Intermediate,Relatively advantaged,None above +0.5 SD,None,0,Core services only,-0.651,-0.419,-0.655,-0.064,0.375,-0.265
NG-ABI-003,Abia,Bende,5,Relatively advantaged,Mixed,Near-average,Programme (dropout),Programme (dropout),1,Defaulter tracing and reminder-recall,-0.72,-0.524,-0.629,-0.405,-0.445,0.752
NG-ABI-004,Abia,Ikwuano,5,Relatively advantaged,Intermediate,Near-average,None above +0.5 SD,None,0,Core services only,-1.035,-0.552,-0.535,-0.688,-0.529,0.459
NG-ABI-005,Abia,Isiala-Ngwa North,5,Relatively advantaged,Clear,Near-average,Programme (dropout),None,0,Core services only,-1.074,-0.664,-0.537,-0.991,-0.445,0.66
NG-ABI-006,Abia,Isiala-Ngwa South,5,Relatively advantaged,Clear,Near-average,Programme (dropout),None,0,Core services only,-1.003,-0.643,-0.547,-0.995,-0.299,0.673
NG-ABI-007,Abia,Isuikwuato,5,Relatively advantaged,Intermediate,Near-average,None above +0.5 SD,None,0,Core services only,-0.636,-0.595,-0.624,-0.554,0.003,0.361
NG-ABI-008,Abia,Obi Nwga,4,Near-average,Intermediate,Geographically isolated,Programme (dropout),None,0,Core services only,-0.567,0.262,-0.599,-0.197,-1.505,0.512
NG-ABI-009,Abia,Ohafia,5,Relatively advantaged,Mixed,Near-average,Insecurity,Insecurity,1,Security-sensitive access,-0.553,-0.543,-0.641,-0.251,0.871,0.137
NG-ABI-010,Abia,Osisioma Ngwa,5,Relatively advantaged,Clear,Near-average,Programme (dropout),None,0,Core services only,-1.428,-0.601,-0.742,-1.031,0.099,0.602
NG-ABI-011,Abia,Ugwunagbo,5,Relatively advantaged,Clear,Near-average,None above +0.5 SD,None,0,Core services only,-1.036,-0.474,-0.622,-1.036,-0.886,-0.312
NG-ABI-012,Abia,Ukwa East,4,Near-average,Intermediate,Relatively advantaged,None above +0.5 SD,None,0,Core services only,-0.501,-0.271,-0.53,-0.861,-0.77,-0.658
NG-ABI-013,Abia,Ukwa West,5,Relatively advantaged,Clear,Near-average,None above +0.5 SD,None,0,Core services only,-0.897,-0.505,-0.592,-0.981,0.035,-0.605
NG-ABI-016,Abia,Umunneochi,4,Near-average,Mixed,Relatively advantaged,None above +0.5 SD,None,0,Core services only,-0.307,-0.626,-0.753,-0.704,0.271,-0.229
NG-ABI-014,Abia,Umuahia North,5,Relatively advantaged,Clear,Near-average,Programme (dropout),None,0,Core services only,-1.469,-0.602,-0.743,-0.832,0.627,0.675
NG-ABI-015,Abia,Umuahia South,5,Relatively advantaged,Clear,Near-average,None above +0.5 SD,None,0,Core services only,-1.34,-0.7,-0.567,-1.021,-0.248,0.383
NG-ADA-017,Adamawa,Demsa,2,"Low maternal care, high conflict exposure",Mixed,Geographically isolated,Socioeconomic,"Socioeconomic, Access",2,Demand generation and indirect-cost support; Outreach and mobile sessions,0.866,-0.152,-0.026,0.579,-0.109,0.508
NG-ADA-018,Adamawa,Fufore,2,"Low maternal care, high conflict exposure",Mixed,Geographically isolated,Programme (dropout),"Socioeconomic, Access, Programme (dropout)",3,Defaulter tracing and reminder-recall; Demand generation and indirect-cost support; Outreach and mobile sessions,0.726,0.098,0.178,0.561,0.347,0.919
NG-ADA-019,Adamawa,Ganye,2,"Low maternal care, high conflict exposure",Mixed,Geographically isolated,Access,"Socioeconomic, Access, Programme (dropout)",3,Defaulter tracing and reminder-recall; Demand generation and indirect-cost support; Outreach and mobile sessions,0.72,0.019,-0.025,1.052,-0.376,1.05
NG-ADA-020,Adamawa,Girei,2,"Low maternal care, high conflict exposure",Mixed,Geographically isolated,Programme (dropout),"Socioeconomic, Programme (dropout)",2,Defaulter tracing and reminder-recall; Demand generation and indirect-cost support,1.065,-0.227,0.138,0.406,-0.028,1.23
NG-ADA-021,Adamawa,Gombi,2,"Low maternal care, high conflict exposure",Mixed,Geographically isolated,Socioeconomic,"Socioeconomic, Programme (dropout)",2,Defaulter tracing and reminder-recall; Demand generation and indirect-cost support,0.725,0.132,0.156,0.273,-0.224,0.712
NG-ADA-022,Adamawa,Guyuk,2,"Low maternal care, high conflict exposure",Mixed,Geographically isolated,Access,Access,1,Outreach and mobile sessions,0.556,0.232,0.022,0.675,-0.448,-0.057
NG-ADA-023,Adamawa,Hong,2,"Low maternal care, high conflict exposure",Mixed,Geographically isolated,Programme (dropout),"Socioeconomic, Insecurity, Programme (dropout)",3,Defaulter tracing and reminder-recall; Demand generation and indirect-cost support; Security-sensitive access,0.798,0.009,0.149,0.265,0.722,1.36
NG-ADA-024,Adamawa,Jada,2,"Low maternal care, high conflict exposure",Mixed,Geographically isolated,Access,"Socioeconomic, Access",2,Demand generation and indirect-cost support; Outreach and mobile sessions,0.657,0.079,0.149,0.87,-0.66,0.634
NG-ADA-025,Adamawa,Lamurde,2,"Low maternal care, high conflict exposure",Mixed,Geographically isolated,Socioeconomic,"Socioeconomic, Access",2,Demand generation and indirect-cost support; Outreach and mobile sessions,0.934,0.005,-0.092,0.633,-0.075,-0.018
NG-ADA-026,Adamawa,Madagali,2,"Low maternal care, high conflict exposure",Intermediate,Geographically isolated,Programme (dropout),"Socioeconomic, Insecurity, Programme (dropout)",3,Defaulter tracing and reminder-recall; Demand generation and indirect-cost support; Security-sensitive access,0.71,0.158,0.27,0.087,0.702,0.911
NG-ADA-027,Adamawa,Maiha,2,"Low maternal care, high conflict exposure",Mixed,Geographically isolated,Programme (dropout),Programme (dropout),1,Defaulter tracing and reminder-recall,0.422,0.03,-0.03,0.216,0.007,1.631
NG-ADA-028,Adamawa,Mayo-Belwa,2,"Low maternal care, high conflict exposure",Mixed,Deprived northern rural,Socioeconomic,"Socioeconomic, Programme (dropout)",2,Defaulter tracing and reminder-recall; Demand generation and indirect-cost support,0.925,0.05,0.144,0.483,-1.083,0.824
NG-ADA-029,Adamawa,Michika,2,"Low maternal care, high conflict exposure",Mixed,Deprived northern rural,Programme (dropout),"Socioeconomic, Programme (dropout)",2,Defaulter tracing and reminder-recall; Demand generation and indirect-cost support,0.839,-0.074,0.102,0.229,-0.574,1.369
NG-ADA-030,Adamawa,Mubi North,2,"Low maternal care, high conflict exposure",Mixed,Geographically isolated,Programme (dropout),Programme (dropout),1,Defaulter tracing and reminder-recall,0.577,-0.253,-0.026,-0.083,-0.504,1.376
NG-ADA-031,Adamawa,Mubi South,2,"Low maternal care, high conflict exposure",Mixed,Geographically isolated,Programme (dropout),Programme (dropout),1,Defaulter tracing and reminder-recall,0.369,-0.294,-0.085,-0.267,-0.688,1.468
NG-ADA-032,Adamawa,Numan,2,"Low maternal care, high conflict exposure",Mixed,Geographically isolated,Socioeconomic,"Socioeconomic, Access",2,Demand generation and indirect-cost support; Outreach and mobile sessions,1.007,0.005,-0.132,0.605,-0.346,0.228
NG-ADA-033,Adamawa,Shelleng,2,"Low maternal care, high conflict exposure",Mixed,Deprived northern rural,Socioeconomic,"Socioeconomic, Access",2,Demand generation and indirect-cost support; Outreach and mobile sessions,0.902,0.298,0.103,0.636,-1.041,0.331
NG-ADA-034,Adamawa,Song,2,"Low maternal care, high conflict exposure",Mixed,Geographically isolated,Programme (dropout),"Socioeconomic, Access, Programme (dropout)",3,Defaulter tracing and reminder-recall; Demand generation and indirect-cost support; Outreach and mobile sessions,0.899,0.096,0.112,0.769,0.087,1.173
NG-ADA-035,Adamawa,Toungo,3,Geographically isolated,Clear,"Low maternal care, high conflict exposure",Access,"Socioeconomic, Access, Programme (dropout)",3,Defaulter tracing and reminder-recall; Demand generation and indirect-cost support; Outreach and mobile sessions,0.838,0.394,-0.065,2.676,-0.462,1.046
NG-ADA-036,Adamawa,Yola North,2,"Low maternal care, high conflict exposure",Mixed,Relatively advantaged,Insecurity,Insecurity,1,Security-sensitive access,-0.855,-0.868,-0.162,-0.736,0.716,0.34
NG-ADA-037,Adamawa,Yola South,2,"Low maternal care, high conflict exposure",Mixed,Geographically isolated,None above +0.5 SD,None,0,Core services only,0.265,-0.43,-0.046,0.025,-0.203,0.388
NG-AKW-038,Akwa Ibom,Abak,4,Near-average,Mixed,Relatively advantaged,None above +0.5 SD,None,0,Core services only,-0.737,0.022,-0.253,-1.034,-0.107,-1.349
NG-AKW-039,Akwa Ibom,Eastern Obolo,4,Near-average,Clear,Geographically isolated,None above +0.5 SD,None,0,Core services only,0.127,0.499,-0.508,0.416,-0.514,-1.308
NG-AKW-040,Akwa Ibom,Eket,5,Relatively advantaged,Intermediate,Near-average,None above +0.5 SD,None,0,Core services only,-0.966,0.245,-0.556,-0.786,0.163,-1.208
NG-AKW-041,Akwa Ibom,Esit Eket,4,Near-average,Intermediate,Geographically isolated,None above +0.5 SD,None,0,Core services only,-0.405,0.356,-0.417,-0.433,-1.505,-1.246
NG-AKW-042,Akwa Ibom,Essien Udim,4,Near-average,Mixed,Relatively advantaged,None above +0.5 SD,None,0,Core services only,-0.636,-0.176,-0.279,-0.996,0.024,-0.722
NG-AKW-043,Akwa Ibom,Etim Ekpo,4,Near-average,Mixed,Relatively advantaged,None above +0.5 SD,None,0,Core services only,-0.538,0.055,-0.307,-0.946,0.124,-1.098
NG-AKW-044,Akwa Ibom,Etinan,4,Near-average,Intermediate,Relatively advantaged,None above +0.5 SD,None,0,Core services only,-0.415,0.305,-0.252,-0.971,-1.505,-1.294
NG-AKW-045,Akwa Ibom,Ibeno,4,Near-average,Intermediate,Geographically isolated,Access,"Maternal care, Access",2,Maternal and child health integration; Outreach and mobile sessions,-0.341,0.608,-0.457,0.693,-0.457,-1.392
NG-AKW-046,Akwa Ibom,Ibesikpo Asutan,4,Near-average,Intermediate,Relatively advantaged,None above +0.5 SD,None,0,Core services only,-0.526,0.06,-0.224,-0.999,-0.428,-1.172
NG-AKW-047,Akwa Ibom,Ibiono Ibom,4,Near-average,Intermediate,Relatively advantaged,None above +0.5 SD,None,0,Core services only,-0.497,-0.065,-0.499,-0.589,-0.77,-1.202
NG-AKW-048,Akwa Ibom,Ika,4,Near-average,Mixed,Relatively advantaged,None above +0.5 SD,None,0,Core services only,-0.686,-0.087,-0.335,-0.967,-0.77,-0.86
NG-AKW-049,Akwa Ibom,Ikono,4,Near-average,Intermediate,Relatively advantaged,None above +0.5 SD,None,0,Core services only,-0.455,-0.148,-0.433,-0.819,-0.77,-0.988
NG-AKW-050,Akwa Ibom,Ikot Abasi,4,Near-average,Intermediate,Geographically isolated,None above +0.5 SD,None,0,Core services only,-0.259,0.432,-0.386,-0.376,-1.239,-1.278
NG-AKW-051,Akwa Ibom,Ikot Ekpene,4,Near-average,Mixed,Relatively advantaged,None above +0.5 SD,None,0,Core services only,-0.944,-0.239,-0.467,-1.003,-0.77,-0.936
NG-AKW-052,Akwa Ibom,Ini,4,Near-average,Intermediate,Relatively advantaged,None above +0.5 SD,None,0,Core services only,-0.461,-0.277,-0.543,-0.312,-0.109,-0.051
NG-AKW-053,Akwa Ibom,Itu,5,Relatively advantaged,Mixed,Near-average,None above +0.5 SD,None,0,Core services only,-0.825,-0.005,-0.464,-0.522,0.269,-1.321
NG-AKW-054,Akwa Ibom,Mbo,4,Near-average,Intermediate,Geographically isolated,Access,Access,1,Outreach and mobile sessions,-0.306,0.572,-0.426,0.675,0.388,-0.889
NG-AKW-055,Akwa Ibom,Mkpat Enin,4,Near-average,Intermediate,Geographically isolated,Maternal care,None,0,Core services only,-0.127,0.517,-0.203,-0.732,-0.266,-1.278
NG-AKW-056,Akwa Ibom,Nsit Atai,4,Near-average,Intermediate,Geographically isolated,None above +0.5 SD,None,0,Core services only,-0.272,0.25,-0.27,-0.765,-1.505,-0.979
NG-AKW-057,Akwa Ibom,Nsit Ibom,4,Near-average,Intermediate,Relatively advantaged,None above +0.5 SD,None,0,Core services only,-0.618,0.104,-0.172,-1.044,-0.77,-1.198
NG-AKW-058,Akwa Ibom,Nsit Ubium,4,Near-average,Intermediate,Relatively advantaged,None above +0.5 SD,None,0,Core services only,-0.345,0.311,-0.299,-0.865,-1.505,-1.15
NG-AKW-059,Akwa Ibom,Obot Akara,5,Relatively advantaged,Mixed,Near-average,None above +0.5 SD,None,0,Core services only,-0.563,-0.415,-0.383,-0.904,-0.276,-0.054
NG-AKW-060,Akwa Ibom,Okobo,4,Near-average,Clear,Geographically isolated,None above +0.5 SD,None,0,Core services only,-0.178,0.287,-0.328,0.091,-1.239,-0.932
NG-AKW-061,Akwa Ibom,Onna,4,Near-average,Intermediate,Relatively advantaged,None above +0.5 SD,None,0,Core services only,-0.343,0.389,-0.392,-0.849,-1.239,-1.291
NG-AKW-062,Akwa Ibom,Oron,4,Near-average,Intermediate,Geographically isolated,Access,Access,1,Outreach and mobile sessions,-0.438,0.176,-0.44,0.879,0.26,-1.151
NG-AKW-063,Akwa Ibom,Oruk Anam,4,Near-average,Intermediate,Geographically isolated,None above +0.5 SD,None,0,Core services only,-0.069,0.327,-0.221,-0.776,-0.203,-1.241
NG-AKW-064,Akwa Ibom,Udung Uko,4,Near-average,Clear,Geographically isolated,None above +0.5 SD,None,0,Core services only,-0.341,0.32,-0.376,0.172,-0.77,-0.954
NG-AKW-065,Akwa Ibom,Ukanafun,4,Near-average,Intermediate,Relatively advantaged,None above +0.5 SD,None,0,Core services only,-0.317,0.088,-0.389,-0.916,-0.203,-1.253
NG-AKW-066,Akwa Ibom,Uruan,4,Near-average,Clear,Geographically isolated,None above +0.5 SD,None,0,Core services only,-0.227,0.18,-0.243,0.064,-0.299,-1.112
NG-AKW-067,Akwa Ibom,Urue-Offong/Oruko,4,Near-average,Intermediate,Geographically isolated,None above +0.5 SD,None,0,Core services only,-0.311,0.308,-0.325,-0.564,-1.505,-0.981
NG-AKW-068,Akwa Ibom,Uyo,5,Relatively advantaged,Clear,Near-average,Insecurity,Insecurity,1,Security-sensitive access,-1.313,-0.102,-0.419,-1.051,0.775,-1.366
NG-ANA-069,Anambra,Aguata,5,Relatively advantaged,Clear,Near-average,Insecurity,Insecurity,1,Security-sensitive access,-1.464,-0.42,-0.8,-1.006,1.209,-0.887
NG-ANA-070,Anambra,Anambra East,5,Relatively advantaged,Intermediate,Near-average,Insecurity,None,0,Core services only,-0.742,-0.153,-0.946,-0.109,0.638,-0.527
NG-ANA-071,Anambra,Anambra West,4,Near-average,Intermediate,Relatively advantaged,None above +0.5 SD,None,0,Core services only,-0.082,-0.113,-0.839,0.126,-1.239,-0.325
NG-ANA-072,Anambra,Anaocha,5,Relatively advantaged,Clear,Near-average,None above +0.5 SD,None,0,Core services only,-1.532,-0.474,-0.821,-1.067,-1.505,-0.996
NG-ANA-073,Anambra,Awka North,5,Relatively advantaged,Intermediate,Near-average,Insecurity,Insecurity,1,Security-sensitive access,-0.777,-0.311,-0.938,-0.457,0.72,-0.858
NG-ANA-074,Anambra,Awka South,5,Relatively advantaged,Clear,Near-average,Insecurity,Insecurity,1,Security-sensitive access,-1.456,-0.458,-0.916,-0.954,1.605,-1.052
NG-ANA-075,Anambra,Ayamelum,5,Relatively advantaged,Mixed,Near-average,None above +0.5 SD,None,0,Core services only,-0.327,-0.349,-0.911,-0.311,0.487,-0.526
NG-ANA-076,Anambra,Dunukofia,5,Relatively advantaged,Clear,Near-average,None above +0.5 SD,None,0,Core services only,-1.413,-0.555,-1.045,-0.985,0.034,-0.913
NG-ANA-077,Anambra,Ekwusigo,5,Relatively advantaged,Clear,Near-average,None above +0.5 SD,None,0,Core services only,-1.202,-0.387,-0.808,-0.885,0.27,-1.118
NG-ANA-078,Anambra,Idemili North,5,Relatively advantaged,Clear,Near-average,Insecurity,Insecurity,1,Security-sensitive access,-1.63,-0.544,-1.032,-1.072,0.873,-1.073
NG-ANA-079,Anambra,Idemili South,5,Relatively advantaged,Clear,Near-average,Insecurity,Insecurity,1,Security-sensitive access,-1.496,-0.5,-0.965,-0.979,1.139,-0.949
NG-ANA-080,Anambra,Ihiala,5,Relatively advantaged,Clear,Near-average,Insecurity,Insecurity,1,Security-sensitive access,-1.059,-0.349,-0.672,-0.972,1.534,-0.976
NG-ANA-081,Anambra,Njikoka,5,Relatively advantaged,Clear,Near-average,Insecurity,None,0,Core services only,-1.654,-0.589,-0.999,-1.067,0.557,-1.091
NG-ANA-082,Anambra,Nnewi North,5,Relatively advantaged,Clear,Near-average,None above +0.5 SD,None,0,Core services only,-1.642,-0.458,-0.872,-1.09,0.412,-0.979
NG-ANA-083,Anambra,Nnewi South,5,Relatively advantaged,Clear,Near-average,Insecurity,None,0,Core services only,-1.466,-0.421,-0.727,-1.06,0.557,-1.075
NG-ANA-084,Anambra,Ogbaru,5,Relatively advantaged,Intermediate,Near-average,Insecurity,Insecurity,1,Security-sensitive access,-0.622,-0.285,-0.782,-0.474,0.965,-0.704
NG-ANA-085,Anambra,Onitsha North,5,Relatively advantaged,Clear,Near-average,Insecurity,Insecurity,1,Security-sensitive access,-2.023,-0.516,-0.959,-1.062,0.84,-0.4
NG-ANA-086,Anambra,Onitsha South,5,Relatively advantaged,Clear,Near-average,None above +0.5 SD,None,0,Core services only,-2.035,-0.468,-0.817,-1.075,-0.358,-0.792
NG-ANA-087,Anambra,Orumba North,5,Relatively advantaged,Intermediate,Near-average,None above +0.5 SD,None,0,Core services only,-0.817,-0.435,-0.717,-0.73,0.44,-0.958
NG-ANA-088,Anambra,Orumba South,5,Relatively advantaged,Clear,Near-average,Insecurity,None,0,Core services only,-0.731,-0.471,-0.77,-0.828,0.5,-0.762
NG-ANA-089,Anambra,Oyi,5,Relatively advantaged,Clear,Near-average,Insecurity,None,0,Core services only,-1.381,-0.504,-0.977,-0.906,0.604,-0.728
NG-BAU-090,Bauchi,Alkaleri,2,"Low maternal care, high conflict exposure",Clear,Deprived northern rural,Programme (dropout),"Socioeconomic, Maternal care, Access, Insecurity, Programme (dropout)",5,Defaulter tracing and reminder-recall; Demand generation and indirect-cost support; Maternal and child health integration; Outreach and mobile sessions; Security-sensitive access,0.933,0.921,0.678,0.817,0.908,1.227
NG-BAU-091,Bauchi,Bauchi,2,"Low maternal care, high conflict exposure",Clear,Deprived northern rural,Programme (dropout),"Insecurity, Programme (dropout)",2,Defaulter tracing and reminder-recall; Security-sensitive access,0.447,0.513,0.75,-0.199,0.799,1.077
NG-BAU-092,Bauchi,Bogoro,2,"Low maternal care, high conflict exposure",Mixed,Deprived northern rural,Programme (dropout),Programme (dropout),1,Defaulter tracing and reminder-recall,0.647,0.299,0.485,0.207,-0.973,1.217
NG-BAU-093,Bauchi,Dambam,1,Deprived northern rural,Clear,"Low maternal care, high conflict exposure",Nutrition,"Socioeconomic, Maternal care, Nutrition, Programme (dropout)",4,Defaulter tracing and reminder-recall; Demand generation and indirect-cost support; Maternal and child health integration; Nutrition co-delivery,1.05,0.604,1.494,-0.197,-1.239,1.318
NG-BAU-094,Bauchi,Darazo,1,Deprived northern rural,Clear,"Low maternal care, high conflict exposure",Maternal care,"Socioeconomic, Maternal care, Nutrition, Access",4,Demand generation and indirect-cost support; Maternal and child health integration; Nutrition co-delivery; Outreach and mobile sessions,1.015,1.403,1.291,0.589,-0.886,0.603
NG-BAU-095,Bauchi,Dass,2,"Low maternal care, high conflict exposure",Mixed,Deprived northern rural,Programme (dropout),Programme (dropout),1,Defaulter tracing and reminder-recall,0.654,0.245,0.657,0.173,-1.239,1.015
NG-BAU-096,Bauchi,Gamawa,1,Deprived northern rural,Clear,"Low maternal care, high conflict exposure",Nutrition,"Socioeconomic, Maternal care, Nutrition, Access",4,Demand generation and indirect-cost support; Maternal and child health integration; Nutrition co-delivery; Outreach and mobile sessions,1.432,1.558,1.66,0.77,-1.239,0.623
NG-BAU-097,Bauchi,Ganjuwa,1,Deprived northern rural,Clear,"Low maternal care, high conflict exposure",Nutrition,"Socioeconomic, Maternal care, Nutrition, Programme (dropout)",4,Defaulter tracing and reminder-recall; Demand generation and indirect-cost support; Maternal and child health integration; Nutrition co-delivery,1.013,1.165,1.257,0.423,-1.239,0.965
NG-BAU-098,Bauchi,Giade,1,Deprived northern rural,Clear,"Low maternal care, high conflict exposure",Nutrition,"Socioeconomic, Maternal care, Nutrition, Programme (dropout)",4,Defaulter tracing and reminder-recall; Demand generation and indirect-cost support; Maternal and child health integration; Nutrition co-delivery,0.895,1.324,1.426,0.266,-1.505,0.794
NG-BAU-099,Bauchi,Itas/Gadau,1,Deprived northern rural,Clear,"Low maternal care, high conflict exposure",Nutrition,"Socioeconomic, Maternal care, Nutrition, Programme (dropout)",4,Defaulter tracing and reminder-recall; Demand generation and indirect-cost support; Maternal and child health integration; Nutrition co-delivery,0.831,1.342,1.509,-0.309,-1.505,1.334
NG-BAU-100,Bauchi,Jama'Are,1,Deprived northern rural,Clear,"Low maternal care, high conflict exposure",Programme (dropout),"Socioeconomic, Maternal care, Nutrition, Programme (dropout)",4,Defaulter tracing and reminder-recall; Demand generation and indirect-cost support; Maternal and child health integration; Nutrition co-delivery,0.667,1.287,1.411,-0.462,-0.886,1.484
NG-BAU-101,Bauchi,Katagum,1,Deprived northern rural,Clear,"Low maternal care, high conflict exposure",Nutrition,"Socioeconomic, Maternal care, Nutrition, Programme (dropout)",4,Defaulter tracing and reminder-recall; Demand generation and indirect-cost support; Maternal and child health integration; Nutrition co-delivery,0.922,1.275,1.416,0.196,-0.492,0.955
NG-BAU-102,Bauchi,Kirfi,1,Deprived northern rural,Clear,"Low maternal care, high conflict exposure",Maternal care,"Socioeconomic, Maternal care, Nutrition, Access, Programme (dropout)",5,Defaulter tracing and reminder-recall; Demand generation and indirect-cost support; Maternal and child health integration; Nutrition co-delivery; Outreach and mobile sessions,0.904,1.164,0.997,0.674,-0.886,0.987
NG-BAU-103,Bauchi,Misau,1,Deprived northern rural,Clear,"Low maternal care, high conflict exposure",Nutrition,"Maternal care, Nutrition",2,Maternal and child health integration; Nutrition co-delivery,0.647,1.285,1.435,0.499,-0.514,0.342
NG-BAU-104,Bauchi,Ningi,2,"Low maternal care, high conflict exposure",Clear,Deprived northern rural,Nutrition,"Socioeconomic, Maternal care, Nutrition, Access, Insecurity, Programme (dropout)",6,Defaulter tracing and reminder-recall; Demand generation and indirect-cost support; Maternal and child health integration; Nutrition co-delivery; Outreach and mobile sessions; Security-sensitive access,0.962,0.815,1.242,0.647,1.056,0.878
NG-BAU-105,Bauchi,Shira,1,Deprived northern rural,Clear,"Low maternal care, high conflict exposure",Nutrition,"Socioeconomic, Maternal care, Nutrition, Programme (dropout)",4,Defaulter tracing and reminder-recall; Demand generation and indirect-cost support; Maternal and child health integration; Nutrition co-delivery,1.083,1.325,1.471,-0.104,-1.505,1.357
NG-BAU-106,Bauchi,Tafawa-Balewa,2,"Low maternal care, high conflict exposure",Mixed,Deprived northern rural,Programme (dropout),"Socioeconomic, Programme (dropout)",2,Defaulter tracing and reminder-recall; Demand generation and indirect-cost support,0.668,0.227,0.601,0.114,0.221,0.997
NG-BAU-107,Bauchi,Toro,2,"Low maternal care, high conflict exposure",Clear,Deprived northern rural,Access,"Socioeconomic, Access, Insecurity",3,Demand generation and indirect-cost support; Outreach and mobile sessions; Security-sensitive access,0.905,0.232,0.77,0.958,0.67,0.47
NG-BAU-108,Bauchi,Warji,1,Deprived northern rural,Clear,"Low maternal care, high conflict exposure",Programme (dropout),"Socioeconomic, Maternal care, Nutrition, Programme (dropout)",4,Defaulter tracing and reminder-recall; Demand generation and indirect-cost support; Maternal and child health integration; Nutrition co-delivery,1.077,1.12,1.373,0.01,-0.886,2.211
NG-BAU-109,Bauchi,Zaki,1,Deprived northern rural,Clear,"Low maternal care, high conflict exposure",Nutrition,"Socioeconomic, Maternal care, Nutrition, Programme (dropout)",4,Defaulter tracing and reminder-recall; Demand generation and indirect-cost support; Maternal and child health integration; Nutrition co-delivery,1.089,1.384,1.637,-0.124,-1.239,0.986
NG-BAY-110,Bayelsa,Brass,3,Geographically isolated,Clear,Near-average,Access,"Maternal care, Access",2,Maternal and child health integration; Outreach and mobile sessions,-0.105,0.987,-0.876,3.489,-0.165,-1.421
NG-BAY-111,Bayelsa,Ekeremor,3,Geographically isolated,Clear,"Low maternal care, high conflict exposure",Access,"Maternal care, Access",2,Maternal and child health integration; Outreach and mobile sessions,0.088,0.915,-0.567,2.473,-0.578,-0.881
NG-BAY-112,Bayelsa,Kolokuma/Opokuma,4,Near-average,Intermediate,Geographically isolated,Maternal care,Maternal care,1,Maternal and child health integration,-0.633,0.774,-0.793,0.345,-1.505,-1.084
NG-BAY-113,Bayelsa,Nembe,3,Geographically isolated,Clear,"Low maternal care, high conflict exposure",Access,"Maternal care, Access",2,Maternal and child health integration; Outreach and mobile sessions,-0.086,1.011,-0.837,3.561,-0.08,-1.456
NG-BAY-114,Bayelsa,Ogbia,4,Near-average,Clear,Geographically isolated,Maternal care,Maternal care,1,Maternal and child health integration,-0.609,0.616,-0.916,0.09,0.192,-1.374
NG-BAY-115,Bayelsa,Sagbama,4,Near-average,Intermediate,Geographically isolated,Maternal care,"Maternal care, Access",2,Maternal and child health integration; Outreach and mobile sessions,-0.348,0.754,-0.738,0.742,-0.348,-1.039
NG-BAY-116,Bayelsa,Southern Ijaw,3,Geographically isolated,Clear,"Low maternal care, high conflict exposure",Access,"Maternal care, Access",2,Maternal and child health integration; Outreach and mobile sessions,0.019,1.031,-0.713,2.903,0.449,-1.078
NG-BAY-117,Bayelsa,Yenagoa,5,Relatively advantaged,Mixed,Near-average,Insecurity,Insecurity,1,Security-sensitive access,-0.955,0.54,-0.929,-0.252,1.261,-1.217
NG-BEN-118,Benue,Ado,4,Near-average,Clear,Geographically isolated,Socioeconomic,"Socioeconomic, Insecurity",2,Demand generation and indirect-cost support; Security-sensitive access,0.986,-0.416,-0.905,-0.163,0.85,-0.703
NG-BEN-119,Benue,Agatu,4,Near-average,Intermediate,Geographically isolated,Insecurity,Insecurity,1,Security-sensitive access,0.234,-0.273,-0.507,0.175,1.483,0.103
NG-BEN-120,Benue,Apa,4,Near-average,Intermediate,Geographically isolated,Insecurity,Insecurity,1,Security-sensitive access,0.059,-0.385,-0.627,0.165,1.263,-0.309
NG-BEN-121,Benue,Buruku,4,Near-average,Clear,Geographically isolated,Insecurity,Insecurity,1,Security-sensitive access,0.373,-0.157,-0.684,-0.671,1.168,-1.501
NG-BEN-122,Benue,Gboko,4,Near-average,Intermediate,Relatively advantaged,None above +0.5 SD,None,0,Core services only,0.286,-0.409,-0.697,-0.766,0.476,-1.566
NG-BEN-123,Benue,Guma,4,Near-average,Intermediate,Geographically isolated,Insecurity,Insecurity,1,Security-sensitive access,0.44,0.101,-0.503,-0.191,1.687,-1.138
NG-BEN-124,Benue,Gwer East,4,Near-average,Clear,Geographically isolated,Insecurity,None,0,Core services only,0.268,-0.262,-0.726,-0.138,0.618,-1.211
NG-BEN-125,Benue,Gwer West,4,Near-average,Intermediate,Geographically isolated,Insecurity,Insecurity,1,Security-sensitive access,0.41,-0.275,-0.547,0.019,1.587,-1.006
NG-BEN-126,Benue,Katsina-Ala,4,Near-average,Clear,Geographically isolated,Insecurity,Insecurity,1,Security-sensitive access,0.532,-0.043,-0.711,-0.283,1.211,-0.962
NG-BEN-127,Benue,Konshisha,4,Near-average,Clear,Geographically isolated,None above +0.5 SD,None,0,Core services only,0.488,-0.212,-0.709,-0.324,0.397,-1.165
NG-BEN-128,Benue,Kwande,4,Near-average,Clear,Geographically isolated,Insecurity,Insecurity,1,Security-sensitive access,0.429,-0.294,-0.628,-0.084,1.027,-1.056
NG-BEN-129,Benue,Logo,4,Near-average,Intermediate,Geographically isolated,Insecurity,Insecurity,1,Security-sensitive access,0.444,0.251,-0.612,-0.064,1.44,-1.057
NG-BEN-130,Benue,Makurdi,4,Near-average,Mixed,Relatively advantaged,Insecurity,Insecurity,1,Security-sensitive access,-0.128,-0.506,-0.724,-0.539,1.599,-1.649
NG-BEN-131,Benue,Obi,4,Near-average,Clear,Geographically isolated,None above +0.5 SD,None,0,Core services only,0.256,-0.19,-0.798,0.036,-1.041,-1.036
NG-BEN-132,Benue,Ogbadibo,4,Near-average,Intermediate,Relatively advantaged,None above +0.5 SD,None,0,Core services only,0.212,-0.812,-0.712,-0.456,0.32,-0.349
NG-BEN-133,Benue,Ohimini,4,Near-average,Clear,Geographically isolated,None above +0.5 SD,None,0,Core services only,-0.014,-0.425,-0.728,0.107,-0.69,-1.115
NG-BEN-134,Benue,Oju,4,Near-average,Clear,Geographically isolated,Socioeconomic,None,0,Core services only,0.519,-0.285,-0.783,-0.206,0.204,-0.825
NG-BEN-135,Benue,Okpokwu,4,Near-average,Clear,Geographically isolated,None above +0.5 SD,None,0,Core services only,0.454,-0.512,-0.728,-0.02,0.206,-0.815
NG-BEN-136,Benue,Otukpo,4,Near-average,Clear,Geographically isolated,Insecurity,Insecurity,1,Security-sensitive access,-0.214,-0.421,-0.821,0.221,1.227,-1.23
NG-BEN-137,Benue,Tarka,4,Near-average,Intermediate,Geographically isolated,None above +0.5 SD,None,0,Core services only,0.295,-0.278,-0.594,-0.835,-0.399,-1.456
NG-BEN-138,Benue,Ukum,4,Near-average,Intermediate,Geographically isolated,Insecurity,Insecurity,1,Security-sensitive access,0.42,0.036,-0.62,-0.56,1.556,-0.389
NG-BEN-139,Benue,Ushongo,4,Near-average,Clear,Geographically isolated,None above +0.5 SD,None,0,Core services only,0.497,-0.286,-0.667,-0.599,-0.38,-1.446
NG-BEN-140,Benue,Vandeikya,4,Near-average,Intermediate,Geographically isolated,None above +0.5 SD,None,0,Core services only,0.45,-0.55,-0.692,-0.627,-0.775,-1.349
NG-BOR-141,Borno,Abadam,2,"Low maternal care, high conflict exposure",Clear,Deprived northern rural,Insecurity,"Socioeconomic, Maternal care, Nutrition, Access, Insecurity, Programme (dropout)",6,Defaulter tracing and reminder-recall; Demand generation and indirect-cost support; Maternal and child health integration; Nutrition co-delivery; Outreach and mobile sessions; Security-sensitive access,0.705,1.217,1.238,0.827,2.34,0.689
NG-BOR-142,Borno,Askira/Uba,2,"Low maternal care, high conflict exposure",Clear,Geographically isolated,Insecurity,"Socioeconomic, Access, Insecurity, Programme (dropout)",4,Defaulter tracing and reminder-recall; Demand generation and indirect-cost support; Outreach and mobile sessions; Security-sensitive access,0.858,0.302,0.353,0.596,1.256,0.821
NG-BOR-143,Borno,Bama,2,"Low maternal care, high conflict exposure",Clear,Geographically isolated,Insecurity,"Maternal care, Access, Insecurity",3,Maternal and child health integration; Outreach and mobile sessions; Security-sensitive access,0.403,0.771,0.686,0.765,2.762,-0.08
NG-BOR-144,Borno,Bayo,2,"Low maternal care, high conflict exposure",Mixed,Deprived northern rural,Maternal care,"Maternal care, Access",2,Maternal and child health integration; Outreach and mobile sessions,0.452,1.106,0.644,0.581,-0.427,-0.279
NG-BOR-145,Borno,Biu,2,"Low maternal care, high conflict exposure",Clear,Geographically isolated,Insecurity,"Maternal care, Access, Insecurity",3,Maternal and child health integration; Outreach and mobile sessions; Security-sensitive access,0.506,0.855,0.339,0.71,1.392,-0.592
NG-BOR-146,Borno,Chibok,2,"Low maternal care, high conflict exposure",Clear,Deprived northern rural,Insecurity,"Socioeconomic, Maternal care, Access, Insecurity",4,Demand generation and indirect-cost support; Maternal and child health integration; Outreach and mobile sessions; Security-sensitive access,0.792,0.712,0.42,0.62,1.143,-0.05
NG-BOR-147,Borno,Damboa,2,"Low maternal care, high conflict exposure",Clear,Geographically isolated,Insecurity,"Socioeconomic, Maternal care, Access, Insecurity",4,Demand generation and indirect-cost support; Maternal and child health integration; Outreach and mobile sessions; Security-sensitive access,0.928,0.79,0.59,0.838,2.44,0.172
NG-BOR-148,Borno,Dikwa,2,"Low maternal care, high conflict exposure",Clear,Geographically isolated,Insecurity,"Maternal care, Access, Insecurity",3,Maternal and child health integration; Outreach and mobile sessions; Security-sensitive access,0.478,0.739,0.655,0.546,1.911,-0.762
NG-BOR-149,Borno,Gubio,2,"Low maternal care, high conflict exposure",Clear,Deprived northern rural,Nutrition,"Maternal care, Nutrition, Access, Insecurity",4,Maternal and child health integration; Nutrition co-delivery; Outreach and mobile sessions; Security-sensitive access,0.584,1.134,1.151,0.614,1.06,-0.172
NG-BOR-150,Borno,Guzamala,2,"Low maternal care, high conflict exposure",Clear,Deprived northern rural,Nutrition,"Maternal care, Nutrition, Access, Insecurity",4,Maternal and child health integration; Nutrition co-delivery; Outreach and mobile sessions; Security-sensitive access,0.611,1.01,1.155,0.572,0.887,-0.223
NG-BOR-151,Borno,Gwoza,2,"Low maternal care, high conflict exposure",Clear,Geographically isolated,Insecurity,"Access, Insecurity",2,Outreach and mobile sessions; Security-sensitive access,0.497,0.428,0.525,0.57,2.582,0.313
NG-BOR-152,Borno,Hawul,2,"Low maternal care, high conflict exposure",Mixed,Geographically isolated,Socioeconomic,None,0,Core services only,0.627,0.519,0.201,0.444,0.191,-0.249
NG-BOR-153,Borno,Jere,2,"Low maternal care, high conflict exposure",Clear,Deprived northern rural,Insecurity,Insecurity,1,Security-sensitive access,0.074,0.504,0.819,0.212,0.963,-0.433
NG-BOR-154,Borno,Kaga,2,"Low maternal care, high conflict exposure",Clear,Deprived northern rural,Insecurity,"Socioeconomic, Maternal care, Nutrition, Access, Insecurity",5,Demand generation and indirect-cost support; Maternal and child health integration; Nutrition co-delivery; Outreach and mobile sessions; Security-sensitive access,0.82,1.056,0.913,0.762,1.456,0.158
NG-BOR-155,Borno,Kala/Balge,2,"Low maternal care, high conflict exposure",Clear,Geographically isolated,Insecurity,"Maternal care, Access, Insecurity",3,Maternal and child health integration; Outreach and mobile sessions; Security-sensitive access,0.607,0.758,0.509,0.697,0.814,-0.747
NG-BOR-156,Borno,Konduga,2,"Low maternal care, high conflict exposure",Clear,Geographically isolated,Insecurity,"Access, Insecurity",2,Outreach and mobile sessions; Security-sensitive access,0.23,0.486,0.567,0.7,2.23,-0.39
NG-BOR-157,Borno,Kukawa,2,"Low maternal care, high conflict exposure",Clear,Deprived northern rural,Insecurity,"Maternal care, Nutrition, Access, Insecurity",4,Maternal and child health integration; Nutrition co-delivery; Outreach and mobile sessions; Security-sensitive access,0.279,0.91,0.991,1.352,2.02,-0.155
NG-BOR-158,Borno,Kwaya Kusar,2,"Low maternal care, high conflict exposure",Mixed,Deprived northern rural,Maternal care,"Maternal care, Access",2,Maternal and child health integration; Outreach and mobile sessions,0.425,0.889,0.49,0.551,-0.688,-0.281
NG-BOR-159,Borno,Mafa,2,"Low maternal care, high conflict exposure",Clear,Deprived northern rural,Insecurity,"Maternal care, Access, Insecurity",3,Maternal and child health integration; Outreach and mobile sessions; Security-sensitive access,0.537,0.841,0.82,0.699,1.913,-0.698
NG-BOR-160,Borno,Magumeri,2,"Low maternal care, high conflict exposure",Clear,Deprived northern rural,Insecurity,"Maternal care, Nutrition, Access, Insecurity",4,Maternal and child health integration; Nutrition co-delivery; Outreach and mobile sessions; Security-sensitive access,0.18,1.087,1.11,0.929,1.168,-0.172
NG-BOR-161,Borno,Maiduguri,2,"Low maternal care, high conflict exposure",Mixed,Geographically isolated,Insecurity,Insecurity,1,Security-sensitive access,-0.65,-0.097,0.422,-0.641,1.796,-0.543
NG-BOR-162,Borno,Marte,2,"Low maternal care, high conflict exposure",Clear,Geographically isolated,Insecurity,"Socioeconomic, Maternal care, Access, Insecurity",4,Demand generation and indirect-cost support; Maternal and child health integration; Outreach and mobile sessions; Security-sensitive access,0.821,0.801,0.703,0.59,2.268,-0.877
NG-BOR-163,Borno,Mobbar,2,"Low maternal care, high conflict exposure",Clear,Deprived northern rural,Insecurity,"Maternal care, Nutrition, Insecurity, Programme (dropout)",4,Defaulter tracing and reminder-recall; Maternal and child health integration; Nutrition co-delivery; Security-sensitive access,0.33,1.224,1.231,0.413,1.988,0.804
NG-BOR-164,Borno,Monguno,2,"Low maternal care, high conflict exposure",Clear,Deprived northern rural,Insecurity,"Maternal care, Nutrition, Access, Insecurity",4,Maternal and child health integration; Nutrition co-delivery; Outreach and mobile sessions; Security-sensitive access,0.622,0.843,0.952,0.819,1.805,-0.394
NG-BOR-165,Borno,Ngala,2,"Low maternal care, high conflict exposure",Clear,Geographically isolated,Insecurity,"Maternal care, Insecurity",2,Maternal and child health integration; Security-sensitive access,0.267,0.643,0.458,0.141,2.061,-0.813
NG-BOR-166,Borno,Nganzai,2,"Low maternal care, high conflict exposure",Clear,Deprived northern rural,Insecurity,"Socioeconomic, Maternal care, Nutrition, Access, Insecurity",5,Demand generation and indirect-cost support; Maternal and child health integration; Nutrition co-delivery; Outreach and mobile sessions; Security-sensitive access,0.84,1.027,1.063,0.547,1.354,-0.5
NG-BOR-167,Borno,Shani,2,"Low maternal care, high conflict exposure",Mixed,Deprived northern rural,Socioeconomic,"Socioeconomic, Maternal care",2,Demand generation and indirect-cost support; Maternal and child health integration,1.089,0.669,0.322,0.508,-0.134,-0.004
NG-CRO-168,Cross River,Abi,4,Near-average,Intermediate,Relatively advantaged,None above +0.5 SD,None,0,Core services only,0.049,-0.433,-0.639,-0.607,-1.505,-0.698
NG-CRO-169,Cross River,Akamkpa,3,Geographically isolated,Clear,"Low maternal care, high conflict exposure",Access,Access,1,Outreach and mobile sessions,-0.008,0.331,-0.474,5.378,-0.363,-1.208
NG-CRO-170,Cross River,Akpabuyo,4,Near-average,Intermediate,Geographically isolated,Access,Access,1,Outreach and mobile sessions,0.05,0.167,-0.407,1.011,0.44,-1.209
NG-CRO-171,Cross River,Bakassi,3,Geographically isolated,Clear,Near-average,Access,Access,1,Outreach and mobile sessions,0.188,0.586,-0.51,1.813,-1.505,-1.257
NG-CRO-172,Cross River,Bekwarra,4,Near-average,Intermediate,Relatively advantaged,None above +0.5 SD,None,0,Core services only,-0.109,-0.571,-0.76,-0.434,-1.505,-1.497
NG-CRO-173,Cross River,Biase,4,Near-average,Intermediate,Geographically isolated,Access,Access,1,Outreach and mobile sessions,0.404,0.048,-0.575,1.183,0.216,-0.759
NG-CRO-174,Cross River,Boki,3,Geographically isolated,Clear,Near-average,Access,Access,1,Outreach and mobile sessions,0.226,-0.405,-0.681,2.868,-0.044,-1.581
NG-CRO-175,Cross River,Calabar Municipal,5,Relatively advantaged,Clear,Near-average,Insecurity,Insecurity,1,Security-sensitive access,-1.224,-0.245,-0.509,-0.858,1.033,-1.127
NG-CRO-176,Cross River,Calabar South,4,Near-average,Intermediate,Geographically isolated,Access,Access,1,Outreach and mobile sessions,-0.781,0.021,-0.39,0.823,-0.074,-1.043
NG-CRO-177,Cross River,Etung,3,Geographically isolated,Clear,Near-average,Access,Access,1,Outreach and mobile sessions,0.458,-0.121,-0.629,3.511,-1.505,-1.68
NG-CRO-178,Cross River,Ikom,4,Near-average,Clear,Geographically isolated,Access,Access,1,Outreach and mobile sessions,0.322,-0.397,-0.726,0.873,0.201,-1.64
NG-CRO-179,Cross River,Obanliku,3,Geographically isolated,Intermediate,Near-average,Access,Access,1,Outreach and mobile sessions,0.635,-0.401,-0.657,1.696,-0.973,-1.556
NG-CRO-180,Cross River,Obubra,3,Geographically isolated,Clear,Near-average,Access,Access,1,Outreach and mobile sessions,0.232,0.03,-0.593,2.219,0.43,-1.278
NG-CRO-181,Cross River,Obudu,4,Near-average,Clear,Geographically isolated,None above +0.5 SD,None,0,Core services only,0.006,-0.664,-0.661,0.424,-0.428,-1.491
NG-CRO-182,Cross River,Odukpani,4,Near-average,Intermediate,Geographically isolated,Access,Access,1,Outreach and mobile sessions,0.137,0.254,-0.439,0.868,0.129,-0.999
NG-CRO-183,Cross River,Ogoja,4,Near-average,Intermediate,Relatively advantaged,None above +0.5 SD,None,0,Core services only,0.052,-0.537,-0.688,-0.353,-1.505,-1.409
NG-CRO-184,Cross River,Yakurr,4,Near-average,Clear,Geographically isolated,None above +0.5 SD,None,0,Core services only,0.319,-0.403,-0.493,0.484,0.07,-1.052
NG-CRO-185,Cross River,Yala,4,Near-average,Intermediate,Relatively advantaged,None above +0.5 SD,None,0,Core services only,-0.329,-0.341,-0.751,-0.311,0.467,-1.108
NG-DEL-186,Delta,Aniocha North,4,Near-average,Intermediate,Relatively advantaged,None above +0.5 SD,None,0,Core services only,-0.755,-0.114,-0.79,-0.019,-0.492,-0.208
NG-DEL-187,Delta,Aniocha South,5,Relatively advantaged,Intermediate,Near-average,Insecurity,Insecurity,1,Security-sensitive access,-0.56,-0.274,-0.737,-0.279,1.016,-0.223
NG-DEL-188,Delta,Bomadi,4,Near-average,Intermediate,Geographically isolated,Access,Access,1,Outreach and mobile sessions,-0.172,0.366,-0.63,0.637,-0.38,-0.761
NG-DEL-189,Delta,Burutu,3,Geographically isolated,Clear,"Low maternal care, high conflict exposure",Access,"Maternal care, Access",2,Maternal and child health integration; Outreach and mobile sessions,-0.451,0.779,-0.466,2.895,0.604,-0.191
NG-DEL-190,Delta,Ethiope East,5,Relatively advantaged,Intermediate,Near-average,None above +0.5 SD,None,0,Core services only,-0.947,-0.359,-0.572,-0.717,0.496,-0.3
NG-DEL-191,Delta,Ethiope West,5,Relatively advantaged,Intermediate,Near-average,Insecurity,None,0,Core services only,-0.93,-0.551,-0.735,-0.498,0.595,-0.13
NG-DEL-192,Delta,Ika North East,5,Relatively advantaged,Intermediate,Near-average,None above +0.5 SD,None,0,Core services only,-0.907,-0.445,-0.794,-0.371,-0.363,-0.484
NG-DEL-193,Delta,Ika South,5,Relatively advantaged,Intermediate,Near-average,None above +0.5 SD,None,0,Core services only,-0.943,-0.508,-0.854,-0.617,0.26,-0.739
NG-DEL-194,Delta,Isoko North,5,Relatively advantaged,Intermediate,Near-average,None above +0.5 SD,None,0,Core services only,-0.78,-0.222,-0.518,-0.668,0.261,-0.473
NG-DEL-195,Delta,Isoko South,5,Relatively advantaged,Mixed,Near-average,None above +0.5 SD,None,0,Core services only,-0.737,0.056,-0.546,-0.391,0.273,-0.695
NG-DEL-196,Delta,Ndokwa East,5,Relatively advantaged,Mixed,Near-average,None above +0.5 SD,None,0,Core services only,-0.566,0.11,-0.693,0.231,-0.05,-0.562
NG-DEL-197,Delta,Ndokwa West,5,Relatively advantaged,Intermediate,Near-average,None above +0.5 SD,None,0,Core services only,-0.668,-0.303,-0.588,-0.529,0.383,-0.369
NG-DEL-198,Delta,Okpe,5,Relatively advantaged,Mixed,Near-average,None above +0.5 SD,None,0,Core services only,-0.803,-0.325,-0.669,-0.39,0.003,-0.216
NG-DEL-199,Delta,Oshimili North,5,Relatively advantaged,Intermediate,Near-average,None above +0.5 SD,None,0,Core services only,-0.762,-0.249,-0.871,-0.345,0.45,-0.325
NG-DEL-200,Delta,Oshimili South,5,Relatively advantaged,Clear,Near-average,Insecurity,None,0,Core services only,-1.165,-0.199,-0.953,-0.261,0.668,-0.374
NG-DEL-201,Delta,Patani,4,Near-average,Clear,Geographically isolated,Maternal care,None,0,Core services only,-0.695,0.506,-0.698,0.256,-0.514,-0.985
NG-DEL-202,Delta,Sapele,5,Relatively advantaged,Mixed,Near-average,Insecurity,Insecurity,1,Security-sensitive access,-0.796,-0.287,-0.796,0.078,0.706,-0.184
NG-DEL-203,Delta,Udu,5,Relatively advantaged,Clear,Near-average,Insecurity,Insecurity,1,Security-sensitive access,-1.18,-0.578,-0.63,-0.9,0.727,-0.333
NG-DEL-204,Delta,Ughelli North,5,Relatively advantaged,Intermediate,Near-average,Insecurity,Insecurity,1,Security-sensitive access,-0.791,-0.243,-0.496,-0.549,1.56,-0.353
NG-DEL-205,Delta,Ughelli South,5,Relatively advantaged,Mixed,Geographically isolated,None above +0.5 SD,None,0,Core services only,-0.747,-0.019,-0.565,0.139,0.188,-0.343
NG-DEL-206,Delta,Ukwuani,5,Relatively advantaged,Intermediate,Near-average,Insecurity,None,0,Core services only,-1.016,-0.382,-0.693,-0.656,0.592,-0.492
NG-DEL-207,Delta,Uvwie,5,Relatively advantaged,Clear,Near-average,Insecurity,Insecurity,1,Security-sensitive access,-1.381,-0.516,-0.846,-0.863,0.675,-0.428
NG-DEL-208,Delta,Warri North,3,Geographically isolated,Clear,"Low maternal care, high conflict exposure",Access,Access,1,Outreach and mobile sessions,-0.103,0.423,-0.508,3.753,-0.574,0.085
NG-DEL-209,Delta,Warri South,3,Geographically isolated,Clear,"Low maternal care, high conflict exposure",Access,"Access, Insecurity",2,Outreach and mobile sessions; Security-sensitive access,0.39,0.413,-0.67,3.232,0.999,-0.354
NG-DEL-210,Delta,Warri South West,3,Geographically isolated,Clear,"Low maternal care, high conflict exposure",Access,"Maternal care, Access",2,Maternal and child health integration; Outreach and mobile sessions,-0.144,0.754,-0.541,4.227,-1.505,0.022
NG-EBO-211,Ebonyi,Abakaliki,4,Near-average,Intermediate,Relatively advantaged,Insecurity,Insecurity,1,Security-sensitive access,0.323,-0.406,-0.947,-0.876,0.915,-0.672
NG-EBO-212,Ebonyi,Afikpo North,4,Near-average,Intermediate,Relatively advantaged,None above +0.5 SD,None,0,Core services only,0.189,-0.428,-0.694,-0.676,-0.027,-0.376
NG-EBO-213,Ebonyi,Afikpo South,4,Near-average,Clear,Geographically isolated,None above +0.5 SD,None,0,Core services only,0.43,-0.515,-0.585,-0.373,0.287,0.005
NG-EBO-214,Ebonyi,Ebonyi,4,Near-average,Clear,Geographically isolated,Socioeconomic,Socioeconomic,1,Demand generation and indirect-cost support,0.821,-0.457,-0.921,-0.757,0.5,-0.667
NG-EBO-215,Ebonyi,Ezza North,4,Near-average,Clear,Geographically isolated,Socioeconomic,Socioeconomic,1,Demand generation and indirect-cost support,0.968,-0.43,-0.714,-0.913,0.186,-0.133
NG-EBO-216,Ebonyi,Ezza South,4,Near-average,Clear,Geographically isolated,Socioeconomic,Socioeconomic,1,Demand generation and indirect-cost support,0.889,-0.415,-0.689,-0.918,-0.075,-0.149
NG-EBO-217,Ebonyi,Ikwo,4,Near-average,Clear,Geographically isolated,None above +0.5 SD,None,0,Core services only,0.493,-0.345,-0.699,-0.75,0.206,-0.499
NG-EBO-218,Ebonyi,Ishielu,4,Near-average,Intermediate,Relatively advantaged,Insecurity,Insecurity,1,Security-sensitive access,0.455,-0.56,-0.916,-0.685,0.773,-0.215
NG-EBO-219,Ebonyi,Ivo,4,Near-average,Intermediate,Relatively advantaged,Programme (dropout),Programme (dropout),1,Defaulter tracing and reminder-recall,0.374,-0.516,-0.817,-0.566,0.604,0.817
NG-EBO-220,Ebonyi,Izzi,4,Near-average,Clear,Geographically isolated,Socioeconomic,Socioeconomic,1,Demand generation and indirect-cost support,0.945,-0.241,-0.722,-0.653,0.564,-0.437
NG-EBO-221,Ebonyi,Ohaozara,4,Near-average,Clear,Geographically isolated,Socioeconomic,Socioeconomic,1,Demand generation and indirect-cost support,0.763,-0.531,-0.806,-0.736,0.063,0.171
NG-EBO-222,Ebonyi,Ohaukwu,4,Near-average,Intermediate,Geographically isolated,Insecurity,"Socioeconomic, Insecurity",2,Demand generation and indirect-cost support; Security-sensitive access,0.771,-0.571,-0.875,-0.781,1.309,-0.459
NG-EBO-223,Ebonyi,Onicha,4,Near-average,Mixed,Relatively advantaged,Insecurity,Insecurity,1,Security-sensitive access,-0.329,-0.537,-0.955,-0.845,0.96,0.077
NG-EDO-224,Edo,Akoko-Edo,5,Relatively advantaged,Mixed,Near-average,Insecurity,None,0,Core services only,-0.431,-0.678,-0.89,-0.18,0.644,-0.805
NG-EDO-225,Edo,Egor,5,Relatively advantaged,Clear,Near-average,None above +0.5 SD,None,0,Core services only,-1.62,-0.833,-1.039,-1.003,0.416,-0.814
NG-EDO-226,Edo,Esan Central,5,Relatively advantaged,Mixed,Near-average,None above +0.5 SD,None,0,Core services only,-0.621,-0.598,-0.937,-0.499,-0.224,-1.159
NG-EDO-227,Edo,Esan North-East,5,Relatively advantaged,Mixed,Near-average,None above +0.5 SD,None,0,Core services only,-0.683,-0.447,-0.924,-0.343,-0.445,-1.243
NG-EDO-228,Edo,Esan South-East,4,Near-average,Intermediate,Relatively advantaged,None above +0.5 SD,None,0,Core services only,-0.445,-0.095,-0.893,0.34,-0.348,-0.923
NG-EDO-229,Edo,Esan West,5,Relatively advantaged,Mixed,Near-average,None above +0.5 SD,None,0,Core services only,-0.588,-0.578,-0.98,-0.129,-0.189,-1.099
NG-EDO-230,Edo,Etsako Central,4,Near-average,Intermediate,Relatively advantaged,None above +0.5 SD,None,0,Core services only,-0.304,-0.164,-0.813,0.041,-0.973,-0.792
NG-EDO-231,Edo,Etsako East,5,Relatively advantaged,Mixed,Near-average,None above +0.5 SD,None,0,Core services only,-0.322,-0.343,-0.796,0.045,0.18,-0.68
NG-EDO-232,Edo,Etsako West,5,Relatively advantaged,Mixed,Near-average,Insecurity,Insecurity,1,Security-sensitive access,-0.573,-0.31,-0.888,-0.019,1.02,-0.985
NG-EDO-233,Edo,Igueben,4,Near-average,Intermediate,Relatively advantaged,None above +0.5 SD,None,0,Core services only,-0.478,-0.474,-0.888,-0.043,-1.083,-1.02
NG-EDO-234,Edo,Ikpoba-Okha,5,Relatively advantaged,Intermediate,Near-average,Insecurity,Insecurity,1,Security-sensitive access,-0.876,-0.535,-1.013,-0.259,0.744,-0.786
NG-EDO-235,Edo,Oredo,5,Relatively advantaged,Clear,Near-average,Insecurity,Insecurity,1,Security-sensitive access,-1.272,-0.569,-0.952,-0.357,1.644,-0.626
NG-EDO-236,Edo,Orhionmwon,4,Near-average,Intermediate,Relatively advantaged,None above +0.5 SD,None,0,Core services only,-0.505,-0.393,-0.582,-0.025,-0.509,-0.402
NG-EDO-237,Edo,Ovia North-East,4,Near-average,Clear,Geographically isolated,Access,"Access, Insecurity",2,Outreach and mobile sessions; Security-sensitive access,-0.228,-0.308,-0.748,1.094,0.839,-0.612
NG-EDO-238,Edo,Ovia South-West,4,Near-average,Intermediate,Geographically isolated,Access,Access,1,Outreach and mobile sessions,0.065,-0.229,-0.589,1.759,0.377,-0.401
NG-EDO-239,Edo,Owan East,4,Near-average,Intermediate,Relatively advantaged,None above +0.5 SD,None,0,Core services only,-0.251,-0.281,-0.85,0.238,-0.05,-0.916
NG-EDO-240,Edo,Owan West,4,Near-average,Intermediate,Relatively advantaged,Access,Access,1,Outreach and mobile sessions,-0.441,-0.357,-0.914,0.655,0.132,-0.929
NG-EDO-241,Edo,Uhunmwonde,4,Near-average,Intermediate,Relatively advantaged,Access,Access,1,Outreach and mobile sessions,-0.556,-0.506,-0.958,0.651,0.465,-0.75
NG-EKI-242,Ekiti,Ado Ekiti,5,Relatively advantaged,Clear,Near-average,Insecurity,None,0,Core services only,-1.227,-0.754,-1.189,-0.753,0.632,-0.306
NG-EKI-243,Ekiti,Aiyekire (Gbonyin),4,Near-average,Intermediate,Relatively advantaged,None above +0.5 SD,None,0,Core services only,-0.631,-0.871,-1.028,-0.426,-0.973,-0.648
NG-EKI-244,Ekiti,Efon,4,Near-average,Intermediate,Relatively advantaged,None above +0.5 SD,None,0,Core services only,-0.704,-1.033,-0.94,-0.64,-0.973,-0.185
NG-EKI-245,Ekiti,Ekiti East,4,Near-average,Intermediate,Relatively advantaged,None above +0.5 SD,None,0,Core services only,-0.557,-0.864,-1.002,-0.466,-0.422,-0.867
NG-EKI-246,Ekiti,Ekiti South West,4,Near-average,Intermediate,Relatively advantaged,None above +0.5 SD,None,0,Core services only,-0.552,-0.987,-0.927,-0.528,-1.239,-0.315
NG-EKI-247,Ekiti,Ekiti West,4,Near-average,Intermediate,Relatively advantaged,None above +0.5 SD,None,0,Core services only,-0.536,-1.071,-1.018,-0.658,-0.973,-0.154
NG-EKI-248,Ekiti,Emure,4,Near-average,Intermediate,Relatively advantaged,None above +0.5 SD,None,0,Core services only,-0.592,-0.867,-1.074,-0.395,-0.422,-0.973
NG-EKI-249,Ekiti,Ido-Osi,4,Near-average,Mixed,Relatively advantaged,None above +0.5 SD,None,0,Core services only,-0.882,-0.957,-0.962,-0.835,-0.886,-0.287
NG-EKI-250,Ekiti,Ijero,4,Near-average,Intermediate,Relatively advantaged,None above +0.5 SD,None,0,Core services only,-0.664,-1.069,-1.105,-0.698,-0.775,-0.148
NG-EKI-251,Ekiti,Ikere,5,Relatively advantaged,Mixed,Near-average,None above +0.5 SD,None,0,Core services only,-0.626,-0.71,-1.083,-0.545,0.223,-0.757
NG-EKI-252,Ekiti,Ikole,4,Near-average,Intermediate,Relatively advantaged,None above +0.5 SD,None,0,Core services only,-0.587,-0.524,-0.929,-0.092,0.18,-0.466
NG-EKI-253,Ekiti,Ilejemeje,4,Near-average,Mixed,Relatively advantaged,None above +0.5 SD,None,0,Core services only,-0.809,-0.782,-0.738,-0.782,-0.574,-0.29
NG-EKI-254,Ekiti,Irepodun/Ifelodun,4,Near-average,Intermediate,Relatively advantaged,None above +0.5 SD,None,0,Core services only,-0.641,-0.872,-1.0,-0.609,-0.574,-0.353
NG-EKI-255,Ekiti,Ise/Orun,4,Near-average,Intermediate,Relatively advantaged,None above +0.5 SD,None,0,Core services only,-0.558,-0.842,-1.07,-0.206,-0.422,-0.844
NG-EKI-256,Ekiti,Moba,4,Near-average,Intermediate,Relatively advantaged,None above +0.5 SD,None,0,Core services only,-0.821,-0.835,-0.85,-0.809,-0.973,-0.385
NG-EKI-257,Ekiti,Oye,4,Near-average,Intermediate,Relatively advantaged,None above +0.5 SD,None,0,Core services only,0.197,-0.695,-0.932,-0.404,-0.348,-0.261
NG-FCT-275,FCT,Abaji,4,Near-average,Intermediate,Geographically isolated,Insecurity,Insecurity,1,Security-sensitive access,-0.067,-0.167,-0.389,-0.355,1.026,0.214
NG-FCT-276,FCT,Abuja Municipal Area Council,4,Near-average,Mixed,Geographically isolated,Insecurity,Insecurity,1,Security-sensitive access,-0.517,-0.64,-0.862,-0.197,1.85,-0.16
NG-ENU-258,Enugu,Aninri,4,Near-average,Intermediate,Relatively advantaged,None above +0.5 SD,None,0,Core services only,-0.036,-0.54,-0.916,-0.639,-0.363,0.254
NG-ENU-259,Enugu,Awgu,4,Near-average,Intermediate,Relatively advantaged,None above +0.5 SD,None,0,Core services only,-0.251,-0.654,-0.862,-0.567,-1.505,-0.344
NG-FCT-277,FCT,Bwari,4,Near-average,Mixed,Relatively advantaged,Insecurity,Insecurity,1,Security-sensitive access,-0.371,-1.091,-0.849,-0.571,1.2,0.215
NG-ENU-260,Enugu,Enugu East,5,Relatively advantaged,Clear,Near-average,Insecurity,None,0,Core services only,-0.917,-0.869,-1.078,-0.819,0.636,-0.284
NG-ENU-261,Enugu,Enugu North,5,Relatively advantaged,Clear,Near-average,Insecurity,Insecurity,1,Security-sensitive access,-1.316,-0.994,-1.126,-1.083,0.961,-0.23
NG-ENU-262,Enugu,Enugu South,5,Relatively advantaged,Clear,Near-average,Insecurity,Insecurity,1,Security-sensitive access,-1.139,-0.799,-1.051,-1.039,0.677,-0.386
NG-ENU-263,Enugu,Ezeagu,4,Near-average,Intermediate,Relatively advantaged,None above +0.5 SD,None,0,Core services only,0.024,-0.587,-0.84,-0.632,0.024,-0.398
NG-FCT-278,FCT,Gwagwalada,4,Near-average,Intermediate,Geographically isolated,Insecurity,Insecurity,1,Security-sensitive access,-0.105,-0.403,-0.509,-0.608,0.961,0.118
NG-ENU-264,Enugu,Igbo-Etiti,4,Near-average,Intermediate,Relatively advantaged,None above +0.5 SD,None,0,Core services only,-0.093,-0.846,-0.952,-0.631,-0.028,-0.094
NG-ENU-265,Enugu,Igbo-Eze North,4,Near-average,Mixed,Relatively advantaged,Insecurity,Insecurity,1,Security-sensitive access,-0.023,-0.91,-0.759,-0.828,0.678,-0.27
NG-ENU-266,Enugu,Igbo-Eze South,4,Near-average,Intermediate,Relatively advantaged,None above +0.5 SD,None,0,Core services only,0.303,-0.925,-0.735,-0.937,-0.775,-0.15
NG-ENU-267,Enugu,Isi-Uzo,4,Near-average,Intermediate,Relatively advantaged,Insecurity,Insecurity,1,Security-sensitive access,0.363,-0.685,-0.896,-0.602,1.292,-0.408
NG-FCT-279,FCT,Kuje,4,Near-average,Clear,Geographically isolated,Insecurity,Insecurity,1,Security-sensitive access,0.02,-0.825,-0.585,-0.339,1.119,-0.251
NG-FCT-280,FCT,Kwali,4,Near-average,Intermediate,Geographically isolated,Insecurity,Insecurity,1,Security-sensitive access,-0.079,-0.462,-0.52,-0.426,0.745,0.166
NG-ENU-268,Enugu,Nkanu East,4,Near-average,Intermediate,Relatively advantaged,Insecurity,Insecurity,1,Security-sensitive access,-0.022,-0.589,-0.907,-0.612,0.893,-0.274
NG-ENU-269,Enugu,Nkanu West,4,Near-average,Mixed,Relatively advantaged,None above +0.5 SD,None,0,Core services only,-0.215,-0.75,-0.873,-0.768,0.136,-0.511
NG-ENU-270,Enugu,Nsukka,5,Relatively advantaged,Intermediate,Near-average,Insecurity,Insecurity,1,Security-sensitive access,-0.409,-0.903,-0.924,-0.736,0.702,-0.183
NG-ENU-271,Enugu,Oji River,4,Near-average,Mixed,Relatively advantaged,None above +0.5 SD,None,0,Core services only,0.003,-0.6,-0.806,-0.65,0.383,-0.737
NG-ENU-272,Enugu,Udenu,4,Near-average,Intermediate,Relatively advantaged,None above +0.5 SD,None,0,Core services only,-0.264,-1.0,-0.86,-0.828,-0.242,-0.475
NG-ENU-273,Enugu,Udi,4,Near-average,Mixed,Relatively advantaged,None above +0.5 SD,None,0,Core services only,-0.339,-0.838,-0.865,-0.703,0.328,-0.211
NG-ENU-274,Enugu,Uzo-Uwani,5,Relatively advantaged,Mixed,Near-average,Insecurity,Insecurity,1,Security-sensitive access,-0.242,-0.551,-0.829,-0.257,0.787,0.003
NG-GOM-281,Gombe,Akko,1,Deprived northern rural,Mixed,"Low maternal care, high conflict exposure",Programme (dropout),"Socioeconomic, Access, Programme (dropout)",3,Defaulter tracing and reminder-recall; Demand generation and indirect-cost support; Outreach and mobile sessions,0.717,0.57,0.652,0.751,-0.775,1.353
NG-GOM-282,Gombe,Balanga,2,"Low maternal care, high conflict exposure",Mixed,Geographically isolated,Programme (dropout),"Access, Programme (dropout)",2,Defaulter tracing and reminder-recall; Outreach and mobile sessions,0.069,0.239,0.321,0.646,0.032,0.704
NG-GOM-283,Gombe,Billiri,2,"Low maternal care, high conflict exposure",Mixed,Deprived northern rural,Programme (dropout),Programme (dropout),1,Defaulter tracing and reminder-recall,0.51,0.114,0.424,0.506,0.186,1.418
NG-GOM-284,Gombe,Dukku,1,Deprived northern rural,Clear,"Low maternal care, high conflict exposure",Maternal care,"Socioeconomic, Maternal care, Nutrition, Access, Programme (dropout)",5,Defaulter tracing and reminder-recall; Demand generation and indirect-cost support; Maternal and child health integration; Nutrition co-delivery; Outreach and mobile sessions,0.819,1.404,1.169,0.86,-0.578,1.309
NG-GOM-285,Gombe,Funakaye,1,Deprived northern rural,Clear,"Low maternal care, high conflict exposure",Maternal care,"Maternal care, Nutrition, Access, Programme (dropout)",4,Defaulter tracing and reminder-recall; Maternal and child health integration; Nutrition co-delivery; Outreach and mobile sessions,0.118,1.388,0.935,0.904,-1.239,0.958
NG-GOM-286,Gombe,Gombe,2,"Low maternal care, high conflict exposure",Mixed,Deprived northern rural,Programme (dropout),Programme (dropout),1,Defaulter tracing and reminder-recall,-0.572,0.351,0.75,-0.445,-0.11,1.502
NG-GOM-287,Gombe,Kaltungo,2,"Low maternal care, high conflict exposure",Mixed,Deprived northern rural,Programme (dropout),"Access, Programme (dropout)",2,Defaulter tracing and reminder-recall; Outreach and mobile sessions,0.129,0.246,0.427,0.88,-1.505,1.054
NG-GOM-288,Gombe,Kwami,1,Deprived northern rural,Clear,"Low maternal care, high conflict exposure",Programme (dropout),"Socioeconomic, Maternal care, Nutrition, Access, Programme (dropout)",5,Defaulter tracing and reminder-recall; Demand generation and indirect-cost support; Maternal and child health integration; Nutrition co-delivery; Outreach and mobile sessions,0.983,1.122,1.041,0.691,-1.239,1.433
NG-GOM-289,Gombe,Nafada,1,Deprived northern rural,Clear,"Low maternal care, high conflict exposure",Maternal care,"Maternal care, Nutrition, Access, Programme (dropout)",4,Defaulter tracing and reminder-recall; Maternal and child health integration; Nutrition co-delivery; Outreach and mobile sessions,0.504,1.482,1.22,0.714,-1.505,1.453
NG-GOM-290,Gombe,Shongom,2,"Low maternal care, high conflict exposure",Mixed,Geographically isolated,Programme (dropout),"Access, Programme (dropout)",2,Defaulter tracing and reminder-recall; Outreach and mobile sessions,0.214,0.099,0.18,0.645,-0.514,1.737
NG-GOM-291,Gombe,Yamaltu/Deba,1,Deprived northern rural,Mixed,"Low maternal care, high conflict exposure",Maternal care,"Maternal care, Access, Programme (dropout)",3,Defaulter tracing and reminder-recall; Maternal and child health integration; Outreach and mobile sessions,0.293,0.991,0.848,0.688,-0.66,0.921
NG-IMO-292,Imo,Aboh-Mbaise,5,Relatively advantaged,Clear,Near-average,None above +0.5 SD,None,0,Core services only,-1.189,-0.657,-0.77,-1.051,0.105,0.122
NG-IMO-293,Imo,Ahiazu-Mbaise,5,Relatively advantaged,Clear,Near-average,None above +0.5 SD,None,0,Core services only,-1.255,-0.567,-0.869,-1.079,0.042,-0.121
NG-IMO-294,Imo,Ehime-Mbano,5,Relatively advantaged,Clear,Near-average,None above +0.5 SD,None,0,Core services only,-1.137,-0.604,-0.901,-0.916,0.477,-0.255
NG-IMO-295,Imo,Ezinihitte-Mbaise,5,Relatively advantaged,Clear,Near-average,None above +0.5 SD,None,0,Core services only,-0.955,-0.59,-0.749,-1.056,-0.492,0.198
NG-IMO-296,Imo,Ideato North,5,Relatively advantaged,Clear,Near-average,Insecurity,None,0,Core services only,-1.194,-0.493,-0.743,-0.889,0.613,-0.809
NG-IMO-297,Imo,Ideato South,5,Relatively advantaged,Intermediate,Near-average,None above +0.5 SD,None,0,Core services only,-0.834,-0.489,-0.715,-0.949,-0.973,-0.726
NG-IMO-298,Imo,Ihitte/Uboma,5,Relatively advantaged,Clear,Near-average,None above +0.5 SD,None,0,Core services only,-1.08,-0.575,-0.906,-0.958,-0.363,0.009
NG-IMO-299,Imo,Ikeduru,5,Relatively advantaged,Clear,Near-average,None above +0.5 SD,None,0,Core services only,-1.067,-0.639,-0.834,-1.075,0.255,-0.311
NG-IMO-300,Imo,Isiala Mbano,5,Relatively advantaged,Clear,Near-average,None above +0.5 SD,None,0,Core services only,-1.17,-0.578,-0.86,-1.041,0.314,-0.352
NG-IMO-301,Imo,Isu,5,Relatively advantaged,Clear,Near-average,None above +0.5 SD,None,0,Core services only,-1.566,-0.364,-0.79,-1.07,-0.492,-0.567
NG-IMO-302,Imo,Mbaitoli,5,Relatively advantaged,Clear,Near-average,Insecurity,None,0,Core services only,-1.496,-0.518,-0.766,-1.086,0.665,-0.43
NG-IMO-303,Imo,Ngor-Okpala,5,Relatively advantaged,Intermediate,Near-average,None above +0.5 SD,None,0,Core services only,-0.827,-0.512,-0.644,-0.856,0.362,-0.072
NG-IMO-304,Imo,Njaba,5,Relatively advantaged,Clear,Near-average,None above +0.5 SD,None,0,Core services only,-1.056,-0.377,-0.806,-1.076,0.448,-0.727
NG-IMO-305,Imo,Nkwerre,5,Relatively advantaged,Clear,Near-average,None above +0.5 SD,None,0,Core services only,-1.184,-0.41,-0.823,-1.041,-0.578,-0.638
NG-IMO-306,Imo,Nwangele,5,Relatively advantaged,Clear,Near-average,None above +0.5 SD,None,0,Core services only,-1.38,-0.487,-0.844,-1.063,-0.775,-0.59
NG-IMO-307,Imo,Obowo,5,Relatively advantaged,Clear,Near-average,None above +0.5 SD,None,0,Core services only,-1.552,-0.58,-0.843,-1.063,0.047,0.065
NG-IMO-308,Imo,Oguta,5,Relatively advantaged,Clear,Near-average,Insecurity,Insecurity,1,Security-sensitive access,-0.935,-0.37,-0.594,-0.616,1.236,-0.647
NG-IMO-309,Imo,Ohaji/Egbema,4,Near-average,Intermediate,Relatively advantaged,None above +0.5 SD,None,0,Core services only,-0.497,-0.374,-0.651,-0.759,-1.505,-0.653
NG-IMO-310,Imo,Okigwe,5,Relatively advantaged,Clear,Near-average,Insecurity,Insecurity,1,Security-sensitive access,-0.866,-0.646,-0.846,-0.719,1.023,-0.283
NG-IMO-312,Imo,Orlu,5,Relatively advantaged,Clear,Near-average,Insecurity,Insecurity,1,Security-sensitive access,-1.536,-0.393,-0.769,-1.059,1.243,-0.762
NG-IMO-313,Imo,Orsu,5,Relatively advantaged,Clear,Near-average,Insecurity,Insecurity,1,Security-sensitive access,-1.333,-0.412,-0.766,-1.048,0.922,-0.944
NG-IMO-314,Imo,Oru East,5,Relatively advantaged,Clear,Near-average,Insecurity,Insecurity,1,Security-sensitive access,-1.29,-0.474,-0.788,-1.069,0.704,-0.652
NG-IMO-315,Imo,Oru West,5,Relatively advantaged,Clear,Near-average,None above +0.5 SD,None,0,Core services only,-1.512,-0.442,-0.78,-1.087,-0.027,-1.019
NG-IMO-316,Imo,Owerri Municipal,5,Relatively advantaged,Clear,Near-average,Insecurity,Insecurity,1,Security-sensitive access,-2.105,-0.479,-0.875,-1.098,1.204,-0.381
NG-IMO-317,Imo,Owerri North,5,Relatively advantaged,Clear,Near-average,Insecurity,None,0,Core services only,-1.52,-0.584,-0.8,-1.046,0.549,-0.317
NG-IMO-318,Imo,Owerri West,5,Relatively advantaged,Clear,Near-average,Insecurity,Insecurity,1,Security-sensitive access,-0.826,-0.394,-0.714,-0.974,0.814,-0.382
NG-IMO-311,Imo,Onuimo,4,Near-average,Intermediate,Geographically isolated,None above +0.5 SD,None,0,Core services only,0.307,0.25,-0.796,-0.197,-1.505,-0.489
NG-JIG-319,Jigawa,Auyo,1,Deprived northern rural,Clear,"Low maternal care, high conflict exposure",Programme (dropout),"Socioeconomic, Maternal care, Nutrition, Programme (dropout)",4,Defaulter tracing and reminder-recall; Demand generation and indirect-cost support; Maternal and child health integration; Nutrition co-delivery,1.13,0.877,1.557,-0.84,-1.239,2.259
NG-JIG-320,Jigawa,Babura,1,Deprived northern rural,Clear,"Low maternal care, high conflict exposure",Programme (dropout),"Socioeconomic, Nutrition, Programme (dropout)",3,Defaulter tracing and reminder-recall; Demand generation and indirect-cost support; Nutrition co-delivery,1.091,0.48,2.02,-0.405,-0.66,2.484
NG-JIG-322,Jigawa,Birniwa,1,Deprived northern rural,Clear,"Low maternal care, high conflict exposure",Programme (dropout),"Socioeconomic, Maternal care, Nutrition, Programme (dropout)",4,Defaulter tracing and reminder-recall; Demand generation and indirect-cost support; Maternal and child health integration; Nutrition co-delivery,1.112,1.132,1.896,-0.431,-1.505,2.587
NG-JIG-321,Jigawa,Birnin Kudu,1,Deprived northern rural,Clear,"Low maternal care, high conflict exposure",Programme (dropout),"Socioeconomic, Maternal care, Nutrition, Programme (dropout)",4,Defaulter tracing and reminder-recall; Demand generation and indirect-cost support; Maternal and child health integration; Nutrition co-delivery,0.859,0.968,1.237,-0.042,-0.224,2.318
NG-JIG-323,Jigawa,Buji,1,Deprived northern rural,Clear,"Low maternal care, high conflict exposure",Programme (dropout),"Socioeconomic, Maternal care, Nutrition, Programme (dropout)",4,Defaulter tracing and reminder-recall; Demand generation and indirect-cost support; Maternal and child health integration; Nutrition co-delivery,1.309,1.228,1.489,-0.045,-1.505,2.317
NG-JIG-324,Jigawa,Dutse,1,Deprived northern rural,Intermediate,"Low maternal care, high conflict exposure",Programme (dropout),"Socioeconomic, Nutrition, Programme (dropout)",3,Defaulter tracing and reminder-recall; Demand generation and indirect-cost support; Nutrition co-delivery,1.184,0.579,1.205,-0.416,-0.04,2.164
NG-JIG-325,Jigawa,Gagarawa,1,Deprived northern rural,Clear,"Low maternal care, high conflict exposure",Programme (dropout),"Socioeconomic, Nutrition, Programme (dropout)",3,Defaulter tracing and reminder-recall; Demand generation and indirect-cost support; Nutrition co-delivery,1.414,0.595,1.904,-0.862,-1.505,3.116
NG-JIG-326,Jigawa,Garki,1,Deprived northern rural,Clear,"Low maternal care, high conflict exposure",Programme (dropout),"Socioeconomic, Nutrition, Programme (dropout)",3,Defaulter tracing and reminder-recall; Demand generation and indirect-cost support; Nutrition co-delivery,1.313,0.414,2.051,-0.35,-1.239,2.812
NG-JIG-327,Jigawa,Gumel,1,Deprived northern rural,Clear,"Low maternal care, high conflict exposure",Programme (dropout),"Socioeconomic, Nutrition, Programme (dropout)",3,Defaulter tracing and reminder-recall; Demand generation and indirect-cost support; Nutrition co-delivery,1.049,0.359,1.639,-0.932,-1.505,3.225
NG-JIG-328,Jigawa,Guri,1,Deprived northern rural,Clear,"Low maternal care, high conflict exposure",Programme (dropout),"Socioeconomic, Maternal care, Nutrition, Programme (dropout)",4,Defaulter tracing and reminder-recall; Demand generation and indirect-cost support; Maternal and child health integration; Nutrition co-delivery,1.065,0.999,1.468,-0.136,-0.358,1.58
NG-JIG-329,Jigawa,Gwaram,1,Deprived northern rural,Clear,"Low maternal care, high conflict exposure",Programme (dropout),"Socioeconomic, Maternal care, Nutrition, Programme (dropout)",4,Defaulter tracing and reminder-recall; Demand generation and indirect-cost support; Maternal and child health integration; Nutrition co-delivery,1.389,1.184,1.407,0.242,-1.505,2.114
NG-JIG-330,Jigawa,Gwiwa,1,Deprived northern rural,Clear,"Low maternal care, high conflict exposure",Programme (dropout),"Socioeconomic, Maternal care, Nutrition, Programme (dropout)",4,Defaulter tracing and reminder-recall; Demand generation and indirect-cost support; Maternal and child health integration; Nutrition co-delivery,0.914,0.718,1.785,-0.284,-1.505,2.102
NG-JIG-331,Jigawa,Hadejia,1,Deprived northern rural,Clear,"Low maternal care, high conflict exposure",Programme (dropout),"Socioeconomic, Nutrition, Programme (dropout)",3,Defaulter tracing and reminder-recall; Demand generation and indirect-cost support; Nutrition co-delivery,0.769,0.45,1.161,-1.032,-1.041,1.938
NG-JIG-332,Jigawa,Jahun,1,Deprived northern rural,Clear,"Low maternal care, high conflict exposure",Programme (dropout),"Socioeconomic, Maternal care, Nutrition, Programme (dropout)",4,Defaulter tracing and reminder-recall; Demand generation and indirect-cost support; Maternal and child health integration; Nutrition co-delivery,1.172,0.709,1.712,-0.681,-1.041,2.154
NG-JIG-333,Jigawa,Kafin Hausa,1,Deprived northern rural,Clear,"Low maternal care, high conflict exposure",Programme (dropout),"Socioeconomic, Maternal care, Nutrition, Programme (dropout)",4,Defaulter tracing and reminder-recall; Demand generation and indirect-cost support; Maternal and child health integration; Nutrition co-delivery,1.404,1.174,1.752,-0.643,-1.239,2.197
NG-JIG-334,Jigawa,Kaugama,1,Deprived northern rural,Clear,"Low maternal care, high conflict exposure",Programme (dropout),"Socioeconomic, Maternal care, Nutrition, Programme (dropout)",4,Defaulter tracing and reminder-recall; Demand generation and indirect-cost support; Maternal and child health integration; Nutrition co-delivery,1.477,0.828,1.789,-0.775,-1.239,2.992
NG-JIG-335,Jigawa,Kazaure,1,Deprived northern rural,Clear,"Low maternal care, high conflict exposure",Programme (dropout),"Socioeconomic, Nutrition, Programme (dropout)",3,Defaulter tracing and reminder-recall; Demand generation and indirect-cost support; Nutrition co-delivery,0.905,0.341,1.611,-0.203,-1.239,1.86
NG-JIG-336,Jigawa,Kiri Kasamma,1,Deprived northern rural,Clear,"Low maternal care, high conflict exposure",Programme (dropout),"Socioeconomic, Maternal care, Nutrition, Programme (dropout)",4,Defaulter tracing and reminder-recall; Demand generation and indirect-cost support; Maternal and child health integration; Nutrition co-delivery,1.194,0.779,1.47,-0.613,-0.578,2.0
NG-JIG-337,Jigawa,Kiyawa,1,Deprived northern rural,Clear,"Low maternal care, high conflict exposure",Programme (dropout),"Socioeconomic, Maternal care, Nutrition, Programme (dropout)",4,Defaulter tracing and reminder-recall; Demand generation and indirect-cost support; Maternal and child health integration; Nutrition co-delivery,1.167,0.89,1.523,-0.407,-0.422,2.363
NG-JIG-338,Jigawa,Maigatari,1,Deprived northern rural,Clear,"Low maternal care, high conflict exposure",Programme (dropout),"Socioeconomic, Maternal care, Nutrition, Programme (dropout)",4,Defaulter tracing and reminder-recall; Demand generation and indirect-cost support; Maternal and child health integration; Nutrition co-delivery,1.18,0.758,1.72,-0.828,-0.77,2.966
NG-JIG-339,Jigawa,Malam Madori,1,Deprived northern rural,Clear,"Low maternal care, high conflict exposure",Programme (dropout),"Socioeconomic, Maternal care, Nutrition, Programme (dropout)",4,Defaulter tracing and reminder-recall; Demand generation and indirect-cost support; Maternal and child health integration; Nutrition co-delivery,1.43,0.809,1.681,-0.756,-0.376,2.717
NG-JIG-340,Jigawa,Miga,1,Deprived northern rural,Clear,"Low maternal care, high conflict exposure",Programme (dropout),"Socioeconomic, Maternal care, Nutrition, Programme (dropout)",4,Defaulter tracing and reminder-recall; Demand generation and indirect-cost support; Maternal and child health integration; Nutrition co-delivery,1.115,0.774,1.607,-0.716,-1.239,2.39
NG-JIG-341,Jigawa,Ringim,1,Deprived northern rural,Clear,"Low maternal care, high conflict exposure",Programme (dropout),"Socioeconomic, Nutrition, Programme (dropout)",3,Defaulter tracing and reminder-recall; Demand generation and indirect-cost support; Nutrition co-delivery,1.379,0.328,1.601,-0.51,-1.239,1.875
NG-JIG-342,Jigawa,Roni,1,Deprived northern rural,Clear,"Low maternal care, high conflict exposure",Nutrition,"Socioeconomic, Maternal care, Nutrition, Programme (dropout)",4,Defaulter tracing and reminder-recall; Demand generation and indirect-cost support; Maternal and child health integration; Nutrition co-delivery,1.098,0.655,1.766,-0.185,-1.239,1.582
NG-JIG-343,Jigawa,Sule-Tankarkar,1,Deprived northern rural,Clear,"Low maternal care, high conflict exposure",Programme (dropout),"Socioeconomic, Nutrition, Programme (dropout)",3,Defaulter tracing and reminder-recall; Demand generation and indirect-cost support; Nutrition co-delivery,1.34,0.462,1.784,-0.773,-0.688,2.747
NG-JIG-344,Jigawa,Taura,1,Deprived northern rural,Clear,"Low maternal care, high conflict exposure",Programme (dropout),"Socioeconomic, Nutrition, Programme (dropout)",3,Defaulter tracing and reminder-recall; Demand generation and indirect-cost support; Nutrition co-delivery,1.368,0.501,1.711,-0.705,-0.306,2.535
NG-JIG-345,Jigawa,Yankwashi,1,Deprived northern rural,Clear,"Low maternal care, high conflict exposure",Programme (dropout),"Socioeconomic, Nutrition, Programme (dropout)",3,Defaulter tracing and reminder-recall; Demand generation and indirect-cost support; Nutrition co-delivery,0.945,0.547,1.834,-0.053,-1.041,1.865
NG-KAD-346,Kaduna,Birnin Gwari,2,"Low maternal care, high conflict exposure",Clear,Deprived northern rural,Insecurity,"Socioeconomic, Maternal care, Nutrition, Access, Insecurity",5,Demand generation and indirect-cost support; Maternal and child health integration; Nutrition co-delivery; Outreach and mobile sessions; Security-sensitive access,0.772,0.617,0.97,1.108,2.506,0.193
NG-KAD-347,Kaduna,Chikun,2,"Low maternal care, high conflict exposure",Intermediate,Geographically isolated,Insecurity,Insecurity,1,Security-sensitive access,0.394,-0.551,0.775,0.202,2.314,-0.516
NG-KAD-348,Kaduna,Giwa,2,"Low maternal care, high conflict exposure",Clear,Deprived northern rural,Insecurity,"Socioeconomic, Nutrition, Access, Insecurity",4,Demand generation and indirect-cost support; Nutrition co-delivery; Outreach and mobile sessions; Security-sensitive access,0.692,0.15,1.419,0.627,2.15,0.172
NG-KAD-349,Kaduna,Igabi,2,"Low maternal care, high conflict exposure",Intermediate,Geographically isolated,Insecurity,Insecurity,1,Security-sensitive access,0.587,-0.609,0.852,0.156,2.149,-0.631
NG-KAD-350,Kaduna,Ikara,1,Deprived northern rural,Mixed,"Low maternal care, high conflict exposure",Nutrition,Nutrition,1,Nutrition co-delivery,0.154,-0.001,1.556,0.419,-0.023,-0.218
NG-KAD-351,Kaduna,Jaba,2,"Low maternal care, high conflict exposure",Mixed,Geographically isolated,None above +0.5 SD,None,0,Core services only,-0.024,-0.761,-0.122,-0.358,-1.041,-0.064
NG-KAD-352,Kaduna,Jema'A,4,Near-average,Intermediate,Geographically isolated,Insecurity,Insecurity,1,Security-sensitive access,0.238,-0.747,-0.214,-0.345,0.706,-0.105
NG-KAD-353,Kaduna,Kachia,2,"Low maternal care, high conflict exposure",Mixed,Geographically isolated,Insecurity,Insecurity,1,Security-sensitive access,-0.112,-0.425,0.089,0.163,1.9,0.079
NG-KAD-354,Kaduna,Kaduna North,2,"Low maternal care, high conflict exposure",Mixed,Relatively advantaged,Insecurity,Insecurity,1,Security-sensitive access,-1.642,-1.594,0.452,-1.039,0.943,-0.768
NG-KAD-355,Kaduna,Kaduna South,2,"Low maternal care, high conflict exposure",Mixed,Relatively advantaged,None above +0.5 SD,None,0,Core services only,-1.319,-1.736,0.343,-1.095,-0.422,-1.24
NG-KAD-356,Kaduna,Kagarko,4,Near-average,Mixed,Geographically isolated,Insecurity,Insecurity,1,Security-sensitive access,0.307,-0.49,-0.239,-0.208,1.564,0.245
NG-KAD-357,Kaduna,Kajuru,2,"Low maternal care, high conflict exposure",Intermediate,Geographically isolated,Insecurity,Insecurity,1,Security-sensitive access,0.379,-0.521,0.78,0.335,1.862,-0.38
NG-KAD-358,Kaduna,Kaura,4,Near-average,Intermediate,Geographically isolated,Insecurity,Insecurity,1,Security-sensitive access,0.16,-0.92,-0.304,-0.181,1.157,-0.335
NG-KAD-359,Kaduna,Kauru,2,"Low maternal care, high conflict exposure",Intermediate,Geographically isolated,Insecurity,"Socioeconomic, Access, Insecurity",3,Demand generation and indirect-cost support; Outreach and mobile sessions; Security-sensitive access,0.714,-0.332,0.718,0.487,1.265,-0.045
NG-KAD-360,Kaduna,Kubau,1,Deprived northern rural,Clear,"Low maternal care, high conflict exposure",Nutrition,"Nutrition, Access",2,Nutrition co-delivery; Outreach and mobile sessions,0.611,-0.157,1.304,0.553,-1.041,0.238
NG-KAD-361,Kaduna,Kudan,1,Deprived northern rural,Intermediate,"Low maternal care, high conflict exposure",Nutrition,Nutrition,1,Nutrition co-delivery,0.509,-0.228,1.309,0.317,-0.688,0.133
NG-KAD-362,Kaduna,Lere,2,"Low maternal care, high conflict exposure",Mixed,Geographically isolated,Nutrition,None,0,Core services only,0.569,-0.532,0.634,0.346,0.358,-0.104
NG-KAD-363,Kaduna,Makarfi,1,Deprived northern rural,Mixed,"Low maternal care, high conflict exposure",Nutrition,Nutrition,1,Nutrition co-delivery,-0.072,-0.15,1.388,0.368,-0.165,-0.244
NG-KAD-364,Kaduna,Sabon Gari,2,"Low maternal care, high conflict exposure",Mixed,Geographically isolated,Nutrition,Nutrition,1,Nutrition co-delivery,-0.084,-0.721,1.128,-0.172,0.347,-0.465
NG-KAD-365,Kaduna,Sanga,4,Near-average,Intermediate,Geographically isolated,None above +0.5 SD,None,0,Core services only,0.181,-0.522,-0.187,-0.076,0.07,0.025
NG-KAD-366,Kaduna,Soba,1,Deprived northern rural,Intermediate,"Low maternal care, high conflict exposure",Nutrition,"Socioeconomic, Nutrition, Access",3,Demand generation and indirect-cost support; Nutrition co-delivery; Outreach and mobile sessions,0.67,-0.258,1.418,0.582,-0.66,0.165
NG-KAD-367,Kaduna,Zangon Kataf,2,"Low maternal care, high conflict exposure",Mixed,Geographically isolated,Insecurity,Insecurity,1,Security-sensitive access,-0.27,-0.689,-0.057,-0.066,1.929,-0.11
NG-KAD-368,Kaduna,Zaria,2,"Low maternal care, high conflict exposure",Mixed,Geographically isolated,Nutrition,"Nutrition, Insecurity",2,Nutrition co-delivery; Security-sensitive access,0.274,-0.808,1.152,-0.046,0.906,-0.358
NG-KAN-369,Kano,Ajingi,1,Deprived northern rural,Clear,"Low maternal care, high conflict exposure",Nutrition,"Socioeconomic, Nutrition",2,Demand generation and indirect-cost support; Nutrition co-delivery,0.73,0.357,1.625,-0.618,-1.505,0.571
NG-KAN-370,Kano,Albasu,1,Deprived northern rural,Clear,"Low maternal care, high conflict exposure",Nutrition,"Socioeconomic, Nutrition, Programme (dropout)",3,Defaulter tracing and reminder-recall; Demand generation and indirect-cost support; Nutrition co-delivery,0.885,0.586,1.332,-0.433,-1.505,0.739
NG-KAN-371,Kano,Bagwai,1,Deprived northern rural,Clear,"Low maternal care, high conflict exposure",Nutrition,"Socioeconomic, Nutrition",2,Demand generation and indirect-cost support; Nutrition co-delivery,0.843,0.39,1.487,0.06,-1.505,0.377
NG-KAN-372,Kano,Bebeji,1,Deprived northern rural,Clear,"Low maternal care, high conflict exposure",Nutrition,"Socioeconomic, Nutrition, Access",3,Demand generation and indirect-cost support; Nutrition co-delivery; Outreach and mobile sessions,0.694,0.144,1.715,0.631,-0.973,0.202
NG-KAN-373,Kano,Bichi,1,Deprived northern rural,Clear,"Low maternal care, high conflict exposure",Nutrition,Nutrition,1,Nutrition co-delivery,0.557,0.435,1.622,-0.121,-1.505,0.275
NG-KAN-374,Kano,Bunkure,1,Deprived northern rural,Clear,"Low maternal care, high conflict exposure",Nutrition,Nutrition,1,Nutrition co-delivery,0.023,0.172,1.596,0.196,-1.505,0.274
NG-KAN-375,Kano,Dala,2,"Low maternal care, high conflict exposure",Mixed,Deprived northern rural,Nutrition,Nutrition,1,Nutrition co-delivery,-0.787,-1.437,1.476,-1.044,-1.505,0.311
NG-KAN-376,Kano,Danbatta,1,Deprived northern rural,Clear,"Low maternal care, high conflict exposure",Nutrition,"Nutrition, Programme (dropout)",2,Defaulter tracing and reminder-recall; Nutrition co-delivery,0.519,0.348,1.795,-0.615,-0.973,1.093
NG-KAN-377,Kano,Dawakin Kudu,1,Deprived northern rural,Clear,"Low maternal care, high conflict exposure",Nutrition,Nutrition,1,Nutrition co-delivery,0.331,0.056,1.601,-0.176,-1.505,0.073
NG-KAN-378,Kano,Dawakin Tofa,1,Deprived northern rural,Clear,"Low maternal care, high conflict exposure",Nutrition,Nutrition,1,Nutrition co-delivery,0.63,0.154,1.686,-0.297,-1.505,0.567
NG-KAN-379,Kano,Doguwa,1,Deprived northern rural,Clear,"Low maternal care, high conflict exposure",Nutrition,Nutrition,1,Nutrition co-delivery,-0.054,0.006,1.095,0.34,-1.505,0.357
NG-KAN-380,Kano,Fagge,2,"Low maternal care, high conflict exposure",Mixed,Geographically isolated,Nutrition,Nutrition,1,Nutrition co-delivery,-0.647,-1.338,1.156,-1.032,-0.027,-0.281
NG-KAN-381,Kano,Gabasawa,1,Deprived northern rural,Clear,"Low maternal care, high conflict exposure",Nutrition,"Socioeconomic, Nutrition, Programme (dropout)",3,Defaulter tracing and reminder-recall; Demand generation and indirect-cost support; Nutrition co-delivery,0.732,0.232,1.929,-0.491,-1.505,0.726
NG-KAN-382,Kano,Garko,1,Deprived northern rural,Clear,"Low maternal care, high conflict exposure",Nutrition,"Socioeconomic, Nutrition",2,Demand generation and indirect-cost support; Nutrition co-delivery,0.769,0.427,1.459,0.029,-1.505,0.146
NG-KAN-383,Kano,Garum Mallam,1,Deprived northern rural,Clear,"Low maternal care, high conflict exposure",Nutrition,"Socioeconomic, Nutrition",2,Demand generation and indirect-cost support; Nutrition co-delivery,0.781,-0.439,1.603,-0.197,-1.083,0.216
NG-KAN-384,Kano,Gaya,1,Deprived northern rural,Clear,"Low maternal care, high conflict exposure",Nutrition,Nutrition,1,Nutrition co-delivery,0.411,0.483,1.551,-0.522,-1.505,0.402
NG-KAN-385,Kano,Gezawa,1,Deprived northern rural,Clear,"Low maternal care, high conflict exposure",Nutrition,Nutrition,1,Nutrition co-delivery,-0.215,-0.134,1.548,-0.583,-1.239,0.302
NG-KAN-386,Kano,Gwale,2,"Low maternal care, high conflict exposure",Mixed,Geographically isolated,Nutrition,Nutrition,1,Nutrition co-delivery,-0.468,-1.518,1.249,-1.018,-0.312,0.185
NG-KAN-387,Kano,Gwarzo,1,Deprived northern rural,Clear,"Low maternal care, high conflict exposure",Nutrition,Nutrition,1,Nutrition co-delivery,0.628,0.503,1.497,0.126,-1.505,0.18
NG-KAN-388,Kano,Kabo,1,Deprived northern rural,Clear,"Low maternal care, high conflict exposure",Nutrition,Nutrition,1,Nutrition co-delivery,-0.081,0.37,1.551,0.381,-1.505,0.398
NG-KAN-389,Kano,Kano Municipal,2,"Low maternal care, high conflict exposure",Mixed,Geographically isolated,Nutrition,Nutrition,1,Nutrition co-delivery,-0.795,-1.259,1.428,-1.072,0.365,0.418
NG-KAN-390,Kano,Karaye,1,Deprived northern rural,Clear,"Low maternal care, high conflict exposure",Nutrition,Nutrition,1,Nutrition co-delivery,0.634,0.378,1.523,0.462,-0.844,0.288
NG-KAN-391,Kano,Kibiya,1,Deprived northern rural,Clear,"Low maternal care, high conflict exposure",Nutrition,"Socioeconomic, Nutrition",2,Demand generation and indirect-cost support; Nutrition co-delivery,0.933,0.318,1.586,0.355,-1.505,0.177
NG-KAN-392,Kano,Kiru,1,Deprived northern rural,Clear,"Low maternal care, high conflict exposure",Nutrition,"Nutrition, Access",2,Nutrition co-delivery; Outreach and mobile sessions,0.28,0.225,1.618,0.673,-1.041,0.277
NG-KAN-393,Kano,Kumbotso,2,"Low maternal care, high conflict exposure",Mixed,Deprived northern rural,Nutrition,Nutrition,1,Nutrition co-delivery,0.24,-0.705,1.386,-0.698,-0.62,0.3
NG-KAN-394,Kano,Kunchi,1,Deprived northern rural,Clear,"Low maternal care, high conflict exposure",Nutrition,"Socioeconomic, Maternal care, Nutrition",3,Demand generation and indirect-cost support; Maternal and child health integration; Nutrition co-delivery,0.741,0.754,1.773,-0.012,-1.505,0.468
NG-KAN-395,Kano,Kura,1,Deprived northern rural,Clear,"Low maternal care, high conflict exposure",Nutrition,Nutrition,1,Nutrition co-delivery,0.347,-0.133,1.507,-0.104,-1.505,0.317
NG-KAN-396,Kano,Madobi,1,Deprived northern rural,Clear,"Low maternal care, high conflict exposure",Nutrition,"Socioeconomic, Nutrition",2,Demand generation and indirect-cost support; Nutrition co-delivery,0.735,-0.061,1.62,0.061,-1.041,0.28
NG-KAN-397,Kano,Makoda,1,Deprived northern rural,Clear,"Low maternal care, high conflict exposure",Nutrition,"Nutrition, Programme (dropout)",2,Defaulter tracing and reminder-recall; Nutrition co-delivery,0.512,0.363,1.839,-0.508,-1.505,1.144
NG-KAN-398,Kano,Minjibir,1,Deprived northern rural,Clear,"Low maternal care, high conflict exposure",Nutrition,"Nutrition, Programme (dropout)",2,Defaulter tracing and reminder-recall; Nutrition co-delivery,-0.152,0.192,1.817,-0.441,-0.77,0.7
NG-KAN-399,Kano,Nasarawa,2,"Low maternal care, high conflict exposure",Mixed,Near-average,Nutrition,Nutrition,1,Nutrition co-delivery,-0.961,-1.489,1.245,-1.038,-0.887,-0.011
NG-KAN-400,Kano,Rano,1,Deprived northern rural,Clear,"Low maternal care, high conflict exposure",Nutrition,"Socioeconomic, Nutrition, Access",3,Demand generation and indirect-cost support; Nutrition co-delivery; Outreach and mobile sessions,0.765,0.239,1.431,0.7,-0.66,0.183
NG-KAN-401,Kano,Rimin Gado,1,Deprived northern rural,Clear,"Low maternal care, high conflict exposure",Nutrition,"Socioeconomic, Nutrition, Programme (dropout)",3,Defaulter tracing and reminder-recall; Demand generation and indirect-cost support; Nutrition co-delivery,0.808,0.186,1.645,0.333,-1.041,0.699
NG-KAN-402,Kano,Rogo,1,Deprived northern rural,Clear,"Low maternal care, high conflict exposure",Nutrition,"Socioeconomic, Nutrition",2,Demand generation and indirect-cost support; Nutrition co-delivery,0.97,0.262,1.552,0.424,-0.775,0.23
NG-KAN-403,Kano,Shanono,1,Deprived northern rural,Clear,"Low maternal care, high conflict exposure",Nutrition,"Socioeconomic, Nutrition",2,Demand generation and indirect-cost support; Nutrition co-delivery,0.952,0.602,1.564,0.049,-1.505,0.316
NG-KAN-404,Kano,Sumaila,1,Deprived northern rural,Clear,"Low maternal care, high conflict exposure",Nutrition,Nutrition,1,Nutrition co-delivery,0.547,0.509,1.405,0.335,-0.492,0.459
NG-KAN-405,Kano,Takai,1,Deprived northern rural,Intermediate,"Low maternal care, high conflict exposure",Nutrition,"Maternal care, Nutrition, Programme (dropout)",3,Defaulter tracing and reminder-recall; Maternal and child health integration; Nutrition co-delivery,0.03,0.614,1.333,-0.368,-0.333,0.717
NG-KAN-406,Kano,Tarauni,2,"Low maternal care, high conflict exposure",Mixed,Near-average,Nutrition,Nutrition,1,Nutrition co-delivery,-0.943,-1.148,1.23,-1.004,-1.083,-0.138
NG-KAN-407,Kano,Tofa,1,Deprived northern rural,Clear,"Low maternal care, high conflict exposure",Nutrition,"Socioeconomic, Nutrition, Programme (dropout)",3,Defaulter tracing and reminder-recall; Demand generation and indirect-cost support; Nutrition co-delivery,0.688,0.068,1.642,0.033,-1.041,0.697
NG-KAN-408,Kano,Tsanyawa,1,Deprived northern rural,Clear,"Low maternal care, high conflict exposure",Nutrition,"Socioeconomic, Maternal care, Nutrition",3,Demand generation and indirect-cost support; Maternal and child health integration; Nutrition co-delivery,1.051,0.61,1.614,0.029,-1.239,0.062
NG-KAN-409,Kano,Tudun Wada,1,Deprived northern rural,Mixed,"Low maternal care, high conflict exposure",Nutrition,"Nutrition, Access",2,Nutrition co-delivery; Outreach and mobile sessions,-0.058,0.16,1.427,0.594,0.007,0.191
NG-KAN-410,Kano,Ungogo,2,"Low maternal care, high conflict exposure",Mixed,Deprived northern rural,Nutrition,Nutrition,1,Nutrition co-delivery,-0.467,-0.822,1.279,-0.686,-0.574,0.06
NG-KAN-411,Kano,Warawa,1,Deprived northern rural,Clear,"Low maternal care, high conflict exposure",Nutrition,Nutrition,1,Nutrition co-delivery,0.459,-0.033,1.65,-0.44,-1.505,0.345
NG-KAN-412,Kano,Wudil,1,Deprived northern rural,Clear,"Low maternal care, high conflict exposure",Nutrition,"Socioeconomic, Nutrition",2,Demand generation and indirect-cost support; Nutrition co-delivery,0.958,0.249,1.381,-0.372,-0.684,-0.083
NG-KAT-413,Katsina,Bakori,2,"Low maternal care, high conflict exposure",Clear,Deprived northern rural,Nutrition,"Socioeconomic, Maternal care, Nutrition, Insecurity, Programme (dropout)",5,Defaulter tracing and reminder-recall; Demand generation and indirect-cost support; Maternal and child health integration; Nutrition co-delivery; Security-sensitive access,1.089,0.679,1.383,0.468,0.983,0.935
NG-KAT-414,Katsina,Batagarawa,1,Deprived northern rural,Mixed,"Low maternal care, high conflict exposure",Programme (dropout),"Socioeconomic, Maternal care, Nutrition, Programme (dropout)",4,Defaulter tracing and reminder-recall; Demand generation and indirect-cost support; Maternal and child health integration; Nutrition co-delivery,0.899,0.807,1.254,-0.376,0.306,1.333
NG-KAT-415,Katsina,Batsari,2,"Low maternal care, high conflict exposure",Clear,Deprived northern rural,Insecurity,"Socioeconomic, Maternal care, Nutrition, Insecurity, Programme (dropout)",5,Defaulter tracing and reminder-recall; Demand generation and indirect-cost support; Maternal and child health integration; Nutrition co-delivery; Security-sensitive access,1.247,1.096,1.376,0.276,1.861,0.763
NG-KAT-416,Katsina,Baure,1,Deprived northern rural,Clear,"Low maternal care, high conflict exposure",Nutrition,"Socioeconomic, Maternal care, Nutrition, Programme (dropout)",4,Defaulter tracing and reminder-recall; Demand generation and indirect-cost support; Maternal and child health integration; Nutrition co-delivery,1.3,0.684,1.897,-0.314,-1.505,1.561
NG-KAT-417,Katsina,Bindawa,1,Deprived northern rural,Clear,"Low maternal care, high conflict exposure",Programme (dropout),"Socioeconomic, Maternal care, Nutrition, Programme (dropout)",4,Defaulter tracing and reminder-recall; Demand generation and indirect-cost support; Maternal and child health integration; Nutrition co-delivery,0.841,1.15,1.58,-0.398,-0.77,1.609
NG-KAT-418,Katsina,Charanchi,1,Deprived northern rural,Clear,"Low maternal care, high conflict exposure",Nutrition,"Socioeconomic, Maternal care, Nutrition, Programme (dropout)",4,Defaulter tracing and reminder-recall; Demand generation and indirect-cost support; Maternal and child health integration; Nutrition co-delivery,1.238,1.012,1.572,-0.189,-0.69,1.278
NG-KAT-419,Katsina,Dan Musa,2,"Low maternal care, high conflict exposure",Clear,Deprived northern rural,Insecurity,"Socioeconomic, Maternal care, Nutrition, Access, Insecurity",5,Demand generation and indirect-cost support; Maternal and child health integration; Nutrition co-delivery; Outreach and mobile sessions; Security-sensitive access,1.11,1.181,1.459,1.483,1.658,0.666
NG-KAT-420,Katsina,Dandume,2,"Low maternal care, high conflict exposure",Clear,Deprived northern rural,Nutrition,"Socioeconomic, Nutrition, Insecurity",3,Demand generation and indirect-cost support; Nutrition co-delivery; Security-sensitive access,0.845,0.555,1.406,0.499,0.678,0.668
NG-KAT-421,Katsina,Danja,1,Deprived northern rural,Intermediate,"Low maternal care, high conflict exposure",Nutrition,"Socioeconomic, Nutrition, Programme (dropout)",3,Defaulter tracing and reminder-recall; Demand generation and indirect-cost support; Nutrition co-delivery,1.138,0.139,1.527,0.47,-0.107,0.702
NG-KAT-422,Katsina,Daura,1,Deprived northern rural,Clear,"Low maternal care, high conflict exposure",Nutrition,"Socioeconomic, Maternal care, Nutrition, Programme (dropout)",4,Defaulter tracing and reminder-recall; Demand generation and indirect-cost support; Maternal and child health integration; Nutrition co-delivery,1.002,0.829,1.526,0.13,-0.422,1.387
NG-KAT-423,Katsina,Dutsi,1,Deprived northern rural,Clear,"Low maternal care, high conflict exposure",Programme (dropout),"Maternal care, Nutrition, Programme (dropout)",3,Defaulter tracing and reminder-recall; Maternal and child health integration; Nutrition co-delivery,0.416,0.985,1.747,-0.176,-1.505,2.045
NG-KAT-424,Katsina,Dutsin-Ma,2,"Low maternal care, high conflict exposure",Clear,Deprived northern rural,Insecurity,"Socioeconomic, Maternal care, Nutrition, Insecurity",4,Demand generation and indirect-cost support; Maternal and child health integration; Nutrition co-delivery; Security-sensitive access,1.157,1.054,1.262,0.379,1.635,0.526
NG-KAT-425,Katsina,Faskari,2,"Low maternal care, high conflict exposure",Clear,Deprived northern rural,Insecurity,"Socioeconomic, Maternal care, Nutrition, Access, Insecurity",5,Demand generation and indirect-cost support; Maternal and child health integration; Nutrition co-delivery; Outreach and mobile sessions; Security-sensitive access,1.168,0.999,1.38,0.943,1.864,0.392
NG-KAT-426,Katsina,Funtua,2,"Low maternal care, high conflict exposure",Clear,Deprived northern rural,Nutrition,"Socioeconomic, Nutrition, Insecurity",3,Demand generation and indirect-cost support; Nutrition co-delivery; Security-sensitive access,0.871,0.301,1.111,0.398,0.855,0.598
NG-KAT-427,Katsina,Ingawa,1,Deprived northern rural,Clear,"Low maternal care, high conflict exposure",Nutrition,"Socioeconomic, Maternal care, Nutrition, Programme (dropout)",4,Defaulter tracing and reminder-recall; Demand generation and indirect-cost support; Maternal and child health integration; Nutrition co-delivery,1.179,1.07,1.681,0.094,-1.239,1.337
NG-KAT-428,Katsina,Jibia,2,"Low maternal care, high conflict exposure",Clear,Deprived northern rural,Insecurity,"Socioeconomic, Maternal care, Insecurity",3,Demand generation and indirect-cost support; Maternal and child health integration; Security-sensitive access,1.156,1.025,0.899,0.218,1.938,-0.269
NG-KAT-429,Katsina,Kafur,2,"Low maternal care, high conflict exposure",Intermediate,Deprived northern rural,Nutrition,"Socioeconomic, Nutrition, Insecurity, Programme (dropout)",4,Defaulter tracing and reminder-recall; Demand generation and indirect-cost support; Nutrition co-delivery; Security-sensitive access,1.256,0.483,1.435,0.366,0.817,0.768
NG-KAT-430,Katsina,Kaita,1,Deprived northern rural,Clear,"Low maternal care, high conflict exposure",Nutrition,"Socioeconomic, Maternal care, Nutrition, Programme (dropout)",4,Defaulter tracing and reminder-recall; Demand generation and indirect-cost support; Maternal and child health integration; Nutrition co-delivery,1.449,0.858,1.451,-0.39,-0.77,0.956
NG-KAT-431,Katsina,Kankara,2,"Low maternal care, high conflict exposure",Clear,Deprived northern rural,Insecurity,"Socioeconomic, Maternal care, Nutrition, Access, Insecurity, Programme (dropout)",6,Defaulter tracing and reminder-recall; Demand generation and indirect-cost support; Maternal and child health integration; Nutrition co-delivery; Outreach and mobile sessions; Security-sensitive access,0.838,1.121,1.478,0.797,2.105,1.176
NG-KAT-432,Katsina,Kankia,1,Deprived northern rural,Intermediate,"Low maternal care, high conflict exposure",Nutrition,"Socioeconomic, Maternal care, Nutrition, Programme (dropout)",4,Defaulter tracing and reminder-recall; Demand generation and indirect-cost support; Maternal and child health integration; Nutrition co-delivery,0.676,0.927,1.548,0.204,0.331,1.135
NG-KAT-433,Katsina,Katsina,2,"Low maternal care, high conflict exposure",Mixed,Deprived northern rural,Programme (dropout),Programme (dropout),1,Defaulter tracing and reminder-recall,0.054,0.049,0.887,-0.876,0.538,1.468
NG-KAT-434,Katsina,Kurfi,2,"Low maternal care, high conflict exposure",Intermediate,Deprived northern rural,Nutrition,"Socioeconomic, Maternal care, Nutrition, Insecurity, Programme (dropout)",5,Defaulter tracing and reminder-recall; Demand generation and indirect-cost support; Maternal and child health integration; Nutrition co-delivery; Security-sensitive access,1.103,1.108,1.509,0.194,1.03,0.864
NG-KAT-435,Katsina,Kusada,1,Deprived northern rural,Clear,"Low maternal care, high conflict exposure",Nutrition,"Socioeconomic, Maternal care, Nutrition",3,Demand generation and indirect-cost support; Maternal and child health integration; Nutrition co-delivery,1.038,0.885,1.666,-0.108,-0.62,0.639
NG-KAT-436,Katsina,Mai'Adua,1,Deprived northern rural,Clear,"Low maternal care, high conflict exposure",Nutrition,"Socioeconomic, Maternal care, Nutrition, Programme (dropout)",4,Defaulter tracing and reminder-recall; Demand generation and indirect-cost support; Maternal and child health integration; Nutrition co-delivery,1.184,0.895,1.394,0.029,-1.505,1.335
NG-KAT-437,Katsina,Malumfashi,2,"Low maternal care, high conflict exposure",Clear,Deprived northern rural,Nutrition,"Socioeconomic, Maternal care, Nutrition, Insecurity, Programme (dropout)",5,Defaulter tracing and reminder-recall; Demand generation and indirect-cost support; Maternal and child health integration; Nutrition co-delivery; Security-sensitive access,1.117,0.722,1.31,0.397,1.174,0.73
NG-KAT-438,Katsina,Mani,1,Deprived northern rural,Clear,"Low maternal care, high conflict exposure",Programme (dropout),"Socioeconomic, Maternal care, Nutrition, Programme (dropout)",4,Defaulter tracing and reminder-recall; Demand generation and indirect-cost support; Maternal and child health integration; Nutrition co-delivery,1.142,1.113,1.638,-0.181,-1.239,1.664
NG-KAT-439,Katsina,Mashi,1,Deprived northern rural,Clear,"Low maternal care, high conflict exposure",Nutrition,"Socioeconomic, Maternal care, Nutrition, Programme (dropout)",4,Defaulter tracing and reminder-recall; Demand generation and indirect-cost support; Maternal and child health integration; Nutrition co-delivery,0.944,0.999,1.645,-0.123,-0.728,1.566
NG-KAT-440,Katsina,Matazu,2,"Low maternal care, high conflict exposure",Mixed,Deprived northern rural,Nutrition,"Socioeconomic, Maternal care, Nutrition, Insecurity, Programme (dropout)",5,Defaulter tracing and reminder-recall; Demand generation and indirect-cost support; Maternal and child health integration; Nutrition co-delivery; Security-sensitive access,1.257,1.039,1.601,0.287,0.885,1.542
NG-KAT-441,Katsina,Musawa,2,"Low maternal care, high conflict exposure",Mixed,Deprived northern rural,Nutrition,"Socioeconomic, Maternal care, Nutrition, Insecurity, Programme (dropout)",5,Defaulter tracing and reminder-recall; Demand generation and indirect-cost support; Maternal and child health integration; Nutrition co-delivery; Security-sensitive access,1.357,0.938,1.608,0.307,0.872,1.147
NG-KAT-442,Katsina,Rimi,1,Deprived northern rural,Clear,"Low maternal care, high conflict exposure",Nutrition,"Socioeconomic, Maternal care, Nutrition, Programme (dropout)",4,Defaulter tracing and reminder-recall; Demand generation and indirect-cost support; Maternal and child health integration; Nutrition co-delivery,0.927,0.994,1.517,-0.423,-0.684,1.335
NG-KAT-443,Katsina,Sabuwa,2,"Low maternal care, high conflict exposure",Clear,Deprived northern rural,Nutrition,"Socioeconomic, Maternal care, Nutrition, Access, Insecurity",5,Demand generation and indirect-cost support; Maternal and child health integration; Nutrition co-delivery; Outreach and mobile sessions; Security-sensitive access,0.721,0.634,1.279,0.83,1.218,0.436
NG-KAT-444,Katsina,Safana,2,"Low maternal care, high conflict exposure",Clear,Deprived northern rural,Insecurity,"Socioeconomic, Maternal care, Nutrition, Access, Insecurity",5,Demand generation and indirect-cost support; Maternal and child health integration; Nutrition co-delivery; Outreach and mobile sessions; Security-sensitive access,1.251,1.295,1.386,1.077,1.941,0.281
NG-KAT-445,Katsina,Sandamu,1,Deprived northern rural,Clear,"Low maternal care, high conflict exposure",Nutrition,"Socioeconomic, Maternal care, Nutrition, Programme (dropout)",4,Defaulter tracing and reminder-recall; Demand generation and indirect-cost support; Maternal and child health integration; Nutrition co-delivery,1.036,0.83,1.681,0.066,-0.01,1.51
NG-KAT-446,Katsina,Zango,1,Deprived northern rural,Clear,"Low maternal care, high conflict exposure",Nutrition,"Maternal care, Nutrition, Programme (dropout)",3,Defaulter tracing and reminder-recall; Maternal and child health integration; Nutrition co-delivery,0.631,0.836,1.693,0.084,-1.239,0.991
NG-KEB-447,Kebbi,Aleiro,1,Deprived northern rural,Clear,"Low maternal care, high conflict exposure",Nutrition,"Maternal care, Nutrition, Programme (dropout)",3,Defaulter tracing and reminder-recall; Maternal and child health integration; Nutrition co-delivery,0.487,0.897,1.195,0.496,-1.505,0.891
NG-KEB-448,Kebbi,Arewa,1,Deprived northern rural,Mixed,"Low maternal care, high conflict exposure",Maternal care,"Socioeconomic, Maternal care, Nutrition, Access",4,Demand generation and indirect-cost support; Maternal and child health integration; Nutrition co-delivery; Outreach and mobile sessions,0.658,1.229,1.153,1.03,-0.289,0.347
NG-KEB-449,Kebbi,Argungu,1,Deprived northern rural,Clear,"Low maternal care, high conflict exposure",Nutrition,"Maternal care, Nutrition, Access",3,Maternal and child health integration; Nutrition co-delivery; Outreach and mobile sessions,0.622,1.014,1.277,0.739,-1.505,0.632
NG-KEB-450,Kebbi,Augie,2,"Low maternal care, high conflict exposure",Mixed,Deprived northern rural,Maternal care,"Socioeconomic, Maternal care, Nutrition, Access, Programme (dropout)",5,Defaulter tracing and reminder-recall; Demand generation and indirect-cost support; Maternal and child health integration; Nutrition co-delivery; Outreach and mobile sessions,0.82,1.316,1.289,0.823,0.23,1.06
NG-KEB-451,Kebbi,Bagudo,2,"Low maternal care, high conflict exposure",Mixed,Deprived northern rural,Programme (dropout),"Nutrition, Programme (dropout)",2,Defaulter tracing and reminder-recall; Nutrition co-delivery,0.315,0.4,0.947,-0.197,-1.041,1.025
NG-KEB-452,Kebbi,Birnin Kebbi,1,Deprived northern rural,Intermediate,"Low maternal care, high conflict exposure",Nutrition,"Maternal care, Nutrition",2,Maternal and child health integration; Nutrition co-delivery,0.392,0.681,1.104,0.325,0.022,0.636
NG-KEB-453,Kebbi,Bunza,1,Deprived northern rural,Clear,"Low maternal care, high conflict exposure",Nutrition,"Socioeconomic, Maternal care, Nutrition, Programme (dropout)",4,Defaulter tracing and reminder-recall; Demand generation and indirect-cost support; Maternal and child health integration; Nutrition co-delivery,0.701,0.914,1.21,0.506,-0.514,0.852
NG-KEB-454,Kebbi,Dandi,1,Deprived northern rural,Clear,"Low maternal care, high conflict exposure",Maternal care,"Socioeconomic, Maternal care, Nutrition, Access",4,Demand generation and indirect-cost support; Maternal and child health integration; Nutrition co-delivery; Outreach and mobile sessions,0.953,1.138,0.94,0.911,-1.239,0.625
NG-KEB-456,Kebbi,Fakai,1,Deprived northern rural,Clear,"Low maternal care, high conflict exposure",Maternal care,"Socioeconomic, Maternal care, Nutrition, Access, Programme (dropout)",5,Defaulter tracing and reminder-recall; Demand generation and indirect-cost support; Maternal and child health integration; Nutrition co-delivery; Outreach and mobile sessions,0.87,1.556,1.113,0.84,-0.886,0.835
NG-KEB-457,Kebbi,Gwandu,1,Deprived northern rural,Clear,"Low maternal care, high conflict exposure",Nutrition,"Socioeconomic, Maternal care, Nutrition, Access, Programme (dropout)",5,Defaulter tracing and reminder-recall; Demand generation and indirect-cost support; Maternal and child health integration; Nutrition co-delivery; Outreach and mobile sessions,0.685,1.113,1.379,0.872,-1.239,1.103
NG-KEB-458,Kebbi,Jega,1,Deprived northern rural,Clear,"Low maternal care, high conflict exposure",Nutrition,"Maternal care, Nutrition, Access",3,Maternal and child health integration; Nutrition co-delivery; Outreach and mobile sessions,0.512,1.102,1.382,0.721,-0.78,0.604
NG-KEB-459,Kebbi,Kalgo,1,Deprived northern rural,Clear,"Low maternal care, high conflict exposure",Nutrition,"Maternal care, Nutrition, Programme (dropout)",3,Defaulter tracing and reminder-recall; Maternal and child health integration; Nutrition co-delivery,0.565,0.901,1.32,0.424,-1.505,0.709
NG-KEB-460,Kebbi,Koko/Besse,1,Deprived northern rural,Clear,"Low maternal care, high conflict exposure",Maternal care,"Socioeconomic, Maternal care, Nutrition, Access, Programme (dropout)",5,Defaulter tracing and reminder-recall; Demand generation and indirect-cost support; Maternal and child health integration; Nutrition co-delivery; Outreach and mobile sessions,0.679,1.586,1.184,1.096,-1.505,1.005
NG-KEB-461,Kebbi,Maiyama,1,Deprived northern rural,Clear,"Low maternal care, high conflict exposure",Nutrition,"Socioeconomic, Maternal care, Nutrition, Access",4,Demand generation and indirect-cost support; Maternal and child health integration; Nutrition co-delivery; Outreach and mobile sessions,0.769,1.302,1.437,0.931,-0.926,0.541
NG-KEB-462,Kebbi,Ngaski,2,"Low maternal care, high conflict exposure",Intermediate,Deprived northern rural,Maternal care,"Socioeconomic, Maternal care, Access",3,Demand generation and indirect-cost support; Maternal and child health integration; Outreach and mobile sessions,0.796,1.367,0.754,0.753,-0.05,0.655
NG-KEB-463,Kebbi,Sakaba,2,"Low maternal care, high conflict exposure",Clear,Deprived northern rural,Maternal care,"Socioeconomic, Maternal care, Nutrition, Access, Insecurity, Programme (dropout)",6,Defaulter tracing and reminder-recall; Demand generation and indirect-cost support; Maternal and child health integration; Nutrition co-delivery; Outreach and mobile sessions; Security-sensitive access,0.856,1.292,0.977,0.58,0.949,1.188
NG-KEB-464,Kebbi,Shanga,2,"Low maternal care, high conflict exposure",Mixed,Deprived northern rural,Maternal care,"Socioeconomic, Maternal care, Nutrition, Access, Programme (dropout)",5,Defaulter tracing and reminder-recall; Demand generation and indirect-cost support; Maternal and child health integration; Nutrition co-delivery; Outreach and mobile sessions,0.67,1.544,1.037,0.556,0.024,0.989
NG-KEB-465,Kebbi,Suru,1,Deprived northern rural,Clear,"Low maternal care, high conflict exposure",Nutrition,"Socioeconomic, Maternal care, Nutrition, Access",4,Demand generation and indirect-cost support; Maternal and child health integration; Nutrition co-delivery; Outreach and mobile sessions,0.658,1.294,1.363,0.814,-0.492,0.577
NG-KEB-455,Kebbi,Danko/Wasagu,2,"Low maternal care, high conflict exposure",Clear,Deprived northern rural,Insecurity,"Socioeconomic, Maternal care, Nutrition, Access, Insecurity, Programme (dropout)",6,Defaulter tracing and reminder-recall; Demand generation and indirect-cost support; Maternal and child health integration; Nutrition co-delivery; Outreach and mobile sessions; Security-sensitive access,0.934,1.273,1.015,1.037,1.632,1.092
NG-KEB-466,Kebbi,Yauri,2,"Low maternal care, high conflict exposure",Mixed,Deprived northern rural,Maternal care,"Maternal care, Programme (dropout)",2,Defaulter tracing and reminder-recall; Maternal and child health integration,0.546,1.342,0.884,0.245,-0.77,1.155
NG-KEB-467,Kebbi,Zuru,2,"Low maternal care, high conflict exposure",Mixed,Deprived northern rural,Maternal care,"Maternal care, Nutrition, Access, Programme (dropout)",4,Defaulter tracing and reminder-recall; Maternal and child health integration; Nutrition co-delivery; Outreach and mobile sessions,0.346,1.273,0.969,0.846,-0.215,1.211
NG-KOG-468,Kogi,Adavi,5,Relatively advantaged,Mixed,Near-average,None above +0.5 SD,None,0,Core services only,-0.449,-0.957,-0.916,-0.467,0.287,-0.264
NG-KOG-469,Kogi,Ajaokuta,4,Near-average,Intermediate,Geographically isolated,None above +0.5 SD,None,0,Core services only,-0.234,-0.496,-0.778,-0.096,0.474,-0.073
NG-KOG-470,Kogi,Ankpa,4,Near-average,Intermediate,Geographically isolated,None above +0.5 SD,None,0,Core services only,-0.266,-0.64,-0.705,0.044,-0.065,-0.258
NG-KOG-471,Kogi,Bassa,4,Near-average,Clear,Geographically isolated,None above +0.5 SD,None,0,Core services only,-0.029,-0.421,-0.528,0.035,0.129,-0.423
NG-KOG-472,Kogi,Dekina,4,Near-average,Clear,Geographically isolated,Insecurity,Insecurity,1,Security-sensitive access,0.027,-0.636,-0.632,0.015,0.751,-0.184
NG-KOG-473,Kogi,Ibaji,2,"Low maternal care, high conflict exposure",Mixed,Geographically isolated,Access,None,0,Core services only,-0.103,0.167,-0.765,0.503,-0.514,0.031
NG-KOG-474,Kogi,Idah,4,Near-average,Intermediate,Relatively advantaged,None above +0.5 SD,None,0,Core services only,-0.234,-0.243,-1.005,-0.228,-0.165,-0.486
NG-KOG-475,Kogi,Igalamela-Odolu,4,Near-average,Intermediate,Relatively advantaged,None above +0.5 SD,None,0,Core services only,-0.359,-0.407,-0.871,0.178,0.022,-0.258
NG-KOG-476,Kogi,Ijumu,4,Near-average,Intermediate,Relatively advantaged,None above +0.5 SD,None,0,Core services only,-0.178,-0.821,-0.658,-0.103,-0.509,-0.667
NG-KOG-477,Kogi,Kabba/Bunu,4,Near-average,Clear,Geographically isolated,Access,Access,1,Outreach and mobile sessions,-0.321,-0.346,-0.573,1.01,-1.505,-0.376
NG-KOG-478,Kogi,Kogi,4,Near-average,Intermediate,Geographically isolated,Insecurity,None,0,Core services only,0.088,-0.406,-0.398,-0.093,0.659,-0.234
NG-KOG-479,Kogi,Lokoja,4,Near-average,Intermediate,Geographically isolated,Insecurity,"Access, Insecurity",2,Outreach and mobile sessions; Security-sensitive access,-0.129,-0.026,-0.492,0.689,0.918,-0.221
NG-KOG-480,Kogi,Mopa-Muro,4,Near-average,Clear,Geographically isolated,None above +0.5 SD,None,0,Core services only,-0.092,-0.393,-0.481,0.489,-0.887,-0.548
NG-KOG-481,Kogi,Ofu,4,Near-average,Clear,Geographically isolated,None above +0.5 SD,None,0,Core services only,-0.21,-0.521,-0.66,-0.066,0.407,0.112
NG-KOG-482,Kogi,Ogori/Magongo,4,Near-average,Intermediate,Relatively advantaged,None above +0.5 SD,None,0,Core services only,-0.537,-1.004,-0.841,-0.656,-1.505,-0.403
NG-KOG-483,Kogi,Okehi,4,Near-average,Intermediate,Relatively advantaged,None above +0.5 SD,Access,1,Outreach and mobile sessions,-0.157,-0.871,-0.855,0.173,-0.247,-0.397
NG-KOG-484,Kogi,Okene,5,Relatively advantaged,Mixed,Near-average,None above +0.5 SD,None,0,Core services only,-0.342,-1.029,-0.883,-0.809,0.377,-0.258
NG-KOG-485,Kogi,Olamaboro,4,Near-average,Intermediate,Relatively advantaged,None above +0.5 SD,None,0,Core services only,-0.177,-0.728,-0.723,-0.238,-0.203,-0.262
NG-KOG-486,Kogi,Omala,4,Near-average,Intermediate,Geographically isolated,Insecurity,None,0,Core services only,-0.01,-0.306,-0.44,0.368,0.525,0.005
NG-KOG-487,Kogi,Yagba East,4,Near-average,Clear,Geographically isolated,None above +0.5 SD,None,0,Core services only,-0.077,-0.269,-0.474,0.259,-0.165,-0.466
NG-KOG-488,Kogi,Yagba West,4,Near-average,Intermediate,Geographically isolated,Access,Access,1,Outreach and mobile sessions,-0.122,-0.148,-0.384,0.607,0.136,-0.458
NG-KWA-489,Kwara,Asa,4,Near-average,Clear,Geographically isolated,None above +0.5 SD,None,0,Core services only,0.287,-0.275,-0.643,-0.33,0.372,-1.169
NG-KWA-490,Kwara,Baruten,2,"Low maternal care, high conflict exposure",Mixed,Geographically isolated,Access,"Maternal care, Access",2,Maternal and child health integration; Outreach and mobile sessions,0.346,1.017,-0.262,1.088,-0.224,-0.575
NG-KWA-491,Kwara,Edu,2,"Low maternal care, high conflict exposure",Mixed,Geographically isolated,None above +0.5 SD,None,0,Core services only,0.05,0.459,-0.025,0.274,-0.224,-0.251
NG-KWA-492,Kwara,Ekiti,4,Near-average,Intermediate,Relatively advantaged,None above +0.5 SD,None,0,Core services only,-0.375,-0.402,-0.549,-0.186,0.341,-0.539
NG-KWA-493,Kwara,Ifelodun,4,Near-average,Intermediate,Geographically isolated,Access,Access,1,Outreach and mobile sessions,-0.006,0.152,-0.286,0.575,0.483,-0.914
NG-KWA-494,Kwara,Ilorin East,4,Near-average,Intermediate,Relatively advantaged,Insecurity,None,0,Core services only,-0.491,-0.382,-0.687,-0.462,0.612,-1.329
NG-KWA-495,Kwara,Ilorin South,4,Near-average,Mixed,Relatively advantaged,None above +0.5 SD,None,0,Core services only,-0.818,-0.619,-0.606,-0.807,-0.886,-1.279
NG-KWA-496,Kwara,Ilorin West,5,Relatively advantaged,Clear,Near-average,Insecurity,Insecurity,1,Security-sensitive access,-1.109,-0.759,-0.682,-0.97,1.23,-1.189
NG-KWA-497,Kwara,Irepodun,4,Near-average,Intermediate,Relatively advantaged,None above +0.5 SD,None,0,Core services only,-0.457,-0.682,-0.562,-0.455,-0.11,-0.917
NG-KWA-498,Kwara,Isin,4,Near-average,Intermediate,Geographically isolated,None above +0.5 SD,None,0,Core services only,0.023,-0.461,-0.459,-0.266,-1.505,-0.944
NG-KWA-499,Kwara,Kaiama,2,"Low maternal care, high conflict exposure",Mixed,Geographically isolated,Access,"Maternal care, Access",2,Maternal and child health integration; Outreach and mobile sessions,0.536,0.979,-0.097,1.486,-1.083,-0.784
NG-KWA-500,Kwara,Moro,4,Near-average,Intermediate,Geographically isolated,None above +0.5 SD,None,0,Core services only,-0.006,0.334,-0.336,0.258,0.136,-0.95
NG-KWA-501,Kwara,Offa,4,Near-average,Mixed,Relatively advantaged,None above +0.5 SD,None,0,Core services only,-1.078,-0.841,-0.852,-0.863,-0.312,-0.986
NG-KWA-502,Kwara,Oke-Ero,4,Near-average,Intermediate,Geographically isolated,None above +0.5 SD,None,0,Core services only,-0.456,-0.336,-0.527,0.029,-0.758,-0.637
NG-KWA-503,Kwara,Oyun,4,Near-average,Intermediate,Relatively advantaged,None above +0.5 SD,None,0,Core services only,-0.26,-0.648,-0.729,-0.584,-1.041,-0.946
NG-KWA-504,Kwara,Pategi,2,"Low maternal care, high conflict exposure",Mixed,Geographically isolated,Access,Access,1,Outreach and mobile sessions,-0.05,0.4,-0.061,0.814,-0.69,0.041
NG-LAG-505,Lagos,Agege,5,Relatively advantaged,Clear,Near-average,None above +0.5 SD,None,0,Core services only,-2.134,-1.541,-1.108,-1.117,0.29,-0.761
NG-LAG-506,Lagos,Ajeromi/Ifelodun,5,Relatively advantaged,Clear,Near-average,None above +0.5 SD,None,0,Core services only,-2.054,-1.21,-1.114,-1.093,-0.224,-0.79
NG-LAG-507,Lagos,Alimosho,5,Relatively advantaged,Clear,Near-average,Insecurity,Insecurity,1,Security-sensitive access,-1.881,-1.267,-1.011,-1.08,1.125,-0.735
NG-LAG-508,Lagos,Amuwo Odofin,5,Relatively advantaged,Clear,Near-average,None above +0.5 SD,None,0,Core services only,-1.646,-1.082,-1.036,-0.863,-0.125,-1.083
NG-LAG-509,Lagos,Apapa,5,Relatively advantaged,Clear,Near-average,None above +0.5 SD,None,0,Core services only,-1.607,-1.414,-1.11,-1.003,0.376,-0.997
NG-LAG-510,Lagos,Badagry,5,Relatively advantaged,Intermediate,Near-average,None above +0.5 SD,None,0,Core services only,-0.743,-0.709,-0.811,-0.39,0.288,-0.044
NG-LAG-511,Lagos,Epe,4,Near-average,Intermediate,Geographically isolated,Access,Access,1,Outreach and mobile sessions,-0.796,-0.683,-0.783,0.933,0.072,-0.671
NG-LAG-512,Lagos,Eti-Osa,5,Relatively advantaged,Clear,Near-average,None above +0.5 SD,None,0,Core services only,-1.577,-0.959,-1.018,-0.752,0.402,-0.853
NG-LAG-513,Lagos,Ibeju/Lekki,4,Near-average,Intermediate,Relatively advantaged,Access,Access,1,Outreach and mobile sessions,-1.062,-0.608,-0.772,0.572,0.045,-0.722
NG-LAG-514,Lagos,Ifako/Ijaye,5,Relatively advantaged,Intermediate,Near-average,None above +0.5 SD,None,0,Core services only,-2.036,-1.395,-0.939,-1.115,-1.505,-0.591
NG-LAG-515,Lagos,Ikeja,5,Relatively advantaged,Clear,Near-average,None above +0.5 SD,None,0,Core services only,-2.01,-1.376,-1.116,-1.104,-0.023,-0.805
NG-LAG-516,Lagos,Ikorodu,5,Relatively advantaged,Clear,Near-average,Insecurity,Insecurity,1,Security-sensitive access,-1.6,-0.959,-0.881,-0.772,0.953,-0.64
NG-LAG-517,Lagos,Kosofe,5,Relatively advantaged,Clear,Near-average,Insecurity,Insecurity,1,Security-sensitive access,-1.826,-1.271,-1.077,-1.025,0.918,-0.821
NG-LAG-518,Lagos,Lagos Island,5,Relatively advantaged,Clear,Near-average,None above +0.5 SD,None,0,Core services only,-1.985,-1.395,-1.079,-1.068,0.353,-0.744
NG-LAG-519,Lagos,Lagos Mainland,5,Relatively advantaged,Clear,Near-average,None above +0.5 SD,None,0,Core services only,-2.181,-1.327,-0.953,-1.087,0.353,-0.769
NG-LAG-520,Lagos,Mushin,5,Relatively advantaged,Clear,Near-average,None above +0.5 SD,None,0,Core services only,-2.306,-1.466,-1.009,-1.122,0.362,-1.088
NG-LAG-521,Lagos,Ojo,5,Relatively advantaged,Clear,Near-average,Insecurity,Insecurity,1,Security-sensitive access,-1.55,-0.929,-1.029,-0.448,1.266,-0.962
NG-LAG-522,Lagos,Oshodi/Isolo,5,Relatively advantaged,Clear,Near-average,None above +0.5 SD,None,0,Core services only,-2.142,-1.407,-0.985,-1.096,0.341,-0.898
NG-LAG-523,Lagos,Shomolu,5,Relatively advantaged,Clear,Near-average,None above +0.5 SD,None,0,Core services only,-2.107,-1.422,-1.112,-1.108,0.099,-0.785
NG-LAG-524,Lagos,Surulere,5,Relatively advantaged,Clear,Near-average,None above +0.5 SD,None,0,Core services only,-1.612,-1.321,-1.051,-1.112,0.291,-1.153
NG-NAS-525,Nasarawa,Akwanga,4,Near-average,Intermediate,Geographically isolated,None above +0.5 SD,None,0,Core services only,0.256,-0.508,-0.334,-0.133,0.328,-0.326
NG-NAS-526,Nasarawa,Awe,2,"Low maternal care, high conflict exposure",Mixed,Geographically isolated,Socioeconomic,None,0,Core services only,0.551,0.473,-0.289,0.292,-0.05,-0.473
NG-NAS-527,Nasarawa,Doma,4,Near-average,Intermediate,Geographically isolated,Access,Access,1,Outreach and mobile sessions,0.139,-0.092,-0.169,0.614,0.403,-0.386
NG-NAS-528,Nasarawa,Karu,4,Near-average,Intermediate,Geographically isolated,Insecurity,None,0,Core services only,0.105,-0.682,-0.584,-0.356,0.65,-0.103
NG-NAS-529,Nasarawa,Keana,4,Near-average,Intermediate,Geographically isolated,Insecurity,None,0,Core services only,0.163,0.087,-0.223,0.076,0.556,-0.783
NG-NAS-530,Nasarawa,Keffi,4,Near-average,Intermediate,Relatively advantaged,None above +0.5 SD,None,0,Core services only,-0.122,-0.673,-0.619,-0.714,-0.03,-0.378
NG-NAS-531,Nasarawa,Kokona,4,Near-average,Intermediate,Geographically isolated,None above +0.5 SD,None,0,Core services only,0.442,-0.26,-0.396,0.115,0.239,-0.095
NG-NAS-532,Nasarawa,Lafia,4,Near-average,Mixed,Geographically isolated,Insecurity,Insecurity,1,Security-sensitive access,0.247,0.044,-0.103,0.331,0.88,-0.338
NG-NAS-534,Nasarawa,Nasarawa,4,Near-average,Intermediate,Geographically isolated,None above +0.5 SD,Access,1,Outreach and mobile sessions,0.323,-0.285,-0.392,0.452,0.283,0.198
NG-NAS-533,Nasarawa,Nasarawa Eggon,4,Near-average,Intermediate,Geographically isolated,None above +0.5 SD,None,0,Core services only,0.168,-0.146,-0.103,-0.197,-0.028,-0.238
NG-NAS-535,Nasarawa,Obi,4,Near-average,Intermediate,Geographically isolated,None above +0.5 SD,None,0,Core services only,0.089,-0.067,-0.134,-0.173,0.11,-0.409
NG-NAS-536,Nasarawa,Toto,4,Near-average,Intermediate,Geographically isolated,Insecurity,Insecurity,1,Security-sensitive access,0.417,-0.499,-0.436,0.232,1.213,-0.155
NG-NAS-537,Nasarawa,Wamba,2,"Low maternal care, high conflict exposure",Mixed,Geographically isolated,None above +0.5 SD,None,0,Core services only,-0.049,-0.042,-0.18,0.474,-0.363,-0.076
NG-NIG-538,Niger,Agaie,2,"Low maternal care, high conflict exposure",Mixed,Geographically isolated,Programme (dropout),None,0,Core services only,0.573,0.172,0.254,-0.282,-0.248,0.644
NG-NIG-539,Niger,Agwara,1,Deprived northern rural,Intermediate,"Low maternal care, high conflict exposure",Maternal care,"Maternal care, Programme (dropout)",2,Defaulter tracing and reminder-recall; Maternal and child health integration,0.074,1.388,0.703,0.222,-1.239,1.113
NG-NIG-540,Niger,Bida,2,"Low maternal care, high conflict exposure",Mixed,Geographically isolated,Programme (dropout),Programme (dropout),1,Defaulter tracing and reminder-recall,0.442,0.021,0.252,-0.348,-0.49,0.974
NG-NIG-541,Niger,Borgu,2,"Low maternal care, high conflict exposure",Clear,Deprived northern rural,Maternal care,"Maternal care, Access, Insecurity, Programme (dropout)",4,Defaulter tracing and reminder-recall; Maternal and child health integration; Outreach and mobile sessions; Security-sensitive access,0.366,1.313,0.573,1.276,0.909,0.749
NG-NIG-542,Niger,Bosso,2,"Low maternal care, high conflict exposure",Mixed,Geographically isolated,Insecurity,None,0,Core services only,0.023,-0.003,0.183,-0.113,0.62,0.466
NG-NIG-543,Niger,Chanchaga,2,"Low maternal care, high conflict exposure",Mixed,Relatively advantaged,Insecurity,Insecurity,1,Security-sensitive access,-1.308,-0.801,0.013,-0.99,1.434,0.221
NG-NIG-544,Niger,Edati,2,"Low maternal care, high conflict exposure",Mixed,Deprived northern rural,Programme (dropout),None,0,Core services only,0.056,0.559,0.408,-0.038,-0.514,0.592
NG-NIG-545,Niger,Gbako,2,"Low maternal care, high conflict exposure",Mixed,Deprived northern rural,Programme (dropout),Programme (dropout),1,Defaulter tracing and reminder-recall,0.335,0.429,0.499,-0.173,-0.462,0.969
NG-NIG-546,Niger,Gurara,2,"Low maternal care, high conflict exposure",Mixed,Geographically isolated,Programme (dropout),"Insecurity, Programme (dropout)",2,Defaulter tracing and reminder-recall; Security-sensitive access,0.017,-0.266,-0.196,-0.362,0.982,1.098
NG-NIG-547,Niger,Katcha,2,"Low maternal care, high conflict exposure",Mixed,Deprived northern rural,Programme (dropout),"Socioeconomic, Programme (dropout)",2,Defaulter tracing and reminder-recall; Demand generation and indirect-cost support,0.866,0.4,0.448,-0.178,-0.887,0.948
NG-NIG-548,Niger,Kontagora,2,"Low maternal care, high conflict exposure",Clear,Geographically isolated,Insecurity,"Maternal care, Insecurity",2,Maternal and child health integration; Security-sensitive access,0.088,0.816,0.461,-0.003,1.092,0.164
NG-NIG-549,Niger,Lapai,2,"Low maternal care, high conflict exposure",Mixed,Geographically isolated,Programme (dropout),"Insecurity, Programme (dropout)",2,Defaulter tracing and reminder-recall; Security-sensitive access,0.032,0.015,-0.028,-0.067,0.865,0.959
NG-NIG-550,Niger,Lavun,2,"Low maternal care, high conflict exposure",Intermediate,Geographically isolated,Programme (dropout),Programme (dropout),1,Defaulter tracing and reminder-recall,0.631,0.426,0.399,0.106,0.64,0.8
NG-NIG-551,Niger,Magama,2,"Low maternal care, high conflict exposure",Clear,Deprived northern rural,Maternal care,"Socioeconomic, Maternal care",2,Demand generation and indirect-cost support; Maternal and child health integration,0.877,1.171,0.679,0.184,0.647,0.431
NG-NIG-552,Niger,Mariga,2,"Low maternal care, high conflict exposure",Clear,Deprived northern rural,Insecurity,"Maternal care, Insecurity, Programme (dropout)",3,Defaulter tracing and reminder-recall; Maternal and child health integration; Security-sensitive access,0.516,1.025,0.827,0.026,1.715,0.878
NG-NIG-553,Niger,Mashegu,2,"Low maternal care, high conflict exposure",Clear,Deprived northern rural,Insecurity,"Maternal care, Access, Insecurity",3,Maternal and child health integration; Outreach and mobile sessions; Security-sensitive access,0.525,1.044,0.56,0.56,1.204,0.279
NG-NIG-554,Niger,Mokwa,2,"Low maternal care, high conflict exposure",Mixed,Deprived northern rural,Socioeconomic,"Socioeconomic, Maternal care",2,Demand generation and indirect-cost support; Maternal and child health integration,0.706,0.652,0.275,0.211,-0.196,0.352
NG-NIG-555,Niger,Muya,2,"Low maternal care, high conflict exposure",Intermediate,Geographically isolated,Insecurity,Insecurity,1,Security-sensitive access,0.52,0.045,0.312,0.141,1.891,0.617
NG-NIG-556,Niger,Paikoro,2,"Low maternal care, high conflict exposure",Mixed,Geographically isolated,Programme (dropout),"Insecurity, Programme (dropout)",2,Defaulter tracing and reminder-recall; Security-sensitive access,0.46,-0.01,0.167,-0.327,0.824,0.905
NG-NIG-557,Niger,Rafi,2,"Low maternal care, high conflict exposure",Clear,Geographically isolated,Insecurity,"Maternal care, Insecurity",2,Maternal and child health integration; Security-sensitive access,0.554,0.692,0.657,0.149,2.043,0.632
NG-NIG-558,Niger,Rijau,2,"Low maternal care, high conflict exposure",Intermediate,Deprived northern rural,Programme (dropout),"Socioeconomic, Maternal care, Programme (dropout)",3,Defaulter tracing and reminder-recall; Demand generation and indirect-cost support; Maternal and child health integration,0.695,1.364,0.853,0.197,0.314,1.478
NG-NIG-559,Niger,Shiroro,2,"Low maternal care, high conflict exposure",Clear,Geographically isolated,Insecurity,"Access, Insecurity",2,Outreach and mobile sessions; Security-sensitive access,0.085,0.458,0.635,0.574,2.352,0.598
NG-NIG-560,Niger,Suleja,4,Near-average,Mixed,Relatively advantaged,Programme (dropout),"Insecurity, Programme (dropout)",2,Defaulter tracing and reminder-recall; Security-sensitive access,-0.888,-1.031,-0.508,-0.693,0.875,1.252
NG-NIG-561,Niger,Tafa,4,Near-average,Mixed,Relatively advantaged,Programme (dropout),Programme (dropout),1,Defaulter tracing and reminder-recall,-0.713,-1.197,-0.483,-0.893,0.132,1.094
NG-NIG-562,Niger,Wushishi,2,"Low maternal care, high conflict exposure",Clear,Geographically isolated,Insecurity,"Maternal care, Insecurity",2,Maternal and child health integration; Security-sensitive access,0.247,0.709,0.559,0.278,0.959,0.226
NG-OGU-563,Ogun,Abeokuta North,4,Near-average,Mixed,Relatively advantaged,Programme (dropout),Programme (dropout),1,Defaulter tracing and reminder-recall,-0.346,-0.832,-0.444,-0.601,0.536,0.705
NG-OGU-564,Ogun,Abeokuta South,5,Relatively advantaged,Clear,Near-average,Insecurity,Insecurity,1,Security-sensitive access,-0.925,-1.053,-0.63,-0.97,1.281,-0.115
NG-OGU-565,Ogun,Ado Odo/Ota,5,Relatively advantaged,Intermediate,Near-average,Insecurity,Insecurity,1,Security-sensitive access,-0.525,-0.995,-0.831,-0.869,0.745,-0.182
NG-OGU-566,Ogun,Ewekoro,4,Near-average,Mixed,Relatively advantaged,Programme (dropout),Programme (dropout),1,Defaulter tracing and reminder-recall,-0.439,-0.892,-0.519,-0.63,0.288,0.793
NG-OGU-567,Ogun,Ifo,5,Relatively advantaged,Clear,Near-average,None above +0.5 SD,None,0,Core services only,-0.789,-1.077,-0.898,-0.814,0.312,-0.39
NG-OGU-568,Ogun,Ijebu East,4,Near-average,Clear,Geographically isolated,Access,Access,1,Outreach and mobile sessions,-0.055,-0.673,-0.593,1.08,-0.775,-0.411
NG-OGU-570,Ogun,Ijebu North,4,Near-average,Intermediate,Relatively advantaged,None above +0.5 SD,None,0,Core services only,-0.233,-0.91,-0.649,0.252,-0.243,-0.554
NG-OGU-569,Ogun,Ijebu North East,4,Near-average,Intermediate,Relatively advantaged,None above +0.5 SD,None,0,Core services only,-0.716,-1.006,-0.611,-0.242,-1.505,-0.356
NG-OGU-571,Ogun,Ijebu Ode,5,Relatively advantaged,Mixed,Near-average,None above +0.5 SD,None,0,Core services only,-0.799,-0.889,-0.834,-0.294,0.252,-0.542
NG-OGU-572,Ogun,Ikenne,5,Relatively advantaged,Mixed,Near-average,None above +0.5 SD,None,0,Core services only,-0.443,-1.045,-0.765,-0.601,0.161,-0.78
NG-OGU-573,Ogun,Imeko Afon,4,Near-average,Intermediate,Geographically isolated,Programme (dropout),Programme (dropout),1,Defaulter tracing and reminder-recall,0.095,-0.228,-0.393,0.115,0.163,1.166
NG-OGU-574,Ogun,Ipokia,4,Near-average,Intermediate,Relatively advantaged,Programme (dropout),None,0,Core services only,-0.033,-0.644,-0.605,-0.43,-0.69,0.527
NG-OGU-575,Ogun,Obafemi Owode,4,Near-average,Intermediate,Relatively advantaged,Insecurity,Insecurity,1,Security-sensitive access,-0.198,-0.918,-0.602,-0.263,0.885,-0.103
NG-OGU-576,Ogun,Odeda,4,Near-average,Clear,Geographically isolated,None above +0.5 SD,None,0,Core services only,0.028,-0.675,-0.413,-0.313,0.406,-0.181
NG-OGU-577,Ogun,Odogbolu,5,Relatively advantaged,Mixed,Near-average,None above +0.5 SD,None,0,Core services only,-0.788,-0.956,-0.712,-0.232,0.168,-0.54
NG-OGU-578,Ogun,Ogun Waterside,4,Near-average,Clear,Geographically isolated,Access,Access,1,Outreach and mobile sessions,0.103,-0.446,-0.549,1.185,-1.505,-0.776
NG-OGU-579,Ogun,Remo North,4,Near-average,Intermediate,Relatively advantaged,None above +0.5 SD,None,0,Core services only,-0.515,-0.982,-0.655,-0.205,-0.445,-0.745
NG-OGU-580,Ogun,Sagamu,5,Relatively advantaged,Clear,Near-average,Insecurity,Insecurity,1,Security-sensitive access,-0.981,-0.959,-0.747,-0.619,0.945,-0.62
NG-OGU-581,Ogun,Yewa North,4,Near-average,Intermediate,Geographically isolated,Programme (dropout),"Insecurity, Programme (dropout)",2,Defaulter tracing and reminder-recall; Security-sensitive access,-0.014,-0.431,-0.359,-0.246,0.783,1.373
NG-OGU-582,Ogun,Yewa South,4,Near-average,Intermediate,Relatively advantaged,Programme (dropout),Programme (dropout),1,Defaulter tracing and reminder-recall,-0.121,-0.75,-0.571,-0.542,0.047,1.434
NG-OND-583,Ondo,Akoko North East,5,Relatively advantaged,Mixed,Near-average,None above +0.5 SD,None,0,Core services only,-0.625,-0.808,-1.017,-0.593,0.454,-1.043
NG-OND-584,Ondo,Akoko North West,5,Relatively advantaged,Mixed,Near-average,None above +0.5 SD,None,0,Core services only,-0.596,-0.902,-0.979,-0.572,0.003,-0.99
NG-OND-585,Ondo,Akoko South East,4,Near-average,Intermediate,Relatively advantaged,None above +0.5 SD,None,0,Core services only,-0.559,-0.832,-0.983,-0.589,-0.504,-1.088
NG-OND-586,Ondo,Akoko South West,5,Relatively advantaged,Mixed,Near-average,None above +0.5 SD,None,0,Core services only,-0.636,-0.737,-0.921,-0.434,0.161,-1.166
NG-OND-587,Ondo,Akure North,5,Relatively advantaged,Intermediate,Near-average,None above +0.5 SD,None,0,Core services only,-0.773,-0.76,-1.059,-0.249,0.468,-1.333
NG-OND-588,Ondo,Akure South,5,Relatively advantaged,Intermediate,Near-average,Insecurity,None,0,Core services only,-0.853,-0.832,-1.054,-0.381,0.653,-1.183
NG-OND-589,Ondo,Ese Odo,4,Near-average,Mixed,Geographically isolated,Access,Access,1,Outreach and mobile sessions,-0.257,-0.113,-0.496,1.752,-0.294,-0.475
NG-OND-590,Ondo,Idanre,4,Near-average,Clear,Geographically isolated,Access,Access,1,Outreach and mobile sessions,-0.303,-0.458,-0.873,1.419,-0.266,-1.072
NG-OND-591,Ondo,Ifedore,4,Near-average,Intermediate,Relatively advantaged,None above +0.5 SD,None,0,Core services only,-0.733,-0.92,-1.011,-0.465,-1.083,-1.158
NG-OND-592,Ondo,Ilaje,4,Near-average,Intermediate,Geographically isolated,Access,Access,1,Outreach and mobile sessions,-0.322,-0.023,-0.476,1.599,-0.294,-0.615
NG-OND-593,Ondo,Ile-Oluji/Okeigbo,4,Near-average,Intermediate,Relatively advantaged,None above +0.5 SD,None,0,Core services only,-0.401,-0.915,-0.928,-0.002,-1.505,-1.16
NG-OND-594,Ondo,Irele,4,Near-average,Clear,Geographically isolated,Access,Access,1,Outreach and mobile sessions,-0.244,-0.457,-0.561,0.877,-1.239,-0.702
NG-OND-595,Ondo,Odigbo,4,Near-average,Clear,Geographically isolated,Access,Access,1,Outreach and mobile sessions,-0.35,-0.632,-0.695,0.893,-0.11,-1.073
NG-OND-596,Ondo,Okitipupa,4,Near-average,Intermediate,Geographically isolated,None above +0.5 SD,None,0,Core services only,-0.326,-0.71,-0.646,0.348,0.014,-1.304
NG-OND-597,Ondo,Ondo East,4,Near-average,Intermediate,Relatively advantaged,None above +0.5 SD,None,0,Core services only,-0.159,-0.878,-0.879,0.097,-0.428,-1.263
NG-OND-598,Ondo,Ondo West,4,Near-average,Intermediate,Relatively advantaged,None above +0.5 SD,None,0,Core services only,-0.462,-0.874,-1.049,0.304,-0.263,-1.079
NG-OND-599,Ondo,Ose,4,Near-average,Intermediate,Geographically isolated,Insecurity,Access,1,Outreach and mobile sessions,-0.157,-0.464,-0.889,0.531,0.654,-0.956
NG-OND-600,Ondo,Owo,4,Near-average,Intermediate,Relatively advantaged,Insecurity,Insecurity,1,Security-sensitive access,-0.459,-0.616,-0.956,0.137,0.773,-1.206
NG-OSU-603,Osun,Ayedaade,4,Near-average,Intermediate,Relatively advantaged,None above +0.5 SD,None,0,Core services only,-0.207,-1.052,-0.793,0.204,-0.363,-0.387
NG-OSU-604,Osun,Ayedire,4,Near-average,Intermediate,Relatively advantaged,None above +0.5 SD,None,0,Core services only,-0.354,-1.114,-0.662,-0.451,-1.505,-0.56
NG-OSU-601,Osun,Atakumosa East,4,Near-average,Intermediate,Relatively advantaged,None above +0.5 SD,None,0,Core services only,-0.377,-1.017,-1.079,0.019,-0.333,-0.795
NG-OSU-602,Osun,Atakumosa West,4,Near-average,Intermediate,Relatively advantaged,None above +0.5 SD,None,0,Core services only,-0.325,-1.223,-0.856,-0.501,0.288,-0.573
NG-OSU-605,Osun,Boluwaduro,4,Near-average,Intermediate,Relatively advantaged,None above +0.5 SD,None,0,Core services only,-0.509,-1.149,-0.967,-0.636,-1.239,-0.423
NG-OSU-606,Osun,Boripe,4,Near-average,Mixed,Relatively advantaged,None above +0.5 SD,None,0,Core services only,-0.154,-1.265,-0.911,-0.906,-0.151,-0.414
NG-OSU-607,Osun,Ede North,4,Near-average,Mixed,Relatively advantaged,None above +0.5 SD,None,0,Core services only,-0.544,-1.208,-0.843,-0.946,0.042,-0.72
NG-OSU-608,Osun,Ede South,4,Near-average,Intermediate,Relatively advantaged,None above +0.5 SD,None,0,Core services only,0.004,-1.202,-0.731,-0.841,-0.775,-0.807
NG-OSU-609,Osun,Egbedore,4,Near-average,Intermediate,Relatively advantaged,None above +0.5 SD,None,0,Core services only,-0.285,-1.183,-0.83,-0.877,-0.77,-0.607
NG-OSU-610,Osun,Ejigbo,4,Near-average,Intermediate,Relatively advantaged,None above +0.5 SD,None,0,Core services only,-0.499,-1.063,-0.747,-0.761,-0.688,-1.083
NG-OSU-611,Osun,Ife Central,4,Near-average,Mixed,Relatively advantaged,None above +0.5 SD,None,0,Core services only,-0.996,-1.333,-0.951,-0.755,0.134,-0.491
NG-OSU-612,Osun,Ife East,4,Near-average,Intermediate,Relatively advantaged,None above +0.5 SD,None,0,Core services only,-0.392,-1.249,-0.935,-0.449,-1.239,-0.749
NG-OSU-613,Osun,Ife North,4,Near-average,Intermediate,Relatively advantaged,None above +0.5 SD,None,0,Core services only,-0.538,-1.154,-1.056,-0.149,-0.492,-0.247
NG-OSU-614,Osun,Ife South,4,Near-average,Intermediate,Geographically isolated,Access,Access,1,Outreach and mobile sessions,-0.221,-0.965,-0.905,0.612,-1.041,-0.706
NG-OSU-615,Osun,Ifedayo,4,Near-average,Intermediate,Relatively advantaged,None above +0.5 SD,None,0,Core services only,-0.502,-1.075,-0.896,-0.573,-0.775,-0.514
NG-OSU-616,Osun,Ifelodun,4,Near-average,Mixed,Relatively advantaged,None above +0.5 SD,None,0,Core services only,-0.848,-1.21,-0.976,-0.798,-0.248,-0.406
NG-OSU-617,Osun,Ila,4,Near-average,Intermediate,Relatively advantaged,None above +0.5 SD,None,0,Core services only,-0.578,-1.078,-0.898,-0.552,-1.083,-0.485
NG-OSU-618,Osun,Ilesa East,5,Relatively advantaged,Clear,Near-average,Insecurity,None,0,Core services only,-1.074,-1.102,-1.141,-0.705,0.644,-0.107
NG-OSU-619,Osun,Ilesa West,4,Near-average,Mixed,Relatively advantaged,None above +0.5 SD,None,0,Core services only,-0.915,-1.08,-1.107,-0.807,-1.239,-0.185
NG-OSU-620,Osun,Irepodun,4,Near-average,Mixed,Relatively advantaged,None above +0.5 SD,None,0,Core services only,-0.632,-1.156,-0.874,-0.844,-0.428,-0.96
NG-OSU-621,Osun,Irewole,4,Near-average,Intermediate,Relatively advantaged,None above +0.5 SD,None,0,Core services only,-0.608,-1.267,-0.91,-0.311,-0.132,-0.613
NG-OSU-622,Osun,Isokan,4,Near-average,Intermediate,Relatively advantaged,None above +0.5 SD,None,0,Core services only,-0.292,-1.139,-0.69,-0.152,0.11,-0.513
NG-OSU-623,Osun,Iwo,4,Near-average,Mixed,Relatively advantaged,None above +0.5 SD,None,0,Core services only,-0.812,-1.154,-0.881,-0.832,-0.152,-0.521
NG-OSU-624,Osun,Obokun,4,Near-average,Intermediate,Relatively advantaged,None above +0.5 SD,None,0,Core services only,-0.455,-1.108,-0.916,-0.49,-0.238,-0.306
NG-OSU-625,Osun,Odo Otin,4,Near-average,Intermediate,Relatively advantaged,None above +0.5 SD,None,0,Core services only,-0.239,-1.049,-0.807,-0.674,-0.248,-0.694
NG-OSU-626,Osun,Ola-Oluwa,4,Near-average,Intermediate,Relatively advantaged,None above +0.5 SD,None,0,Core services only,-0.183,-1.112,-0.68,-0.709,-1.239,-0.792
NG-OSU-627,Osun,Olorunda,4,Near-average,Mixed,Relatively advantaged,None above +0.5 SD,None,0,Core services only,-0.858,-1.164,-0.875,-0.784,-1.239,-0.533
NG-OSU-628,Osun,Oriade,4,Near-average,Intermediate,Relatively advantaged,None above +0.5 SD,None,0,Core services only,-0.37,-1.037,-0.844,-0.42,-0.504,-0.251
NG-OSU-629,Osun,Orolu,4,Near-average,Intermediate,Relatively advantaged,None above +0.5 SD,None,0,Core services only,-0.265,-1.252,-0.881,-0.906,0.014,-0.605
NG-OSU-630,Osun,Osogbo,5,Relatively advantaged,Clear,Near-average,Insecurity,Insecurity,1,Security-sensitive access,-1.2,-1.2,-1.079,-1.067,1.203,-0.288
NG-OYO-631,Oyo,Afijio,4,Near-average,Intermediate,Relatively advantaged,None above +0.5 SD,None,0,Core services only,-0.374,-0.825,-0.674,-0.509,-0.578,-1.246
NG-OYO-632,Oyo,Akinyele,5,Relatively advantaged,Mixed,Near-average,Insecurity,Insecurity,1,Security-sensitive access,-0.191,-1.108,-0.745,-0.684,0.924,-1.251
NG-OYO-633,Oyo,Atiba,4,Near-average,Intermediate,Geographically isolated,None above +0.5 SD,None,0,Core services only,0.257,-0.22,-0.615,-0.251,-0.973,-0.95
NG-OYO-634,Oyo,Atisbo,2,"Low maternal care, high conflict exposure",Mixed,Geographically isolated,Access,Access,1,Outreach and mobile sessions,-0.046,0.412,-0.591,1.056,-0.306,0.48
NG-OYO-635,Oyo,Egbeda,4,Near-average,Mixed,Relatively advantaged,None above +0.5 SD,None,0,Core services only,-1.18,-1.226,-0.73,-0.784,0.005,-1.073
NG-OYO-637,Oyo,Ibadan North,5,Relatively advantaged,Clear,Near-average,None above +0.5 SD,None,0,Core services only,-2.052,-1.339,-0.788,-1.105,-0.01,-1.166
NG-OYO-636,Oyo,Ibadan North East,5,Relatively advantaged,Clear,Near-average,None above +0.5 SD,None,0,Core services only,-2.071,-1.462,-0.715,-1.119,-0.886,-1.193
NG-OYO-638,Oyo,Ibadan North West,5,Relatively advantaged,Clear,Near-average,Insecurity,Insecurity,1,Security-sensitive access,-1.931,-1.287,-0.828,-1.097,0.831,-1.173
NG-OYO-639,Oyo,Ibadan South East,5,Relatively advantaged,Clear,Near-average,None above +0.5 SD,None,0,Core services only,-1.899,-1.332,-0.683,-1.117,-0.462,-1.195
NG-OYO-640,Oyo,Ibadan South West,5,Relatively advantaged,Clear,Near-average,None above +0.5 SD,None,0,Core services only,-1.619,-1.314,-0.683,-1.116,0.383,-1.148
NG-OYO-641,Oyo,Ibarapa Central,4,Near-average,Intermediate,Geographically isolated,None above +0.5 SD,None,0,Core services only,0.041,-0.437,-0.446,-0.422,0.005,-0.148
NG-OYO-642,Oyo,Ibarapa East,4,Near-average,Intermediate,Geographically isolated,None above +0.5 SD,None,0,Core services only,0.254,-0.604,-0.583,-0.503,-0.504,-0.524
NG-OYO-643,Oyo,Ibarapa North,4,Near-average,Intermediate,Geographically isolated,Insecurity,Insecurity,1,Security-sensitive access,0.205,-0.411,-0.416,-0.239,0.752,0.524
NG-OYO-644,Oyo,Ido,4,Near-average,Intermediate,Relatively advantaged,None above +0.5 SD,None,0,Core services only,0.048,-0.894,-0.645,-0.5,-0.574,-1.103
NG-OYO-645,Oyo,Irepo,4,Near-average,Clear,Geographically isolated,Socioeconomic,None,0,Core services only,0.524,0.35,-0.673,0.484,-1.505,-0.846
NG-OYO-646,Oyo,Iseyin,4,Near-average,Clear,Geographically isolated,None above +0.5 SD,None,0,Core services only,0.111,-0.333,-0.601,0.097,-0.348,-0.816
NG-OYO-647,Oyo,Itesiwaju,4,Near-average,Clear,Geographically isolated,None above +0.5 SD,None,0,Core services only,0.446,0.003,-0.642,0.311,-1.083,-0.046
NG-OYO-648,Oyo,Iwajowa,4,Near-average,Intermediate,Geographically isolated,None above +0.5 SD,None,0,Core services only,0.395,-0.032,-0.477,0.167,0.26,0.317
NG-OYO-649,Oyo,Kajola,4,Near-average,Intermediate,Relatively advantaged,None above +0.5 SD,None,0,Core services only,-0.225,-0.439,-0.685,-0.191,-0.688,-0.306
NG-OYO-650,Oyo,Lagelu,4,Near-average,Intermediate,Relatively advantaged,None above +0.5 SD,None,0,Core services only,-0.245,-1.253,-0.71,-0.713,-0.492,-1.098
NG-OYO-651,Oyo,Ogbomosho North,4,Near-average,Intermediate,Relatively advantaged,None above +0.5 SD,None,0,Core services only,-0.175,-0.88,-0.914,-0.968,-0.151,-1.435
NG-OYO-652,Oyo,Ogbomosho South,4,Near-average,Intermediate,Relatively advantaged,None above +0.5 SD,None,0,Core services only,-0.273,-0.938,-0.846,-1.013,-1.505,-1.525
NG-OYO-653,Oyo,Ogo Oluwa,4,Near-average,Intermediate,Relatively advantaged,None above +0.5 SD,None,0,Core services only,0.154,-0.882,-0.762,-0.672,-0.688,-1.276
NG-OYO-654,Oyo,Olorunsogo,4,Near-average,Clear,Geographically isolated,Access,Access,1,Outreach and mobile sessions,0.156,0.134,-0.71,0.553,-0.926,-0.793
NG-OYO-655,Oyo,Oluyole,4,Near-average,Intermediate,Relatively advantaged,None above +0.5 SD,None,0,Core services only,-0.704,-0.919,-0.624,-0.283,-0.509,-1.063
NG-OYO-656,Oyo,Ona Ara,4,Near-average,Intermediate,Relatively advantaged,None above +0.5 SD,None,0,Core services only,-0.193,-1.238,-0.707,-0.329,-0.973,-1.127
NG-OYO-657,Oyo,Orelope,4,Near-average,Intermediate,Geographically isolated,Access,Access,1,Outreach and mobile sessions,0.647,0.207,-0.846,0.691,-0.926,-0.241
NG-OYO-658,Oyo,Ori Ire,4,Near-average,Clear,Geographically isolated,None above +0.5 SD,None,0,Core services only,0.249,-0.063,-0.727,0.274,-0.775,-0.993
NG-OYO-659,Oyo,Oyo East,4,Near-average,Intermediate,Relatively advantaged,None above +0.5 SD,None,0,Core services only,-0.288,-0.909,-0.736,-0.662,-1.505,-1.463
NG-OYO-660,Oyo,Oyo West,4,Near-average,Intermediate,Relatively advantaged,None above +0.5 SD,None,0,Core services only,-0.282,-0.722,-0.775,-0.406,-0.247,-1.342
NG-OYO-661,Oyo,Saki East,4,Near-average,Clear,Geographically isolated,Access,Access,1,Outreach and mobile sessions,0.252,0.349,-0.794,0.647,-0.77,0.234
NG-OYO-662,Oyo,Saki West,4,Near-average,Intermediate,Geographically isolated,Access,"Maternal care, Access",2,Maternal and child health integration; Outreach and mobile sessions,0.517,0.686,-0.81,0.762,-0.05,0.102
NG-OYO-663,Oyo,Surulere,4,Near-average,Intermediate,Relatively advantaged,None above +0.5 SD,None,0,Core services only,-0.017,-0.762,-0.707,-0.682,-1.083,-1.148
NG-PLA-664,Plateau,Barkin Ladi,4,Near-average,Mixed,Geographically isolated,Insecurity,Insecurity,1,Security-sensitive access,0.208,-0.361,-0.278,0.333,1.238,-0.517
NG-PLA-665,Plateau,Bassa,4,Near-average,Mixed,Geographically isolated,Insecurity,Insecurity,1,Security-sensitive access,0.412,-0.557,0.034,0.089,1.829,-0.403
NG-PLA-666,Plateau,Bokkos,4,Near-average,Mixed,Geographically isolated,Insecurity,"Access, Insecurity",2,Outreach and mobile sessions; Security-sensitive access,0.205,-0.041,-0.3,0.621,1.639,-0.281
NG-PLA-667,Plateau,Jos East,4,Near-average,Intermediate,Geographically isolated,None above +0.5 SD,None,0,Core services only,0.26,-0.562,-0.065,0.076,0.422,-0.709
NG-PLA-668,Plateau,Jos North,4,Near-average,Mixed,Relatively advantaged,Insecurity,Insecurity,1,Security-sensitive access,-0.635,-0.988,-0.325,-0.69,1.494,-0.983
NG-PLA-669,Plateau,Jos South,4,Near-average,Mixed,Relatively advantaged,Insecurity,Insecurity,1,Security-sensitive access,-0.374,-0.79,-0.363,-0.568,1.262,-0.874
NG-PLA-670,Plateau,Kanam,2,"Low maternal care, high conflict exposure",Intermediate,Geographically isolated,Maternal care,"Socioeconomic, Maternal care, Access",3,Demand generation and indirect-cost support; Maternal and child health integration; Outreach and mobile sessions,0.787,0.861,0.344,0.796,0.638,0.042
NG-PLA-671,Plateau,Kanke,2,"Low maternal care, high conflict exposure",Mixed,Geographically isolated,Socioeconomic,Socioeconomic,1,Demand generation and indirect-cost support,0.873,0.208,0.09,0.365,-1.239,-0.161
NG-PLA-672,Plateau,Langtang North,2,"Low maternal care, high conflict exposure",Mixed,Geographically isolated,Access,Access,1,Outreach and mobile sessions,0.647,0.583,0.037,0.695,-1.505,-0.254
NG-PLA-673,Plateau,Langtang South,2,"Low maternal care, high conflict exposure",Mixed,Geographically isolated,Maternal care,"Maternal care, Access",2,Maternal and child health integration; Outreach and mobile sessions,0.465,1.01,-0.012,0.583,-1.239,0.122
NG-PLA-674,Plateau,Mangu,4,Near-average,Mixed,Geographically isolated,Insecurity,Insecurity,1,Security-sensitive access,0.438,-0.296,-0.21,0.236,1.711,-0.389
NG-PLA-675,Plateau,Mikang,2,"Low maternal care, high conflict exposure",Mixed,Geographically isolated,Access,Access,1,Outreach and mobile sessions,0.503,0.404,0.036,0.674,-0.418,-0.176
NG-PLA-676,Plateau,Pankshin,4,Near-average,Intermediate,Geographically isolated,None above +0.5 SD,None,0,Core services only,0.365,-0.113,-0.092,0.4,0.255,-0.395
NG-PLA-677,Plateau,Qua'An Pan,2,"Low maternal care, high conflict exposure",Mixed,Geographically isolated,Access,Access,1,Outreach and mobile sessions,0.303,0.268,-0.067,0.538,-0.445,-0.444
NG-PLA-678,Plateau,Riyom,4,Near-average,Intermediate,Geographically isolated,Insecurity,Insecurity,1,Security-sensitive access,0.26,-0.571,-0.299,0.215,1.308,-0.326
NG-PLA-679,Plateau,Shendam,2,"Low maternal care, high conflict exposure",Mixed,Geographically isolated,Socioeconomic,"Socioeconomic, Access",2,Demand generation and indirect-cost support; Outreach and mobile sessions,0.809,0.488,-0.06,0.54,-0.688,-0.312
NG-PLA-680,Plateau,Wase,2,"Low maternal care, high conflict exposure",Clear,Geographically isolated,Access,"Maternal care, Access, Insecurity",3,Maternal and child health integration; Outreach and mobile sessions; Security-sensitive access,0.095,1.102,0.143,1.634,1.333,0.101
NG-RIV-681,Rivers,Abua/Odual,4,Near-average,Intermediate,Relatively advantaged,None above +0.5 SD,Access,1,Outreach and mobile sessions,-0.758,0.286,-0.998,0.155,-1.505,-1.325
NG-RIV-682,Rivers,Ahoada East,4,Near-average,Intermediate,Relatively advantaged,None above +0.5 SD,None,0,Core services only,-0.916,0.036,-0.804,-0.757,-1.505,-0.946
NG-RIV-683,Rivers,Ahoada West,5,Relatively advantaged,Mixed,Near-average,Insecurity,None,0,Core services only,-0.514,0.266,-0.84,-0.481,0.67,-1.07
NG-RIV-684,Rivers,Akuku Toru,3,Geographically isolated,Clear,Near-average,Access,"Maternal care, Access",2,Maternal and child health integration; Outreach and mobile sessions,-0.434,0.669,-0.873,3.783,-0.062,-1.431
NG-RIV-685,Rivers,Andoni,4,Near-average,Clear,Geographically isolated,Access,Access,1,Outreach and mobile sessions,-0.704,0.344,-0.507,0.565,-0.203,-1.068
NG-RIV-686,Rivers,Asari-Toru,4,Near-average,Intermediate,Relatively advantaged,None above +0.5 SD,Access,1,Outreach and mobile sessions,-0.808,-0.239,-1.286,0.114,-0.66,-1.742
NG-RIV-687,Rivers,Bonny,4,Near-average,Intermediate,Geographically isolated,Access,Access,1,Outreach and mobile sessions,-0.587,0.271,-0.804,0.759,-0.509,-1.259
NG-RIV-688,Rivers,Degema,3,Geographically isolated,Clear,Near-average,Access,Access,1,Outreach and mobile sessions,-0.192,0.354,-1.01,2.758,0.638,-1.531
NG-RIV-689,Rivers,Eleme,5,Relatively advantaged,Clear,Near-average,None above +0.5 SD,None,0,Core services only,-1.23,-0.519,-0.815,-0.982,0.221,-1.259
NG-RIV-690,Rivers,Emohua,4,Near-average,Intermediate,Relatively advantaged,None above +0.5 SD,None,0,Core services only,-0.738,-0.167,-0.857,-0.499,-1.505,-1.187
NG-RIV-691,Rivers,Etche,5,Relatively advantaged,Mixed,Near-average,None above +0.5 SD,None,0,Core services only,-0.397,-0.497,-0.685,-0.846,-0.162,-0.702
NG-RIV-692,Rivers,Gokana,4,Near-average,Intermediate,Relatively advantaged,None above +0.5 SD,None,0,Core services only,-0.954,-0.034,-0.759,-0.721,-1.505,-1.38
NG-RIV-693,Rivers,Ikwerre,4,Near-average,Mixed,Relatively advantaged,Insecurity,None,0,Core services only,-0.387,-0.442,-0.78,-0.753,0.563,-0.984
NG-RIV-694,Rivers,Khana,5,Relatively advantaged,Mixed,Near-average,Insecurity,None,0,Core services only,-0.908,0.124,-0.552,-0.66,0.592,-1.168
NG-RIV-695,Rivers,Obio/Akpor,4,Near-average,Mixed,Relatively advantaged,None above +0.5 SD,None,0,Core services only,-1.745,-0.659,-0.991,-1.023,-1.505,-1.444
NG-RIV-696,Rivers,Ogba/Egbema/Ndoni,4,Near-average,Intermediate,Relatively advantaged,None above +0.5 SD,None,0,Core services only,0.16,-0.148,-0.717,-0.423,-1.505,-0.721
NG-RIV-697,Rivers,Ogu/Bolo,4,Near-average,Intermediate,Geographically isolated,None above +0.5 SD,Access,1,Outreach and mobile sessions,-0.265,0.133,-0.88,0.423,-1.505,-1.321
NG-RIV-698,Rivers,Okrika,3,Geographically isolated,Clear,Near-average,Access,Access,1,Outreach and mobile sessions,-0.873,0.228,-0.888,2.863,-0.075,-1.458
NG-RIV-699,Rivers,Omumma,5,Relatively advantaged,Mixed,Near-average,None above +0.5 SD,None,0,Core services only,-0.545,-0.548,-0.657,-0.904,-0.492,-0.255
NG-RIV-700,Rivers,Opobo/Nkoro,4,Near-average,Clear,Geographically isolated,None above +0.5 SD,None,0,Core services only,-0.297,0.338,-0.443,0.164,-1.505,-1.116
NG-RIV-701,Rivers,Oyigbo,5,Relatively advantaged,Intermediate,Near-average,None above +0.5 SD,None,0,Core services only,-0.921,-0.25,-0.675,-0.869,-0.066,-1.119
NG-RIV-702,Rivers,Port-Harcourt,5,Relatively advantaged,Clear,Near-average,Insecurity,Insecurity,1,Security-sensitive access,-0.804,-0.628,-1.107,-0.973,1.397,-1.647
NG-RIV-703,Rivers,Tai,4,Near-average,Intermediate,Relatively advantaged,None above +0.5 SD,None,0,Core services only,-0.734,-0.174,-0.598,-1.016,-0.66,-1.245
NG-SOK-704,Sokoto,Binji,2,"Low maternal care, high conflict exposure",Mixed,Deprived northern rural,Programme (dropout),"Maternal care, Nutrition, Access, Programme (dropout)",4,Defaulter tracing and reminder-recall; Maternal and child health integration; Nutrition co-delivery; Outreach and mobile sessions,0.465,1.475,1.133,1.57,0.361,2.488
NG-SOK-705,Sokoto,Bodinga,1,Deprived northern rural,Intermediate,"Low maternal care, high conflict exposure",Programme (dropout),"Maternal care, Nutrition, Access, Programme (dropout)",4,Defaulter tracing and reminder-recall; Maternal and child health integration; Nutrition co-delivery; Outreach and mobile sessions,0.442,1.338,1.083,0.735,-0.376,2.072
NG-SOK-706,Sokoto,Dange-Shuni,2,"Low maternal care, high conflict exposure",Mixed,Deprived northern rural,Programme (dropout),"Maternal care, Nutrition, Access, Programme (dropout)",4,Defaulter tracing and reminder-recall; Maternal and child health integration; Nutrition co-delivery; Outreach and mobile sessions,0.651,1.393,0.981,1.308,-0.247,1.958
NG-SOK-707,Sokoto,Gada,2,"Low maternal care, high conflict exposure",Intermediate,Deprived northern rural,Programme (dropout),"Maternal care, Programme (dropout)",2,Defaulter tracing and reminder-recall; Maternal and child health integration,0.561,1.122,0.542,0.411,0.385,2.134
NG-SOK-708,Sokoto,Goronyo,2,"Low maternal care, high conflict exposure",Clear,Deprived northern rural,Programme (dropout),"Socioeconomic, Maternal care, Access, Insecurity, Programme (dropout)",5,Defaulter tracing and reminder-recall; Demand generation and indirect-cost support; Maternal and child health integration; Outreach and mobile sessions; Security-sensitive access,0.769,1.254,0.6,1.007,1.566,2.136
NG-SOK-709,Sokoto,Gudu,2,"Low maternal care, high conflict exposure",Intermediate,Deprived northern rural,Maternal care,"Maternal care, Nutrition, Access, Programme (dropout)",4,Defaulter tracing and reminder-recall; Maternal and child health integration; Nutrition co-delivery; Outreach and mobile sessions,0.545,1.558,1.015,1.544,0.318,1.076
NG-SOK-710,Sokoto,Gwadabawa,2,"Low maternal care, high conflict exposure",Clear,Deprived northern rural,Programme (dropout),"Maternal care, Access, Insecurity, Programme (dropout)",4,Defaulter tracing and reminder-recall; Maternal and child health integration; Outreach and mobile sessions; Security-sensitive access,0.616,1.18,0.727,0.747,0.998,2.52
NG-SOK-711,Sokoto,Illela,2,"Low maternal care, high conflict exposure",Clear,Deprived northern rural,Programme (dropout),"Socioeconomic, Maternal care, Access, Insecurity, Programme (dropout)",5,Defaulter tracing and reminder-recall; Demand generation and indirect-cost support; Maternal and child health integration; Outreach and mobile sessions; Security-sensitive access,0.725,1.086,0.48,0.828,1.322,2.275
NG-SOK-712,Sokoto,Isa,2,"Low maternal care, high conflict exposure",Clear,Deprived northern rural,Maternal care,"Socioeconomic, Maternal care, Access, Insecurity, Programme (dropout)",5,Defaulter tracing and reminder-recall; Demand generation and indirect-cost support; Maternal and child health integration; Outreach and mobile sessions; Security-sensitive access,0.846,1.398,0.568,0.527,1.209,1.283
NG-SOK-713,Sokoto,Kebbe,1,Deprived northern rural,Clear,"Low maternal care, high conflict exposure",Access,"Maternal care, Nutrition, Access",3,Maternal and child health integration; Nutrition co-delivery; Outreach and mobile sessions,0.369,1.481,1.273,1.525,-0.973,0.549
NG-SOK-714,Sokoto,Kware,2,"Low maternal care, high conflict exposure",Mixed,Deprived northern rural,Programme (dropout),"Maternal care, Access, Programme (dropout)",3,Defaulter tracing and reminder-recall; Maternal and child health integration; Outreach and mobile sessions,0.547,1.183,0.828,0.532,0.221,2.37
NG-SOK-715,Sokoto,Rabah,2,"Low maternal care, high conflict exposure",Clear,Deprived northern rural,Access,"Socioeconomic, Maternal care, Access, Insecurity, Programme (dropout)",5,Defaulter tracing and reminder-recall; Demand generation and indirect-cost support; Maternal and child health integration; Outreach and mobile sessions; Security-sensitive access,0.714,1.507,0.904,1.604,1.381,1.598
NG-SOK-716,Sokoto,Sabon Birni,2,"Low maternal care, high conflict exposure",Clear,Deprived northern rural,Insecurity,"Socioeconomic, Maternal care, Insecurity, Programme (dropout)",4,Defaulter tracing and reminder-recall; Demand generation and indirect-cost support; Maternal and child health integration; Security-sensitive access,0.757,1.318,0.483,-0.116,2.094,1.719
NG-SOK-717,Sokoto,Shagari,1,Deprived northern rural,Clear,"Low maternal care, high conflict exposure",Programme (dropout),"Maternal care, Nutrition, Access, Programme (dropout)",4,Defaulter tracing and reminder-recall; Maternal and child health integration; Nutrition co-delivery; Outreach and mobile sessions,0.616,1.421,1.269,1.24,-1.239,2.007
NG-SOK-718,Sokoto,Silame,1,Deprived northern rural,Intermediate,"Low maternal care, high conflict exposure",Programme (dropout),"Maternal care, Nutrition, Access, Programme (dropout)",4,Defaulter tracing and reminder-recall; Maternal and child health integration; Nutrition co-delivery; Outreach and mobile sessions,0.265,1.423,1.296,0.764,-0.555,1.869
NG-SOK-719,Sokoto,Sokoto North,2,"Low maternal care, high conflict exposure",Mixed,Geographically isolated,Programme (dropout),Programme (dropout),1,Defaulter tracing and reminder-recall,-0.991,0.276,0.461,-0.969,0.486,2.271
NG-SOK-720,Sokoto,Sokoto South,2,"Low maternal care, high conflict exposure",Mixed,Deprived northern rural,Programme (dropout),Programme (dropout),1,Defaulter tracing and reminder-recall,-0.645,0.433,0.528,-0.637,-0.66,1.723
NG-SOK-721,Sokoto,Tambuwal,1,Deprived northern rural,Clear,"Low maternal care, high conflict exposure",Programme (dropout),"Maternal care, Nutrition, Access, Programme (dropout)",4,Defaulter tracing and reminder-recall; Maternal and child health integration; Nutrition co-delivery; Outreach and mobile sessions,0.456,1.328,1.402,1.164,-0.422,1.504
NG-SOK-722,Sokoto,Tangaza,2,"Low maternal care, high conflict exposure",Intermediate,Deprived northern rural,Programme (dropout),"Socioeconomic, Maternal care, Nutrition, Access, Insecurity, Programme (dropout)",6,Defaulter tracing and reminder-recall; Demand generation and indirect-cost support; Maternal and child health integration; Nutrition co-delivery; Outreach and mobile sessions; Security-sensitive access,0.838,1.528,0.99,1.177,1.022,2.302
NG-SOK-723,Sokoto,Tureta,2,"Low maternal care, high conflict exposure",Mixed,Deprived northern rural,Access,"Maternal care, Nutrition, Access, Programme (dropout)",4,Defaulter tracing and reminder-recall; Maternal and child health integration; Nutrition co-delivery; Outreach and mobile sessions,0.469,1.523,1.138,2.225,0.46,1.526
NG-SOK-724,Sokoto,Wamako,2,"Low maternal care, high conflict exposure",Clear,Deprived northern rural,Programme (dropout),"Maternal care, Programme (dropout)",2,Defaulter tracing and reminder-recall; Maternal and child health integration,-0.004,0.889,0.499,0.468,0.325,2.064
NG-SOK-725,Sokoto,Wurno,2,"Low maternal care, high conflict exposure",Clear,Deprived northern rural,Programme (dropout),"Maternal care, Access, Insecurity, Programme (dropout)",4,Defaulter tracing and reminder-recall; Maternal and child health integration; Outreach and mobile sessions; Security-sensitive access,0.498,1.219,0.682,0.666,0.744,2.28
NG-SOK-726,Sokoto,Yabo,1,Deprived northern rural,Clear,"Low maternal care, high conflict exposure",Programme (dropout),"Socioeconomic, Maternal care, Nutrition, Access, Programme (dropout)",5,Defaulter tracing and reminder-recall; Demand generation and indirect-cost support; Maternal and child health integration; Nutrition co-delivery; Outreach and mobile sessions,1.51,1.364,1.35,1.039,-0.578,1.997
NG-TAR-727,Taraba,Ardo-Kola,2,"Low maternal care, high conflict exposure",Mixed,Geographically isolated,Programme (dropout),Programme (dropout),1,Defaulter tracing and reminder-recall,0.525,0.51,0.016,0.443,0.448,1.79
NG-TAR-728,Taraba,Bali,2,"Low maternal care, high conflict exposure",Intermediate,Geographically isolated,Programme (dropout),"Socioeconomic, Maternal care, Access, Insecurity, Programme (dropout)",5,Defaulter tracing and reminder-recall; Demand generation and indirect-cost support; Maternal and child health integration; Outreach and mobile sessions; Security-sensitive access,0.819,0.621,0.077,1.517,1.086,2.297
NG-TAR-729,Taraba,Donga,2,"Low maternal care, high conflict exposure",Mixed,Geographically isolated,Programme (dropout),"Socioeconomic, Programme (dropout)",2,Defaulter tracing and reminder-recall; Demand generation and indirect-cost support,0.854,0.206,-0.222,0.169,0.44,1.704
NG-TAR-730,Taraba,Gashaka,3,Geographically isolated,Clear,"Low maternal care, high conflict exposure",Access,"Socioeconomic, Maternal care, Access, Programme (dropout)",4,Defaulter tracing and reminder-recall; Demand generation and indirect-cost support; Maternal and child health integration; Outreach and mobile sessions,1.085,0.658,-0.092,3.017,-0.624,1.206
NG-TAR-731,Taraba,Gassol,2,"Low maternal care, high conflict exposure",Clear,Geographically isolated,Programme (dropout),"Socioeconomic, Maternal care, Access, Insecurity, Programme (dropout)",5,Defaulter tracing and reminder-recall; Demand generation and indirect-cost support; Maternal and child health integration; Outreach and mobile sessions; Security-sensitive access,0.744,0.995,0.201,1.27,1.243,1.814
NG-TAR-732,Taraba,Ibi,2,"Low maternal care, high conflict exposure",Mixed,Geographically isolated,Access,"Socioeconomic, Maternal care, Access",3,Demand generation and indirect-cost support; Maternal and child health integration; Outreach and mobile sessions,0.789,0.798,-0.149,0.818,-0.69,0.615
NG-TAR-733,Taraba,Jalingo,2,"Low maternal care, high conflict exposure",Mixed,Geographically isolated,Programme (dropout),"Insecurity, Programme (dropout)",2,Defaulter tracing and reminder-recall; Security-sensitive access,0.31,0.132,-0.087,-0.071,0.86,1.665
NG-TAR-734,Taraba,Karim-Lamido,2,"Low maternal care, high conflict exposure",Clear,Geographically isolated,Programme (dropout),"Socioeconomic, Maternal care, Access, Insecurity, Programme (dropout)",5,Defaulter tracing and reminder-recall; Demand generation and indirect-cost support; Maternal and child health integration; Outreach and mobile sessions; Security-sensitive access,0.796,0.775,0.063,1.106,1.04,1.278
NG-TAR-735,Taraba,Kurmi,3,Geographically isolated,Clear,"Low maternal care, high conflict exposure",Access,"Socioeconomic, Access, Programme (dropout)",3,Defaulter tracing and reminder-recall; Demand generation and indirect-cost support; Outreach and mobile sessions,0.707,0.208,-0.252,2.742,0.066,1.62
NG-TAR-736,Taraba,Lau,2,"Low maternal care, high conflict exposure",Mixed,Geographically isolated,Programme (dropout),"Socioeconomic, Access, Programme (dropout)",3,Defaulter tracing and reminder-recall; Demand generation and indirect-cost support; Outreach and mobile sessions,0.799,0.436,0.027,0.52,0.319,1.017
NG-TAR-737,Taraba,Sardauna,2,"Low maternal care, high conflict exposure",Mixed,Geographically isolated,Programme (dropout),"Access, Programme (dropout)",2,Defaulter tracing and reminder-recall; Outreach and mobile sessions,0.628,0.563,-0.349,1.651,0.125,1.668
NG-TAR-738,Taraba,Takum,4,Near-average,Mixed,Geographically isolated,Insecurity,"Access, Insecurity",2,Outreach and mobile sessions; Security-sensitive access,0.565,0.073,-0.4,0.428,1.508,0.326
NG-TAR-739,Taraba,Ussa,4,Near-average,Intermediate,Geographically isolated,Insecurity,Insecurity,1,Security-sensitive access,0.391,-0.052,-0.436,-0.109,0.686,-0.096
NG-TAR-740,Taraba,Wukari,2,"Low maternal care, high conflict exposure",Mixed,Geographically isolated,Insecurity,"Insecurity, Programme (dropout)",2,Defaulter tracing and reminder-recall; Security-sensitive access,0.591,0.451,-0.402,-0.038,1.15,0.996
NG-TAR-741,Taraba,Yorro,2,"Low maternal care, high conflict exposure",Mixed,Geographically isolated,Programme (dropout),"Socioeconomic, Access, Programme (dropout)",3,Defaulter tracing and reminder-recall; Demand generation and indirect-cost support; Outreach and mobile sessions,0.697,0.436,-0.029,1.308,0.377,1.685
NG-TAR-742,Taraba,Zing,2,"Low maternal care, high conflict exposure",Mixed,Geographically isolated,Programme (dropout),"Access, Programme (dropout)",2,Defaulter tracing and reminder-recall; Outreach and mobile sessions,0.569,0.089,0.07,0.639,-0.376,1.143
NG-YOB-743,Yobe,Bade,1,Deprived northern rural,Clear,"Low maternal care, high conflict exposure",Nutrition,"Socioeconomic, Maternal care, Nutrition, Access, Programme (dropout)",5,Defaulter tracing and reminder-recall; Demand generation and indirect-cost support; Maternal and child health integration; Nutrition co-delivery; Outreach and mobile sessions,1.23,1.336,1.469,0.742,-0.306,1.053
NG-YOB-744,Yobe,Busari,1,Deprived northern rural,Clear,"Low maternal care, high conflict exposure",Nutrition,"Socioeconomic, Maternal care, Nutrition, Access, Programme (dropout)",5,Defaulter tracing and reminder-recall; Demand generation and indirect-cost support; Maternal and child health integration; Nutrition co-delivery; Outreach and mobile sessions,1.129,1.383,1.483,1.092,-0.097,1.222
NG-YOB-745,Yobe,Damaturu,2,"Low maternal care, high conflict exposure",Clear,Deprived northern rural,Programme (dropout),"Maternal care, Access, Insecurity, Programme (dropout)",4,Defaulter tracing and reminder-recall; Maternal and child health integration; Outreach and mobile sessions; Security-sensitive access,0.636,1.149,0.906,1.086,0.767,1.189
NG-YOB-746,Yobe,Fika,1,Deprived northern rural,Intermediate,"Low maternal care, high conflict exposure",Maternal care,"Socioeconomic, Maternal care, Nutrition, Access, Programme (dropout)",5,Defaulter tracing and reminder-recall; Demand generation and indirect-cost support; Maternal and child health integration; Nutrition co-delivery; Outreach and mobile sessions,1.289,1.517,1.238,1.097,-0.221,0.946
NG-YOB-747,Yobe,Fune,1,Deprived northern rural,Clear,"Low maternal care, high conflict exposure",Access,"Socioeconomic, Maternal care, Nutrition, Access, Programme (dropout)",5,Defaulter tracing and reminder-recall; Demand generation and indirect-cost support; Maternal and child health integration; Nutrition co-delivery; Outreach and mobile sessions,1.311,1.617,1.38,1.641,-1.041,1.262
NG-YOB-748,Yobe,Geidam,2,"Low maternal care, high conflict exposure",Clear,Deprived northern rural,Nutrition,"Socioeconomic, Maternal care, Nutrition, Access, Insecurity, Programme (dropout)",6,Defaulter tracing and reminder-recall; Demand generation and indirect-cost support; Maternal and child health integration; Nutrition co-delivery; Outreach and mobile sessions; Security-sensitive access,1.172,1.331,1.388,0.975,1.282,0.773
NG-YOB-749,Yobe,Gujba,2,"Low maternal care, high conflict exposure",Clear,Deprived northern rural,Insecurity,"Socioeconomic, Maternal care, Nutrition, Access, Insecurity, Programme (dropout)",6,Defaulter tracing and reminder-recall; Demand generation and indirect-cost support; Maternal and child health integration; Nutrition co-delivery; Outreach and mobile sessions; Security-sensitive access,0.983,1.187,0.967,1.778,1.974,0.844
NG-YOB-750,Yobe,Gulani,1,Deprived northern rural,Clear,"Low maternal care, high conflict exposure",Maternal care,"Socioeconomic, Maternal care, Nutrition, Access",4,Demand generation and indirect-cost support; Maternal and child health integration; Nutrition co-delivery; Outreach and mobile sessions,0.723,1.404,0.973,1.121,-1.505,0.492
NG-YOB-751,Yobe,Jakusko,1,Deprived northern rural,Clear,"Low maternal care, high conflict exposure",Nutrition,"Socioeconomic, Maternal care, Nutrition, Access",4,Demand generation and indirect-cost support; Maternal and child health integration; Nutrition co-delivery; Outreach and mobile sessions,1.404,1.522,1.541,1.08,-1.083,0.492
NG-YOB-752,Yobe,Karasuwa,1,Deprived northern rural,Clear,"Low maternal care, high conflict exposure",Programme (dropout),"Socioeconomic, Maternal care, Nutrition, Programme (dropout)",4,Defaulter tracing and reminder-recall; Demand generation and indirect-cost support; Maternal and child health integration; Nutrition co-delivery,1.22,1.171,1.42,0.323,-0.77,1.46
NG-YOB-753,Yobe,Machina,1,Deprived northern rural,Clear,"Low maternal care, high conflict exposure",Nutrition,"Socioeconomic, Maternal care, Nutrition, Access, Programme (dropout)",5,Defaulter tracing and reminder-recall; Demand generation and indirect-cost support; Maternal and child health integration; Nutrition co-delivery; Outreach and mobile sessions,1.279,1.241,1.73,-0.13,-1.505,1.196
NG-YOB-754,Yobe,Nangere,1,Deprived northern rural,Clear,"Low maternal care, high conflict exposure",Maternal care,"Socioeconomic, Maternal care, Nutrition, Access, Programme (dropout)",5,Defaulter tracing and reminder-recall; Demand generation and indirect-cost support; Maternal and child health integration; Nutrition co-delivery; Outreach and mobile sessions,1.342,1.442,1.253,0.649,-1.505,0.986
NG-YOB-755,Yobe,Nguru,1,Deprived northern rural,Clear,"Low maternal care, high conflict exposure",Nutrition,"Socioeconomic, Maternal care, Nutrition, Programme (dropout)",4,Defaulter tracing and reminder-recall; Demand generation and indirect-cost support; Maternal and child health integration; Nutrition co-delivery,0.809,0.967,1.348,-0.526,-1.505,0.979
NG-YOB-756,Yobe,Potiskum,1,Deprived northern rural,Clear,"Low maternal care, high conflict exposure",Maternal care,"Socioeconomic, Maternal care, Nutrition, Access, Programme (dropout)",5,Defaulter tracing and reminder-recall; Demand generation and indirect-cost support; Maternal and child health integration; Nutrition co-delivery; Outreach and mobile sessions,0.985,1.299,1.174,0.841,-0.462,1.03
NG-YOB-757,Yobe,Tarmuwa,2,"Low maternal care, high conflict exposure",Intermediate,Deprived northern rural,Access,"Socioeconomic, Maternal care, Nutrition, Access, Insecurity",5,Demand generation and indirect-cost support; Maternal and child health integration; Nutrition co-delivery; Outreach and mobile sessions; Security-sensitive access,1.053,1.48,1.428,1.537,0.759,0.627
NG-YOB-758,Yobe,Yunusari,2,"Low maternal care, high conflict exposure",Mixed,Deprived northern rural,Programme (dropout),"Socioeconomic, Maternal care, Nutrition, Programme (dropout)",4,Defaulter tracing and reminder-recall; Demand generation and indirect-cost support; Maternal and child health integration; Nutrition co-delivery,1.28,1.266,1.544,0.455,0.552,1.916
NG-YOB-759,Yobe,Yusufari,1,Deprived northern rural,Clear,"Low maternal care, high conflict exposure",Programme (dropout),"Socioeconomic, Maternal care, Nutrition, Access, Programme (dropout)",5,Defaulter tracing and reminder-recall; Demand generation and indirect-cost support; Maternal and child health integration; Nutrition co-delivery; Outreach and mobile sessions,1.229,1.281,1.646,1.358,-1.505,2.05
NG-ZAM-760,Zamfara,Anka,2,"Low maternal care, high conflict exposure",Clear,Deprived northern rural,Insecurity,"Socioeconomic, Maternal care, Nutrition, Access, Insecurity",5,Demand generation and indirect-cost support; Maternal and child health integration; Nutrition co-delivery; Outreach and mobile sessions; Security-sensitive access,1.21,1.46,0.946,1.009,1.749,0.477
NG-ZAM-761,Zamfara,Bakura,2,"Low maternal care, high conflict exposure",Clear,Deprived northern rural,Access,"Socioeconomic, Maternal care, Access, Insecurity, Programme (dropout)",5,Defaulter tracing and reminder-recall; Demand generation and indirect-cost support; Maternal and child health integration; Outreach and mobile sessions; Security-sensitive access,0.88,1.568,0.681,1.783,1.319,0.973
NG-ZAM-762,Zamfara,Birnin Magaji,2,"Low maternal care, high conflict exposure",Clear,Deprived northern rural,Maternal care,"Socioeconomic, Maternal care, Nutrition, Insecurity, Programme (dropout)",5,Defaulter tracing and reminder-recall; Demand generation and indirect-cost support; Maternal and child health integration; Nutrition co-delivery; Security-sensitive access,1.125,1.45,0.95,0.476,1.226,1.181
NG-ZAM-763,Zamfara,Bukkuyum,2,"Low maternal care, high conflict exposure",Clear,Deprived northern rural,Insecurity,"Socioeconomic, Maternal care, Nutrition, Access, Insecurity, Programme (dropout)",6,Defaulter tracing and reminder-recall; Demand generation and indirect-cost support; Maternal and child health integration; Nutrition co-delivery; Outreach and mobile sessions; Security-sensitive access,1.11,1.52,1.019,1.412,2.032,0.735
NG-ZAM-764,Zamfara,Bungudu,2,"Low maternal care, high conflict exposure",Clear,Deprived northern rural,Insecurity,"Socioeconomic, Maternal care, Nutrition, Access, Insecurity",5,Demand generation and indirect-cost support; Maternal and child health integration; Nutrition co-delivery; Outreach and mobile sessions; Security-sensitive access,1.174,1.371,0.949,0.52,1.901,0.282
NG-ZAM-765,Zamfara,Gummi,2,"Low maternal care, high conflict exposure",Clear,Deprived northern rural,Access,"Socioeconomic, Maternal care, Nutrition, Access, Insecurity, Programme (dropout)",6,Defaulter tracing and reminder-recall; Demand generation and indirect-cost support; Maternal and child health integration; Nutrition co-delivery; Outreach and mobile sessions; Security-sensitive access,0.951,1.459,1.08,1.711,1.141,0.92
NG-ZAM-766,Zamfara,Gusau,2,"Low maternal care, high conflict exposure",Clear,Deprived northern rural,Insecurity,"Socioeconomic, Maternal care, Access, Insecurity",4,Demand generation and indirect-cost support; Maternal and child health integration; Outreach and mobile sessions; Security-sensitive access,0.842,1.21,0.7,0.991,2.132,0.403
NG-ZAM-767,Zamfara,Kaura Namoda,2,"Low maternal care, high conflict exposure",Clear,Deprived northern rural,Insecurity,"Socioeconomic, Maternal care, Nutrition, Insecurity, Programme (dropout)",5,Defaulter tracing and reminder-recall; Demand generation and indirect-cost support; Maternal and child health integration; Nutrition co-delivery; Security-sensitive access,1.052,1.47,0.934,0.082,1.717,1.175
NG-ZAM-768,Zamfara,Maradun,2,"Low maternal care, high conflict exposure",Clear,Deprived northern rural,Insecurity,"Socioeconomic, Maternal care, Access, Insecurity, Programme (dropout)",5,Defaulter tracing and reminder-recall; Demand generation and indirect-cost support; Maternal and child health integration; Outreach and mobile sessions; Security-sensitive access,1.058,1.623,0.817,1.474,2.104,0.805
NG-ZAM-769,Zamfara,Maru,2,"Low maternal care, high conflict exposure",Clear,Deprived northern rural,Insecurity,"Socioeconomic, Maternal care, Nutrition, Access, Insecurity, Programme (dropout)",6,Defaulter tracing and reminder-recall; Demand generation and indirect-cost support; Maternal and child health integration; Nutrition co-delivery; Outreach and mobile sessions; Security-sensitive access,1.109,1.202,0.991,1.322,2.405,0.796
NG-ZAM-770,Zamfara,Shinkafi,2,"Low maternal care, high conflict exposure",Clear,Deprived northern rural,Insecurity,"Socioeconomic, Maternal care, Insecurity, Programme (dropout)",4,Defaulter tracing and reminder-recall; Demand generation and indirect-cost support; Maternal and child health integration; Security-sensitive access,0.886,1.452,0.668,0.277,1.489,1.17
NG-ZAM-771,Zamfara,Talata Mafara,2,"Low maternal care, high conflict exposure",Clear,Deprived northern rural,Maternal care,"Socioeconomic, Maternal care, Access, Insecurity",4,Demand generation and indirect-cost support; Maternal and child health integration; Outreach and mobile sessions; Security-sensitive access,1.161,1.532,0.861,1.03,1.456,0.511
NG-ZAM-772,Zamfara,Tsafe,2,"Low maternal care, high conflict exposure",Clear,Deprived northern rural,Insecurity,"Socioeconomic, Maternal care, Nutrition, Access, Insecurity",5,Demand generation and indirect-cost support; Maternal and child health integration; Nutrition co-delivery; Outreach and mobile sessions; Security-sensitive access,1.121,1.206,1.231,0.854,2.055,0.34
NG-ZAM-773,Zamfara,Zurmi,2,"Low maternal care, high conflict exposure",Clear,Deprived northern rural,Insecurity,"Socioeconomic, Maternal care, Nutrition, Access, Insecurity, Programme (dropout)",6,Defaulter tracing and reminder-recall; Demand generation and indirect-cost support; Maternal and child health integration; Nutrition co-delivery; Outreach and mobile sessions; Security-sensitive access,1.092,1.502,0.968,0.628,1.973,1.379
