state,zone,lga,antigen,baseline_2024,obs_2025_pct,lowest_forecast_pct,month_of_lowest,flag,decline_visible_2025,severity
Akwa Ibom,South South,ak Etinan Local Government Area,Penta1,1979.6,31.0,1.8,2026-07,True,True,Critical (0-40%)
Akwa Ibom,South South,ak Oruk Anam Local Government Area,Penta1,1965.2,37.6,13.2,2026-07,True,True,Critical (0-40%)
Borno,North East,bo Bama Local Government Area,Measles1,2058.5,37.6,63.8,2026-11,True,True,Severe (40-70%)
Oyo,South West,oy Ibadan North Local Government Area,Measles1,1427.8,38.3,24.5,2026-06,True,True,Critical (0-40%)
Anambra,South East,an Ihiala Local Government Area,Penta1,2397.5,38.7,56.2,2026-07,True,True,Severe (40-70%)
Lagos,South West,la Alimosho Local Government Area,Measles1,9717.8,41.6,31.6,2026-10,True,True,Critical (0-40%)
Oyo,South West,oy Saki West Local Government Area,Measles1,2332.6,43.9,50.6,2026-10,True,True,Severe (40-70%)
Akwa Ibom,South South,ak Uyo Local Government Area,Penta1,2859.2,43.9,32.3,2026-07,True,True,Critical (0-40%)
Anambra,South East,an Ihiala Local Government Area,Penta3,1984.2,45.7,56.8,2026-12,True,True,Severe (40-70%)
Osun,South West,os Oriade Local Government Area,Measles1,627.5,46.3,44.2,2026-07,True,True,Severe (40-70%)
Oyo,South West,oy Ibarapa East Local Government Area,Measles1,1090.2,47.7,39.7,2026-07,True,True,Critical (0-40%)
Oyo,South West,oy Itesiwaju Local Government Area,Measles1,1088.7,50.5,58.6,2026-10,True,True,Severe (40-70%)
Edo,South South,ed Etsako Central Local Government Area,Measles1,731.6,51.8,61.6,2026-07,True,True,Severe (40-70%)
Imo,South East,im Ngor-Okpala Local Government Area,Penta1,1882.2,51.9,33.2,2026-07,True,True,Critical (0-40%)
Ekiti,South West,ek Ekiti East Local Government Area,Measles1,1118.0,52.4,57.3,2026-07,True,True,Severe (40-70%)
Delta,South South,de Ethiope West Local Government Area,Measles1,1484.8,54.7,57.8,2026-07,True,True,Severe (40-70%)
Osun,South West,os Isokan Local Government Area,Measles1,591.5,55.1,52.6,2026-07,True,True,Severe (40-70%)
Oyo,South West,oy Saki East Local Government Area,Measles1,1177.2,56.5,39.0,2026-10,True,True,Critical (0-40%)
Ebonyi,South East,eb Onicha Local Government Area,Penta3,1070.9,56.7,48.3,2026-07,True,True,Severe (40-70%)
Ebonyi,South East,eb Onicha Local Government Area,Penta1,1133.3,57.8,47.3,2026-07,True,True,Severe (40-70%)
Oyo,South West,oy Ibadan North West Local Government Area,Measles1,714.2,58.6,59.1,2026-09,True,True,Severe (40-70%)
Ondo,South West,on Odigbo Local Government Area,Measles1,2207.5,60.6,63.1,2026-06,True,True,Severe (40-70%)
Kogi,North Central,ko Bassa Local Government Area,Measles1,624.6,60.7,-74.8,2026-11,True,True,Unstable (<0%)
Anambra,South East,an Dunukofia Local Government Area,Penta3,606.2,61.1,38.4,2026-12,True,True,Critical (0-40%)
Ebonyi,South East,eb Onicha Local Government Area,BCG,1107.8,61.5,71.7,2026-12,True,True,Warning (70-80%)
Abia,South East,ab Ukwa West Local Government Area,BCG,744.3,63.0,26.3,2026-10,True,True,Critical (0-40%)
Ebonyi,South East,eb Onicha Local Government Area,Measles1,1120.2,63.9,72.3,2026-10,True,True,Warning (70-80%)
FCT,North Central,fc Abuja Municipal Area Council,BCG,4523.8,64.1,55.5,2026-06,True,True,Severe (40-70%)
Imo,South East,im Onuimo Local Government Area,Penta3,532.1,64.3,56.9,2026-09,True,True,Severe (40-70%)
Bayelsa,South South,by Brass Local Government Area,Measles1,896.9,64.8,59.8,2026-11,True,True,Severe (40-70%)
Kogi,North Central,ko Idah Local Government Area,Measles1,464.6,65.6,16.0,2026-10,True,True,Critical (0-40%)
FCT,North Central,fc Gwagwalada Local Government Area,Measles1,1138.7,65.6,53.4,2026-12,True,True,Severe (40-70%)
Anambra,South East,an Ogbaru Local Government Area,BCG,1654.7,65.9,57.2,2026-12,True,True,Severe (40-70%)
Kano,North West,kn Makoda Local Government Area,Measles1,783.8,66.0,35.8,2026-12,True,True,Critical (0-40%)
Osun,South West,os Ila Local Government Area,Penta3,357.8,66.6,69.5,2026-12,True,True,Severe (40-70%)
Kogi,North Central,ko Ofu Local Government Area,Measles1,487.6,66.6,11.2,2026-09,True,True,Critical (0-40%)
Katsina,North West,kt Sabuwa Local Government Area,BCG,900.8,66.6,14.0,2026-06,True,True,Critical (0-40%)
FCT,North Central,fc Abuja Municipal Area Council,Penta1,4793.6,66.9,40.2,2026-06,True,True,Severe (40-70%)
Osun,South West,os Orolu Local Government Area,BCG,385.1,67.1,47.2,2026-10,True,True,Severe (40-70%)
Sokoto,North West,so Tureta Local Government Area,BCG,415.7,67.3,72.6,2026-12,True,True,Warning (70-80%)
Imo,South East,im Onuimo Local Government Area,Penta1,549.7,67.4,63.7,2026-09,True,True,Severe (40-70%)
Enugu,South East,en Igbo-Etiti Local Government Area,BCG,880.1,67.6,67.4,2026-08,True,True,Severe (40-70%)
Imo,South East,im Onuimo Local Government Area,Measles1,560.2,67.6,61.0,2026-09,True,True,Severe (40-70%)
Osun,South West,os Ife North Local Government Area,BCG,725.2,67.8,43.8,2026-12,True,True,Severe (40-70%)
Borno,North East,bo Bama Local Government Area,BCG,1773.5,67.9,56.7,2026-09,True,True,Severe (40-70%)
Benue,North Central,be Okpokwu Local Government Area,Penta1,958.6,68.2,48.6,2026-07,True,True,Severe (40-70%)
Osun,South West,os Ife North Local Government Area,Measles1,662.8,68.3,34.4,2026-12,True,True,Critical (0-40%)
Taraba,North East,ta Karim-Lamido Local Government Area,Measles1,1426.0,68.4,80.0,2026-09,True,True,Warning (70-80%)
Anambra,South East,an Ogbaru Local Government Area,Measles1,1321.9,68.8,63.9,2026-11,True,True,Severe (40-70%)
FCT,North Central,fc Abuja Municipal Area Council,Penta3,4499.5,69.2,69.1,2026-10,True,True,Severe (40-70%)
Anambra,South East,an Awka North Local Government Area,Measles1,776.8,69.3,68.1,2026-11,True,True,Severe (40-70%)
Oyo,South West,oy Oyo East Local Government Area,Measles1,666.8,69.4,35.5,2026-10,True,True,Critical (0-40%)
Lagos,South West,la Ifako/Ijaye Local Government Area,Measles1,2105.1,69.7,53.2,2026-12,True,True,Severe (40-70%)
Katsina,North West,kt Sabuwa Local Government Area,Measles1,736.6,70.1,4.3,2026-06,True,True,Critical (0-40%)
Enugu,South East,en Udenu Local Government Area,BCG,780.9,70.2,63.2,2026-12,True,True,Severe (40-70%)
Osun,South West,os Orolu Local Government Area,Measles1,287.6,70.3,41.3,2026-10,True,True,Severe (40-70%)
Kogi,North Central,ko Dekina Local Government Area,Measles1,1247.6,70.3,-15.6,2026-11,True,True,Unstable (<0%)
FCT,North Central,fc Gwagwalada Local Government Area,BCG,1272.0,70.3,55.2,2026-06,True,True,Severe (40-70%)
Osun,South West,os Ila Local Government Area,Measles1,236.1,70.3,59.3,2026-12,True,True,Severe (40-70%)
Osun,South West,os Boripe Local Government Area,Penta3,646.3,70.5,71.2,2026-12,True,True,Warning (70-80%)
Lagos,South West,la Shomolu Local Government Area,Penta1,1836.2,70.5,22.1,2026-09,True,True,Critical (0-40%)
Anambra,South East,an Ihiala Local Government Area,Measles1,2010.2,70.6,74.6,2026-09,True,True,Warning (70-80%)
Sokoto,North West,so Tureta Local Government Area,Penta1,464.1,71.3,55.6,2026-12,True,True,Severe (40-70%)
Oyo,South West,oy Iseyin Local Government Area,Penta3,827.9,71.5,24.2,2026-11,True,True,Critical (0-40%)
Plateau,North Central,pl Mangu Local Government Area,Measles1,1000.1,71.7,43.3,2026-06,True,True,Severe (40-70%)
Oyo,South West,oy Ogo Oluwa Local Government Area,Measles1,387.2,71.7,66.5,2026-07,True,True,Severe (40-70%)
Akwa Ibom,South South,ak Nsit Atai Local Government Area,Penta3,338.8,71.8,54.4,2026-07,True,True,Severe (40-70%)
Ondo,South West,on Odigbo Local Government Area,Penta3,1744.2,71.9,59.1,2026-12,True,True,Severe (40-70%)
Ondo,South West,on Odigbo Local Government Area,Penta1,1802.7,71.9,59.4,2026-12,True,True,Severe (40-70%)
Borno,North East,bo Mobbar Local Government Area,Measles1,512.1,72.0,54.6,2026-06,True,True,Severe (40-70%)
Enugu,South East,en Udenu Local Government Area,Measles1,675.4,72.1,55.2,2026-12,True,True,Severe (40-70%)
Imo,South East,im Onuimo Local Government Area,BCG,608.2,72.2,71.2,2026-09,True,True,Warning (70-80%)
Ondo,South West,on Akoko North East Local Government Area,Measles1,990.2,72.3,78.9,2026-07,True,True,Warning (70-80%)
Kogi,North Central,ko Ofu Local Government Area,BCG,479.1,72.3,12.2,2026-09,True,True,Critical (0-40%)
Lagos,South West,la Shomolu Local Government Area,BCG,1692.1,72.7,33.2,2026-12,True,True,Critical (0-40%)
Osun,South West,os Boripe Local Government Area,Penta1,658.3,72.7,56.3,2026-12,True,True,Severe (40-70%)
Sokoto,North West,so Gada Local Government Area,BCG,1107.3,72.8,77.1,2026-07,True,True,Warning (70-80%)
Ogun,South West,og Imeko Afon Local Government Area,Penta3,409.4,72.8,48.5,2026-12,True,True,Severe (40-70%)
Lagos,South West,la Surulere Local Government Area,Penta3,2006.4,73.0,19.2,2026-10,True,True,Critical (0-40%)
Lagos,South West,la Ojo Local Government Area,Penta3,2843.7,73.1,15.7,2026-09,True,True,Critical (0-40%)
Lagos,South West,la Shomolu Local Government Area,Penta3,1791.6,73.4,28.1,2026-11,True,True,Critical (0-40%)
Lagos,South West,la Surulere Local Government Area,Measles1,1581.2,73.5,-15.0,2026-09,True,True,Unstable (<0%)
Kano,North West,kn Dawakin Kudu Local Government Area,Measles1,967.2,73.5,38.6,2026-12,True,True,Critical (0-40%)
Abia,South East,ab Isiala-Ngwa South Local Government Area,Penta1,682.7,73.6,77.2,2026-09,True,True,Warning (70-80%)
Akwa Ibom,South South,ak Urue-Offong/Oruko Local Government Area,Penta3,319.4,73.6,55.1,2026-09,True,True,Severe (40-70%)
Oyo,South West,oy Surulere Local Government Area,Measles1,514.8,73.9,61.4,2026-12,True,True,Severe (40-70%)
Akwa Ibom,South South,ak Onna Local Government Area,Penta3,450.0,74.1,59.8,2026-11,True,True,Severe (40-70%)
Oyo,South West,oy Irepo Local Government Area,Measles1,635.7,74.1,34.9,2026-10,True,True,Critical (0-40%)
Ogun,South West,og Ikenne Local Government Area,Measles1,663.5,74.3,50.6,2026-07,True,True,Severe (40-70%)
Oyo,South West,oy Iwajowa Local Government Area,Measles1,534.5,74.5,44.8,2026-10,True,True,Severe (40-70%)
Cross River,South South,cr Akamkpa Local Government Area,BCG,1197.7,74.5,52.8,2026-12,True,True,Severe (40-70%)
Osun,South West,os Ife Central Local Government Area,BCG,832.1,74.5,73.4,2026-12,True,True,Warning (70-80%)
Katsina,North West,kt Daura Local Government Area,Penta1,1849.6,74.6,-164.2,2026-06,True,True,Unstable (<0%)
Lagos,South West,la Surulere Local Government Area,Penta1,1986.2,74.7,3.6,2026-09,True,True,Critical (0-40%)
FCT,North Central,fc Abaji Local Government Area,Penta3,791.2,74.7,62.3,2026-06,True,True,Severe (40-70%)
FCT,North Central,fc Abaji Local Government Area,BCG,616.9,74.8,47.6,2026-06,True,True,Severe (40-70%)
Enugu,South East,en Udenu Local Government Area,Penta3,945.2,74.8,69.1,2026-12,True,True,Severe (40-70%)
Imo,South East,im Ikeduru Local Government Area,Penta3,902.6,74.9,37.1,2026-07,True,True,Critical (0-40%)
Ogun,South West,og Ikenne Local Government Area,Penta1,654.7,75.0,70.1,2026-12,True,True,Warning (70-80%)
Ogun,South West,og Ijebu North Local Government Area,BCG,1665.6,75.1,56.4,2026-09,True,True,Severe (40-70%)
Abia,South East,ab Obi Nwga Local Government Area,BCG,982.0,75.2,60.1,2026-11,True,True,Severe (40-70%)
Benue,North Central,be Okpokwu Local Government Area,Penta3,772.3,75.4,68.1,2026-07,True,True,Severe (40-70%)
Ogun,South West,og Ikenne Local Government Area,BCG,650.0,75.4,56.4,2026-07,True,True,Severe (40-70%)
Osun,South West,os Ife North Local Government Area,Penta3,599.3,75.4,5.5,2026-12,True,True,Critical (0-40%)
Sokoto,North West,so Sabon Birni Local Government Area,BCG,1241.6,75.5,57.1,2026-08,True,True,Severe (40-70%)
Akwa Ibom,South South,ak Nsit Atai Local Government Area,Penta1,379.6,75.5,66.1,2026-07,True,True,Severe (40-70%)
Taraba,North East,ta Donga Local Government Area,Measles1,716.0,75.6,66.0,2026-11,True,True,Severe (40-70%)
Osun,South West,os Irewole Local Government Area,Measles1,406.3,75.6,78.9,2026-10,True,True,Warning (70-80%)
Lagos,South West,la Shomolu Local Government Area,Measles1,1488.9,75.6,21.5,2026-09,True,True,Critical (0-40%)
Cross River,South South,cr Odukpani Local Government Area,BCG,1361.2,75.7,77.9,2026-08,True,True,Warning (70-80%)
Sokoto,North West,so Kebbe Local Government Area,BCG,467.6,75.7,72.1,2026-08,True,True,Warning (70-80%)
Akwa Ibom,South South,ak Okobo Local Government Area,BCG,457.8,75.7,69.8,2026-12,True,True,Severe (40-70%)
Ogun,South West,og Ikenne Local Government Area,Penta3,623.3,75.8,63.2,2026-11,True,True,Severe (40-70%)
Osun,South West,os Ife East Local Government Area,Measles1,778.8,75.8,9.8,2026-09,True,True,Critical (0-40%)
Benue,North Central,be Oju Local Government Area,Penta1,934.0,75.8,62.4,2026-06,True,True,Severe (40-70%)
Anambra,South East,an Anaocha Local Government Area,Penta3,1339.4,75.9,58.5,2026-12,True,True,Severe (40-70%)
Enugu,South East,en Udenu Local Government Area,Penta1,1046.8,76.0,69.0,2026-12,True,True,Severe (40-70%)
Bauchi,North East,ba Bogoro Local Government Area,Penta1,698.9,76.0,54.0,2026-07,True,True,Severe (40-70%)
Delta,South South,de Ika North East Local Government Area,Penta3,842.7,76.2,55.3,2026-06,True,True,Severe (40-70%)
Ogun,South West,og Imeko Afon Local Government Area,Penta1,448.8,76.3,52.2,2026-12,True,True,Severe (40-70%)
Rivers,South South,ri Opobo/Nkoro Local Government Area,Penta3,787.8,76.4,63.0,2026-12,True,True,Severe (40-70%)
Osun,South West,os Boripe Local Government Area,Measles1,599.6,76.4,40.9,2026-12,True,True,Severe (40-70%)
FCT,North Central,fc Abaji Local Government Area,Penta1,781.5,76.4,58.7,2026-06,True,True,Severe (40-70%)
Osun,South West,os Ife Central Local Government Area,Penta3,931.6,76.5,69.1,2026-12,True,True,Severe (40-70%)
Oyo,South West,oy Iseyin Local Government Area,Penta1,891.6,76.5,31.2,2026-11,True,True,Critical (0-40%)
Anambra,South East,an Onitsha South Local Government Area,Penta1,1108.6,76.5,60.6,2026-11,True,True,Severe (40-70%)
Lagos,South West,la Ifako/Ijaye Local Government Area,BCG,2305.6,76.6,55.2,2026-11,True,True,Severe (40-70%)
Osun,South West,os Ife North Local Government Area,Penta1,625.1,76.7,16.3,2026-12,True,True,Critical (0-40%)
Osun,South West,os Orolu Local Government Area,Penta3,364.4,76.7,64.1,2026-10,True,True,Severe (40-70%)
Kano,North West,kn Wudil Local Government Area,Measles1,797.7,76.7,53.1,2026-11,True,True,Severe (40-70%)
Sokoto,North West,so Tureta Local Government Area,Penta3,423.1,76.9,65.9,2026-12,True,True,Severe (40-70%)
Gombe,North East,go Shongom Local Government Area,Measles1,403.6,76.9,55.7,2026-09,True,True,Severe (40-70%)
Osun,South West,os Irewole Local Government Area,Penta3,565.9,76.9,73.3,2026-12,True,True,Warning (70-80%)
Abia,South East,ab Osisioma Ngwa Local Government Area,BCG,1095.9,76.9,62.5,2026-12,True,True,Severe (40-70%)
Delta,South South,de Ika North East Local Government Area,Penta1,869.8,77.0,50.7,2026-06,True,True,Severe (40-70%)
FCT,North Central,fc Kwali Local Government Area,BCG,714.4,77.0,71.3,2026-06,True,True,Warning (70-80%)
Rivers,South South,ri Opobo/Nkoro Local Government Area,Penta1,841.1,77.0,68.6,2026-08,True,True,Severe (40-70%)
Osun,South West,os Boripe Local Government Area,BCG,727.2,77.1,72.9,2026-11,True,True,Warning (70-80%)
Katsina,North West,kt Kusada Local Government Area,Measles1,604.6,77.3,19.5,2026-09,True,True,Critical (0-40%)
Osun,South West,os Orolu Local Government Area,Penta1,375.4,77.4,65.4,2026-10,True,True,Severe (40-70%)
Anambra,South East,an Onitsha South Local Government Area,Measles1,1218.2,77.4,55.2,2026-11,True,True,Severe (40-70%)
Imo,South East,im Ikeduru Local Government Area,Penta1,1035.9,77.5,46.5,2026-07,True,True,Severe (40-70%)
Imo,South East,im Ihitte/Uboma Local Government Area,BCG,386.1,77.6,56.1,2026-10,True,True,Severe (40-70%)
Imo,South East,im Owerri West Local Government Area,Penta1,573.0,77.6,55.5,2026-10,True,True,Severe (40-70%)
Oyo,South West,oy Afijio Local Government Area,Measles1,620.8,77.7,44.8,2026-10,True,True,Severe (40-70%)
Oyo,South West,oy Ogbomosho South Local Government Area,Measles1,383.1,77.7,71.7,2026-10,True,True,Warning (70-80%)
Niger,North Central,ni Bosso Local Government Area,Measles1,1071.2,77.8,-63.1,2026-06,True,True,Unstable (<0%)
Osun,South West,os Ilesa West Local Government Area,Measles1,274.5,77.8,43.1,2026-11,True,True,Severe (40-70%)
Abia,South East,ab Isiala-Ngwa South Local Government Area,Penta3,632.5,77.9,79.8,2026-09,True,True,Warning (70-80%)
Anambra,South East,an Anaocha Local Government Area,Penta1,1352.5,78.0,57.2,2026-12,True,True,Severe (40-70%)
Osun,South West,os Irewole Local Government Area,Penta1,571.5,78.0,74.1,2026-12,True,True,Warning (70-80%)
Oyo,South West,oy Lagelu Local Government Area,BCG,565.1,78.0,44.9,2026-12,True,True,Severe (40-70%)
Ogun,South West,og Ijebu North Local Government Area,Measles1,1580.2,78.1,39.1,2026-09,True,True,Critical (0-40%)
Enugu,South East,en Igbo-Etiti Local Government Area,Measles1,729.5,78.1,77.1,2026-08,True,True,Warning (70-80%)
Osun,South West,os Ayedaade Local Government Area,Penta3,712.1,78.1,47.8,2026-12,True,True,Severe (40-70%)
Lagos,South West,la Surulere Local Government Area,BCG,1293.8,78.2,5.5,2026-12,True,True,Critical (0-40%)
Osun,South West,os Ilesa East Local Government Area,Measles1,270.2,78.2,58.2,2026-06,True,True,Severe (40-70%)
Osun,South West,os Ila Local Government Area,Penta1,330.1,78.2,56.6,2026-12,True,True,Severe (40-70%)
Lagos,South West,la Ifako/Ijaye Local Government Area,Penta3,2203.2,78.3,41.9,2026-11,True,True,Severe (40-70%)
Borno,North East,bo Mobbar Local Government Area,Penta3,453.9,78.4,58.9,2026-06,True,True,Severe (40-70%)
Osun,South West,os Boluwaduro Local Government Area,Penta1,367.1,78.5,44.8,2026-12,True,True,Severe (40-70%)
Oyo,South West,oy Orelope Local Government Area,Penta3,486.3,78.5,39.8,2026-07,True,True,Critical (0-40%)
Oyo,South West,oy Orelope Local Government Area,Penta1,507.8,78.5,37.2,2026-07,True,True,Critical (0-40%)
Kogi,North Central,ko Ofu Local Government Area,Penta1,659.2,78.5,34.3,2026-09,True,True,Critical (0-40%)
Lagos,South West,la Ojo Local Government Area,Penta1,2586.3,78.6,15.7,2026-09,True,True,Critical (0-40%)
Enugu,South East,en Enugu North Local Government Area,Measles1,1063.8,78.7,58.9,2026-09,True,True,Severe (40-70%)
Kano,North West,kn Tsanyawa Local Government Area,Measles1,767.7,78.7,68.4,2026-11,True,True,Severe (40-70%)
Kano,North West,kn Sumaila Local Government Area,Measles1,1186.6,78.7,55.9,2026-11,True,True,Severe (40-70%)
Lagos,South West,la Agege Local Government Area,Penta3,1994.8,78.8,41.9,2026-10,True,True,Severe (40-70%)
Bauchi,North East,ba Toro Local Government Area,Measles1,2852.2,78.9,69.0,2026-09,True,True,Severe (40-70%)
Kogi,North Central,ko Ofu Local Government Area,Penta3,647.9,78.9,31.0,2026-09,True,True,Critical (0-40%)
Kano,North West,kn Karaye Local Government Area,Measles1,639.4,78.9,59.7,2026-10,True,True,Severe (40-70%)
Osun,South West,os Ife Central Local Government Area,Measles1,591.5,79.0,50.3,2026-09,True,True,Severe (40-70%)
Taraba,North East,ta Ussa Local Government Area,Measles1,533.9,79.2,73.9,2026-09,True,True,Warning (70-80%)
Katsina,North West,kt Funtua Local Government Area,Penta1,2050.4,79.3,33.4,2026-09,True,True,Critical (0-40%)
Osun,South West,os Osogbo Local Government Area,Measles1,587.2,79.3,60.9,2026-12,True,True,Severe (40-70%)
Sokoto,North West,so Sokoto South Local Government Area,Penta1,841.7,79.4,71.0,2026-08,True,True,Warning (70-80%)
Osun,South West,os Ejigbo Local Government Area,Measles1,417.8,79.4,36.8,2026-12,True,True,Critical (0-40%)
Kano,North West,kn Kibiya Local Government Area,Measles1,524.2,79.4,56.5,2026-12,True,True,Severe (40-70%)
Ogun,South West,og Yewa North Local Government Area,BCG,1136.3,79.4,70.1,2026-12,True,True,Warning (70-80%)
Kogi,North Central,ko Adavi Local Government Area,BCG,1088.7,79.5,32.9,2026-06,True,True,Critical (0-40%)
Sokoto,North West,so Sokoto South Local Government Area,BCG,708.7,79.5,62.4,2026-12,True,True,Severe (40-70%)
Katsina,North West,kt Musawa Local Government Area,Penta3,832.9,79.5,-53.7,2026-09,True,True,Unstable (<0%)
Katsina,North West,kt Musawa Local Government Area,Measles1,679.1,79.5,-25.1,2026-09,True,True,Unstable (<0%)
Ebonyi,South East,eb Ohaukwu Local Government Area,Measles1,582.2,79.6,70.8,2026-11,True,True,Warning (70-80%)
Kano,North West,kn Kabo Local Government Area,Measles1,579.2,79.6,47.9,2026-06,True,True,Severe (40-70%)
Osun,South West,os Ayedaade Local Government Area,Penta1,714.6,79.6,49.4,2026-12,True,True,Severe (40-70%)
Borno,North East,bo Mobbar Local Government Area,Penta1,521.3,79.7,75.3,2026-06,True,True,Warning (70-80%)
Katsina,North West,kt Funtua Local Government Area,Penta3,1955.2,79.7,58.2,2026-09,True,True,Severe (40-70%)
Osun,South West,os Boluwaduro Local Government Area,Penta3,343.8,79.7,54.5,2026-12,True,True,Severe (40-70%)
Ebonyi,South East,eb Ezza North Local Government Area,Measles1,534.5,79.8,67.0,2026-09,True,True,Severe (40-70%)
Oyo,South West,oy Ogbomosho North Local Government Area,Measles1,986.3,79.8,34.9,2026-10,True,True,Critical (0-40%)
Abia,South East,ab Umuahia South Local Government Area,Penta1,618.2,79.8,73.7,2026-09,True,True,Warning (70-80%)
Benue,North Central,be Obi Local Government Area,Penta3,518.6,79.9,50.8,2026-06,True,True,Severe (40-70%)
Ogun,South West,og Imeko Afon Local Government Area,Measles1,482.0,80.0,78.8,2026-06,True,True,Warning (70-80%)
Lagos,South West,la Ikeja Local Government Area,Penta3,1489.6,80.0,30.6,2026-12,True,False,Critical (0-40%)
Oyo,South West,oy Lagelu Local Government Area,Measles1,446.2,80.0,51.3,2026-12,True,False,Severe (40-70%)
Kano,North West,kn Kano Municipal Local Government Area,Penta3,1670.7,80.1,26.7,2026-09,True,False,Critical (0-40%)
Katsina,North West,kt Sabuwa Local Government Area,Penta3,719.2,80.1,42.1,2026-06,True,False,Severe (40-70%)
Akwa Ibom,South South,ak Urue-Offong/Oruko Local Government Area,Penta1,375.5,80.2,66.7,2026-09,True,False,Severe (40-70%)
Benue,North Central,be Oju Local Government Area,Penta3,845.8,80.2,66.6,2026-06,True,False,Severe (40-70%)
Imo,South East,im Aboh-Mbaise Local Government Area,BCG,700.8,80.4,64.8,2026-08,True,False,Severe (40-70%)
Katsina,North West,kt Funtua Local Government Area,Measles1,1801.0,80.4,12.6,2026-09,True,False,Critical (0-40%)
Lagos,South West,la Ikeja Local Government Area,Penta1,1568.5,80.5,29.1,2026-12,True,False,Critical (0-40%)
Abia,South East,ab Umuahia South Local Government Area,Penta3,565.2,80.6,76.1,2026-09,True,False,Warning (70-80%)
Katsina,North West,kt Funtua Local Government Area,BCG,1921.3,80.6,59.5,2026-10,True,False,Severe (40-70%)
Kano,North West,kn Dawakin Tofa Local Government Area,Measles1,997.0,80.6,64.2,2026-10,True,False,Severe (40-70%)
Oyo,South West,oy Ibadan North East Local Government Area,Penta3,1295.4,80.7,36.6,2026-12,True,False,Critical (0-40%)
Kano,North West,kn Ajingi Local Government Area,Measles1,614.0,80.8,37.9,2026-12,True,False,Critical (0-40%)
Oyo,South West,oy Ibadan North East Local Government Area,Measles1,1181.1,80.8,63.0,2026-09,True,False,Severe (40-70%)
Ogun,South West,og Abeokuta South Local Government Area,Measles1,1096.7,80.8,71.3,2026-12,True,False,Warning (70-80%)
Jigawa,North West,ji Buji Local Government Area,Penta3,732.0,80.9,75.5,2026-08,True,False,Warning (70-80%)
Sokoto,North West,so Sokoto South Local Government Area,Penta3,797.4,80.9,66.9,2026-06,True,False,Severe (40-70%)
Enugu,South East,en Igbo-Etiti Local Government Area,Penta3,952.0,80.9,78.1,2026-08,True,False,Warning (70-80%)
Kano,North West,kn Warawa Local Government Area,Measles1,544.1,81.0,54.7,2026-12,True,False,Severe (40-70%)
Lagos,South West,la Agege Local Government Area,Measles1,1676.5,81.0,49.8,2026-09,True,False,Severe (40-70%)
Imo,South East,im Owerri West Local Government Area,Penta3,528.5,81.0,42.0,2026-07,True,False,Severe (40-70%)
Kano,North West,kn Shanono Local Government Area,Measles1,750.0,81.0,72.7,2026-11,True,False,Warning (70-80%)
Kano,North West,kn Tarauni Local Government Area,Measles1,1012.8,81.1,62.4,2026-10,True,False,Severe (40-70%)
Rivers,South South,ri Ahoada East Local Government Area,Measles1,1118.8,81.1,72.1,2026-07,True,False,Warning (70-80%)
Kano,North West,kn Kiru Local Government Area,Measles1,1319.4,81.3,62.4,2026-10,True,False,Severe (40-70%)
Oyo,South West,oy Ibadan South East Local Government Area,Measles1,1699.2,81.3,5.0,2026-09,True,False,Critical (0-40%)
Oyo,South West,oy Ori Ire Local Government Area,Measles1,727.8,81.4,27.3,2026-10,True,False,Critical (0-40%)
Lagos,South West,la Ikeja Local Government Area,Measles1,1483.0,81.5,27.0,2026-12,True,False,Critical (0-40%)
Osun,South West,os Ife East Local Government Area,BCG,914.0,81.5,77.8,2026-12,True,False,Warning (70-80%)
Benue,North Central,be Obi Local Government Area,Penta1,526.1,81.5,43.5,2026-06,True,False,Severe (40-70%)
Taraba,North East,ta Donga Local Government Area,BCG,854.9,81.5,70.0,2026-08,True,False,Severe (40-70%)
Imo,South East,im Ihitte/Uboma Local Government Area,Penta3,681.2,81.6,49.4,2026-10,True,False,Severe (40-70%)
Anambra,South East,an Ekwusigo Local Government Area,Measles1,949.8,81.6,55.4,2026-10,True,False,Severe (40-70%)
Taraba,North East,ta Donga Local Government Area,Penta1,981.2,81.7,70.2,2026-09,True,False,Warning (70-80%)
Sokoto,North West,so Isa Local Government Area,Measles1,374.0,81.7,43.2,2026-10,True,False,Severe (40-70%)
Lagos,South West,la Agege Local Government Area,BCG,1997.9,81.7,64.4,2026-09,True,False,Severe (40-70%)
Osun,South West,os Osogbo Local Government Area,BCG,697.7,81.8,69.6,2026-12,True,False,Severe (40-70%)
Borno,North East,bo Ngala Local Government Area,BCG,875.1,81.8,67.9,2026-11,True,False,Severe (40-70%)
Akwa Ibom,South South,ak Okobo Local Government Area,Measles1,423.1,81.8,76.2,2026-12,True,False,Warning (70-80%)
Imo,South East,im Owerri North Local Government Area,Measles1,796.1,81.8,70.2,2026-12,True,False,Warning (70-80%)
Imo,South East,im Njaba Local Government Area,Penta1,529.1,81.9,77.9,2026-07,True,False,Warning (70-80%)
Lagos,South West,la Ifako/Ijaye Local Government Area,Penta1,2190.3,82.0,50.6,2026-11,True,False,Severe (40-70%)
Kwara,North Central,kw Ifelodun Local Government Area,Measles1,924.8,82.1,-48.4,2026-07,True,False,Unstable (<0%)
Gombe,North East,go Gombe Local Government Area,Measles1,1841.4,82.1,-74.7,2026-12,True,False,Unstable (<0%)
Oyo,South West,oy Oyo West Local Government Area,Penta3,552.8,82.1,50.2,2026-07,True,False,Severe (40-70%)
Rivers,South South,ri Khana Local Government Area,BCG,1704.9,82.2,57.1,2026-09,True,False,Severe (40-70%)
Kogi,North Central,ko Mopa-Muro Local Government Area,Measles1,208.5,82.3,2.5,2026-10,True,False,Critical (0-40%)
Abia,South East,ab Umuahia South Local Government Area,BCG,622.8,82.3,79.3,2026-09,True,False,Warning (70-80%)
Rivers,South South,ri Opobo/Nkoro Local Government Area,BCG,570.4,82.3,76.6,2026-12,True,False,Warning (70-80%)
Ogun,South West,og Yewa North Local Government Area,Penta3,962.4,82.3,80.0,2026-12,True,False,Warning (70-80%)
Katsina,North West,kt Kankara Local Government Area,Measles1,1015.8,82.4,0.5,2026-06,True,False,Critical (0-40%)
Lagos,South West,la Ajeromi/Ifelodun Local Government Area,BCG,3402.9,82.4,49.0,2026-09,True,False,Severe (40-70%)
Imo,South East,im Owerri West Local Government Area,Measles1,582.8,82.4,60.9,2026-10,True,False,Severe (40-70%)
Anambra,South East,an Anaocha Local Government Area,Measles1,1555.8,82.4,76.6,2026-12,True,False,Warning (70-80%)
Oyo,South West,oy Oyo West Local Government Area,Penta1,574.2,82.4,46.1,2026-07,True,False,Severe (40-70%)
Oyo,South West,oy Ogbomosho South Local Government Area,BCG,465.9,82.4,74.7,2026-09,True,False,Warning (70-80%)
Kogi,North Central,ko Yagba West Local Government Area,Measles1,778.7,82.5,-15.5,2026-11,True,False,Unstable (<0%)
Oyo,South West,oy Ido Local Government Area,Measles1,616.8,82.5,20.7,2026-10,True,False,Critical (0-40%)
Imo,South East,im Ohaji/Egbema Local Government Area,Measles1,483.1,82.5,68.0,2026-07,True,False,Severe (40-70%)
Rivers,South South,ri Opobo/Nkoro Local Government Area,Measles1,577.0,82.5,50.3,2026-09,True,False,Severe (40-70%)
Taraba,North East,ta Ussa Local Government Area,Penta1,624.8,82.5,75.5,2026-09,True,False,Warning (70-80%)
Osun,South West,os Atakumosa West Local Government Area,Penta1,303.2,82.7,78.4,2026-12,True,False,Warning (70-80%)
Anambra,South East,an Orumba South Local Government Area,Measles1,485.2,82.7,62.3,2026-08,True,False,Severe (40-70%)
Kano,North West,kn Kano Municipal Local Government Area,Penta1,1651.6,82.7,30.5,2026-09,True,False,Critical (0-40%)
Kano,North West,kn Bunkure Local Government Area,Measles1,811.8,82.8,63.4,2026-09,True,False,Severe (40-70%)
Osun,South West,os Ife South Local Government Area,BCG,474.8,82.8,75.2,2026-12,True,False,Warning (70-80%)
Oyo,South West,oy Orelope Local Government Area,Measles1,524.5,82.8,24.3,2026-10,True,False,Critical (0-40%)
Oyo,South West,oy Ibarapa North Local Government Area,Measles1,360.8,82.9,-88.9,2026-09,True,False,Unstable (<0%)
Lagos,South West,la Agege Local Government Area,Penta1,2102.7,82.9,49.4,2026-09,True,False,Severe (40-70%)
Enugu,South East,en Enugu North Local Government Area,BCG,1218.7,82.9,74.1,2026-12,True,False,Warning (70-80%)
Kano,North West,kn Kano Municipal Local Government Area,Measles1,1162.9,83.1,44.1,2026-12,True,False,Severe (40-70%)
Ondo,South West,on Akure South Local Government Area,BCG,2093.3,83.1,60.0,2026-12,True,False,Severe (40-70%)
Imo,South East,im Ihitte/Uboma Local Government Area,Penta1,706.9,83.2,58.6,2026-12,True,False,Severe (40-70%)
Oyo,South West,oy Ibadan North West Local Government Area,Penta1,754.2,83.2,41.0,2026-07,True,False,Severe (40-70%)
Imo,South East,im Aboh-Mbaise Local Government Area,Measles1,527.3,83.2,25.7,2026-08,True,False,Critical (0-40%)
Sokoto,North West,so Kebbe Local Government Area,Penta1,588.2,83.2,78.1,2026-09,True,False,Warning (70-80%)
Gombe,North East,go Kwami Local Government Area,Measles1,1115.9,83.3,74.2,2026-11,True,False,Warning (70-80%)
Rivers,South South,ri Etche Local Government Area,Measles1,1205.4,83.3,72.8,2026-09,True,False,Warning (70-80%)
Kogi,North Central,ko Okene Local Government Area,Measles1,1462.7,83.3,34.7,2026-08,True,False,Critical (0-40%)
Rivers,South South,ri Okrika Local Government Area,BCG,958.8,83.4,58.7,2026-09,True,False,Severe (40-70%)
Kebbi,North West,ke Arewa Local Government Area,Penta3,862.8,83.4,75.8,2026-09,True,False,Warning (70-80%)
Akwa Ibom,South South,ak Nsit Atai Local Government Area,Measles1,378.3,83.5,64.6,2026-09,True,False,Severe (40-70%)
Gombe,North East,go Billiri Local Government Area,Measles1,524.7,83.5,58.1,2026-12,True,False,Severe (40-70%)
Cross River,South South,cr Akamkpa Local Government Area,Measles1,925.0,83.6,57.9,2026-08,True,False,Severe (40-70%)
Katsina,North West,kt Dandume Local Government Area,BCG,1559.2,83.6,74.5,2026-11,True,False,Warning (70-80%)
Oyo,South West,oy Iwajowa Local Government Area,Penta1,460.2,83.6,55.0,2026-12,True,False,Severe (40-70%)
Anambra,South East,an Anambra East Local Government Area,Penta3,727.4,83.6,77.6,2026-09,True,False,Warning (70-80%)
Katsina,North West,kt Sabuwa Local Government Area,Penta1,784.1,83.6,56.4,2026-11,True,False,Severe (40-70%)
Imo,South East,im Ihitte/Uboma Local Government Area,Measles1,562.6,83.6,55.6,2026-12,True,False,Severe (40-70%)
Cross River,South South,cr Calabar Municipal Local Government Area,Penta1,639.0,83.7,65.4,2026-10,True,False,Severe (40-70%)
Katsina,North West,kt Kusada Local Government Area,Penta1,684.3,83.7,39.5,2026-11,True,False,Critical (0-40%)
Oyo,South West,oy Ibadan North West Local Government Area,Penta3,709.2,83.7,44.9,2026-07,True,False,Severe (40-70%)
Oyo,South West,oy Iseyin Local Government Area,Measles1,776.3,83.8,68.9,2026-10,True,False,Severe (40-70%)
Osun,South West,os Odo Otin Local Government Area,Penta3,613.6,83.8,43.9,2026-12,True,False,Severe (40-70%)
Taraba,North East,ta Ussa Local Government Area,Penta3,596.8,83.8,67.3,2026-09,True,False,Severe (40-70%)
Edo,South South,ed Egor Local Government Area,BCG,1112.3,83.8,44.1,2026-12,True,False,Severe (40-70%)
Oyo,South West,oy Iwajowa Local Government Area,Penta3,433.8,83.9,57.5,2026-12,True,False,Severe (40-70%)
Oyo,South West,oy Afijio Local Government Area,BCG,635.2,83.9,75.9,2026-10,True,False,Warning (70-80%)
FCT,North Central,fc Bwari Local Government Area,BCG,1567.2,84.0,67.1,2026-06,True,False,Severe (40-70%)
Ogun,South West,og Odogbolu Local Government Area,BCG,751.8,84.0,76.9,2026-10,True,False,Warning (70-80%)
Enugu,South East,en Igbo-Eze South Local Government Area,Penta1,672.8,84.0,54.6,2026-12,True,False,Severe (40-70%)
Benue,North Central,be Katsina-Ala Local Government Area,Penta1,812.0,84.1,57.0,2026-07,True,False,Severe (40-70%)
Anambra,South East,an Anambra East Local Government Area,BCG,1091.5,84.1,69.5,2026-09,True,False,Severe (40-70%)
Ondo,South West,on Akure South Local Government Area,Penta1,1883.4,84.1,69.6,2026-12,True,False,Severe (40-70%)
Lagos,South West,la Ikeja Local Government Area,BCG,1550.2,84.2,21.1,2026-12,True,False,Critical (0-40%)
Sokoto,North West,so Kware Local Government Area,BCG,698.8,84.2,60.1,2026-07,True,False,Severe (40-70%)
Lagos,South West,la Ajeromi/Ifelodun Local Government Area,Penta1,3114.4,84.3,23.3,2026-11,True,False,Critical (0-40%)
Osun,South West,os Odo Otin Local Government Area,Penta1,651.1,84.3,47.1,2026-12,True,False,Severe (40-70%)
Taraba,North East,ta Wukari Local Government Area,Penta3,1219.5,84.3,76.6,2026-09,True,False,Warning (70-80%)
Imo,South East,im Ohaji/Egbema Local Government Area,Penta1,756.3,84.4,66.3,2026-07,True,False,Severe (40-70%)
Anambra,South East,an Njikoka Local Government Area,Penta3,652.7,84.4,61.4,2026-12,True,False,Severe (40-70%)
Katsina,North West,kt Rimi Local Government Area,Penta3,1033.3,84.4,55.7,2026-09,True,False,Severe (40-70%)
Anambra,South East,an Ekwusigo Local Government Area,Penta3,856.6,84.4,63.9,2026-11,True,False,Severe (40-70%)
Bauchi,North East,ba Warji Local Government Area,Measles1,558.8,84.5,-25.1,2026-11,True,False,Unstable (<0%)
Sokoto,North West,so Binji Local Government Area,Measles1,238.3,84.5,72.7,2026-06,True,False,Warning (70-80%)
Kogi,North Central,ko Adavi Local Government Area,Measles1,925.9,84.5,39.1,2026-09,True,False,Critical (0-40%)
Osun,South West,os Osogbo Local Government Area,Penta3,715.8,84.5,66.7,2026-12,True,False,Severe (40-70%)
Anambra,South East,an Njikoka Local Government Area,Penta1,676.8,84.5,62.5,2026-12,True,False,Severe (40-70%)
Katsina,North West,kt Musawa Local Government Area,Penta1,845.1,84.5,-47.5,2026-09,True,False,Unstable (<0%)
Anambra,South East,an Awka North Local Government Area,Penta3,691.9,84.5,75.2,2026-12,True,False,Warning (70-80%)
Kogi,North Central,ko Adavi Local Government Area,Penta1,1201.3,84.6,37.0,2026-06,True,False,Critical (0-40%)
Bauchi,North East,ba Kirfi Local Government Area,Penta1,1010.8,84.6,78.1,2026-09,True,False,Warning (70-80%)
Imo,South East,im Ohaji/Egbema Local Government Area,Penta3,683.3,84.6,54.4,2026-07,True,False,Severe (40-70%)
Anambra,South East,an Oyi Local Government Area,BCG,1169.8,84.6,55.6,2026-12,True,False,Severe (40-70%)
Ondo,South West,on Akure South Local Government Area,Penta3,1837.7,84.7,71.2,2026-12,True,False,Warning (70-80%)
Kwara,North Central,kw Oyun Local Government Area,Measles1,432.8,84.7,21.4,2026-12,True,False,Critical (0-40%)
Enugu,South East,en Awgu Local Government Area,Penta3,992.1,84.7,62.9,2026-06,True,False,Severe (40-70%)
Oyo,South West,oy Ibadan North East Local Government Area,Penta1,1361.5,84.8,31.7,2026-12,True,False,Critical (0-40%)
Oyo,South West,oy Surulere Local Government Area,BCG,521.4,84.8,69.9,2026-06,True,False,Severe (40-70%)
Osun,South West,os Osogbo Local Government Area,Penta1,766.1,84.8,79.5,2026-12,True,False,Warning (70-80%)
Gombe,North East,go Gombe Local Government Area,Penta3,2020.7,84.9,47.2,2026-09,True,False,Severe (40-70%)
Kano,North West,kn Tofa Local Government Area,Measles1,404.5,84.9,60.4,2026-11,True,False,Severe (40-70%)
Delta,South South,de Isoko South Local Government Area,Penta3,795.0,85.0,48.1,2026-07,True,False,Severe (40-70%)
Enugu,South East,en Udi Local Government Area,BCG,839.3,85.0,77.0,2026-12,True,False,Warning (70-80%)
Kano,North West,kn Gwale Local Government Area,Measles1,1467.7,85.0,61.5,2026-10,True,False,Severe (40-70%)
Ebonyi,South East,eb Ivo Local Government Area,BCG,457.9,85.0,64.1,2026-12,True,False,Severe (40-70%)
Rivers,South South,ri Ogu/Bolo Local Government Area,BCG,377.0,85.1,64.2,2026-11,True,False,Severe (40-70%)
Ondo,South West,on Akure South Local Government Area,Measles1,1829.5,85.1,58.0,2026-12,True,False,Severe (40-70%)
Katsina,North West,kt Musawa Local Government Area,BCG,790.3,85.2,-45.9,2026-09,True,False,Unstable (<0%)
Akwa Ibom,South South,ak Eastern Obolo Local Government Area,BCG,271.2,85.2,54.6,2026-10,True,False,Severe (40-70%)
Enugu,South East,en Udi Local Government Area,Measles1,750.2,85.3,77.0,2026-12,True,False,Warning (70-80%)
Taraba,North East,ta Wukari Local Government Area,Penta1,1262.8,85.3,73.2,2026-12,True,False,Warning (70-80%)
Ogun,South West,og Ijebu North Local Government Area,Penta1,1293.4,85.4,69.3,2026-10,True,False,Severe (40-70%)
Anambra,South East,an Awka South Local Government Area,Penta1,1106.8,85.4,53.4,2026-12,True,False,Severe (40-70%)
Bayelsa,South South,by Yenagoa Local Government Area,Measles1,1007.9,85.4,62.5,2026-09,True,False,Severe (40-70%)
Ogun,South West,og Yewa South Local Government Area,Measles1,766.2,85.4,63.0,2026-10,True,False,Severe (40-70%)
Lagos,South West,la Eti-Osa Local Government Area,Measles1,1307.5,85.5,56.3,2026-12,True,False,Severe (40-70%)
Enugu,South East,en Igbo-Eze South Local Government Area,Penta3,589.2,85.5,51.5,2026-09,True,False,Severe (40-70%)
Enugu,South East,en Enugu North Local Government Area,Penta3,1157.7,85.5,77.6,2026-09,True,False,Warning (70-80%)
Imo,South East,im Mbaitoli Local Government Area,Penta1,1022.7,85.5,46.6,2026-07,True,False,Severe (40-70%)
Kogi,North Central,ko Yagba East Local Government Area,Penta1,661.0,85.5,-13.8,2026-07,True,False,Unstable (<0%)
Akwa Ibom,South South,ak Nsit Atai Local Government Area,BCG,340.2,85.5,67.6,2026-07,True,False,Severe (40-70%)
Osun,South West,os Ife South Local Government Area,Measles1,433.2,85.6,-29.1,2026-06,True,False,Unstable (<0%)
Taraba,North East,ta Donga Local Government Area,Penta3,906.2,85.6,76.9,2026-09,True,False,Warning (70-80%)
Borno,North East,bo Ngala Local Government Area,Penta1,1022.5,85.6,73.9,2026-06,True,False,Warning (70-80%)
Kogi,North Central,ko Adavi Local Government Area,Penta3,1125.3,85.8,41.6,2026-06,True,False,Severe (40-70%)
Oyo,South West,oy Afijio Local Government Area,Penta3,548.2,85.8,32.2,2026-07,True,False,Critical (0-40%)
Lagos,South West,la Alimosho Local Government Area,Penta3,4976.8,85.9,45.1,2026-10,True,False,Severe (40-70%)
Kogi,North Central,ko Lokoja Local Government Area,Measles1,582.2,85.9,39.6,2026-09,True,False,Critical (0-40%)
Osun,South West,os Ilesa East Local Government Area,BCG,304.9,86.0,71.0,2026-06,True,False,Warning (70-80%)
Kano,North West,kn Kura Local Government Area,Measles1,573.6,86.0,58.7,2026-11,True,False,Severe (40-70%)
Kano,North West,kn Minjibir Local Government Area,Measles1,809.6,86.1,46.0,2026-11,True,False,Severe (40-70%)
Bauchi,North East,ba Dambam Local Government Area,Measles1,794.1,86.1,67.3,2026-09,True,False,Severe (40-70%)
Kano,North West,kn Garko Local Government Area,Penta3,754.8,86.1,72.9,2026-07,True,False,Warning (70-80%)
Benue,North Central,be Apa Local Government Area,Measles1,730.2,86.1,37.6,2026-12,True,False,Critical (0-40%)
Kano,North West,kn Gwarzo Local Government Area,Measles1,962.0,86.1,70.3,2026-11,True,False,Warning (70-80%)
FCT,North Central,fc Abuja Municipal Area Council,Measles1,4040.2,86.1,42.2,2026-06,True,False,Severe (40-70%)
Oyo,South West,oy Irepo Local Government Area,Penta3,506.0,86.2,33.2,2026-07,True,False,Critical (0-40%)
Ogun,South West,og Ijebu Ode Local Government Area,Measles1,959.7,86.2,74.5,2026-07,True,False,Warning (70-80%)
Osun,South West,os Ilesa East Local Government Area,Penta3,418.4,86.3,76.3,2026-06,True,False,Warning (70-80%)
Ebonyi,South East,eb Ivo Local Government Area,Penta3,564.4,86.3,74.1,2026-07,True,False,Warning (70-80%)
Gombe,North East,go Gombe Local Government Area,Penta1,2080.7,86.3,48.9,2026-09,True,False,Severe (40-70%)
Kano,North West,kn Bichi Local Government Area,Measles1,1243.5,86.3,74.2,2026-10,True,False,Warning (70-80%)
Anambra,South East,an Ayamelum Local Government Area,Penta1,412.1,86.4,73.8,2026-12,True,False,Warning (70-80%)
Sokoto,North West,so Kebbe Local Government Area,Penta3,491.4,86.5,73.4,2026-09,True,False,Warning (70-80%)
Taraba,North East,ta Takum Local Government Area,Penta3,781.4,86.6,77.0,2026-08,True,False,Warning (70-80%)
Osun,South West,os Olorunda Local Government Area,Measles1,434.1,86.6,66.9,2026-06,True,False,Severe (40-70%)
Enugu,South East,en Awgu Local Government Area,Penta1,1035.4,86.7,64.2,2026-06,True,False,Severe (40-70%)
Akwa Ibom,South South,ak Eastern Obolo Local Government Area,Penta3,197.2,86.8,34.9,2026-10,True,False,Critical (0-40%)
Niger,North Central,ni Mariga Local Government Area,BCG,1451.3,86.8,30.7,2026-09,True,False,Critical (0-40%)
Imo,South East,im Owerri West Local Government Area,BCG,762.5,86.8,54.2,2026-10,True,False,Severe (40-70%)
Oyo,South West,oy Afijio Local Government Area,Penta1,567.6,86.8,35.0,2026-07,True,False,Critical (0-40%)
Cross River,South South,cr Calabar Municipal Local Government Area,Penta3,558.3,86.8,70.3,2026-10,True,False,Warning (70-80%)
Oyo,South West,oy Lagelu Local Government Area,Penta3,650.6,86.9,57.4,2026-12,True,False,Severe (40-70%)
Lagos,South West,la Lagos Mainland Local Government Area,Penta3,1331.3,86.9,59.8,2026-12,True,False,Severe (40-70%)
Sokoto,North West,so Bodinga Local Government Area,Measles1,452.2,86.9,55.6,2026-06,True,False,Severe (40-70%)
Gombe,North East,go Billiri Local Government Area,Penta3,601.2,87.0,77.2,2026-11,True,False,Warning (70-80%)
Gombe,North East,go Gombe Local Government Area,BCG,2135.4,87.0,70.6,2026-09,True,False,Warning (70-80%)
Sokoto,North West,so Kebbe Local Government Area,Measles1,390.9,87.0,62.1,2026-08,True,False,Severe (40-70%)
Cross River,South South,cr Yakurr Local Government Area,BCG,1228.8,87.1,72.8,2026-12,True,False,Warning (70-80%)
Sokoto,North West,so Binji Local Government Area,BCG,308.7,87.1,25.6,2026-11,True,False,Critical (0-40%)
Delta,South South,de Ndokwa East Local Government Area,Penta1,370.7,87.1,79.3,2026-10,True,False,Warning (70-80%)
Anambra,South East,an Ekwusigo Local Government Area,Penta1,884.5,87.1,72.5,2026-11,True,False,Warning (70-80%)
Katsina,North West,kt Dandume Local Government Area,Penta1,1625.1,87.2,75.6,2026-09,True,False,Warning (70-80%)
Delta,South South,de Isoko South Local Government Area,Penta1,841.2,87.3,51.8,2026-07,True,False,Severe (40-70%)
Anambra,South East,an Njikoka Local Government Area,BCG,1032.7,87.3,57.4,2026-12,True,False,Severe (40-70%)
Gombe,North East,go Dukku Local Government Area,Measles1,1126.2,87.3,59.2,2026-06,True,False,Severe (40-70%)
FCT,North Central,fc Kuje Local Government Area,BCG,843.5,87.3,75.9,2026-06,True,False,Warning (70-80%)
Rivers,South South,ri Ogu/Bolo Local Government Area,Measles1,375.8,87.3,32.1,2026-11,True,False,Critical (0-40%)
Anambra,South East,an Awka North Local Government Area,BCG,734.8,87.3,70.1,2026-09,True,False,Warning (70-80%)
Anambra,South East,an Oyi Local Government Area,Penta1,695.1,87.4,69.5,2026-06,True,False,Severe (40-70%)
Cross River,South South,cr Obubra Local Government Area,Measles1,905.2,87.4,46.2,2026-11,True,False,Severe (40-70%)
Lagos,South West,la Ajeromi/Ifelodun Local Government Area,Penta3,3161.8,87.4,19.3,2026-11,True,False,Critical (0-40%)
Kano,North West,kn Rimin Gado Local Government Area,Measles1,442.6,87.4,65.8,2026-11,True,False,Severe (40-70%)
Delta,South South,de Ndokwa West Local Government Area,Penta1,590.2,87.4,77.7,2026-11,True,False,Warning (70-80%)
Katsina,North West,kt Kusada Local Government Area,BCG,526.7,87.5,53.1,2026-10,True,False,Severe (40-70%)
Osun,South West,os Irepodun Local Government Area,Measles1,305.7,87.5,78.6,2026-09,True,False,Warning (70-80%)
Kogi,North Central,ko Okene Local Government Area,Penta3,1690.7,87.6,51.4,2026-09,True,False,Severe (40-70%)
Lagos,South West,la Eti-Osa Local Government Area,Penta3,1320.8,87.6,51.7,2026-11,True,False,Severe (40-70%)
Lagos,South West,la Eti-Osa Local Government Area,BCG,1319.2,87.6,54.6,2026-11,True,False,Severe (40-70%)
Benue,North Central,be Agatu Local Government Area,Penta3,544.4,87.7,73.6,2026-06,True,False,Warning (70-80%)
Oyo,South West,oy Irepo Local Government Area,Penta1,515.8,87.7,30.6,2026-07,True,False,Critical (0-40%)
Lagos,South West,la Mushin Local Government Area,Measles1,2446.1,87.7,45.6,2026-06,True,False,Severe (40-70%)
Oyo,South West,oy Oyo East Local Government Area,Penta3,506.9,87.7,39.3,2026-07,True,False,Critical (0-40%)
Niger,North Central,ni Mariga Local Government Area,Measles1,1179.6,87.8,56.0,2026-06,True,False,Severe (40-70%)
Kano,North West,kn Gaya Local Government Area,Measles1,828.3,87.8,51.9,2026-11,True,False,Severe (40-70%)
Katsina,North West,kt Dandume Local Government Area,Measles1,1353.8,87.8,64.7,2026-09,True,False,Severe (40-70%)
Anambra,South East,an Awka North Local Government Area,Penta1,706.2,87.8,75.8,2026-12,True,False,Warning (70-80%)
Oyo,South West,oy Oyo East Local Government Area,Penta1,557.8,87.8,28.7,2026-07,True,False,Critical (0-40%)
Kebbi,North West,ke Suru Local Government Area,Measles1,660.5,87.8,70.0,2026-11,True,False,Severe (40-70%)
Anambra,South East,an Oyi Local Government Area,Penta3,635.1,87.8,65.5,2026-06,True,False,Severe (40-70%)
Bauchi,North East,ba Zaki Local Government Area,BCG,1304.9,87.9,60.9,2026-12,True,False,Severe (40-70%)
Anambra,South East,an Ayamelum Local Government Area,Penta3,377.7,88.0,73.0,2026-12,True,False,Warning (70-80%)
Borno,North East,bo Ngala Local Government Area,Penta3,808.0,88.0,68.4,2026-06,True,False,Severe (40-70%)
Oyo,South West,oy Lagelu Local Government Area,Penta1,683.1,88.0,62.7,2026-12,True,False,Severe (40-70%)
Kano,North West,kn Kumbotso Local Government Area,Measles1,1530.6,88.0,67.2,2026-06,True,False,Severe (40-70%)
Ondo,South West,on Akure North Local Government Area,BCG,878.7,88.1,77.9,2026-12,True,False,Warning (70-80%)
Kogi,North Central,ko Idah Local Government Area,Penta3,555.5,88.1,24.0,2026-07,True,False,Critical (0-40%)
Borno,North East,bo Ngala Local Government Area,Measles1,731.0,88.1,71.1,2026-10,True,False,Warning (70-80%)
Edo,South South,ed Owan West Local Government Area,Measles1,259.0,88.2,71.0,2026-06,True,False,Warning (70-80%)
Anambra,South East,an Ekwusigo Local Government Area,BCG,987.9,88.2,69.7,2026-11,True,False,Severe (40-70%)
Jigawa,North West,ji Taura Local Government Area,Measles1,718.7,88.2,68.4,2026-11,True,False,Severe (40-70%)
Ebonyi,South East,eb Ishielu Local Government Area,Penta1,707.6,88.3,76.1,2026-11,True,False,Warning (70-80%)
Osun,South West,os Ayedire Local Government Area,BCG,165.2,88.3,73.7,2026-08,True,False,Warning (70-80%)
Osun,South West,os Atakumosa West Local Government Area,Measles1,185.9,88.3,59.5,2026-12,True,False,Severe (40-70%)
Enugu,South East,en Ezeagu Local Government Area,BCG,858.0,88.3,77.2,2026-09,True,False,Warning (70-80%)
Osun,South West,os Ilesa West Local Government Area,Penta3,346.9,88.3,30.6,2026-06,True,False,Critical (0-40%)
Kano,North West,kn Garko Local Government Area,Penta1,789.2,88.4,68.5,2026-07,True,False,Severe (40-70%)
Anambra,South East,an Onitsha South Local Government Area,Penta3,863.4,88.4,46.5,2026-11,True,False,Severe (40-70%)
Gombe,North East,go Billiri Local Government Area,Penta1,630.1,88.4,26.7,2026-09,True,False,Critical (0-40%)
Niger,North Central,ni Kontagora Local Government Area,BCG,1289.7,88.5,29.2,2026-11,True,False,Critical (0-40%)
Oyo,South West,oy Ido Local Government Area,Penta1,479.8,88.5,51.7,2026-07,True,False,Severe (40-70%)
Benue,North Central,be Agatu Local Government Area,Penta1,584.3,88.6,79.1,2026-06,True,False,Warning (70-80%)
Kano,North West,kn Kano Municipal Local Government Area,BCG,2097.8,88.6,69.1,2026-06,True,False,Severe (40-70%)
Benue,North Central,be Ukum Local Government Area,Penta3,691.8,88.6,38.1,2026-07,True,False,Critical (0-40%)
Kano,North West,kn Garum Mallam Local Government Area,Penta3,581.4,88.6,70.5,2026-09,True,False,Warning (70-80%)
Ogun,South West,og Ijebu North Local Government Area,Penta3,1237.9,88.7,72.3,2026-10,True,False,Warning (70-80%)
Kano,North West,kn Fagge Local Government Area,BCG,1082.2,88.7,66.4,2026-06,True,False,Severe (40-70%)
Sokoto,North West,so Shagari Local Government Area,Penta3,524.1,88.7,52.3,2026-06,True,False,Severe (40-70%)
Cross River,South South,cr Obanliku Local Government Area,Measles1,381.8,88.7,52.8,2026-09,True,False,Severe (40-70%)
Cross River,South South,cr Calabar Municipal Local Government Area,Measles1,672.1,88.7,72.6,2026-08,True,False,Warning (70-80%)
Kogi,North Central,ko Okene Local Government Area,Penta1,1753.3,88.8,48.5,2026-09,True,False,Severe (40-70%)
Niger,North Central,ni Bida Local Government Area,BCG,1126.9,88.8,72.6,2026-11,True,False,Warning (70-80%)
Ebonyi,South East,eb Ishielu Local Government Area,Penta3,682.8,88.8,76.8,2026-11,True,False,Warning (70-80%)
Kano,North West,kn Tsanyawa Local Government Area,BCG,754.7,88.8,55.5,2026-12,True,False,Severe (40-70%)
Edo,South South,ed Oredo Local Government Area,Measles1,1083.4,88.9,79.4,2026-12,True,False,Warning (70-80%)
Osun,South West,os Atakumosa West Local Government Area,BCG,177.1,88.9,61.3,2026-12,True,False,Severe (40-70%)
Abia,South East,ab Aba North Local Government Area,Measles1,649.8,88.9,76.0,2026-12,True,False,Warning (70-80%)
Kano,North West,kn Gwale Local Government Area,Penta1,1921.0,89.0,62.3,2026-06,True,False,Severe (40-70%)
Lagos,South West,la Epe Local Government Area,Penta1,865.8,89.0,66.4,2026-09,True,False,Severe (40-70%)
Gombe,North East,go Shongom Local Government Area,Penta3,393.8,89.0,58.6,2026-09,True,False,Severe (40-70%)
Jigawa,North West,ji Dutse Local Government Area,Measles1,1450.1,89.1,69.5,2026-09,True,False,Severe (40-70%)
Katsina,North West,kt Bakori Local Government Area,Measles1,1359.9,89.1,55.1,2026-06,True,False,Severe (40-70%)
Kano,North West,kn Garum Mallam Local Government Area,Penta1,589.2,89.2,69.6,2026-07,True,False,Severe (40-70%)
Edo,South South,ed Egor Local Government Area,Measles1,775.9,89.2,70.3,2026-12,True,False,Warning (70-80%)
Benue,North Central,be Logo Local Government Area,Penta1,901.6,89.3,56.1,2026-10,True,False,Severe (40-70%)
Delta,South South,de Aniocha South Local Government Area,Penta1,666.4,89.4,72.2,2026-07,True,False,Warning (70-80%)
Lagos,South West,la Epe Local Government Area,Penta3,857.9,89.4,54.3,2026-07,True,False,Severe (40-70%)
Benue,North Central,be Ukum Local Government Area,Penta1,765.4,89.4,43.7,2026-07,True,False,Severe (40-70%)
Kwara,North Central,kw Pategi Local Government Area,Measles1,425.1,89.4,34.9,2026-10,True,False,Critical (0-40%)
Oyo,South West,oy Ibadan North Local Government Area,Penta3,755.2,89.4,71.4,2026-11,True,False,Warning (70-80%)
FCT,North Central,fc Bwari Local Government Area,Measles1,1548.2,89.6,52.4,2026-06,True,False,Severe (40-70%)
Kogi,North Central,ko Okehi Local Government Area,Measles1,868.3,89.7,59.2,2026-06,True,False,Severe (40-70%)
Lagos,South West,la Oshodi/Isolo Local Government Area,Measles1,2692.1,89.7,61.0,2026-10,True,False,Severe (40-70%)
Kano,North West,kn Karaye Local Government Area,Penta3,708.4,89.8,74.9,2026-08,True,False,Warning (70-80%)
Kano,North West,kn Doguwa Local Government Area,Measles1,713.1,89.8,59.0,2026-10,True,False,Severe (40-70%)
Lagos,South West,la Eti-Osa Local Government Area,Penta1,1262.6,89.8,65.4,2026-08,True,False,Severe (40-70%)
Lagos,South West,la Oshodi/Isolo Local Government Area,BCG,2783.3,89.8,64.3,2026-11,True,False,Severe (40-70%)
Delta,South South,de Aniocha South Local Government Area,Penta3,622.8,89.8,76.2,2026-07,True,False,Warning (70-80%)
Katsina,North West,kt Bakori Local Government Area,BCG,1472.8,89.9,69.7,2026-11,True,False,Severe (40-70%)
Katsina,North West,kt Katsina Local Government Area,BCG,1949.6,89.9,60.9,2026-08,True,False,Severe (40-70%)
Bauchi,North East,ba Dambam Local Government Area,Penta3,900.3,89.9,66.4,2026-08,True,False,Severe (40-70%)
Delta,South South,de Okpe Local Government Area,Penta3,538.6,89.9,71.1,2026-11,True,False,Warning (70-80%)
Katsina,North West,kt Danja Local Government Area,Penta3,1230.9,89.9,52.8,2026-11,True,False,Severe (40-70%)
Kogi,North Central,ko Dekina Local Government Area,Penta3,1193.4,89.9,44.8,2026-06,True,False,Severe (40-70%)
Kano,North West,kn Fagge Local Government Area,Penta1,1107.1,89.9,70.7,2026-09,True,False,Warning (70-80%)
Kano,North West,kn Garum Mallam Local Government Area,Measles1,461.8,89.9,60.1,2026-11,True,False,Severe (40-70%)
Katsina,North West,kt Rimi Local Government Area,Measles1,956.5,90.0,69.0,2026-09,True,False,Severe (40-70%)
Niger,North Central,ni Bida Local Government Area,Measles1,975.5,90.0,53.3,2026-10,True,False,Severe (40-70%)
Bauchi,North East,ba Shira Local Government Area,Penta3,976.5,90.0,75.9,2026-06,True,False,Warning (70-80%)
Katsina,North West,kt Rimi Local Government Area,Penta1,1028.6,90.0,67.6,2026-09,True,False,Severe (40-70%)
Kano,North West,kn Gwarzo Local Government Area,Penta3,1067.3,90.0,68.1,2026-09,True,False,Severe (40-70%)
Kogi,North Central,ko Yagba East Local Government Area,BCG,655.1,90.1,32.1,2026-08,True,False,Critical (0-40%)
Kaduna,North West,kd Zangon Kataf Local Government Area,Penta3,1607.4,90.1,74.8,2026-09,True,False,Warning (70-80%)
Kogi,North Central,ko Yagba East Local Government Area,Penta3,615.6,90.1,-18.8,2026-07,True,False,Unstable (<0%)
Bauchi,North East,ba Dambam Local Government Area,BCG,794.8,90.1,68.8,2026-07,True,False,Severe (40-70%)
Ogun,South West,og Ijebu North East Local Government Area,Measles1,457.1,90.1,79.0,2026-09,True,False,Warning (70-80%)
Kano,North West,kn Rogo Local Government Area,Measles1,1065.4,90.2,63.1,2026-10,True,False,Severe (40-70%)
Anambra,South East,an Idemili North Local Government Area,Measles1,2266.9,90.2,68.0,2026-11,True,False,Severe (40-70%)
Katsina,North West,kt Charanchi Local Government Area,Measles1,760.4,90.2,66.5,2026-09,True,False,Severe (40-70%)
Jigawa,North West,ji Kiyawa Local Government Area,Measles1,1223.6,90.2,73.1,2026-09,True,False,Warning (70-80%)
Katsina,North West,kt Katsina Local Government Area,Penta1,1981.5,90.3,59.9,2026-09,True,False,Severe (40-70%)
Kano,North West,kn Gwale Local Government Area,BCG,1968.0,90.3,62.0,2026-06,True,False,Severe (40-70%)
Kano,North West,kn Gwale Local Government Area,Penta3,1825.8,90.3,64.1,2026-06,True,False,Severe (40-70%)
Ogun,South West,og Odogbolu Local Government Area,Measles1,686.9,90.3,74.6,2026-10,True,False,Warning (70-80%)
Osun,South West,os Ila Local Government Area,BCG,185.1,90.3,61.1,2026-12,True,False,Severe (40-70%)
Sokoto,North West,so Kware Local Government Area,Penta1,750.2,90.3,73.7,2026-06,True,False,Warning (70-80%)
Gombe,North East,go Akko Local Government Area,Penta3,2047.1,90.3,72.3,2026-11,True,False,Warning (70-80%)
Benue,North Central,be Katsina-Ala Local Government Area,Penta3,724.2,90.4,57.9,2026-07,True,False,Severe (40-70%)
Ebonyi,South East,eb Ivo Local Government Area,Penta1,598.4,90.4,78.5,2026-07,True,False,Warning (70-80%)
Jigawa,North West,ji Roni Local Government Area,Measles1,496.1,90.4,72.5,2026-09,True,False,Warning (70-80%)
Plateau,North Central,pl Jos North Local Government Area,Penta1,1936.0,90.4,50.0,2026-09,True,False,Severe (40-70%)
Imo,South East,im Ohaji/Egbema Local Government Area,BCG,472.2,90.4,78.9,2026-07,True,False,Warning (70-80%)
Kano,North West,kn Sumaila Local Government Area,Penta1,1579.2,90.4,77.5,2026-12,True,False,Warning (70-80%)
Delta,South South,de Okpe Local Government Area,Penta1,591.1,90.4,69.2,2026-11,True,False,Severe (40-70%)
Kano,North West,kn Garko Local Government Area,BCG,740.8,90.4,67.9,2026-07,True,False,Severe (40-70%)
Jigawa,North West,ji Kaugama Local Government Area,Measles1,699.8,90.5,71.6,2026-11,True,False,Warning (70-80%)
Osun,South West,os Ayedaade Local Government Area,BCG,473.7,90.5,70.5,2026-12,True,False,Warning (70-80%)
Rivers,South South,ri Khana Local Government Area,Measles1,1417.8,90.5,79.9,2026-12,True,False,Warning (70-80%)
Osun,South West,os Ife South Local Government Area,Penta1,579.2,90.5,77.7,2026-12,True,False,Warning (70-80%)
Katsina,North West,kt Katsina Local Government Area,Penta3,1826.2,90.5,60.9,2026-09,True,False,Severe (40-70%)
Zamfara,North West,za Gummi Local Government Area,BCG,1301.8,90.6,50.0,2026-12,True,False,Severe (40-70%)
Kaduna,North West,kd Zangon Kataf Local Government Area,Penta1,1672.2,90.7,78.6,2026-09,True,False,Warning (70-80%)
Kogi,North Central,ko Ibaji Local Government Area,Measles1,382.6,90.7,-26.4,2026-11,True,False,Unstable (<0%)
Kano,North West,kn Tsanyawa Local Government Area,Penta3,749.8,90.7,64.6,2026-09,True,False,Severe (40-70%)
Lagos,South West,la Lagos Mainland Local Government Area,Measles1,903.4,90.7,57.6,2026-12,True,False,Severe (40-70%)
Taraba,North East,ta Takum Local Government Area,Measles1,684.0,90.7,74.4,2026-07,True,False,Warning (70-80%)
Lagos,South West,la Lagos Island Local Government Area,Measles1,818.4,90.7,22.9,2026-09,True,False,Critical (0-40%)
Bauchi,North East,ba Bogoro Local Government Area,Measles1,349.5,90.7,60.5,2026-12,True,False,Severe (40-70%)
Niger,North Central,ni Magama Local Government Area,Measles1,1103.7,90.8,11.8,2026-06,True,False,Critical (0-40%)
Lagos,South West,la Ojo Local Government Area,Measles1,2293.0,90.8,33.7,2026-09,True,False,Critical (0-40%)
Lagos,South West,la Epe Local Government Area,Measles1,764.1,90.8,60.8,2026-09,True,False,Severe (40-70%)
Anambra,South East,an Onitsha South Local Government Area,BCG,1501.2,90.8,78.6,2026-11,True,False,Warning (70-80%)
Kano,North West,kn Tsanyawa Local Government Area,Penta1,785.2,91.0,62.1,2026-12,True,False,Severe (40-70%)
Kano,North West,kn Wudil Local Government Area,Penta3,926.1,91.0,52.5,2026-09,True,False,Severe (40-70%)
Katsina,North West,kt Danja Local Government Area,Measles1,1033.8,91.0,55.6,2026-06,True,False,Severe (40-70%)
Ogun,South West,og Obafemi Owode Local Government Area,BCG,1159.9,91.0,79.0,2026-11,True,False,Warning (70-80%)
Anambra,South East,an Ogbaru Local Government Area,Penta1,875.9,91.1,77.2,2026-12,True,False,Warning (70-80%)
Katsina,North West,kt Matazu Local Government Area,BCG,648.8,91.1,77.2,2026-09,True,False,Warning (70-80%)
Anambra,South East,an Oyi Local Government Area,Measles1,927.7,91.1,70.4,2026-12,True,False,Warning (70-80%)
Kogi,North Central,ko Ogori/Magongo Local Government Area,Penta3,195.8,91.1,40.7,2026-09,True,False,Severe (40-70%)
Katsina,North West,kt Matazu Local Government Area,Penta3,799.0,91.2,28.7,2026-09,True,False,Critical (0-40%)
Katsina,North West,kt Rimi Local Government Area,BCG,960.7,91.2,68.5,2026-09,True,False,Severe (40-70%)
Kano,North West,kn Gabasawa Local Government Area,Measles1,833.3,91.2,55.8,2026-10,True,False,Severe (40-70%)
Imo,South East,im Ideato South Local Government Area,BCG,357.4,91.2,62.3,2026-09,True,False,Severe (40-70%)
Gombe,North East,go Kwami Local Government Area,Penta3,1154.6,91.3,64.1,2026-12,True,False,Severe (40-70%)
Katsina,North West,kt Matazu Local Government Area,Measles1,679.9,91.3,34.6,2026-09,True,False,Critical (0-40%)
Enugu,South East,en Enugu East Local Government Area,BCG,1530.6,91.4,72.0,2026-11,True,False,Warning (70-80%)
Delta,South South,de Sapele Local Government Area,BCG,606.6,91.4,74.8,2026-09,True,False,Warning (70-80%)
Imo,South East,im Aboh-Mbaise Local Government Area,Penta1,602.1,91.4,65.4,2026-08,True,False,Severe (40-70%)
Kano,North West,kn Madobi Local Government Area,Measles1,623.4,91.5,68.3,2026-09,True,False,Severe (40-70%)
Sokoto,North West,so Dange-Shuni Local Government Area,BCG,747.2,91.5,74.7,2026-06,True,False,Warning (70-80%)
Osun,South West,os Ife Central Local Government Area,Penta1,947.0,91.5,71.6,2026-12,True,False,Warning (70-80%)
Niger,North Central,ni Chanchaga Local Government Area,BCG,1390.0,91.6,61.2,2026-08,True,False,Severe (40-70%)
Bauchi,North East,ba Gamawa Local Government Area,Measles1,1157.8,91.6,53.7,2026-08,True,False,Severe (40-70%)
Ogun,South West,og Yewa South Local Government Area,BCG,856.6,91.6,73.0,2026-10,True,False,Warning (70-80%)
Katsina,North West,kt Kusada Local Government Area,Penta3,605.9,91.6,72.1,2026-09,True,False,Warning (70-80%)
Enugu,South East,en Igbo-Eze South Local Government Area,Measles1,552.2,91.6,57.6,2026-08,True,False,Severe (40-70%)
Osun,South West,os Egbedore Local Government Area,BCG,259.0,91.7,79.8,2026-08,True,False,Warning (70-80%)
Osun,South West,os Ayedaade Local Government Area,Measles1,473.2,91.7,72.2,2026-12,True,False,Warning (70-80%)
Kano,North West,kn Fagge Local Government Area,Penta3,1036.1,91.7,69.8,2026-09,True,False,Severe (40-70%)
Sokoto,North West,so Kware Local Government Area,Penta3,680.2,91.7,75.0,2026-09,True,False,Warning (70-80%)
Katsina,North West,kt Bakori Local Government Area,Penta3,1514.1,91.8,67.3,2026-11,True,False,Severe (40-70%)
Akwa Ibom,South South,ak Eket Local Government Area,Penta3,638.7,91.9,68.7,2026-08,True,False,Severe (40-70%)
Taraba,North East,ta Bali Local Government Area,Measles1,1226.5,91.9,75.7,2026-08,True,False,Warning (70-80%)
Bauchi,North East,ba Warji Local Government Area,Penta3,573.7,91.9,64.5,2026-12,True,False,Severe (40-70%)
Niger,North Central,ni Lapai Local Government Area,BCG,919.9,92.0,77.5,2026-08,True,False,Warning (70-80%)
Kano,North West,kn Kumbotso Local Government Area,BCG,1892.8,92.0,74.2,2026-06,True,False,Warning (70-80%)
Katsina,North West,kt Katsina Local Government Area,Measles1,1517.8,92.0,78.6,2026-06,True,False,Warning (70-80%)
Lagos,South West,la Lagos Island Local Government Area,Penta3,881.6,92.0,43.9,2026-09,True,False,Severe (40-70%)
Bauchi,North East,ba Dambam Local Government Area,Penta1,956.5,92.0,68.2,2026-07,True,False,Severe (40-70%)
Cross River,South South,cr Bakassi Local Government Area,Measles1,208.3,92.0,72.7,2026-08,True,False,Warning (70-80%)
Niger,North Central,ni Kontagora Local Government Area,Penta1,1253.0,92.1,18.9,2026-11,True,False,Critical (0-40%)
Osun,South West,os Ife South Local Government Area,Penta3,561.2,92.1,75.1,2026-12,True,False,Warning (70-80%)
Cross River,South South,cr Calabar Municipal Local Government Area,BCG,871.9,92.1,71.8,2026-12,True,False,Warning (70-80%)
Kebbi,North West,ke Argungu Local Government Area,Measles1,854.4,92.1,67.6,2026-11,True,False,Severe (40-70%)
Lagos,South West,la Oshodi/Isolo Local Government Area,Penta3,2544.7,92.2,54.2,2026-08,True,False,Severe (40-70%)
Katsina,North West,kt Baure Local Government Area,Penta3,1012.8,92.2,73.6,2026-06,True,False,Warning (70-80%)
Lagos,South West,la Ibeju/Lekki Local Government Area,Measles1,675.2,92.3,60.2,2026-10,True,False,Severe (40-70%)
Imo,South East,im Ideato North Local Government Area,BCG,343.0,92.3,56.9,2026-09,True,False,Severe (40-70%)
Kogi,North Central,ko Okene Local Government Area,BCG,1706.6,92.3,59.4,2026-06,True,False,Severe (40-70%)
Kogi,North Central,ko Ogori/Magongo Local Government Area,Penta1,204.4,92.3,46.7,2026-09,True,False,Severe (40-70%)
Imo,South East,im Owerri North Local Government Area,BCG,899.3,92.3,75.5,2026-09,True,False,Warning (70-80%)
Plateau,North Central,pl Bokkos Local Government Area,Measles1,519.4,92.4,78.2,2026-07,True,False,Warning (70-80%)
Oyo,South West,oy Surulere Local Government Area,Penta3,434.4,92.4,25.4,2026-12,True,False,Critical (0-40%)
Kano,North West,kn Dala Local Government Area,Measles1,1372.4,92.4,48.5,2026-11,True,False,Severe (40-70%)
Katsina,North West,kt Kankara Local Government Area,Penta3,1074.4,92.4,43.6,2026-09,True,False,Severe (40-70%)
Oyo,South West,oy Kajola Local Government Area,Measles1,745.3,92.5,65.6,2026-10,True,False,Severe (40-70%)
Lagos,South West,la Lagos Mainland Local Government Area,Penta1,1193.2,92.5,72.7,2026-11,True,False,Warning (70-80%)
Kano,North West,kn Kunchi Local Government Area,Measles1,449.9,92.5,66.2,2026-10,True,False,Severe (40-70%)
Katsina,North West,kt Kankara Local Government Area,BCG,1221.5,92.5,64.5,2026-06,True,False,Severe (40-70%)
Enugu,South East,en Nkanu West Local Government Area,BCG,559.8,92.5,79.6,2026-10,True,False,Warning (70-80%)
Gombe,North East,go Yamaltu/Deba Local Government Area,Penta3,1614.0,92.5,77.2,2026-11,True,False,Warning (70-80%)
Oyo,South West,oy Ido Local Government Area,Penta3,417.4,92.6,65.4,2026-07,True,False,Severe (40-70%)
Benue,North Central,be Okpokwu Local Government Area,BCG,333.2,92.6,41.5,2026-12,True,False,Severe (40-70%)
Delta,South South,de Aniocha North Local Government Area,Penta3,491.1,92.6,68.0,2026-07,True,False,Severe (40-70%)
Oyo,South West,oy Ibadan North West Local Government Area,BCG,594.8,92.6,70.2,2026-12,True,False,Warning (70-80%)
Niger,North Central,ni Katcha Local Government Area,Measles1,878.1,92.6,43.8,2026-07,True,False,Severe (40-70%)
Kano,North West,kn Madobi Local Government Area,Penta3,678.2,92.6,78.5,2026-09,True,False,Warning (70-80%)
Akwa Ibom,South South,ak Eket Local Government Area,Penta1,694.3,92.7,65.7,2026-08,True,False,Severe (40-70%)
Gombe,North East,go Akko Local Government Area,Penta1,2080.9,92.7,70.8,2026-09,True,False,Warning (70-80%)
Ebonyi,South East,eb Ohaozara Local Government Area,Penta1,793.3,92.7,71.6,2026-07,True,False,Warning (70-80%)
Kogi,North Central,ko Dekina Local Government Area,Penta1,1274.3,92.8,54.2,2026-11,True,False,Severe (40-70%)
Abia,South East,ab Umuahia North Local Government Area,Penta3,880.8,92.8,69.1,2026-09,True,False,Severe (40-70%)
Lagos,South West,la Lagos Island Local Government Area,Penta1,856.8,92.8,36.4,2026-09,True,False,Critical (0-40%)
Bauchi,North East,ba Giade Local Government Area,Measles1,562.3,92.8,78.0,2026-09,True,False,Warning (70-80%)
Delta,South South,de Warri South West Local Government Area,Penta3,342.2,92.8,44.8,2026-06,True,False,Severe (40-70%)
Sokoto,North West,so Shagari Local Government Area,Measles1,338.2,92.8,34.7,2026-12,True,False,Critical (0-40%)
Anambra,South East,an Orumba South Local Government Area,Penta1,511.6,92.9,63.0,2026-08,True,False,Severe (40-70%)
Kano,North West,kn Dawakin Tofa Local Government Area,Penta3,1135.0,92.9,77.6,2026-09,True,False,Warning (70-80%)
Katsina,North West,kt Bakori Local Government Area,Penta1,1516.5,92.9,63.7,2026-09,True,False,Severe (40-70%)
Lagos,South West,la Epe Local Government Area,BCG,745.4,92.9,63.1,2026-08,True,False,Severe (40-70%)
Rivers,South South,ri Emohua Local Government Area,BCG,694.1,93.0,74.0,2026-12,True,False,Warning (70-80%)
Akwa Ibom,South South,ak Abak Local Government Area,Penta3,452.8,93.0,60.1,2026-09,True,False,Severe (40-70%)
Sokoto,North West,so Sabon Birni Local Government Area,Penta1,1086.8,93.0,74.4,2026-06,True,False,Warning (70-80%)
Kano,North West,kn Kura Local Government Area,Penta3,653.5,93.0,72.5,2026-09,True,False,Warning (70-80%)
Kano,North West,kn Doguwa Local Government Area,Penta3,908.9,93.0,79.5,2026-09,True,False,Warning (70-80%)
Ogun,South West,og Ado Odo/Ota Local Government Area,Penta1,2717.2,93.0,75.5,2026-07,True,False,Warning (70-80%)
Sokoto,North West,so Wamako Local Government Area,BCG,818.5,93.0,71.7,2026-06,True,False,Warning (70-80%)
Katsina,North West,kt Charanchi Local Government Area,Penta1,1035.4,93.1,69.4,2026-11,True,False,Severe (40-70%)
Ogun,South West,og Odogbolu Local Government Area,Penta3,628.9,93.1,71.0,2026-10,True,False,Warning (70-80%)
Kano,North West,kn Wudil Local Government Area,Penta1,949.6,93.1,66.3,2026-06,True,False,Severe (40-70%)
Oyo,South West,oy Atiba Local Government Area,Penta3,627.7,93.1,32.5,2026-07,True,False,Critical (0-40%)
Oyo,South West,oy Akinyele Local Government Area,Measles1,1097.8,93.1,13.2,2026-10,True,False,Critical (0-40%)
Bauchi,North East,ba Bauchi Local Government Area,Penta3,2891.8,93.1,67.3,2026-10,True,False,Severe (40-70%)
Nasarawa,North Central,na Keffi Local Government Area,BCG,738.3,93.2,63.4,2026-11,True,False,Severe (40-70%)
Imo,South East,im Ideato South Local Government Area,Measles1,490.4,93.3,71.0,2026-09,True,False,Warning (70-80%)
Rivers,South South,ri Khana Local Government Area,Penta3,1275.4,93.3,76.2,2026-11,True,False,Warning (70-80%)
Sokoto,North West,so Gada Local Government Area,Measles1,908.0,93.3,68.7,2026-11,True,False,Severe (40-70%)
Oyo,South West,oy Ibadan North Local Government Area,BCG,837.7,93.4,62.3,2026-12,True,False,Severe (40-70%)
Oyo,South West,oy Surulere Local Government Area,Penta1,472.5,93.4,27.7,2026-12,True,False,Critical (0-40%)
Lagos,South West,la Ajeromi/Ifelodun Local Government Area,Measles1,3290.6,93.4,64.7,2026-09,True,False,Severe (40-70%)
Lagos,South West,la Alimosho Local Government Area,BCG,4678.4,93.4,75.8,2026-09,True,False,Warning (70-80%)
Rivers,South South,ri Oyigbo Local Government Area,BCG,795.0,93.4,75.1,2026-12,True,False,Warning (70-80%)
Delta,South South,de Ughelli North Local Government Area,BCG,1680.6,93.5,73.8,2026-07,True,False,Warning (70-80%)
Cross River,South South,cr Etung Local Government Area,BCG,584.4,93.5,72.6,2026-12,True,False,Warning (70-80%)
Osun,South West,os Ifelodun Local Government Area,Penta1,393.9,93.5,65.8,2026-09,True,False,Severe (40-70%)
Kano,North West,kn Bagwai Local Government Area,Measles1,701.9,93.6,78.2,2026-09,True,False,Warning (70-80%)
Kogi,North Central,ko Idah Local Government Area,Penta1,583.7,93.6,29.6,2026-09,True,False,Critical (0-40%)
Akwa Ibom,South South,ak Mkpat Enin Local Government Area,BCG,652.6,93.6,77.5,2026-12,True,False,Warning (70-80%)
Imo,South East,im Obowo Local Government Area,BCG,469.7,93.6,76.3,2026-09,True,False,Warning (70-80%)
Ogun,South West,og Odogbolu Local Government Area,Penta1,657.1,93.6,71.7,2026-07,True,False,Warning (70-80%)
Ebonyi,South East,eb Ohaozara Local Government Area,Penta3,764.5,93.7,75.5,2026-07,True,False,Warning (70-80%)
Sokoto,North West,so Sokoto North Local Government Area,BCG,562.6,93.7,35.8,2026-06,True,False,Critical (0-40%)
Niger,North Central,ni Kontagora Local Government Area,Measles1,1004.7,93.7,67.6,2026-11,True,False,Severe (40-70%)
Imo,South East,im Njaba Local Government Area,Penta3,428.2,93.7,79.7,2026-12,True,False,Warning (70-80%)
Akwa Ibom,South South,ak Eastern Obolo Local Government Area,Penta1,240.8,93.7,57.0,2026-10,True,False,Severe (40-70%)
Rivers,South South,ri Khana Local Government Area,Penta1,1363.7,93.7,77.0,2026-11,True,False,Warning (70-80%)
Oyo,South West,oy Atiba Local Government Area,Penta1,678.8,93.8,33.4,2026-07,True,False,Critical (0-40%)
Borno,North East,bo Gubio Local Government Area,Measles1,1095.6,93.8,7.0,2026-06,True,False,Critical (0-40%)
Kano,North West,kn Minjibir Local Government Area,Penta3,864.3,93.8,63.1,2026-09,True,False,Severe (40-70%)
Niger,North Central,ni Lapai Local Government Area,Penta3,983.9,93.8,68.0,2026-09,True,False,Severe (40-70%)
Edo,South South,ed Oredo Local Government Area,BCG,1362.7,93.8,72.2,2026-12,True,False,Warning (70-80%)
Kano,North West,kn Ungogo Local Government Area,BCG,2248.7,93.8,76.5,2026-09,True,False,Warning (70-80%)
Lagos,South West,la Kosofe Local Government Area,BCG,2518.4,93.8,62.9,2026-11,True,False,Severe (40-70%)
Anambra,South East,an Orumba South Local Government Area,Penta3,492.6,93.8,61.7,2026-08,True,False,Severe (40-70%)
Plateau,North Central,pl Jos North Local Government Area,BCG,1670.9,93.9,76.6,2026-09,True,False,Warning (70-80%)
Katsina,North West,kt Zango Local Government Area,Measles1,550.1,93.9,71.4,2026-09,True,False,Warning (70-80%)
Benue,North Central,be Okpokwu Local Government Area,Measles1,366.2,93.9,-36.9,2026-12,True,False,Unstable (<0%)
Katsina,North West,kt Baure Local Government Area,Measles1,997.6,94.0,60.6,2026-06,True,False,Severe (40-70%)
Akwa Ibom,South South,ak Mkpat Enin Local Government Area,Measles1,731.1,94.0,47.2,2026-09,True,False,Severe (40-70%)
Benue,North Central,be Gboko Local Government Area,Penta1,1952.8,94.0,69.6,2026-07,True,False,Severe (40-70%)
Kano,North West,kn Ungogo Local Government Area,Penta1,2321.6,94.0,75.8,2026-09,True,False,Warning (70-80%)
Kano,North West,kn Karaye Local Government Area,Penta1,722.7,94.0,72.8,2026-08,True,False,Warning (70-80%)
Niger,North Central,ni Bida Local Government Area,Penta1,1215.9,94.1,72.0,2026-09,True,False,Warning (70-80%)
Kano,North West,kn Makoda Local Government Area,Penta3,959.9,94.1,79.7,2026-06,True,False,Warning (70-80%)
Gombe,North East,go Akko Local Government Area,BCG,1786.4,94.1,78.5,2026-12,True,False,Warning (70-80%)
Delta,South South,de Sapele Local Government Area,Penta1,653.2,94.2,79.1,2026-11,True,False,Warning (70-80%)
Niger,North Central,ni Katcha Local Government Area,Penta3,937.2,94.2,49.6,2026-11,True,False,Severe (40-70%)
Kano,North West,kn Dawakin Kudu Local Government Area,Penta1,1160.9,94.2,76.9,2026-06,True,False,Warning (70-80%)
Lagos,South West,la Ikorodu Local Government Area,BCG,2796.7,94.2,69.2,2026-08,True,False,Severe (40-70%)
Oyo,South West,oy Atisbo Local Government Area,Penta1,434.2,94.2,38.5,2026-07,True,False,Critical (0-40%)
Cross River,South South,cr Yakurr Local Government Area,Measles1,1012.7,94.3,79.0,2026-07,True,False,Warning (70-80%)
Kano,North West,kn Danbatta Local Government Area,Measles1,901.7,94.3,76.6,2026-10,True,False,Warning (70-80%)
Plateau,North Central,pl Jos North Local Government Area,Penta3,1694.0,94.3,66.6,2026-09,True,False,Severe (40-70%)
Taraba,North East,ta Sardauna Local Government Area,Measles1,1143.1,94.3,65.0,2026-11,True,False,Severe (40-70%)
Kano,North West,kn Minjibir Local Government Area,Penta1,890.4,94.3,72.4,2026-12,True,False,Warning (70-80%)
Sokoto,North West,so Dange-Shuni Local Government Area,Penta1,794.8,94.4,73.0,2026-06,True,False,Warning (70-80%)
Enugu,South East,en Igbo-Eze North Local Government Area,BCG,547.2,94.4,52.2,2026-12,True,False,Severe (40-70%)
Kano,North West,kn Kumbotso Local Government Area,Penta1,2049.7,94.4,79.3,2026-06,True,False,Warning (70-80%)
Oyo,South West,oy Egbeda Local Government Area,Measles1,1130.2,94.4,41.5,2026-10,True,False,Severe (40-70%)
Kogi,North Central,ko Ogori/Magongo Local Government Area,BCG,202.8,94.4,54.5,2026-09,True,False,Severe (40-70%)
Enugu,South East,en Nsukka Local Government Area,Measles1,1023.2,94.4,44.2,2026-12,True,False,Severe (40-70%)
Kwara,North Central,kw Ekiti Local Government Area,BCG,344.2,94.5,72.1,2026-07,True,False,Warning (70-80%)
Sokoto,North West,so Gwadabawa Local Government Area,Penta1,1082.6,94.5,79.5,2026-07,True,False,Warning (70-80%)
Gombe,North East,go Shongom Local Government Area,Penta1,409.8,94.6,52.8,2026-09,True,False,Severe (40-70%)
Katsina,North West,kt Batagarawa Local Government Area,Penta3,1108.9,94.6,73.6,2026-10,True,False,Warning (70-80%)
Abia,South East,ab Umuahia North Local Government Area,Penta1,926.5,94.7,69.3,2026-09,True,False,Severe (40-70%)
Kogi,North Central,ko Ijumu Local Government Area,Measles1,641.8,94.7,4.7,2026-11,True,False,Critical (0-40%)
Imo,South East,im Ahiazu-Mbaise Local Government Area,Penta1,540.7,94.7,48.1,2026-10,True,False,Severe (40-70%)
Sokoto,North West,so Shagari Local Government Area,Penta1,540.2,94.7,49.3,2026-12,True,False,Severe (40-70%)
Bauchi,North East,ba Dass Local Government Area,Measles1,445.6,94.7,67.4,2026-06,True,False,Severe (40-70%)
Bauchi,North East,ba Bauchi Local Government Area,Penta1,3012.3,94.7,78.1,2026-06,True,False,Warning (70-80%)
Niger,North Central,ni Kontagora Local Government Area,Penta3,1131.2,94.7,44.0,2026-11,True,False,Severe (40-70%)
Lagos,South West,la Mushin Local Government Area,BCG,2419.2,94.8,55.0,2026-12,True,False,Severe (40-70%)
Niger,North Central,ni Paikoro Local Government Area,BCG,866.3,94.8,17.0,2026-11,True,False,Critical (0-40%)
Osun,South West,os Ifelodun Local Government Area,BCG,463.5,94.8,65.9,2026-09,True,False,Severe (40-70%)
Enugu,South East,en Igbo-Eze South Local Government Area,BCG,606.0,94.8,78.9,2026-12,True,False,Warning (70-80%)
Ondo,South West,on Okitipupa Local Government Area,Penta3,1117.1,94.9,73.1,2026-10,True,False,Warning (70-80%)
Cross River,South South,cr Obubra Local Government Area,BCG,766.0,94.9,64.9,2026-07,True,False,Severe (40-70%)
Kebbi,North West,ke Zuru Local Government Area,Measles1,769.3,94.9,61.2,2026-12,True,False,Severe (40-70%)
Kano,North West,kn Minjibir Local Government Area,BCG,890.9,94.9,76.3,2026-06,True,False,Warning (70-80%)
FCT,North Central,fc Kuje Local Government Area,Penta3,991.8,94.9,60.5,2026-06,True,False,Severe (40-70%)
Delta,South South,de Uvwie Local Government Area,Measles1,806.9,95.0,37.6,2026-06,True,False,Critical (0-40%)
Bauchi,North East,ba Warji Local Government Area,Penta1,586.3,95.0,77.2,2026-09,True,False,Warning (70-80%)
Bauchi,North East,ba Zaki Local Government Area,Measles1,1208.7,95.0,78.0,2026-09,True,False,Warning (70-80%)
Imo,South East,im Obowo Local Government Area,Penta1,581.6,95.0,72.2,2026-12,True,False,Warning (70-80%)
Delta,South South,de Aniocha North Local Government Area,Penta1,535.8,95.1,73.1,2026-07,True,False,Warning (70-80%)
Niger,North Central,ni Lapai Local Government Area,Penta1,1019.5,95.1,69.4,2026-09,True,False,Severe (40-70%)
Rivers,South South,ri Okrika Local Government Area,Penta1,1347.5,95.1,77.6,2026-09,True,False,Warning (70-80%)
Lagos,South West,la Oshodi/Isolo Local Government Area,Penta1,2568.7,95.1,53.4,2026-08,True,False,Severe (40-70%)
Enugu,South East,en Enugu East Local Government Area,Measles1,1194.2,95.1,64.2,2026-12,True,False,Severe (40-70%)
Plateau,North Central,pl Kanam Local Government Area,BCG,957.5,95.2,68.0,2026-06,True,False,Severe (40-70%)
Ondo,South West,on Okitipupa Local Government Area,Penta1,1183.2,95.2,73.4,2026-10,True,False,Warning (70-80%)
Zamfara,North West,za Gusau Local Government Area,BCG,2224.9,95.2,77.2,2026-06,True,False,Warning (70-80%)
Gombe,North East,go Balanga Local Government Area,Penta3,985.8,95.2,75.0,2026-11,True,False,Warning (70-80%)
Rivers,South South,ri Okrika Local Government Area,Penta3,1286.9,95.2,78.6,2026-09,True,False,Warning (70-80%)
Kogi,North Central,ko Lokoja Local Government Area,BCG,648.9,95.2,61.4,2026-06,True,False,Severe (40-70%)
Imo,South East,im Oguta Local Government Area,Measles1,531.3,95.2,66.7,2026-11,True,False,Severe (40-70%)
Osun,South West,os Ifedayo Local Government Area,Penta3,150.8,95.2,66.5,2026-08,True,False,Severe (40-70%)
Akwa Ibom,South South,ak Oruk Anam Local Government Area,Measles1,541.0,95.2,33.9,2026-09,True,False,Critical (0-40%)
Kaduna,North West,kd Giwa Local Government Area,BCG,2243.3,95.2,78.5,2026-06,True,False,Warning (70-80%)
Kano,North West,kn Shanono Local Government Area,Penta1,809.2,95.3,75.4,2026-07,True,False,Warning (70-80%)
Akwa Ibom,South South,ak Essien Udim Local Government Area,Penta3,680.1,95.3,57.7,2026-08,True,False,Severe (40-70%)
Nasarawa,North Central,na Nasarawa Eggon Local Government Area,Measles1,757.2,95.3,59.1,2026-10,True,False,Severe (40-70%)
Abia,South East,ab Umuahia North Local Government Area,BCG,787.3,95.4,68.6,2026-09,True,False,Severe (40-70%)
Katsina,North West,kt Baure Local Government Area,BCG,952.6,95.4,69.2,2026-06,True,False,Severe (40-70%)
Niger,North Central,ni Chanchaga Local Government Area,Measles1,856.9,95.4,64.9,2026-09,True,False,Severe (40-70%)
Katsina,North West,kt Charanchi Local Government Area,Penta3,904.6,95.4,77.6,2026-11,True,False,Warning (70-80%)
Kano,North West,kn Makoda Local Government Area,Penta1,981.9,95.4,76.2,2026-12,True,False,Warning (70-80%)
Plateau,North Central,pl Pankshin Local Government Area,Penta1,508.6,95.5,76.2,2026-06,True,False,Warning (70-80%)
Katsina,North West,kt Kankara Local Government Area,Penta1,1209.2,95.5,55.1,2026-09,True,False,Severe (40-70%)
Sokoto,North West,so Rabah Local Government Area,BCG,665.2,95.5,69.2,2026-06,True,False,Severe (40-70%)
Kano,North West,kn Dawakin Kudu Local Government Area,Penta3,1129.2,95.5,77.8,2026-06,True,False,Warning (70-80%)
Plateau,North Central,pl Kanam Local Government Area,Penta3,1005.5,95.5,79.3,2026-06,True,False,Warning (70-80%)
Nasarawa,North Central,na Keffi Local Government Area,Measles1,512.2,95.6,78.0,2026-11,True,False,Warning (70-80%)
Anambra,South East,an Idemili North Local Government Area,Penta1,1984.5,95.6,52.9,2026-11,True,False,Severe (40-70%)
Rivers,South South,ri Emohua Local Government Area,Measles1,549.4,95.6,67.0,2026-09,True,False,Severe (40-70%)
Delta,South South,de Ika North East Local Government Area,Measles1,1012.2,95.6,67.8,2026-06,True,False,Severe (40-70%)
Enugu,South East,en Nsukka Local Government Area,Penta1,1447.8,95.6,56.1,2026-12,True,False,Severe (40-70%)
Osun,South West,os Ifelodun Local Government Area,Measles1,299.8,95.6,58.3,2026-09,True,False,Severe (40-70%)
Benue,North Central,be Apa Local Government Area,BCG,807.9,95.6,53.1,2026-08,True,False,Severe (40-70%)
Akwa Ibom,South South,ak Uruan Local Government Area,Penta3,362.9,95.7,63.8,2026-09,True,False,Severe (40-70%)
Kogi,North Central,ko Yagba East Local Government Area,Measles1,517.0,95.7,38.8,2026-08,True,False,Critical (0-40%)
Abia,South East,ab Umuahia North Local Government Area,Measles1,678.6,95.8,60.2,2026-09,True,False,Severe (40-70%)
Sokoto,North West,so Dange-Shuni Local Government Area,Penta3,710.2,95.8,61.1,2026-06,True,False,Severe (40-70%)
Plateau,North Central,pl Kanam Local Government Area,Penta1,1129.1,95.8,74.9,2026-06,True,False,Warning (70-80%)
Rivers,South South,ri Obio/Akpor Local Government Area,BCG,2653.8,95.8,71.3,2026-09,True,False,Warning (70-80%)
Bauchi,North East,ba Kirfi Local Government Area,BCG,703.5,95.9,75.2,2026-09,True,False,Warning (70-80%)
Akwa Ibom,South South,ak Uruan Local Government Area,BCG,440.8,95.9,63.7,2026-09,True,False,Severe (40-70%)
Delta,South South,de Warri North Local Government Area,BCG,789.8,95.9,69.9,2026-07,True,False,Severe (40-70%)
Jigawa,North West,ji Garki Local Government Area,Measles1,840.4,95.9,71.1,2026-11,True,False,Warning (70-80%)
Kano,North West,kn Dawakin Tofa Local Government Area,Penta1,1164.3,96.0,76.0,2026-06,True,False,Warning (70-80%)
Bauchi,North East,ba Bauchi Local Government Area,BCG,3149.4,96.0,72.2,2026-06,True,False,Warning (70-80%)
Kano,North West,kn Bebeji Local Government Area,Measles1,724.3,96.0,65.1,2026-11,True,False,Severe (40-70%)
Sokoto,North West,so Wurno Local Government Area,Penta1,1156.5,96.0,79.6,2026-12,True,False,Warning (70-80%)
Kano,North West,kn Ungogo Local Government Area,Penta3,2175.0,96.0,72.3,2026-09,True,False,Warning (70-80%)
Kano,North West,kn Rimin Gado Local Government Area,BCG,448.3,96.0,67.7,2026-07,True,False,Severe (40-70%)
Lagos,South West,la Lagos Island Local Government Area,BCG,701.8,96.0,57.8,2026-09,True,False,Severe (40-70%)
Kano,North West,kn Dawakin Tofa Local Government Area,BCG,980.5,96.1,67.0,2026-06,True,False,Severe (40-70%)
Taraba,North East,ta Sardauna Local Government Area,Penta1,1411.8,96.1,76.3,2026-09,True,False,Warning (70-80%)
Niger,North Central,ni Chanchaga Local Government Area,Penta1,1321.7,96.1,60.1,2026-09,True,False,Severe (40-70%)
Ekiti,South West,ek Ekiti East Local Government Area,BCG,729.7,96.2,73.3,2026-12,True,False,Warning (70-80%)
Kano,North West,kn Garko Local Government Area,Measles1,595.8,96.2,63.6,2026-11,True,False,Severe (40-70%)
Sokoto,North West,so Dange-Shuni Local Government Area,Measles1,537.4,96.2,64.6,2026-06,True,False,Severe (40-70%)
Enugu,South East,en Enugu East Local Government Area,Penta3,1295.7,96.2,55.6,2026-12,True,False,Severe (40-70%)
Lagos,South West,la Alimosho Local Government Area,Penta1,5030.8,96.2,70.7,2026-09,True,False,Warning (70-80%)
Benue,North Central,be Logo Local Government Area,Penta3,794.5,96.3,59.2,2026-10,True,False,Severe (40-70%)
Delta,South South,de Bomadi Local Government Area,BCG,267.6,96.3,73.9,2026-08,True,False,Warning (70-80%)
Kano,North West,kn Rano Local Government Area,Penta1,797.4,96.3,79.6,2026-11,True,False,Warning (70-80%)
Plateau,North Central,pl Bokkos Local Government Area,Penta1,628.2,96.4,79.0,2026-07,True,False,Warning (70-80%)
Lagos,South West,la Ikorodu Local Government Area,Penta3,2561.7,96.4,43.1,2026-11,True,False,Severe (40-70%)
Delta,South South,de Sapele Local Government Area,Measles1,545.1,96.4,68.8,2026-11,True,False,Severe (40-70%)
Kano,North West,kn Kiru Local Government Area,BCG,1525.8,96.4,78.3,2026-06,True,False,Warning (70-80%)
Gombe,North East,go Kaltungo Local Government Area,Measles1,508.1,96.5,67.8,2026-12,True,False,Severe (40-70%)
Bauchi,North East,ba Alkaleri Local Government Area,BCG,1380.4,96.5,55.3,2026-06,True,False,Severe (40-70%)
Kano,North West,kn Gwarzo Local Government Area,Penta1,1075.8,96.5,64.4,2026-06,True,False,Severe (40-70%)
Imo,South East,im Obowo Local Government Area,Penta3,515.2,96.5,72.7,2026-12,True,False,Warning (70-80%)
Enugu,South East,en Nsukka Local Government Area,BCG,1162.0,96.6,64.8,2026-12,True,False,Severe (40-70%)
Sokoto,North West,so Bodinga Local Government Area,Penta3,599.1,96.6,51.4,2026-06,True,False,Severe (40-70%)
Taraba,North East,ta Jalingo Local Government Area,Measles1,684.9,96.7,77.3,2026-11,True,False,Warning (70-80%)
Bauchi,North East,ba Giade Local Government Area,Penta1,789.6,96.7,77.1,2026-06,True,False,Warning (70-80%)
Sokoto,North West,so Shagari Local Government Area,BCG,464.8,96.8,37.4,2026-12,True,False,Critical (0-40%)
Sokoto,North West,so Binji Local Government Area,Penta1,360.1,96.8,53.3,2026-11,True,False,Severe (40-70%)
Osun,South West,os Ifedayo Local Government Area,Penta1,143.9,96.8,73.9,2026-12,True,False,Warning (70-80%)
Akwa Ibom,South South,ak Essien Udim Local Government Area,Penta1,777.9,96.8,71.0,2026-08,True,False,Warning (70-80%)
Edo,South South,ed Egor Local Government Area,Penta1,812.2,96.8,65.5,2026-12,True,False,Severe (40-70%)
Ogun,South West,og Ijebu East Local Government Area,Measles1,538.5,96.9,72.9,2026-06,True,False,Warning (70-80%)
Imo,South East,im Oru West Local Government Area,Penta1,595.0,96.9,58.9,2026-07,True,False,Severe (40-70%)
Katsina,North West,kt Mani Local Government Area,Measles1,858.8,96.9,47.4,2026-09,True,False,Severe (40-70%)
Oyo,South West,oy Atisbo Local Government Area,Penta3,394.3,96.9,25.5,2026-12,True,False,Critical (0-40%)
Bauchi,North East,ba Giade Local Government Area,Penta3,745.6,96.9,77.1,2026-06,True,False,Warning (70-80%)
Ekiti,South West,ek Ekiti East Local Government Area,Penta3,659.2,97.0,79.5,2026-10,True,False,Warning (70-80%)
Katsina,North West,kt Kurfi Local Government Area,Penta1,913.3,97.0,65.2,2026-09,True,False,Severe (40-70%)
Imo,South East,im Mbaitoli Local Government Area,Penta3,863.5,97.0,45.8,2026-07,True,False,Severe (40-70%)
Delta,South South,de Warri North Local Government Area,Penta1,582.3,97.1,66.6,2026-07,True,False,Severe (40-70%)
Bauchi,North East,ba Itas/Gadau Local Government Area,BCG,912.1,97.1,69.5,2026-06,True,False,Severe (40-70%)
Kano,North West,kn Wudil Local Government Area,BCG,887.0,97.1,68.1,2026-06,True,False,Severe (40-70%)
Akwa Ibom,South South,ak Ukanafun Local Government Area,Penta3,277.8,97.1,74.3,2026-07,True,False,Warning (70-80%)
Lagos,South West,la Mushin Local Government Area,Penta3,2619.2,97.2,36.5,2026-12,True,False,Critical (0-40%)
Katsina,North West,kt Kurfi Local Government Area,Penta3,840.0,97.2,67.2,2026-09,True,False,Severe (40-70%)
Katsina,North West,kt Danja Local Government Area,Penta1,1259.6,97.2,58.4,2026-09,True,False,Severe (40-70%)
Kano,North West,kn Makoda Local Government Area,BCG,792.8,97.2,67.2,2026-06,True,False,Severe (40-70%)
Akwa Ibom,South South,ak Ukanafun Local Government Area,Penta1,324.2,97.4,75.1,2026-07,True,False,Warning (70-80%)
Ogun,South West,og Sagamu Local Government Area,BCG,1468.1,97.4,73.6,2026-12,True,False,Warning (70-80%)
Lagos,South West,la Lagos Mainland Local Government Area,BCG,821.0,97.5,62.4,2026-12,True,False,Severe (40-70%)
Osun,South West,os Ilesa West Local Government Area,BCG,346.4,97.5,74.2,2026-12,True,False,Warning (70-80%)
Bauchi,North East,ba Shira Local Government Area,Penta1,984.7,97.5,72.6,2026-06,True,False,Warning (70-80%)
FCT,North Central,fc Kuje Local Government Area,Penta1,968.3,97.5,58.6,2026-09,True,False,Severe (40-70%)
Bauchi,North East,ba Katagum Local Government Area,Penta3,1330.0,97.5,75.2,2026-06,True,False,Warning (70-80%)
Kogi,North Central,ko Mopa-Muro Local Government Area,Penta3,241.9,97.6,42.2,2026-09,True,False,Severe (40-70%)
Katsina,North West,kt Batagarawa Local Government Area,Penta1,1140.2,97.6,65.3,2026-09,True,False,Severe (40-70%)
Lagos,South West,la Amuwo Odofin Local Government Area,Measles1,1533.8,97.6,66.1,2026-09,True,False,Severe (40-70%)
Oyo,South West,oy Ibadan South West Local Government Area,Measles1,1481.3,97.7,75.0,2026-12,True,False,Warning (70-80%)
Kano,North West,kn Dawakin Kudu Local Government Area,BCG,1116.2,97.7,69.4,2026-06,True,False,Severe (40-70%)
Bauchi,North East,ba Itas/Gadau Local Government Area,Penta3,997.0,97.7,75.2,2026-06,True,False,Warning (70-80%)
Rivers,South South,ri Ahoada West Local Government Area,Penta1,1365.3,97.7,71.5,2026-07,True,False,Warning (70-80%)
Katsina,North West,kt Charanchi Local Government Area,BCG,777.3,97.7,73.5,2026-07,True,False,Warning (70-80%)
Kano,North West,kn Kura Local Government Area,Penta1,665.7,97.8,69.1,2026-09,True,False,Severe (40-70%)
Anambra,South East,an Awka South Local Government Area,BCG,1521.3,97.9,42.7,2026-12,True,False,Severe (40-70%)
Oyo,South West,oy Saki West Local Government Area,Penta1,1062.4,97.9,69.4,2026-07,True,False,Severe (40-70%)
Adamawa,North East,ad Michika Local Government Area,Penta3,990.8,97.9,79.4,2026-07,True,False,Warning (70-80%)
Kano,North West,kn Rano Local Government Area,Measles1,657.9,97.9,75.4,2026-11,True,False,Warning (70-80%)
Ebonyi,South East,eb Ivo Local Government Area,Measles1,563.6,97.9,28.9,2026-07,True,False,Critical (0-40%)
Oyo,South West,oy Oyo East Local Government Area,BCG,770.8,97.9,69.9,2026-09,True,False,Severe (40-70%)
Oyo,South West,oy Akinyele Local Government Area,BCG,1133.5,98.0,77.1,2026-08,True,False,Warning (70-80%)
Gombe,North East,go Kwami Local Government Area,Penta1,1165.2,98.0,75.2,2026-12,True,False,Warning (70-80%)
Niger,North Central,ni Suleja Local Government Area,Measles1,1043.8,98.1,38.7,2026-09,True,False,Critical (0-40%)
Anambra,South East,an Nnewi North Local Government Area,Penta3,658.8,98.1,73.4,2026-11,True,False,Warning (70-80%)
Delta,South South,de Warri North Local Government Area,Penta3,533.2,98.2,73.0,2026-10,True,False,Warning (70-80%)
Kaduna,North West,kd Zangon Kataf Local Government Area,Measles1,1265.2,98.2,6.4,2026-11,True,False,Critical (0-40%)
Adamawa,North East,ad Michika Local Government Area,Penta1,1040.0,98.2,78.8,2026-07,True,False,Warning (70-80%)
Enugu,South East,en Igbo-Eze North Local Government Area,Penta3,1066.2,98.3,78.5,2026-12,True,False,Warning (70-80%)
Plateau,North Central,pl Pankshin Local Government Area,BCG,376.8,98.3,73.8,2026-06,True,False,Warning (70-80%)
Katsina,North West,kt Matazu Local Government Area,Penta1,859.2,98.4,68.6,2026-09,True,False,Severe (40-70%)
Imo,South East,im Ideato North Local Government Area,Measles1,370.2,98.4,69.2,2026-09,True,False,Severe (40-70%)
Ogun,South West,og Odeda Local Government Area,Measles1,550.3,98.5,14.1,2026-09,True,False,Critical (0-40%)
Anambra,South East,an Anambra East Local Government Area,Measles1,830.6,98.5,72.5,2026-10,True,False,Warning (70-80%)
Nasarawa,North Central,na Keffi Local Government Area,Penta1,727.9,98.5,77.2,2026-09,True,False,Warning (70-80%)
Benue,North Central,be Oju Local Government Area,BCG,656.7,98.5,71.7,2026-06,True,False,Warning (70-80%)
Niger,North Central,ni Lavun Local Government Area,Measles1,1292.6,98.5,60.4,2026-06,True,False,Severe (40-70%)
Kano,North West,kn Ajingi Local Government Area,BCG,706.7,98.5,59.1,2026-12,True,False,Severe (40-70%)
Kano,North West,kn Gabasawa Local Government Area,BCG,874.3,98.6,73.1,2026-06,True,False,Warning (70-80%)
Lagos,South West,la Ibeju/Lekki Local Government Area,Penta3,741.5,98.6,79.7,2026-11,True,False,Warning (70-80%)
Gombe,North East,go Kaltungo Local Government Area,Penta3,621.4,98.6,72.1,2026-06,True,False,Warning (70-80%)
Kano,North West,kn Doguwa Local Government Area,Penta1,952.6,98.7,77.4,2026-09,True,False,Warning (70-80%)
Katsina,North West,kt Kurfi Local Government Area,BCG,709.7,98.7,56.7,2026-09,True,False,Severe (40-70%)
Jigawa,North West,ji Taura Local Government Area,BCG,736.8,98.7,76.7,2026-07,True,False,Warning (70-80%)
Oyo,South West,oy Oluyole Local Government Area,Measles1,1140.5,98.8,67.4,2026-10,True,False,Severe (40-70%)
Oyo,South West,oy Saki West Local Government Area,Penta3,925.1,98.8,69.1,2026-07,True,False,Severe (40-70%)
Osun,South West,os Iwo Local Government Area,BCG,951.8,98.8,79.2,2026-06,True,False,Warning (70-80%)
Oyo,South West,oy Egbeda Local Government Area,Penta3,1007.2,98.8,56.0,2026-07,True,False,Severe (40-70%)
Oyo,South West,oy Olorunsogo Local Government Area,Penta3,315.9,98.8,31.7,2026-07,True,False,Critical (0-40%)
Kogi,North Central,ko Mopa-Muro Local Government Area,Penta1,239.8,98.9,36.2,2026-09,True,False,Critical (0-40%)
Delta,South South,de Okpe Local Government Area,Measles1,614.6,98.9,-59.6,2026-06,True,False,Unstable (<0%)
Niger,North Central,ni Rafi Local Government Area,BCG,1130.8,98.9,62.2,2026-11,True,False,Severe (40-70%)
Bauchi,North East,ba Shira Local Government Area,BCG,925.4,98.9,70.6,2026-11,True,False,Warning (70-80%)
Benue,North Central,be Agatu Local Government Area,Measles1,591.9,99.0,40.1,2026-07,True,False,Severe (40-70%)
Gombe,North East,go Funakaye Local Government Area,Measles1,950.5,99.0,57.3,2026-11,True,False,Severe (40-70%)
Benue,North Central,be Katsina-Ala Local Government Area,BCG,1019.2,99.0,76.0,2026-08,True,False,Warning (70-80%)
Katsina,North West,kt Kaita Local Government Area,BCG,991.4,99.1,63.7,2026-11,True,False,Severe (40-70%)
Enugu,South East,en Nsukka Local Government Area,Penta3,1185.1,99.1,39.6,2026-12,True,False,Critical (0-40%)
Jigawa,North West,ji Birnin Kudu Local Government Area,Measles1,1465.9,99.1,17.0,2026-11,True,False,Critical (0-40%)
Niger,North Central,ni Mariga Local Government Area,Penta3,1244.5,99.1,49.6,2026-09,True,False,Severe (40-70%)
Oyo,South West,oy Egbeda Local Government Area,Penta1,1038.8,99.2,54.1,2026-07,True,False,Severe (40-70%)
Ekiti,South West,ek Ijero Local Government Area,Penta3,913.2,99.2,62.0,2026-10,True,False,Severe (40-70%)
Zamfara,North West,za Gummi Local Government Area,Penta1,1417.8,99.3,75.1,2026-12,True,False,Warning (70-80%)
Enugu,South East,en Igbo-Eze North Local Government Area,Penta1,1191.4,99.3,50.3,2026-12,True,False,Severe (40-70%)
Bayelsa,South South,by Yenagoa Local Government Area,Penta3,1103.9,99.3,71.5,2026-12,True,False,Warning (70-80%)
Jigawa,North West,ji Kiyawa Local Government Area,Penta3,1274.6,99.4,76.7,2026-09,True,False,Warning (70-80%)
Cross River,South South,cr Yakurr Local Government Area,Penta3,637.4,99.4,44.9,2026-07,True,False,Severe (40-70%)
Lagos,South West,la Kosofe Local Government Area,Penta1,2555.6,99.4,76.9,2026-11,True,False,Warning (70-80%)
Kano,North West,kn Tofa Local Government Area,Penta1,459.7,99.5,75.9,2026-07,True,False,Warning (70-80%)
Niger,North Central,ni Edati Local Government Area,BCG,972.1,99.6,76.1,2026-11,True,False,Warning (70-80%)
Jigawa,North West,ji Ringim Local Government Area,Penta3,1165.1,99.7,79.8,2026-09,True,False,Warning (70-80%)
Akwa Ibom,South South,ak Uruan Local Government Area,Penta1,378.3,99.7,66.8,2026-09,True,False,Severe (40-70%)
Katsina,North West,kt Sandamu Local Government Area,Penta3,547.6,99.7,78.6,2026-11,True,False,Warning (70-80%)
Imo,South East,im Oru West Local Government Area,Penta3,573.2,99.7,49.2,2026-07,True,False,Severe (40-70%)
Ekiti,South West,ek Ijero Local Government Area,Penta1,947.0,99.7,58.4,2026-10,True,False,Severe (40-70%)
Benue,North Central,be Logo Local Government Area,Measles1,811.0,99.8,78.5,2026-10,True,False,Warning (70-80%)
Kano,North West,kn Rano Local Government Area,BCG,796.6,99.8,75.3,2026-11,True,False,Warning (70-80%)
Sokoto,North West,so Yabo Local Government Area,BCG,444.4,99.8,43.3,2026-06,True,False,Severe (40-70%)
Kogi,North Central,ko Lokoja Local Government Area,Penta1,696.6,99.8,59.8,2026-09,True,False,Severe (40-70%)
Bayelsa,South South,by Yenagoa Local Government Area,BCG,935.0,99.8,58.5,2026-12,True,False,Severe (40-70%)
Akwa Ibom,South South,ak Abak Local Government Area,Penta1,504.2,99.9,69.5,2026-10,True,False,Severe (40-70%)
Kano,North West,kn Tudun Wada Local Government Area,Measles1,921.0,99.9,61.8,2026-11,True,False,Severe (40-70%)
Bauchi,North East,ba Toro Local Government Area,BCG,2614.2,99.9,77.6,2026-09,True,False,Warning (70-80%)
Abia,South East,ab Ukwa West Local Government Area,Measles1,471.9,99.9,-9.2,2026-11,True,False,Unstable (<0%)
Imo,South East,im Owerri North Local Government Area,Penta3,732.2,99.9,64.3,2026-09,True,False,Severe (40-70%)
Kwara,North Central,kw Kaiama Local Government Area,Measles1,582.8,100.0,63.4,2026-07,True,False,Severe (40-70%)
Katsina,North West,kt Sandamu Local Government Area,Penta1,564.2,100.0,79.1,2026-09,True,False,Warning (70-80%)
Delta,South South,de Patani Local Government Area,Measles1,225.5,100.0,-19.9,2026-06,True,False,Unstable (<0%)
Rivers,South South,ri Emohua Local Government Area,Penta3,732.2,100.1,76.4,2026-07,True,False,Warning (70-80%)
Enugu,South East,en Enugu East Local Government Area,Penta1,1331.6,100.1,61.9,2026-12,True,False,Severe (40-70%)
Bauchi,North East,ba Alkaleri Local Government Area,Penta3,1404.8,100.1,78.2,2026-06,True,False,Warning (70-80%)
Oyo,South West,oy Ibarapa North Local Government Area,Penta1,373.2,100.2,77.3,2026-07,True,False,Warning (70-80%)
Kano,North West,kn Karaye Local Government Area,BCG,677.2,100.2,66.7,2026-06,True,False,Severe (40-70%)
Osun,South West,os Olorunda Local Government Area,BCG,460.3,100.2,76.4,2026-12,True,False,Warning (70-80%)
Nasarawa,North Central,na Keffi Local Government Area,Penta3,667.6,100.2,75.4,2026-09,True,False,Warning (70-80%)
Katsina,North West,kt Dutsin-Ma Local Government Area,BCG,1284.1,100.2,63.1,2026-08,True,False,Severe (40-70%)
Borno,North East,bo Monguno Local Government Area,Penta1,1520.9,100.2,75.2,2026-11,True,False,Warning (70-80%)
Lagos,South West,la Badagry Local Government Area,BCG,1224.1,100.3,65.8,2026-10,True,False,Severe (40-70%)
Oyo,South West,oy Ibarapa East Local Government Area,Penta1,604.0,100.3,71.8,2026-07,True,False,Warning (70-80%)
Jigawa,North West,ji Babura Local Government Area,Measles1,1039.7,100.3,70.4,2026-09,True,False,Warning (70-80%)
Sokoto,North West,so Isa Local Government Area,Penta1,547.5,100.4,61.4,2026-08,True,False,Severe (40-70%)
Jigawa,North West,ji Ringim Local Government Area,BCG,1183.1,100.4,76.1,2026-06,True,False,Warning (70-80%)
Oyo,South West,oy Oluyole Local Government Area,Penta3,846.2,100.4,33.8,2026-07,True,False,Critical (0-40%)
Gombe,North East,go Balanga Local Government Area,Penta1,990.4,100.5,79.5,2026-06,True,False,Warning (70-80%)
Kano,North West,kn Gwarzo Local Government Area,BCG,1050.8,100.6,60.9,2026-07,True,False,Severe (40-70%)
Kano,North West,kn Ajingi Local Government Area,Penta3,749.6,100.6,80.0,2026-12,True,False,Warning (70-80%)
Cross River,South South,cr Abi Local Government Area,Measles1,750.2,100.6,74.3,2026-07,True,False,Warning (70-80%)
Plateau,North Central,pl Kanke Local Government Area,Penta3,308.1,100.7,56.9,2026-06,True,False,Severe (40-70%)
Borno,North East,bo Shani Local Government Area,Measles1,632.2,100.7,66.3,2026-11,True,False,Severe (40-70%)
Benue,North Central,be Oju Local Government Area,Measles1,688.5,100.7,65.2,2026-06,True,False,Severe (40-70%)
Kwara,North Central,kw Kaiama Local Government Area,BCG,644.3,100.8,77.1,2026-07,True,False,Warning (70-80%)
Bauchi,North East,ba Alkaleri Local Government Area,Penta1,1494.8,100.8,70.2,2026-06,True,False,Warning (70-80%)
Kano,North West,kn Kura Local Government Area,BCG,660.9,100.8,66.7,2026-06,True,False,Severe (40-70%)
Plateau,North Central,pl Bokkos Local Government Area,Penta3,584.9,100.9,76.2,2026-06,True,False,Warning (70-80%)
Delta,South South,de Warri South West Local Government Area,Penta1,384.9,100.9,53.0,2026-06,True,False,Severe (40-70%)
Delta,South South,de Aniocha North Local Government Area,Measles1,538.1,100.9,77.1,2026-07,True,False,Warning (70-80%)
Kwara,North Central,kw Moro Local Government Area,Measles1,540.9,101.0,65.1,2026-11,True,False,Severe (40-70%)
Oyo,South West,oy Saki East Local Government Area,BCG,703.3,101.0,68.5,2026-06,True,False,Severe (40-70%)
Katsina,North West,kt Sandamu Local Government Area,Measles1,478.8,101.0,79.1,2026-11,True,False,Warning (70-80%)
Bauchi,North East,ba Itas/Gadau Local Government Area,Penta1,1014.1,101.0,75.3,2026-06,True,False,Warning (70-80%)
Gombe,North East,go Funakaye Local Government Area,BCG,958.9,101.1,71.3,2026-06,True,False,Warning (70-80%)
Katsina,North West,kt Danja Local Government Area,BCG,1153.2,101.1,48.5,2026-07,True,False,Severe (40-70%)
Kebbi,North West,ke Yauri Local Government Area,Measles1,537.8,101.1,58.1,2026-12,True,False,Severe (40-70%)
Oyo,South West,oy Ogo Oluwa Local Government Area,Penta3,288.4,101.2,62.8,2026-07,True,False,Severe (40-70%)
Osun,South West,os Ifedayo Local Government Area,Measles1,150.8,101.2,78.6,2026-11,True,False,Warning (70-80%)
Anambra,South East,an Idemili South Local Government Area,Penta1,800.8,101.2,65.5,2026-10,True,False,Severe (40-70%)
Bayelsa,South South,by Yenagoa Local Government Area,Penta1,1132.9,101.2,71.9,2026-12,True,False,Warning (70-80%)
Rivers,South South,ri Oyigbo Local Government Area,Measles1,566.1,101.2,79.1,2026-09,True,False,Warning (70-80%)
Benue,North Central,be Tarka Local Government Area,Measles1,297.3,101.2,66.8,2026-10,True,False,Severe (40-70%)
Kano,North West,kn Gezawa Local Government Area,Measles1,1038.2,101.2,43.8,2026-11,True,False,Severe (40-70%)
Sokoto,North West,so Wamako Local Government Area,Measles1,589.0,101.2,73.6,2026-09,True,False,Warning (70-80%)
Imo,South East,im Obowo Local Government Area,Measles1,619.3,101.3,78.5,2026-10,True,False,Warning (70-80%)
Cross River,South South,cr Yakurr Local Government Area,Penta1,673.6,101.3,47.0,2026-07,True,False,Severe (40-70%)
Oyo,South West,oy Ibadan South West Local Government Area,Penta3,923.5,101.3,47.8,2026-07,True,False,Severe (40-70%)
Sokoto,North West,so Isa Local Government Area,Penta3,471.9,101.3,66.2,2026-08,True,False,Severe (40-70%)
Kwara,North Central,kw Ifelodun Local Government Area,BCG,744.9,101.3,71.3,2026-11,True,False,Warning (70-80%)
Lagos,South West,la Kosofe Local Government Area,Penta3,2405.2,101.3,64.5,2026-11,True,False,Severe (40-70%)
Ebonyi,South East,eb Ebonyi Local Government Area,Measles1,871.1,101.3,78.5,2026-12,True,False,Warning (70-80%)
Cross River,South South,cr Ogoja Local Government Area,BCG,785.3,101.3,74.9,2026-09,True,False,Warning (70-80%)
Edo,South South,ed Egor Local Government Area,Penta3,749.4,101.4,78.2,2026-12,True,False,Warning (70-80%)
Bauchi,North East,ba Bogoro Local Government Area,BCG,340.5,101.5,55.8,2026-12,True,False,Severe (40-70%)
Akwa Ibom,South South,ak Nsit Ibom Local Government Area,Measles1,621.2,101.5,77.6,2026-10,True,False,Warning (70-80%)
Zamfara,North West,za Bungudu Local Government Area,BCG,1627.8,101.6,75.7,2026-07,True,False,Warning (70-80%)
Kano,North West,kn Bebeji Local Government Area,BCG,958.0,101.7,75.0,2026-06,True,False,Warning (70-80%)
Kano,North West,kn Ajingi Local Government Area,Penta1,784.5,101.7,79.0,2026-12,True,False,Warning (70-80%)
Katsina,North West,kt Kafur Local Government Area,BCG,1109.1,101.7,60.5,2026-07,True,False,Severe (40-70%)
Kwara,North Central,kw Moro Local Government Area,Penta3,688.3,101.8,76.4,2026-07,True,False,Warning (70-80%)
Kaduna,North West,kd Kubau Local Government Area,BCG,2041.3,101.8,78.1,2026-06,True,False,Warning (70-80%)
Plateau,North Central,pl Kanke Local Government Area,Measles1,249.1,101.8,67.3,2026-11,True,False,Severe (40-70%)
Gombe,North East,go Balanga Local Government Area,BCG,893.2,101.8,73.2,2026-06,True,False,Warning (70-80%)
Bauchi,North East,ba Darazo Local Government Area,BCG,1277.2,101.8,69.2,2026-06,True,False,Severe (40-70%)
Imo,South East,im Owerri North Local Government Area,Penta1,785.4,101.9,54.2,2026-09,True,False,Severe (40-70%)
Kano,North West,kn Bichi Local Government Area,BCG,1309.5,101.9,77.4,2026-06,True,False,Warning (70-80%)
Ekiti,South West,ek Oye Local Government Area,BCG,701.4,101.9,69.4,2026-12,True,False,Severe (40-70%)
Kaduna,North West,kd Soba Local Government Area,Penta1,2383.5,102.0,79.7,2026-06,True,False,Warning (70-80%)
Kwara,North Central,kw Ilorin East Local Government Area,Penta1,1097.5,102.0,46.4,2026-06,True,False,Severe (40-70%)
Kano,North West,kn Madobi Local Government Area,BCG,643.6,102.0,-148.0,2026-06,True,False,Unstable (<0%)
Osun,South West,os Ilesa West Local Government Area,Penta1,361.9,102.1,67.6,2026-12,True,False,Severe (40-70%)
Niger,North Central,ni Mariga Local Government Area,Penta1,1348.2,102.1,60.7,2026-06,True,False,Severe (40-70%)
Plateau,North Central,pl Barkin Ladi Local Government Area,Penta3,752.2,102.1,67.8,2026-06,True,False,Severe (40-70%)
Oyo,South West,oy Ibadan South West Local Government Area,Penta1,972.7,102.1,48.8,2026-07,True,False,Severe (40-70%)
Plateau,North Central,pl Barkin Ladi Local Government Area,Measles1,632.3,102.1,79.3,2026-11,True,False,Warning (70-80%)
Oyo,South West,oy Ibarapa North Local Government Area,Penta3,328.7,102.2,74.7,2026-07,True,False,Warning (70-80%)
Nasarawa,North Central,na Kokona Local Government Area,Penta1,564.6,102.3,78.8,2026-09,True,False,Warning (70-80%)
Kaduna,North West,kd Makarfi Local Government Area,Measles1,1027.2,102.4,78.9,2026-06,True,False,Warning (70-80%)
Niger,North Central,ni Lavun Local Government Area,Penta3,1381.4,102.4,78.6,2026-06,True,False,Warning (70-80%)
Plateau,North Central,pl Riyom Local Government Area,Penta3,379.2,102.4,78.9,2026-06,True,False,Warning (70-80%)
Anambra,South East,an Dunukofia Local Government Area,BCG,444.2,102.5,68.5,2026-12,True,False,Severe (40-70%)
Kano,North West,kn Garum Mallam Local Government Area,BCG,466.2,102.5,79.4,2026-06,True,False,Warning (70-80%)
Nasarawa,North Central,na Lafia Local Government Area,BCG,1727.1,102.6,78.8,2026-06,True,False,Warning (70-80%)
Benue,North Central,be Ado Local Government Area,Penta1,1102.5,102.6,74.9,2026-11,True,False,Warning (70-80%)
Katsina,North West,kt Daura Local Government Area,Penta3,1251.8,102.6,-27.7,2026-06,True,False,Unstable (<0%)
Ogun,South West,og Ijebu East Local Government Area,Penta1,536.2,102.7,77.2,2026-06,True,False,Warning (70-80%)
Kwara,North Central,kw Oyun Local Government Area,Penta1,448.8,102.7,79.8,2026-12,True,False,Warning (70-80%)
Kaduna,North West,kd Sanga Local Government Area,Measles1,656.9,102.7,37.1,2026-11,True,False,Critical (0-40%)
Plateau,North Central,pl Mikang Local Government Area,BCG,291.2,102.8,77.7,2026-06,True,False,Warning (70-80%)
Kano,North West,kn Danbatta Local Government Area,BCG,1007.9,102.9,75.7,2026-12,True,False,Warning (70-80%)
Rivers,South South,ri Emohua Local Government Area,Penta1,764.7,103.0,78.0,2026-07,True,False,Warning (70-80%)
Oyo,South West,oy Ibadan South East Local Government Area,Penta3,906.4,103.0,65.3,2026-07,True,False,Severe (40-70%)
Oyo,South West,oy Ogo Oluwa Local Government Area,Penta1,298.8,103.1,62.3,2026-12,True,False,Severe (40-70%)
Kwara,North Central,kw Moro Local Government Area,BCG,535.2,103.1,70.3,2026-11,True,False,Warning (70-80%)
Bauchi,North East,ba Dass Local Government Area,Penta3,467.6,103.1,74.9,2026-12,True,False,Warning (70-80%)
Kwara,North Central,kw Baruten Local Government Area,Measles1,849.7,103.2,41.9,2026-07,True,False,Severe (40-70%)
Gombe,North East,go Shongom Local Government Area,BCG,322.5,103.2,65.5,2026-09,True,False,Severe (40-70%)
Bauchi,North East,ba Darazo Local Government Area,Penta1,1385.9,103.2,77.2,2026-06,True,False,Warning (70-80%)
Kogi,North Central,ko Ajaokuta Local Government Area,Measles1,424.7,103.2,-43.9,2026-11,True,False,Unstable (<0%)
Katsina,North West,kt Sandamu Local Government Area,BCG,459.8,103.2,64.2,2026-07,True,False,Severe (40-70%)
Oyo,South West,oy Oluyole Local Government Area,Penta1,901.7,103.3,37.5,2026-07,True,False,Critical (0-40%)
FCT,North Central,fc Kwali Local Government Area,Measles1,813.0,103.3,48.8,2026-06,True,False,Severe (40-70%)
Gombe,North East,go Funakaye Local Government Area,Penta3,1064.8,103.3,70.1,2026-06,True,False,Warning (70-80%)
Delta,South South,de Warri South West Local Government Area,BCG,569.4,103.4,64.3,2026-10,True,False,Severe (40-70%)
Lagos,South West,la Badagry Local Government Area,Measles1,943.8,103.4,74.0,2026-10,True,False,Warning (70-80%)
Ogun,South West,og Yewa South Local Government Area,Penta1,707.4,103.4,67.1,2026-12,True,False,Severe (40-70%)
Bauchi,North East,ba Warji Local Government Area,BCG,500.8,103.4,56.3,2026-12,True,False,Severe (40-70%)
Ebonyi,South East,eb Afikpo South Local Government Area,Penta1,753.2,103.4,58.7,2026-07,True,False,Severe (40-70%)
Cross River,South South,cr Obubra Local Government Area,Penta3,566.2,103.4,31.8,2026-07,True,False,Critical (0-40%)
Akwa Ibom,South South,ak Uruan Local Government Area,Measles1,356.9,103.5,63.4,2026-09,True,False,Severe (40-70%)
Jigawa,North West,ji Gwiwa Local Government Area,Measles1,606.4,103.5,33.3,2026-11,True,False,Critical (0-40%)
Bauchi,North East,ba Alkaleri Local Government Area,Measles1,1132.8,103.6,74.3,2026-09,True,False,Warning (70-80%)
Kaduna,North West,kd Sabon Gari Local Government Area,Measles1,1641.4,103.6,71.5,2026-06,True,False,Warning (70-80%)
Kwara,North Central,kw Irepodun Local Government Area,Measles1,581.2,103.6,51.5,2026-06,True,False,Severe (40-70%)
Kogi,North Central,ko Ajaokuta Local Government Area,Penta3,476.9,103.6,72.3,2026-11,True,False,Warning (70-80%)
Adamawa,North East,ad Mubi South Local Government Area,BCG,931.4,103.7,65.8,2026-12,True,False,Severe (40-70%)
Ekiti,South West,ek Ado Ekiti Local Government Area,Measles1,1329.3,103.8,78.8,2026-09,True,False,Warning (70-80%)
Sokoto,North West,so Bodinga Local Government Area,Penta1,634.8,103.8,49.4,2026-06,True,False,Severe (40-70%)
Cross River,South South,cr Yala Local Government Area,Penta3,710.6,103.9,60.4,2026-07,True,False,Severe (40-70%)
Katsina,North West,kt Dan Musa Local Government Area,Penta3,633.8,103.9,62.1,2026-06,True,False,Severe (40-70%)
Kwara,North Central,kw Oyun Local Government Area,BCG,452.3,103.9,75.6,2026-11,True,False,Warning (70-80%)
Abia,South East,ab Ohafia Local Government Area,Penta1,1090.2,104.0,66.0,2026-09,True,False,Severe (40-70%)
Kano,North West,kn Tofa Local Government Area,BCG,428.1,104.0,79.7,2026-07,True,False,Warning (70-80%)
Kwara,North Central,kw Kaiama Local Government Area,Penta1,716.3,104.1,70.2,2026-07,True,False,Warning (70-80%)
Adamawa,North East,ad Yola North Local Government Area,Measles1,1498.1,104.2,76.1,2026-06,True,False,Warning (70-80%)
Gombe,North East,go Nafada Local Government Area,Measles1,460.7,104.2,69.1,2026-12,True,False,Severe (40-70%)
Sokoto,North West,so Bodinga Local Government Area,BCG,606.7,104.2,52.7,2026-06,True,False,Severe (40-70%)
Benue,North Central,be Kwande Local Government Area,BCG,1326.7,104.3,71.7,2026-07,True,False,Warning (70-80%)
Borno,North East,bo Askira/Uba Local Government Area,BCG,970.2,104.3,-270.7,2026-10,True,False,Unstable (<0%)
Sokoto,North West,so Yabo Local Government Area,Penta1,483.9,104.4,62.0,2026-08,True,False,Severe (40-70%)
Kaduna,North West,kd Kudan Local Government Area,Penta1,857.3,104.4,78.5,2026-06,True,False,Warning (70-80%)
Cross River,South South,cr Ikom Local Government Area,Measles1,480.3,104.4,77.7,2026-11,True,False,Warning (70-80%)
Kano,North West,kn Nasarawa Local Government Area,Measles1,1852.8,104.5,51.9,2026-11,True,False,Severe (40-70%)
Lagos,South West,la Mushin Local Government Area,Penta1,2356.2,104.5,76.6,2026-12,True,False,Warning (70-80%)
Osun,South West,os Olorunda Local Government Area,Penta3,435.2,104.5,75.1,2026-12,True,False,Warning (70-80%)
Katsina,North West,kt Mani Local Government Area,Penta3,889.5,104.5,58.4,2026-09,True,False,Severe (40-70%)
Kwara,North Central,kw Isin Local Government Area,BCG,272.4,104.5,40.8,2026-06,True,False,Severe (40-70%)
Niger,North Central,ni Gurara Local Government Area,Measles1,440.0,104.7,79.0,2026-10,True,False,Warning (70-80%)
Gombe,North East,go Funakaye Local Government Area,Penta1,1112.6,104.7,74.1,2026-11,True,False,Warning (70-80%)
Borno,North East,bo Dikwa Local Government Area,Measles1,376.0,104.7,49.9,2026-06,True,False,Severe (40-70%)
Niger,North Central,ni Katcha Local Government Area,BCG,905.0,104.8,76.8,2026-11,True,False,Warning (70-80%)
Osun,South West,os Ede South Local Government Area,Measles1,231.1,104.9,77.4,2026-11,True,False,Warning (70-80%)
Jigawa,North West,ji Babura Local Government Area,BCG,1059.2,104.9,62.9,2026-11,True,False,Severe (40-70%)
Lagos,South West,la Ikorodu Local Government Area,Measles1,2601.5,105.0,58.1,2026-09,True,False,Severe (40-70%)
Abia,South East,ab Obi Nwga Local Government Area,Measles1,568.2,105.0,34.1,2026-11,True,False,Critical (0-40%)
Niger,North Central,ni Suleja Local Government Area,Penta3,1298.3,105.0,44.4,2026-09,True,False,Severe (40-70%)
Kaduna,North West,kd Giwa Local Government Area,Measles1,1802.0,105.1,-30.7,2026-11,True,False,Unstable (<0%)
Niger,North Central,ni Magama Local Government Area,Penta1,1177.4,105.1,78.0,2026-09,True,False,Warning (70-80%)
Cross River,South South,cr Bekwarra Local Government Area,Penta3,350.9,105.1,56.1,2026-07,True,False,Severe (40-70%)
Oyo,South West,oy Olorunsogo Local Government Area,Penta1,300.7,105.2,27.3,2026-07,True,False,Critical (0-40%)
Ebonyi,South East,eb Afikpo South Local Government Area,Penta3,707.3,105.2,59.8,2026-07,True,False,Severe (40-70%)
Katsina,North West,kt Mani Local Government Area,Penta1,947.7,105.3,78.0,2026-09,True,False,Warning (70-80%)
Jigawa,North West,ji Kaugama Local Government Area,BCG,626.4,105.3,71.0,2026-07,True,False,Warning (70-80%)
Oyo,South West,oy Ona Ara Local Government Area,Penta1,908.2,105.3,75.8,2026-07,True,False,Warning (70-80%)
Kano,North West,kn Kabo Local Government Area,BCG,621.4,105.4,79.7,2026-06,True,False,Warning (70-80%)
Plateau,North Central,pl Barkin Ladi Local Government Area,Penta1,788.6,105.4,67.9,2026-06,True,False,Severe (40-70%)
Kaduna,North West,kd Makarfi Local Government Area,Penta1,1259.8,105.4,79.7,2026-06,True,False,Warning (70-80%)
Kogi,North Central,ko Yagba West Local Government Area,Penta1,783.4,105.4,75.4,2026-11,True,False,Warning (70-80%)
Lagos,South West,la Ikorodu Local Government Area,Penta1,2409.8,105.5,68.5,2026-11,True,False,Severe (40-70%)
Kano,North West,kn Warawa Local Government Area,Penta3,613.4,105.6,77.0,2026-09,True,False,Warning (70-80%)
Niger,North Central,ni Paikoro Local Government Area,Penta1,873.0,105.6,78.7,2026-07,True,False,Warning (70-80%)
Zamfara,North West,za Bungudu Local Government Area,Penta1,1691.7,105.7,79.6,2026-07,True,False,Warning (70-80%)
Cross River,South South,cr Bekwarra Local Government Area,Measles1,390.2,105.7,70.4,2026-09,True,False,Warning (70-80%)
Niger,North Central,ni Mokwa Local Government Area,Measles1,1603.3,105.7,77.8,2026-10,True,False,Warning (70-80%)
Jigawa,North West,ji Birnin Kudu Local Government Area,BCG,1467.0,105.8,73.4,2026-07,True,False,Warning (70-80%)
Imo,South East,im Nkwerre Local Government Area,Penta1,461.9,105.8,75.3,2026-09,True,False,Warning (70-80%)
Akwa Ibom,South South,ak Ini Local Government Area,Measles1,316.8,105.9,65.7,2026-12,True,False,Severe (40-70%)
Imo,South East,im Owerri Municipal Local Government Area,Penta3,627.3,105.9,65.1,2026-07,True,False,Severe (40-70%)
Lagos,South West,la Badagry Local Government Area,Penta3,1032.7,106.0,67.8,2026-10,True,False,Severe (40-70%)
Plateau,North Central,pl Kanke Local Government Area,Penta1,327.6,106.2,70.0,2026-06,True,False,Severe (40-70%)
Jigawa,North West,ji Miga Local Government Area,BCG,631.8,106.2,68.3,2026-06,True,False,Severe (40-70%)
Ogun,South West,og Yewa South Local Government Area,Penta3,650.1,106.2,67.2,2026-12,True,False,Severe (40-70%)
Plateau,North Central,pl Mangu Local Government Area,Penta1,977.5,106.2,61.3,2026-06,True,False,Severe (40-70%)
Kano,North West,kn Dala Local Government Area,BCG,1618.8,106.4,70.7,2026-06,True,False,Warning (70-80%)
Sokoto,North West,so Sokoto North Local Government Area,Penta1,760.7,106.4,58.8,2026-06,True,False,Severe (40-70%)
Sokoto,North West,so Illela Local Government Area,Penta3,797.8,106.6,79.0,2026-06,True,False,Warning (70-80%)
Kwara,North Central,kw Irepodun Local Government Area,BCG,609.1,106.6,76.3,2026-11,True,False,Warning (70-80%)
Kaduna,North West,kd Chikun Local Government Area,Measles1,1388.4,106.7,77.6,2026-11,True,False,Warning (70-80%)
Kogi,North Central,ko Igalamela-Odolu Local Government Area,BCG,460.5,106.7,44.1,2026-09,True,False,Severe (40-70%)
Kaduna,North West,kd Makarfi Local Government Area,BCG,1137.8,106.7,68.1,2026-06,True,False,Severe (40-70%)
Abia,South East,ab Bende Local Government Area,Measles1,448.2,106.7,59.1,2026-11,True,False,Severe (40-70%)
Niger,North Central,ni Suleja Local Government Area,BCG,1177.6,106.8,58.6,2026-09,True,False,Severe (40-70%)
Abia,South East,ab Arochukwu Local Government Area,Penta3,679.4,106.8,52.5,2026-06,True,False,Severe (40-70%)
Oyo,South West,oy Ona Ara Local Government Area,Penta3,894.1,106.8,79.2,2026-12,True,False,Warning (70-80%)
Ogun,South West,og Sagamu Local Government Area,Penta3,1176.8,106.9,67.8,2026-12,True,False,Severe (40-70%)
Niger,North Central,ni Lavun Local Government Area,BCG,1236.5,106.9,70.3,2026-09,True,False,Warning (70-80%)
Benue,North Central,be Obi Local Government Area,Measles1,609.4,106.9,65.4,2026-10,True,False,Severe (40-70%)
Cross River,South South,cr Odukpani Local Government Area,Penta1,704.2,106.9,77.7,2026-07,True,False,Warning (70-80%)
Kwara,North Central,kw Ifelodun Local Government Area,Penta1,1060.8,107.0,59.3,2026-06,True,False,Severe (40-70%)
Ogun,South West,og Sagamu Local Government Area,Penta1,1266.6,107.0,75.9,2026-12,True,False,Warning (70-80%)
Katsina,North West,kt Dan Musa Local Government Area,Penta1,684.9,107.1,64.5,2026-06,True,False,Severe (40-70%)
Imo,South East,im Ezinihitte-Mbaise Local Government Area,Penta1,576.2,107.1,67.0,2026-07,True,False,Severe (40-70%)
Cross River,South South,cr Calabar South Local Government Area,Penta1,800.2,107.1,60.5,2026-07,True,False,Severe (40-70%)
Gombe,North East,go Dukku Local Government Area,Penta1,1098.0,107.3,-33.8,2026-07,True,False,Unstable (<0%)
Katsina,North West,kt Mani Local Government Area,BCG,804.1,107.4,65.2,2026-09,True,False,Severe (40-70%)
Gombe,North East,go Dukku Local Government Area,Penta3,1022.5,107.6,79.3,2026-06,True,False,Warning (70-80%)
Kaduna,North West,kd Sabon Gari Local Government Area,Penta3,1920.4,107.7,78.3,2026-06,True,False,Warning (70-80%)
Sokoto,North West,so Yabo Local Government Area,Measles1,396.8,107.8,64.8,2026-06,True,False,Severe (40-70%)
Niger,North Central,ni Suleja Local Government Area,Penta1,1268.6,107.8,48.2,2026-09,True,False,Severe (40-70%)
Kwara,North Central,kw Moro Local Government Area,Penta1,660.2,107.8,70.2,2026-07,True,False,Warning (70-80%)
Katsina,North West,kt Dutsi Local Government Area,Penta1,632.0,107.9,74.1,2026-11,True,False,Warning (70-80%)
Kwara,North Central,kw Asa Local Government Area,Measles1,577.5,107.9,64.9,2026-07,True,False,Severe (40-70%)
Borno,North East,bo Monguno Local Government Area,BCG,1271.9,107.9,74.1,2026-11,True,False,Warning (70-80%)
Cross River,South South,cr Bekwarra Local Government Area,Penta1,374.0,108.0,55.5,2026-07,True,False,Severe (40-70%)
Borno,North East,bo Monguno Local Government Area,Penta3,1256.8,108.0,63.6,2026-11,True,False,Severe (40-70%)
Imo,South East,im Ahiazu-Mbaise Local Government Area,Measles1,494.8,108.2,56.6,2026-10,True,False,Severe (40-70%)
Niger,North Central,ni Lapai Local Government Area,Measles1,892.8,108.2,55.0,2026-09,True,False,Severe (40-70%)
Cross River,South South,cr Ogoja Local Government Area,Penta3,471.8,108.2,55.9,2026-07,True,False,Severe (40-70%)
Cross River,South South,cr Calabar South Local Government Area,Penta3,747.2,108.3,55.1,2026-07,True,False,Severe (40-70%)
Abia,South East,ab Arochukwu Local Government Area,Penta1,718.8,108.3,54.5,2026-06,True,False,Severe (40-70%)
Rivers,South South,ri Tai Local Government Area,Measles1,633.7,108.3,64.7,2026-08,True,False,Severe (40-70%)
Cross River,South South,cr Ogoja Local Government Area,Measles1,644.4,108.3,75.4,2026-09,True,False,Warning (70-80%)
Ekiti,South West,ek Irepodun/Ifelodun Local Government Area,BCG,497.9,108.4,68.4,2026-11,True,False,Severe (40-70%)
Oyo,South West,oy Ibadan South East Local Government Area,Penta1,943.3,108.4,56.4,2026-07,True,False,Severe (40-70%)
Abia,South East,ab Ohafia Local Government Area,Penta3,1013.3,108.4,61.3,2026-09,True,False,Severe (40-70%)
Nasarawa,North Central,na Obi Local Government Area,Penta1,899.7,108.5,75.7,2026-07,True,False,Warning (70-80%)
Kwara,North Central,kw Oyun Local Government Area,Penta3,413.8,108.5,78.6,2026-11,True,False,Warning (70-80%)
Niger,North Central,ni Gurara Local Government Area,Penta3,530.5,108.5,75.4,2026-09,True,False,Warning (70-80%)
Oyo,South West,oy Saki East Local Government Area,Penta1,441.9,108.5,47.5,2026-06,True,False,Severe (40-70%)
Kaduna,North West,kd Kaura Local Government Area,Measles1,827.8,108.5,-153.5,2026-11,True,False,Unstable (<0%)
Imo,South East,im Nkwerre Local Government Area,BCG,300.0,108.5,73.9,2026-07,True,False,Warning (70-80%)
Sokoto,North West,so Sokoto North Local Government Area,Penta3,677.3,108.6,58.2,2026-06,True,False,Severe (40-70%)
Kogi,North Central,ko Igalamela-Odolu Local Government Area,Penta3,557.0,108.7,71.8,2026-09,True,False,Warning (70-80%)
Niger,North Central,ni Katcha Local Government Area,Penta1,936.6,108.8,69.5,2026-08,True,False,Severe (40-70%)
Oyo,South West,oy Atiba Local Government Area,Measles1,613.0,108.9,69.4,2026-10,True,False,Severe (40-70%)
Plateau,North Central,pl Bokkos Local Government Area,BCG,530.1,108.9,78.9,2026-06,True,False,Warning (70-80%)
Katsina,North West,kt Mai'Adua Local Government Area,Penta1,832.6,108.9,9.5,2026-06,True,False,Critical (0-40%)
Imo,South East,im Nkwerre Local Government Area,Penta3,417.8,108.9,69.3,2026-09,True,False,Severe (40-70%)
Niger,North Central,ni Chanchaga Local Government Area,Penta3,1033.9,108.9,68.8,2026-09,True,False,Severe (40-70%)
Plateau,North Central,pl Kanke Local Government Area,BCG,273.9,108.9,48.1,2026-06,True,False,Severe (40-70%)
Kwara,North Central,kw Asa Local Government Area,Penta1,763.3,109.0,66.5,2026-07,True,False,Severe (40-70%)
Imo,South East,im Ezinihitte-Mbaise Local Government Area,Penta3,511.7,109.1,67.3,2026-11,True,False,Severe (40-70%)
Benue,North Central,be Katsina-Ala Local Government Area,Measles1,664.5,109.1,67.4,2026-11,True,False,Severe (40-70%)
Lagos,South West,la Badagry Local Government Area,Penta1,1046.6,109.1,63.8,2026-10,True,False,Severe (40-70%)
Katsina,North West,kt Kafur Local Government Area,Penta3,1169.3,109.3,70.4,2026-12,True,False,Warning (70-80%)
Kwara,North Central,kw Baruten Local Government Area,BCG,898.2,109.3,73.1,2026-07,True,False,Warning (70-80%)
Kogi,North Central,ko Kabba/Bunu Local Government Area,Measles1,582.1,109.4,58.5,2026-09,True,False,Severe (40-70%)
Katsina,North West,kt Kaita Local Government Area,Measles1,958.9,109.4,71.7,2026-11,True,False,Warning (70-80%)
Kogi,North Central,ko Igalamela-Odolu Local Government Area,Measles1,655.8,109.6,48.8,2026-07,True,False,Severe (40-70%)
Kwara,North Central,kw Asa Local Government Area,BCG,621.0,109.6,75.4,2026-07,True,False,Warning (70-80%)
Sokoto,North West,so Sokoto South Local Government Area,Measles1,467.0,109.7,72.4,2026-06,True,False,Warning (70-80%)
Delta,South South,de Bomadi Local Government Area,Measles1,375.7,109.7,63.6,2026-07,True,False,Severe (40-70%)
Katsina,North West,kt Zango Local Government Area,Penta1,831.7,109.7,11.6,2026-06,True,False,Critical (0-40%)
Katsina,North West,kt Dutsi Local Government Area,Penta3,594.2,109.7,76.3,2026-09,True,False,Warning (70-80%)
Katsina,North West,kt Bindawa Local Government Area,BCG,637.7,109.8,60.5,2026-11,True,False,Severe (40-70%)
Imo,South East,im Ideato South Local Government Area,Penta1,576.7,109.8,62.8,2026-09,True,False,Severe (40-70%)
Borno,North East,bo Biu Local Government Area,BCG,1314.8,109.9,75.4,2026-08,True,False,Warning (70-80%)
Kwara,North Central,kw Asa Local Government Area,Penta3,749.7,109.9,76.7,2026-07,True,False,Warning (70-80%)
Katsina,North West,kt Dan Musa Local Government Area,Measles1,604.8,110.0,61.1,2026-06,True,False,Severe (40-70%)
Plateau,North Central,pl Mikang Local Government Area,Measles1,235.1,110.1,51.1,2026-11,True,False,Severe (40-70%)
Katsina,North West,kt Kaita Local Government Area,Penta3,1055.1,110.2,67.4,2026-11,True,False,Severe (40-70%)
Kaduna,North West,kd Kudan Local Government Area,BCG,835.5,110.4,77.9,2026-06,True,False,Warning (70-80%)
Niger,North Central,ni Borgu Local Government Area,Penta3,1248.2,110.5,75.0,2026-11,True,False,Warning (70-80%)
Katsina,North West,kt Dutsin-Ma Local Government Area,Measles1,1092.5,110.6,79.9,2026-08,True,False,Warning (70-80%)
Oyo,South West,oy Ona Ara Local Government Area,Measles1,742.4,110.6,75.0,2026-10,True,False,Warning (70-80%)
Katsina,North West,kt Kurfi Local Government Area,Measles1,629.3,110.6,70.2,2026-09,True,False,Warning (70-80%)
Akwa Ibom,South South,ak Oron Local Government Area,Measles1,323.4,110.6,79.6,2026-09,True,False,Warning (70-80%)
Katsina,North West,kt Dutsi Local Government Area,Measles1,459.7,110.8,75.6,2026-06,True,False,Warning (70-80%)
Niger,North Central,ni Rafi Local Government Area,Penta3,902.6,110.9,71.9,2026-09,True,False,Warning (70-80%)
Kogi,North Central,ko Lokoja Local Government Area,Penta3,583.4,110.9,19.2,2026-06,True,False,Critical (0-40%)
Osun,South West,os Ola-Oluwa Local Government Area,Measles1,148.3,111.0,62.2,2026-12,True,False,Severe (40-70%)
Borno,North East,bo Marte Local Government Area,Penta1,54.4,111.0,47.7,2026-11,True,False,Severe (40-70%)
Kogi,North Central,ko Kabba/Bunu Local Government Area,BCG,476.0,111.1,73.8,2026-09,True,False,Warning (70-80%)
FCT,North Central,fc Kwali Local Government Area,Penta3,894.9,111.1,66.4,2026-06,True,False,Severe (40-70%)
FCT,North Central,fc Bwari Local Government Area,Penta1,1615.5,111.4,7.1,2026-12,True,False,Critical (0-40%)
Kaduna,North West,kd Jema'a Local Government Area,Measles1,805.9,111.4,-132.4,2026-11,True,False,Unstable (<0%)
Sokoto,North West,so Tambuwal Local Government Area,Measles1,553.7,111.4,52.7,2026-06,True,False,Severe (40-70%)
Kogi,North Central,ko Igalamela-Odolu Local Government Area,Penta1,610.6,111.5,57.7,2026-09,True,False,Severe (40-70%)
Anambra,South East,an Awka South Local Government Area,Penta3,837.2,111.6,66.3,2026-12,True,False,Severe (40-70%)
Ogun,South West,og Ifo Local Government Area,Penta1,2477.2,111.9,74.3,2026-07,True,False,Warning (70-80%)
Akwa Ibom,South South,ak Etinan Local Government Area,BCG,584.4,111.9,60.5,2026-09,True,False,Severe (40-70%)
Plateau,North Central,pl Mangu Local Government Area,BCG,776.8,112.0,56.3,2026-06,True,False,Severe (40-70%)
Delta,South South,de Ughelli South Local Government Area,Penta1,703.8,112.1,66.9,2026-07,True,False,Severe (40-70%)
Ogun,South West,og Ifo Local Government Area,Penta3,2510.8,112.2,61.9,2026-07,True,False,Severe (40-70%)
Plateau,North Central,pl Mangu Local Government Area,Penta3,876.8,112.3,64.3,2026-06,True,False,Severe (40-70%)
Osun,South West,os Ede South Local Government Area,BCG,284.7,112.3,77.7,2026-12,True,False,Warning (70-80%)
Borno,North East,bo Marte Local Government Area,Penta3,50.8,112.5,53.8,2026-11,True,False,Severe (40-70%)
Rivers,South South,ri Omumma Local Government Area,Penta3,516.0,112.7,78.3,2026-09,True,False,Warning (70-80%)
Imo,South East,im Owerri Municipal Local Government Area,Penta1,668.0,112.8,72.7,2026-07,True,False,Warning (70-80%)
Ekiti,South West,ek Ikole Local Government Area,BCG,642.2,112.9,69.6,2026-12,True,False,Severe (40-70%)
Katsina,North West,kt Kafur Local Government Area,Penta1,1244.4,112.9,68.3,2026-12,True,False,Severe (40-70%)
Akwa Ibom,South South,ak Etinan Local Government Area,Penta3,473.3,113.0,65.8,2026-09,True,False,Severe (40-70%)
Cross River,South South,cr Obubra Local Government Area,Penta1,583.1,113.0,66.9,2026-07,True,False,Severe (40-70%)
Borno,North East,bo Biu Local Government Area,Measles1,1009.1,113.2,72.8,2026-11,True,False,Warning (70-80%)
Akwa Ibom,South South,ak Onna Local Government Area,Measles1,512.0,113.2,64.6,2026-06,True,False,Severe (40-70%)
Cross River,South South,cr Ogoja Local Government Area,Penta1,540.3,113.5,65.0,2026-07,True,False,Severe (40-70%)
Plateau,North Central,pl Barkin Ladi Local Government Area,BCG,647.2,113.7,78.8,2026-06,True,False,Warning (70-80%)
Plateau,North Central,pl Jos East Local Government Area,Measles1,323.9,113.8,51.1,2026-11,True,False,Severe (40-70%)
Lagos,South West,la Amuwo Odofin Local Government Area,Penta3,1342.2,113.8,79.0,2026-11,True,False,Warning (70-80%)
Anambra,South East,an Idemili South Local Government Area,Penta3,714.0,114.1,75.0,2026-07,True,False,Warning (70-80%)
Sokoto,North West,so Sabon Birni Local Government Area,Penta3,896.9,114.2,69.1,2026-06,True,False,Severe (40-70%)
Cross River,South South,cr Odukpani Local Government Area,Penta3,617.0,114.2,70.6,2026-07,True,False,Warning (70-80%)
Cross River,South South,cr Yala Local Government Area,Penta1,761.5,114.3,66.9,2026-07,True,False,Severe (40-70%)
Ogun,South West,og Obafemi Owode Local Government Area,Measles1,971.8,114.5,-10.8,2026-07,True,False,Unstable (<0%)
Delta,South South,de Burutu Local Government Area,Penta1,571.8,114.5,77.2,2026-09,True,False,Warning (70-80%)
Borno,North East,bo Monguno Local Government Area,Measles1,1181.6,114.6,50.9,2026-09,True,False,Severe (40-70%)
Nasarawa,North Central,na Nasarawa Local Government Area,Measles1,951.8,114.9,70.4,2026-06,True,False,Warning (70-80%)
Oyo,South West,oy Saki East Local Government Area,Penta3,402.7,115.0,57.1,2026-06,True,False,Severe (40-70%)
Lagos,South West,la Amuwo Odofin Local Government Area,Penta1,1375.2,115.3,75.1,2026-09,True,False,Warning (70-80%)
Oyo,South West,oy Ori Ire Local Government Area,Penta1,530.8,115.3,64.0,2026-07,True,False,Severe (40-70%)
Sokoto,North West,so Isa Local Government Area,BCG,329.0,115.6,54.8,2026-07,True,False,Severe (40-70%)
Osun,South West,os Ifelodun Local Government Area,Penta3,306.8,115.6,53.9,2026-09,True,False,Severe (40-70%)
Benue,North Central,be Otukpo Local Government Area,Measles1,915.3,115.8,46.7,2026-12,True,False,Severe (40-70%)
Borno,North East,bo Biu Local Government Area,Penta3,1251.4,115.9,68.2,2026-11,True,False,Severe (40-70%)
Oyo,South West,oy Ogbomosho North Local Government Area,Penta1,673.7,116.1,56.4,2026-07,True,False,Severe (40-70%)
Niger,North Central,ni Mashegu Local Government Area,Penta1,1255.6,116.2,43.4,2026-08,True,False,Severe (40-70%)
Oyo,South West,oy Ori Ire Local Government Area,Penta3,500.2,116.2,60.0,2026-07,True,False,Severe (40-70%)
Nasarawa,North Central,na Awe Local Government Area,Measles1,522.2,116.4,70.7,2026-06,True,False,Warning (70-80%)
Cross River,South South,cr Abi Local Government Area,Penta1,496.2,116.4,55.5,2026-07,True,False,Severe (40-70%)
Delta,South South,de Warri South West Local Government Area,Measles1,542.1,116.7,79.2,2026-07,True,False,Warning (70-80%)
Kwara,North Central,kw Offa Local Government Area,Measles1,362.8,116.7,74.8,2026-11,True,False,Warning (70-80%)
Borno,North East,bo Biu Local Government Area,Penta1,1420.7,116.8,78.2,2026-08,True,False,Warning (70-80%)
Kebbi,North West,ke Aleiro Local Government Area,Measles1,300.2,116.9,77.0,2026-09,True,False,Warning (70-80%)
Plateau,North Central,pl Wase Local Government Area,Measles1,743.1,116.9,75.8,2026-06,True,False,Warning (70-80%)
Cross River,South South,cr Abi Local Government Area,Penta3,455.1,117.3,52.5,2026-07,True,False,Severe (40-70%)
Katsina,North West,kt Kaita Local Government Area,Penta1,1046.8,117.5,72.9,2026-11,True,False,Warning (70-80%)
Imo,South East,im Ideato South Local Government Area,Penta3,487.1,117.5,70.2,2026-09,True,False,Warning (70-80%)
Benue,North Central,be Kwande Local Government Area,Measles1,890.9,117.6,64.7,2026-08,True,False,Severe (40-70%)
Kogi,North Central,ko Bassa Local Government Area,Penta3,352.0,117.7,70.0,2026-07,True,False,Severe (40-70%)
Akwa Ibom,South South,ak Ini Local Government Area,Penta3,322.8,117.8,77.4,2026-08,True,False,Warning (70-80%)
Cross River,South South,cr Biase Local Government Area,Penta1,583.8,118.1,75.7,2026-08,True,False,Warning (70-80%)
Cross River,South South,cr Biase Local Government Area,Penta3,525.0,118.1,74.7,2026-08,True,False,Warning (70-80%)
Delta,South South,de Ughelli South Local Government Area,Penta3,629.3,118.2,59.7,2026-07,True,False,Severe (40-70%)
Plateau,North Central,pl Langtang South Local Government Area,Measles1,250.1,118.3,71.9,2026-06,True,False,Warning (70-80%)
Plateau,North Central,pl Langtang South Local Government Area,Penta3,315.9,118.4,74.2,2026-06,True,False,Warning (70-80%)
Osun,South West,os Odo Otin Local Government Area,Measles1,239.2,118.4,-54.2,2026-12,True,False,Unstable (<0%)
Borno,North East,bo Askira/Uba Local Government Area,Measles1,853.6,118.7,-162.6,2026-11,True,False,Unstable (<0%)
Yobe,North East,yo Karasuwa Local Government Area,Measles1,557.0,118.9,79.0,2026-08,True,False,Warning (70-80%)
Plateau,North Central,pl Kanam Local Government Area,Measles1,1035.5,119.0,66.9,2026-06,True,False,Severe (40-70%)
Niger,North Central,ni Mashegu Local Government Area,Penta3,1104.0,119.1,76.2,2026-08,True,False,Warning (70-80%)
Imo,South East,im Nkwerre Local Government Area,Measles1,401.6,119.2,79.5,2026-09,True,False,Warning (70-80%)
Kaduna,North West,kd Igabi Local Government Area,Measles1,1884.5,119.9,65.7,2026-06,True,False,Severe (40-70%)
Niger,North Central,ni Bosso Local Government Area,Penta1,994.1,120.1,53.6,2026-09,True,False,Severe (40-70%)
Niger,North Central,ni Mashegu Local Government Area,BCG,1132.5,120.1,51.0,2026-08,True,False,Severe (40-70%)
Oyo,South West,oy Ogbomosho North Local Government Area,Penta3,647.1,120.4,58.7,2026-07,True,False,Severe (40-70%)
Benue,North Central,be Ukum Local Government Area,Measles1,696.2,120.5,29.5,2026-11,True,False,Critical (0-40%)
Plateau,North Central,pl Langtang South Local Government Area,Penta1,359.8,120.7,69.7,2026-06,True,False,Severe (40-70%)
Ogun,South West,og Ipokia Local Government Area,Measles1,505.6,120.9,74.4,2026-09,True,False,Warning (70-80%)
Imo,South East,im Orsu Local Government Area,Measles1,212.5,121.3,68.7,2026-09,True,False,Severe (40-70%)
Akwa Ibom,South South,ak Etinan Local Government Area,Measles1,386.4,121.5,58.3,2026-09,True,False,Severe (40-70%)
FCT,North Central,fc Abaji Local Government Area,Measles1,627.1,121.6,47.0,2026-06,True,False,Severe (40-70%)
Borno,North East,bo Dikwa Local Government Area,Penta3,450.2,121.7,46.0,2026-06,True,False,Severe (40-70%)
Katsina,North West,kt Bindawa Local Government Area,Penta3,742.9,121.9,79.8,2026-11,True,False,Warning (70-80%)
Sokoto,North West,so Tambuwal Local Government Area,BCG,683.0,122.2,74.6,2026-07,True,False,Warning (70-80%)
Kogi,North Central,ko Bassa Local Government Area,Penta1,382.1,122.7,76.1,2026-07,True,False,Warning (70-80%)
Imo,South East,im Orsu Local Government Area,BCG,221.5,123.7,71.0,2026-09,True,False,Warning (70-80%)
Oyo,South West,oy Ona Ara Local Government Area,BCG,959.4,123.8,75.1,2026-09,True,False,Warning (70-80%)
Yobe,North East,yo Tarmuwa Local Government Area,Measles1,607.4,123.9,54.6,2026-08,True,False,Severe (40-70%)
Oyo,South West,oy Ibadan North Local Government Area,Penta1,812.7,124.8,73.6,2026-12,True,False,Warning (70-80%)
Kaduna,North West,kd Kagarko Local Government Area,Measles1,943.3,125.0,45.9,2026-06,True,False,Severe (40-70%)
Cross River,South South,cr Obudu Local Government Area,Penta1,499.2,125.1,65.0,2026-07,True,False,Severe (40-70%)
Benue,North Central,be Gwer East Local Government Area,Measles1,487.8,125.4,25.9,2026-12,True,False,Critical (0-40%)
Sokoto,North West,so Tambuwal Local Government Area,Penta1,673.5,125.7,68.6,2026-07,True,False,Severe (40-70%)
Kwara,North Central,kw Baruten Local Government Area,Penta1,1156.2,125.8,35.7,2026-06,True,False,Critical (0-40%)
Kogi,North Central,ko Bassa Local Government Area,BCG,174.5,125.8,68.7,2026-07,True,False,Severe (40-70%)
Imo,South East,im Orsu Local Government Area,Penta3,236.6,126.2,75.5,2026-09,True,False,Warning (70-80%)
Katsina,North West,kt Bindawa Local Government Area,Penta1,871.9,126.2,69.2,2026-11,True,False,Severe (40-70%)
Katsina,North West,kt Kankia Local Government Area,Penta3,791.3,126.6,79.5,2026-11,True,False,Warning (70-80%)
Cross River,South South,cr Obudu Local Government Area,Penta3,478.1,127.1,49.6,2026-07,True,False,Severe (40-70%)
Plateau,North Central,pl Langtang South Local Government Area,BCG,325.3,127.3,74.4,2026-06,True,False,Warning (70-80%)
Kwara,North Central,kw Ifelodun Local Government Area,Penta3,873.8,127.9,55.9,2026-11,True,False,Severe (40-70%)
Imo,South East,im Okigwe Local Government Area,Penta1,609.2,128.8,57.5,2026-07,True,False,Severe (40-70%)
Kogi,North Central,ko Olamaboro Local Government Area,Penta1,899.3,129.3,77.5,2026-08,True,False,Warning (70-80%)
Imo,South East,im Ahiazu-Mbaise Local Government Area,Penta3,449.8,129.4,63.4,2026-06,True,False,Severe (40-70%)
Cross River,South South,cr Boki Local Government Area,Penta3,556.2,130.7,79.8,2026-07,True,False,Warning (70-80%)
Benue,North Central,be Ado Local Government Area,Penta3,1081.6,133.2,72.7,2026-11,True,False,Warning (70-80%)
Oyo,South West,oy Kajola Local Government Area,Penta1,702.2,133.6,77.9,2026-10,True,False,Warning (70-80%)
Imo,South East,im Isu Local Government Area,BCG,393.1,134.6,52.0,2026-09,True,False,Severe (40-70%)
Borno,North East,bo Dikwa Local Government Area,Penta1,472.2,135.1,57.4,2026-06,True,False,Severe (40-70%)
Kogi,North Central,ko Olamaboro Local Government Area,Penta3,715.2,136.6,73.4,2026-08,True,False,Warning (70-80%)
FCT,North Central,fc Bwari Local Government Area,Penta3,1602.9,137.1,35.5,2026-06,True,False,Critical (0-40%)
Benue,North Central,be Vandeikya Local Government Area,Measles1,579.8,137.3,46.6,2026-11,True,False,Severe (40-70%)
Kaduna,North West,kd Kubau Local Government Area,Measles1,1021.8,137.4,72.3,2026-06,True,False,Warning (70-80%)
Akwa Ibom,South South,ak Onna Local Government Area,Penta1,508.7,137.5,34.6,2026-11,True,False,Critical (0-40%)
Imo,South East,im Isu Local Government Area,Measles1,395.3,140.6,79.2,2026-09,True,False,Warning (70-80%)
Kaduna,North West,kd Lere Local Government Area,Measles1,3797.8,141.7,48.9,2026-11,True,False,Severe (40-70%)
Imo,South East,im Okigwe Local Government Area,Penta3,526.2,143.6,56.8,2026-07,True,False,Severe (40-70%)
Osun,South West,os Ayedire Local Government Area,Measles1,160.5,145.4,69.7,2026-10,True,False,Severe (40-70%)
Abia,South East,ab Umunneochi Local Government Area,Penta3,698.0,148.6,78.1,2026-11,True,False,Warning (70-80%)
Kogi,North Central,ko Omala Local Government Area,BCG,332.3,150.8,54.6,2026-09,True,False,Severe (40-70%)
Katsina,North West,kt Zango Local Government Area,Penta3,683.5,151.9,-8.4,2026-06,True,False,Unstable (<0%)
FCT,North Central,fc Kwali Local Government Area,Penta1,923.4,153.4,67.4,2026-06,True,False,Severe (40-70%)
Oyo,South West,oy Kajola Local Government Area,Penta3,637.8,153.9,74.1,2026-10,True,False,Warning (70-80%)
Benue,North Central,be Ushongo Local Government Area,Measles1,699.2,154.8,49.2,2026-11,True,False,Severe (40-70%)
Imo,South East,im Aboh-Mbaise Local Government Area,Penta3,542.0,155.0,53.4,2026-09,True,False,Severe (40-70%)
FCT,North Central,fc Gwagwalada Local Government Area,Penta1,1333.3,157.4,22.4,2026-09,True,False,Critical (0-40%)
Borno,North East,bo Marte Local Government Area,BCG,45.2,157.5,46.1,2026-09,True,False,Severe (40-70%)
Kogi,North Central,ko Omala Local Government Area,Penta1,394.4,161.5,39.9,2026-09,True,False,Critical (0-40%)
Benue,North Central,be Guma Local Government Area,Measles1,594.7,167.9,78.7,2026-08,True,False,Warning (70-80%)
Kogi,North Central,ko Omala Local Government Area,Penta3,368.2,168.4,41.7,2026-09,True,False,Severe (40-70%)
FCT,North Central,fc Gwagwalada Local Government Area,Penta3,1279.7,169.2,37.5,2026-11,True,False,Critical (0-40%)
Sokoto,North West,so Sokoto North Local Government Area,Measles1,427.1,171.6,60.5,2026-06,True,False,Severe (40-70%)
Edo,South South,ed Esan Central Local Government Area,Penta1,296.5,172.9,74.6,2026-06,True,False,Warning (70-80%)
FCT,North Central,fc Kuje Local Government Area,Measles1,1094.4,173.9,14.9,2026-09,True,False,Critical (0-40%)
Edo,South South,ed Esan Central Local Government Area,Penta3,283.3,175.0,68.7,2026-06,True,False,Severe (40-70%)
Niger,North Central,ni Borgu Local Government Area,Measles1,1389.9,182.9,4.2,2026-11,True,False,Critical (0-40%)
Kaduna,North West,kd Kudan Local Government Area,Measles1,727.8,188.3,47.9,2026-11,True,False,Severe (40-70%)
Cross River,South South,cr Akpabuyo Local Government Area,Penta1,707.6,189.9,65.8,2026-07,True,False,Severe (40-70%)
Cross River,South South,cr Akpabuyo Local Government Area,Penta3,654.5,192.7,65.7,2026-07,True,False,Severe (40-70%)
Plateau,North Central,pl Jos North Local Government Area,Measles1,1511.6,199.2,61.2,2026-09,True,False,Severe (40-70%)
Kogi,North Central,ko Omala Local Government Area,Measles1,367.2,200.0,15.4,2026-09,True,False,Critical (0-40%)
Imo,South East,im Nwangele Local Government Area,Penta3,356.8,205.0,77.3,2026-11,True,False,Warning (70-80%)
Anambra,South East,an Idemili North Local Government Area,Penta3,2051.9,210.4,43.1,2026-11,True,False,Severe (40-70%)
Katsina,North West,kt Mai'Adua Local Government Area,Penta3,714.2,215.6,22.6,2026-09,True,False,Critical (0-40%)
Sokoto,North West,so Tureta Local Government Area,Measles1,260.2,223.4,69.6,2026-06,True,False,Severe (40-70%)
Sokoto,North West,so Sabon Birni Local Government Area,Measles1,893.2,243.1,59.8,2026-06,True,False,Severe (40-70%)
Akwa Ibom,South South,ak Udung Uko Local Government Area,Measles1,164.0,248.6,26.0,2026-07,True,False,Critical (0-40%)
Borno,North East,bo Damboa Local Government Area,Measles1,1109.5,257.0,29.1,2026-07,True,False,Critical (0-40%)
Niger,North Central,ni Paikoro Local Government Area,Measles1,832.8,269.7,-180.0,2026-11,True,False,Unstable (<0%)
Sokoto,North West,so Silame Local Government Area,Measles1,288.2,300.6,70.9,2026-11,True,False,Warning (70-80%)
Nasarawa,North Central,na Karu Local Government Area,Measles1,3712.0,306.7,14.4,2026-11,True,False,Critical (0-40%)
Zamfara,North West,za Anka Local Government Area,Measles1,652.2,431.0,41.9,2026-11,True,False,Severe (40-70%)
Sokoto,North West,so Tangaza Local Government Area,Measles1,419.9,465.3,20.2,2026-11,True,False,Critical (0-40%)
Oyo,South West,oy Oyo West Local Government Area,Measles1,609.0,1197.4,-178.6,2026-11,True,False,Unstable (<0%)
Borno,North East,bo Marte Local Government Area,Measles1,36.8,6001.8,-1410.8,2026-11,True,False,Unstable (<0%)
