state,zone,lga,antigen,baseline_2024,obs_2025_pct,lowest_forecast_pct,month_of_lowest,flag
Abia,South East,ab Aba North Local Government Area,BCG,823.3,81.7,104.0,2026-12,False
Abia,South East,ab Aba North Local Government Area,Penta1,532.4,107.3,124.4,2026-07,False
Abia,South East,ab Aba North Local Government Area,Penta3,506.8,103.2,121.6,2026-06,False
Abia,South East,ab Aba North Local Government Area,Measles1,649.8,88.9,76.0,2026-12,True
Abia,South East,ab Aba South Local Government Area,BCG,1492.1,97.8,89.8,2026-12,False
Abia,South East,ab Aba South Local Government Area,Penta1,1605.6,97.1,90.0,2026-12,False
Abia,South East,ab Aba South Local Government Area,Penta3,1550.6,97.7,95.8,2026-12,False
Abia,South East,ab Aba South Local Government Area,Measles1,1116.8,98.2,84.4,2026-12,False
Abia,South East,ab Arochukwu Local Government Area,BCG,790.5,95.2,94.4,2026-08,False
Abia,South East,ab Arochukwu Local Government Area,Penta1,718.8,108.3,54.5,2026-06,True
Abia,South East,ab Arochukwu Local Government Area,Penta3,679.4,106.8,52.5,2026-06,True
Abia,South East,ab Arochukwu Local Government Area,Measles1,656.4,95.8,96.9,2026-12,False
Abia,South East,ab Bende Local Government Area,BCG,352.4,103.0,95.5,2026-07,False
Abia,South East,ab Bende Local Government Area,Penta1,854.1,81.0,87.6,2026-09,False
Abia,South East,ab Bende Local Government Area,Penta3,816.9,81.7,84.8,2026-09,False
Abia,South East,ab Bende Local Government Area,Measles1,448.2,106.7,59.1,2026-11,True
Abia,South East,ab Ikwuano Local Government Area,BCG,382.2,78.8,94.5,2026-09,False
Abia,South East,ab Ikwuano Local Government Area,Penta1,614.4,79.7,94.5,2026-09,False
Abia,South East,ab Ikwuano Local Government Area,Penta3,593.8,82.1,89.8,2026-09,False
Abia,South East,ab Ikwuano Local Government Area,Measles1,404.1,83.8,88.7,2026-09,False
Abia,South East,ab Isiala-Ngwa North Local Government Area,BCG,513.8,120.7,128.5,2026-08,False
Abia,South East,ab Isiala-Ngwa North Local Government Area,Penta1,587.3,116.0,99.9,2026-09,False
Abia,South East,ab Isiala-Ngwa North Local Government Area,Penta3,537.2,117.7,103.5,2026-09,False
Abia,South East,ab Isiala-Ngwa North Local Government Area,Measles1,399.2,130.6,124.2,2026-09,False
Abia,South East,ab Isiala-Ngwa South Local Government Area,BCG,761.2,74.9,87.6,2026-11,False
Abia,South East,ab Isiala-Ngwa South Local Government Area,Penta1,682.7,73.6,77.2,2026-09,True
Abia,South East,ab Isiala-Ngwa South Local Government Area,Penta3,632.5,77.9,79.8,2026-09,True
Abia,South East,ab Isiala-Ngwa South Local Government Area,Measles1,586.0,76.6,82.2,2026-09,False
Abia,South East,ab Isuikwuato Local Government Area,BCG,408.6,107.0,126.2,2026-09,False
Abia,South East,ab Isuikwuato Local Government Area,Penta1,535.9,101.6,116.4,2026-09,False
Abia,South East,ab Isuikwuato Local Government Area,Penta3,537.9,99.0,118.2,2026-11,False
Abia,South East,ab Isuikwuato Local Government Area,Measles1,378.1,120.0,113.3,2026-11,False
Abia,South East,ab Obi Nwga Local Government Area,BCG,982.0,75.2,60.1,2026-11,True
Abia,South East,ab Obi Nwga Local Government Area,Penta1,601.1,143.0,119.8,2026-07,False
Abia,South East,ab Obi Nwga Local Government Area,Penta3,559.8,158.2,114.9,2026-11,False
Abia,South East,ab Obi Nwga Local Government Area,Measles1,568.2,105.0,34.1,2026-11,True
Abia,South East,ab Ohafia Local Government Area,BCG,1152.0,82.0,98.2,2026-12,False
Abia,South East,ab Ohafia Local Government Area,Penta1,1090.2,104.0,66.0,2026-09,True
Abia,South East,ab Ohafia Local Government Area,Penta3,1013.3,108.4,61.3,2026-09,True
Abia,South East,ab Ohafia Local Government Area,Measles1,964.8,85.9,85.6,2026-09,False
Abia,South East,ab Osisioma Ngwa Local Government Area,BCG,1095.9,76.9,62.5,2026-12,True
Abia,South East,ab Osisioma Ngwa Local Government Area,Penta1,865.0,92.2,89.2,2026-12,False
Abia,South East,ab Osisioma Ngwa Local Government Area,Penta3,824.4,93.1,92.9,2026-10,False
Abia,South East,ab Osisioma Ngwa Local Government Area,Measles1,764.8,85.5,81.1,2026-12,False
Abia,South East,ab Ugwunagbo Local Government Area,BCG,579.8,84.0,89.9,2026-11,False
Abia,South East,ab Ugwunagbo Local Government Area,Penta1,327.3,97.3,92.3,2026-10,False
Abia,South East,ab Ugwunagbo Local Government Area,Penta3,309.2,93.2,86.9,2026-10,False
Abia,South East,ab Ugwunagbo Local Government Area,Measles1,328.7,100.7,100.2,2026-08,False
Abia,South East,ab Ukwa East Local Government Area,BCG,192.3,153.8,138.8,2026-08,False
Abia,South East,ab Ukwa East Local Government Area,Penta1,319.2,96.2,83.8,2026-07,False
Abia,South East,ab Ukwa East Local Government Area,Penta3,286.2,94.0,80.4,2026-07,False
Abia,South East,ab Ukwa East Local Government Area,Measles1,234.3,125.4,96.5,2026-08,False
Abia,South East,ab Ukwa West Local Government Area,BCG,744.3,63.0,26.3,2026-10,True
Abia,South East,ab Ukwa West Local Government Area,Penta1,365.0,121.2,124.8,2026-08,False
Abia,South East,ab Ukwa West Local Government Area,Penta3,329.5,123.6,126.8,2026-07,False
Abia,South East,ab Ukwa West Local Government Area,Measles1,471.9,99.9,-9.2,2026-11,True
Abia,South East,ab Umuahia North Local Government Area,BCG,787.3,95.4,68.6,2026-09,True
Abia,South East,ab Umuahia North Local Government Area,Penta1,926.5,94.7,69.3,2026-09,True
Abia,South East,ab Umuahia North Local Government Area,Penta3,880.8,92.8,69.1,2026-09,True
Abia,South East,ab Umuahia North Local Government Area,Measles1,678.6,95.8,60.2,2026-09,True
Abia,South East,ab Umuahia South Local Government Area,BCG,622.8,82.3,79.3,2026-09,True
Abia,South East,ab Umuahia South Local Government Area,Penta1,618.2,79.8,73.7,2026-09,True
Abia,South East,ab Umuahia South Local Government Area,Penta3,565.2,80.6,76.1,2026-09,True
Abia,South East,ab Umuahia South Local Government Area,Measles1,483.3,95.2,81.4,2026-12,False
Abia,South East,ab Umunneochi Local Government Area,BCG,482.6,122.2,123.4,2026-10,False
Abia,South East,ab Umunneochi Local Government Area,Penta1,711.3,114.1,88.2,2026-11,False
Abia,South East,ab Umunneochi Local Government Area,Penta3,698.0,148.6,78.1,2026-11,True
Abia,South East,ab Umunneochi Local Government Area,Measles1,521.0,148.6,130.5,2026-11,False
Adamawa,North East,ad Demsa Local Government Area,BCG,1010.3,101.3,95.1,2026-12,False
Adamawa,North East,ad Demsa Local Government Area,Penta1,1133.1,100.8,94.4,2026-09,False
Adamawa,North East,ad Demsa Local Government Area,Penta3,1088.5,102.1,97.5,2026-09,False
Adamawa,North East,ad Demsa Local Government Area,Measles1,1074.2,104.8,98.8,2026-09,False
Adamawa,North East,ad Fufore Local Government Area,BCG,1079.3,118.8,110.2,2026-06,False
Adamawa,North East,ad Fufore Local Government Area,Penta1,1284.4,107.5,99.3,2026-07,False
Adamawa,North East,ad Fufore Local Government Area,Penta3,1245.8,106.8,101.3,2026-07,False
Adamawa,North East,ad Fufore Local Government Area,Measles1,1121.0,110.2,106.0,2026-09,False
Adamawa,North East,ad Ganye Local Government Area,BCG,950.0,125.7,125.7,2026-11,False
Adamawa,North East,ad Ganye Local Government Area,Penta1,1091.2,115.6,103.3,2026-06,False
Adamawa,North East,ad Ganye Local Government Area,Penta3,1027.6,118.4,108.6,2026-06,False
Adamawa,North East,ad Ganye Local Government Area,Measles1,926.7,133.4,141.1,2026-11,False
Adamawa,North East,ad Girei Local Government Area,BCG,715.0,132.0,154.5,2026-07,False
Adamawa,North East,ad Girei Local Government Area,Penta1,896.8,128.6,126.9,2026-08,False
Adamawa,North East,ad Girei Local Government Area,Penta3,822.5,134.6,157.5,2026-08,False
Adamawa,North East,ad Girei Local Government Area,Measles1,700.9,138.4,159.4,2026-07,False
Adamawa,North East,ad Gombi Local Government Area,BCG,703.1,112.8,95.4,2026-06,False
Adamawa,North East,ad Gombi Local Government Area,Penta1,919.1,96.1,82.5,2026-08,False
Adamawa,North East,ad Gombi Local Government Area,Penta3,877.8,93.5,81.2,2026-09,False
Adamawa,North East,ad Gombi Local Government Area,Measles1,716.0,104.7,81.4,2026-08,False
Adamawa,North East,ad Guyuk Local Government Area,BCG,820.6,118.9,112.2,2026-06,False
Adamawa,North East,ad Guyuk Local Government Area,Penta1,955.8,116.7,118.9,2026-06,False
Adamawa,North East,ad Guyuk Local Government Area,Penta3,928.4,120.2,123.2,2026-06,False
Adamawa,North East,ad Guyuk Local Government Area,Measles1,807.2,143.1,118.7,2026-06,False
Adamawa,North East,ad Hong Local Government Area,BCG,967.5,106.9,99.1,2026-06,False
Adamawa,North East,ad Hong Local Government Area,Penta1,1096.2,100.6,88.5,2026-07,False
Adamawa,North East,ad Hong Local Government Area,Penta3,1044.3,101.8,95.3,2026-07,False
Adamawa,North East,ad Hong Local Government Area,Measles1,890.2,111.9,89.7,2026-11,False
Adamawa,North East,ad Jada Local Government Area,BCG,1022.5,117.7,114.3,2026-07,False
Adamawa,North East,ad Jada Local Government Area,Penta1,1096.8,104.9,100.3,2026-07,False
Adamawa,North East,ad Jada Local Government Area,Penta3,1028.7,109.0,104.4,2026-09,False
Adamawa,North East,ad Jada Local Government Area,Measles1,978.3,121.5,109.2,2026-09,False
Adamawa,North East,ad Lamurde Local Government Area,BCG,677.0,132.1,146.2,2026-07,False
Adamawa,North East,ad Lamurde Local Government Area,Penta1,705.1,149.9,181.4,2026-08,False
Adamawa,North East,ad Lamurde Local Government Area,Penta3,677.1,139.7,159.4,2026-08,False
Adamawa,North East,ad Lamurde Local Government Area,Measles1,699.2,128.0,124.7,2026-09,False
Adamawa,North East,ad Madagali Local Government Area,BCG,915.0,168.9,216.4,2026-08,False
Adamawa,North East,ad Madagali Local Government Area,Penta1,929.9,160.4,182.2,2026-08,False
Adamawa,North East,ad Madagali Local Government Area,Penta3,893.5,161.0,187.1,2026-08,False
Adamawa,North East,ad Madagali Local Government Area,Measles1,833.7,181.2,227.9,2026-08,False
Adamawa,North East,ad Maiha Local Government Area,BCG,558.3,106.6,83.0,2026-08,False
Adamawa,North East,ad Maiha Local Government Area,Penta1,710.2,103.3,86.4,2026-09,False
Adamawa,North East,ad Maiha Local Government Area,Penta3,660.5,105.6,89.3,2026-08,False
Adamawa,North East,ad Maiha Local Government Area,Measles1,571.5,106.4,84.7,2026-08,False
Adamawa,North East,ad Mayo-Belwa Local Government Area,BCG,941.8,117.2,117.5,2026-09,False
Adamawa,North East,ad Mayo-Belwa Local Government Area,Penta1,993.2,110.0,104.8,2026-09,False
Adamawa,North East,ad Mayo-Belwa Local Government Area,Penta3,931.4,113.6,109.4,2026-09,False
Adamawa,North East,ad Mayo-Belwa Local Government Area,Measles1,826.1,123.0,106.0,2026-09,False
Adamawa,North East,ad Michika Local Government Area,BCG,836.6,114.3,109.2,2026-06,False
Adamawa,North East,ad Michika Local Government Area,Penta1,1040.0,98.2,78.8,2026-07,True
Adamawa,North East,ad Michika Local Government Area,Penta3,990.8,97.9,79.4,2026-07,True
Adamawa,North East,ad Michika Local Government Area,Measles1,816.2,110.8,82.4,2026-06,False
Adamawa,North East,ad Mubi North Local Government Area,BCG,1067.2,106.7,107.0,2026-06,False
Adamawa,North East,ad Mubi North Local Government Area,Penta1,1186.5,99.4,102.7,2026-06,False
Adamawa,North East,ad Mubi North Local Government Area,Penta3,1137.4,100.9,104.7,2026-06,False
Adamawa,North East,ad Mubi North Local Government Area,Measles1,1100.1,99.8,109.2,2026-09,False
Adamawa,North East,ad Mubi South Local Government Area,BCG,931.4,103.7,65.8,2026-12,True
Adamawa,North East,ad Mubi South Local Government Area,Penta1,741.6,128.7,101.2,2026-09,False
Adamawa,North East,ad Mubi South Local Government Area,Penta3,723.8,115.4,101.4,2026-12,False
Adamawa,North East,ad Mubi South Local Government Area,Measles1,609.6,114.3,91.0,2026-11,False
Adamawa,North East,ad Numan Local Government Area,BCG,402.8,124.2,103.3,2026-09,False
Adamawa,North East,ad Numan Local Government Area,Penta1,491.7,114.2,99.2,2026-09,False
Adamawa,North East,ad Numan Local Government Area,Penta3,448.3,118.8,103.3,2026-11,False
Adamawa,North East,ad Numan Local Government Area,Measles1,423.3,122.7,95.1,2026-09,False
Adamawa,North East,ad Shelleng Local Government Area,BCG,814.2,113.7,118.3,2026-06,False
Adamawa,North East,ad Shelleng Local Government Area,Penta1,878.2,108.6,119.9,2026-06,False
Adamawa,North East,ad Shelleng Local Government Area,Penta3,849.8,116.5,118.9,2026-07,False
Adamawa,North East,ad Shelleng Local Government Area,Measles1,811.4,113.4,121.9,2026-09,False
Adamawa,North East,ad Song Local Government Area,BCG,1117.9,137.3,153.4,2026-06,False
Adamawa,North East,ad Song Local Government Area,Penta1,1286.3,145.7,181.8,2026-06,False
Adamawa,North East,ad Song Local Government Area,Penta3,1243.2,146.0,183.6,2026-06,False
Adamawa,North East,ad Song Local Government Area,Measles1,1106.6,147.2,166.0,2026-09,False
Adamawa,North East,ad Toungo Local Government Area,BCG,382.6,114.6,101.0,2026-11,False
Adamawa,North East,ad Toungo Local Government Area,Penta1,460.4,137.8,124.1,2026-11,False
Adamawa,North East,ad Toungo Local Government Area,Penta3,423.3,138.1,122.5,2026-11,False
Adamawa,North East,ad Toungo Local Government Area,Measles1,461.3,108.5,87.2,2026-11,False
Adamawa,North East,ad Yola North Local Government Area,BCG,1298.8,111.8,98.6,2026-06,False
Adamawa,North East,ad Yola North Local Government Area,Penta1,1548.6,102.2,87.7,2026-07,False
Adamawa,North East,ad Yola North Local Government Area,Penta3,1544.9,102.0,93.0,2026-07,False
Adamawa,North East,ad Yola North Local Government Area,Measles1,1498.1,104.2,76.1,2026-06,True
Adamawa,North East,ad Yola South Local Government Area,BCG,1220.2,108.2,89.8,2026-10,False
Adamawa,North East,ad Yola South Local Government Area,Penta1,1414.8,100.2,97.9,2026-10,False
Adamawa,North East,ad Yola South Local Government Area,Penta3,1337.1,98.8,99.1,2026-10,False
Adamawa,North East,ad Yola South Local Government Area,Measles1,1039.4,106.7,101.6,2026-10,False
Akwa Ibom,South South,ak Abak Local Government Area,BCG,549.3,111.4,97.0,2026-08,False
Akwa Ibom,South South,ak Abak Local Government Area,Penta1,504.2,99.9,69.5,2026-10,True
Akwa Ibom,South South,ak Abak Local Government Area,Penta3,452.8,93.0,60.1,2026-09,True
Akwa Ibom,South South,ak Abak Local Government Area,Measles1,544.2,95.3,80.1,2026-09,False
Akwa Ibom,South South,ak Eastern Obolo Local Government Area,BCG,271.2,85.2,54.6,2026-10,True
Akwa Ibom,South South,ak Eastern Obolo Local Government Area,Penta1,240.8,93.7,57.0,2026-10,True
Akwa Ibom,South South,ak Eastern Obolo Local Government Area,Penta3,197.2,86.8,34.9,2026-10,True
Akwa Ibom,South South,ak Eastern Obolo Local Government Area,Measles1,260.2,117.9,90.5,2026-10,False
Akwa Ibom,South South,ak Eket Local Government Area,BCG,949.2,100.9,98.4,2026-08,False
Akwa Ibom,South South,ak Eket Local Government Area,Penta1,694.3,92.7,65.7,2026-08,True
Akwa Ibom,South South,ak Eket Local Government Area,Penta3,638.7,91.9,68.7,2026-08,True
Akwa Ibom,South South,ak Eket Local Government Area,Measles1,699.7,109.7,97.6,2026-08,False
Akwa Ibom,South South,ak Esit Eket Local Government Area,BCG,253.8,109.7,99.7,2026-07,False
Akwa Ibom,South South,ak Esit Eket Local Government Area,Penta1,333.7,96.4,94.2,2026-09,False
Akwa Ibom,South South,ak Esit Eket Local Government Area,Penta3,310.9,94.0,89.2,2026-09,False
Akwa Ibom,South South,ak Esit Eket Local Government Area,Measles1,268.4,95.8,94.7,2026-09,False
Akwa Ibom,South South,ak Essien Udim Local Government Area,BCG,1357.2,100.5,104.6,2026-12,False
Akwa Ibom,South South,ak Essien Udim Local Government Area,Penta1,777.9,96.8,71.0,2026-08,True
Akwa Ibom,South South,ak Essien Udim Local Government Area,Penta3,680.1,95.3,57.7,2026-08,True
Akwa Ibom,South South,ak Essien Udim Local Government Area,Measles1,844.4,108.8,89.7,2026-11,False
Akwa Ibom,South South,ak Etim Ekpo Local Government Area,BCG,392.1,113.8,107.9,2026-10,False
Akwa Ibom,South South,ak Etim Ekpo Local Government Area,Penta1,332.1,138.9,115.2,2026-08,False
Akwa Ibom,South South,ak Etim Ekpo Local Government Area,Penta3,290.7,143.5,119.6,2026-08,False
Akwa Ibom,South South,ak Etim Ekpo Local Government Area,Measles1,415.1,128.1,126.1,2026-07,False
Akwa Ibom,South South,ak Etinan Local Government Area,BCG,584.4,111.9,60.5,2026-09,True
Akwa Ibom,South South,ak Etinan Local Government Area,Penta1,1979.6,31.0,1.8,2026-07,True
Akwa Ibom,South South,ak Etinan Local Government Area,Penta3,473.3,113.0,65.8,2026-09,True
Akwa Ibom,South South,ak Etinan Local Government Area,Measles1,386.4,121.5,58.3,2026-09,True
Akwa Ibom,South South,ak Ibeno Local Government Area,BCG,372.3,123.3,106.2,2026-08,False
Akwa Ibom,South South,ak Ibeno Local Government Area,Penta1,413.4,108.6,100.4,2026-08,False
Akwa Ibom,South South,ak Ibeno Local Government Area,Penta3,383.1,105.9,99.4,2026-08,False
Akwa Ibom,South South,ak Ibeno Local Government Area,Measles1,351.0,122.9,141.9,2026-09,False
Akwa Ibom,South South,ak Ibesikpo Asutan Local Government Area,BCG,473.8,122.1,130.6,2026-06,False
Akwa Ibom,South South,ak Ibesikpo Asutan Local Government Area,Penta1,382.8,122.9,134.7,2026-09,False
Akwa Ibom,South South,ak Ibesikpo Asutan Local Government Area,Penta3,343.5,122.5,136.7,2026-06,False
Akwa Ibom,South South,ak Ibesikpo Asutan Local Government Area,Measles1,371.5,121.4,111.8,2026-06,False
Akwa Ibom,South South,ak Ibiono Ibom Local Government Area,BCG,543.0,131.7,123.8,2026-09,False
Akwa Ibom,South South,ak Ibiono Ibom Local Government Area,Penta1,504.7,129.1,100.3,2026-08,False
Akwa Ibom,South South,ak Ibiono Ibom Local Government Area,Penta3,454.9,112.7,83.2,2026-08,False
Akwa Ibom,South South,ak Ibiono Ibom Local Government Area,Measles1,463.0,132.5,124.5,2026-09,False
Akwa Ibom,South South,ak Ika Local Government Area,BCG,421.4,94.1,92.7,2026-07,False
Akwa Ibom,South South,ak Ika Local Government Area,Penta1,309.2,102.5,87.9,2026-09,False
Akwa Ibom,South South,ak Ika Local Government Area,Penta3,282.3,97.0,83.5,2026-09,False
Akwa Ibom,South South,ak Ika Local Government Area,Measles1,340.4,103.9,88.5,2026-07,False
Akwa Ibom,South South,ak Ikono Local Government Area,BCG,692.3,104.1,97.6,2026-10,False
Akwa Ibom,South South,ak Ikono Local Government Area,Penta1,624.6,101.5,92.1,2026-10,False
Akwa Ibom,South South,ak Ikono Local Government Area,Penta3,576.8,94.6,90.7,2026-10,False
Akwa Ibom,South South,ak Ikono Local Government Area,Measles1,537.0,123.1,94.3,2026-09,False
Akwa Ibom,South South,ak Ikot Abasi Local Government Area,BCG,627.0,131.9,107.7,2026-06,False
Akwa Ibom,South South,ak Ikot Abasi Local Government Area,Penta1,588.5,148.3,110.9,2026-06,False
Akwa Ibom,South South,ak Ikot Abasi Local Government Area,Penta3,469.6,111.2,102.7,2026-09,False
Akwa Ibom,South South,ak Ikot Abasi Local Government Area,Measles1,462.7,167.4,92.5,2026-09,False
Akwa Ibom,South South,ak Ikot Ekpene Local Government Area,BCG,974.7,88.0,84.1,2026-12,False
Akwa Ibom,South South,ak Ikot Ekpene Local Government Area,Penta1,612.7,110.7,99.6,2026-07,False
Akwa Ibom,South South,ak Ikot Ekpene Local Government Area,Penta3,572.5,97.8,92.5,2026-08,False
Akwa Ibom,South South,ak Ikot Ekpene Local Government Area,Measles1,831.8,91.2,94.3,2026-08,False
Akwa Ibom,South South,ak Ini Local Government Area,BCG,385.6,103.0,92.1,2026-09,False
Akwa Ibom,South South,ak Ini Local Government Area,Penta1,374.3,136.9,89.7,2026-08,False
Akwa Ibom,South South,ak Ini Local Government Area,Penta3,322.8,117.8,77.4,2026-08,True
Akwa Ibom,South South,ak Ini Local Government Area,Measles1,316.8,105.9,65.7,2026-12,True
Akwa Ibom,South South,ak Itu Local Government Area,BCG,666.9,101.7,90.9,2026-09,False
Akwa Ibom,South South,ak Itu Local Government Area,Penta1,580.5,115.5,92.5,2026-09,False
Akwa Ibom,South South,ak Itu Local Government Area,Penta3,542.2,108.5,101.6,2026-09,False
Akwa Ibom,South South,ak Itu Local Government Area,Measles1,581.1,104.5,84.2,2026-09,False
Akwa Ibom,South South,ak Mbo Local Government Area,BCG,495.0,103.4,93.9,2026-07,False
Akwa Ibom,South South,ak Mbo Local Government Area,Penta1,537.3,107.6,89.3,2026-09,False
Akwa Ibom,South South,ak Mbo Local Government Area,Penta3,466.4,110.9,90.5,2026-08,False
Akwa Ibom,South South,ak Mbo Local Government Area,Measles1,431.4,112.6,99.2,2026-10,False
Akwa Ibom,South South,ak Mkpat Enin Local Government Area,BCG,652.6,93.6,77.5,2026-12,True
Akwa Ibom,South South,ak Mkpat Enin Local Government Area,Penta1,897.8,102.8,91.7,2026-12,False
Akwa Ibom,South South,ak Mkpat Enin Local Government Area,Penta3,849.2,104.2,96.3,2026-12,False
Akwa Ibom,South South,ak Mkpat Enin Local Government Area,Measles1,731.1,94.0,47.2,2026-09,True
Akwa Ibom,South South,ak Nsit Atai Local Government Area,BCG,340.2,85.5,67.6,2026-07,True
Akwa Ibom,South South,ak Nsit Atai Local Government Area,Penta1,379.6,75.5,66.1,2026-07,True
Akwa Ibom,South South,ak Nsit Atai Local Government Area,Penta3,338.8,71.8,54.4,2026-07,True
Akwa Ibom,South South,ak Nsit Atai Local Government Area,Measles1,378.3,83.5,64.6,2026-09,True
Akwa Ibom,South South,ak Nsit Ibom Local Government Area,BCG,618.9,111.2,105.6,2026-10,False
Akwa Ibom,South South,ak Nsit Ibom Local Government Area,Penta1,586.1,102.6,94.4,2026-09,False
Akwa Ibom,South South,ak Nsit Ibom Local Government Area,Penta3,548.3,101.6,92.0,2026-09,False
Akwa Ibom,South South,ak Nsit Ibom Local Government Area,Measles1,621.2,101.5,77.6,2026-10,True
Akwa Ibom,South South,ak Nsit Ubium Local Government Area,BCG,320.4,128.3,113.3,2026-09,False
Akwa Ibom,South South,ak Nsit Ubium Local Government Area,Penta1,400.4,97.9,91.4,2026-09,False
Akwa Ibom,South South,ak Nsit Ubium Local Government Area,Penta3,348.1,86.5,88.3,2026-09,False
Akwa Ibom,South South,ak Nsit Ubium Local Government Area,Measles1,363.4,112.8,114.6,2026-09,False
Akwa Ibom,South South,ak Obot Akara Local Government Area,BCG,870.5,104.1,118.4,2026-09,False
Akwa Ibom,South South,ak Obot Akara Local Government Area,Penta1,581.2,114.1,81.4,2026-07,False
Akwa Ibom,South South,ak Obot Akara Local Government Area,Penta3,478.0,114.6,81.5,2026-07,False
Akwa Ibom,South South,ak Obot Akara Local Government Area,Measles1,625.2,107.0,89.7,2026-07,False
Akwa Ibom,South South,ak Okobo Local Government Area,BCG,457.8,75.7,69.8,2026-12,True
Akwa Ibom,South South,ak Okobo Local Government Area,Penta1,427.0,87.9,83.5,2026-12,False
Akwa Ibom,South South,ak Okobo Local Government Area,Penta3,387.0,83.8,80.8,2026-12,False
Akwa Ibom,South South,ak Okobo Local Government Area,Measles1,423.1,81.8,76.2,2026-12,True
Akwa Ibom,South South,ak Onna Local Government Area,BCG,550.5,108.2,86.1,2026-11,False
Akwa Ibom,South South,ak Onna Local Government Area,Penta1,508.7,137.5,34.6,2026-11,True
Akwa Ibom,South South,ak Onna Local Government Area,Penta3,450.0,74.1,59.8,2026-11,True
Akwa Ibom,South South,ak Onna Local Government Area,Measles1,512.0,113.2,64.6,2026-06,True
Akwa Ibom,South South,ak Oron Local Government Area,BCG,449.5,106.7,88.2,2026-10,False
Akwa Ibom,South South,ak Oron Local Government Area,Penta1,309.2,116.8,94.0,2026-10,False
Akwa Ibom,South South,ak Oron Local Government Area,Penta3,284.8,105.6,80.0,2026-10,False
Akwa Ibom,South South,ak Oron Local Government Area,Measles1,323.4,110.6,79.6,2026-09,True
Akwa Ibom,South South,ak Oruk Anam Local Government Area,BCG,523.9,106.5,91.3,2026-09,False
Akwa Ibom,South South,ak Oruk Anam Local Government Area,Penta1,1965.2,37.6,13.2,2026-07,True
Akwa Ibom,South South,ak Oruk Anam Local Government Area,Penta3,548.7,105.2,84.4,2026-06,False
Akwa Ibom,South South,ak Oruk Anam Local Government Area,Measles1,541.0,95.2,33.9,2026-09,True
Akwa Ibom,South South,ak Udung Uko Local Government Area,BCG,185.0,110.6,102.1,2026-08,False
Akwa Ibom,South South,ak Udung Uko Local Government Area,Penta1,235.7,115.1,113.0,2026-08,False
Akwa Ibom,South South,ak Udung Uko Local Government Area,Penta3,168.5,109.1,90.6,2026-08,False
Akwa Ibom,South South,ak Udung Uko Local Government Area,Measles1,164.0,248.6,26.0,2026-07,True
Akwa Ibom,South South,ak Ukanafun Local Government Area,BCG,256.4,124.8,126.9,2026-07,False
Akwa Ibom,South South,ak Ukanafun Local Government Area,Penta1,324.2,97.4,75.1,2026-07,True
Akwa Ibom,South South,ak Ukanafun Local Government Area,Penta3,277.8,97.1,74.3,2026-07,True
Akwa Ibom,South South,ak Ukanafun Local Government Area,Measles1,243.1,116.4,109.1,2026-09,False
Akwa Ibom,South South,ak Uruan Local Government Area,BCG,440.8,95.9,63.7,2026-09,True
Akwa Ibom,South South,ak Uruan Local Government Area,Penta1,378.3,99.7,66.8,2026-09,True
Akwa Ibom,South South,ak Uruan Local Government Area,Penta3,362.9,95.7,63.8,2026-09,True
Akwa Ibom,South South,ak Uruan Local Government Area,Measles1,356.9,103.5,63.4,2026-09,True
Akwa Ibom,South South,ak Urue-Offong/Oruko Local Government Area,BCG,336.1,118.3,120.5,2026-07,False
Akwa Ibom,South South,ak Urue-Offong/Oruko Local Government Area,Penta1,375.5,80.2,66.7,2026-09,True
Akwa Ibom,South South,ak Urue-Offong/Oruko Local Government Area,Penta3,319.4,73.6,55.1,2026-09,True
Akwa Ibom,South South,ak Urue-Offong/Oruko Local Government Area,Measles1,381.7,104.5,108.1,2026-10,False
Akwa Ibom,South South,ak Uyo Local Government Area,BCG,1609.0,91.9,94.3,2026-11,False
Akwa Ibom,South South,ak Uyo Local Government Area,Penta1,2859.2,43.9,32.3,2026-07,True
Akwa Ibom,South South,ak Uyo Local Government Area,Penta3,1132.0,152.3,108.7,2026-08,False
Akwa Ibom,South South,ak Uyo Local Government Area,Measles1,1339.4,99.4,109.7,2026-09,False
Anambra,South East,an Aguata Local Government Area,BCG,1759.6,107.6,105.6,2026-12,False
Anambra,South East,an Aguata Local Government Area,Penta1,1821.3,103.0,90.7,2026-12,False
Anambra,South East,an Aguata Local Government Area,Penta3,1797.2,101.1,90.5,2026-12,False
Anambra,South East,an Aguata Local Government Area,Measles1,1691.6,103.9,100.5,2026-12,False
Anambra,South East,an Anambra East Local Government Area,BCG,1091.5,84.1,69.5,2026-09,True
Anambra,South East,an Anambra East Local Government Area,Penta1,734.7,89.8,81.4,2026-09,False
Anambra,South East,an Anambra East Local Government Area,Penta3,727.4,83.6,77.6,2026-09,True
Anambra,South East,an Anambra East Local Government Area,Measles1,830.6,98.5,72.5,2026-10,True
Anambra,South East,an Anambra West Local Government Area,BCG,266.0,256.2,192.6,2026-10,False
Anambra,South East,an Anambra West Local Government Area,Penta1,631.8,141.2,108.2,2026-10,False
Anambra,South East,an Anambra West Local Government Area,Penta3,598.9,135.1,126.0,2026-10,False
Anambra,South East,an Anambra West Local Government Area,Measles1,371.6,162.4,97.6,2026-10,False
Anambra,South East,an Anaocha Local Government Area,BCG,1835.6,99.5,103.4,2026-06,False
Anambra,South East,an Anaocha Local Government Area,Penta1,1352.5,78.0,57.2,2026-12,True
Anambra,South East,an Anaocha Local Government Area,Penta3,1339.4,75.9,58.5,2026-12,True
Anambra,South East,an Anaocha Local Government Area,Measles1,1555.8,82.4,76.6,2026-12,True
Anambra,South East,an Awka North Local Government Area,BCG,734.8,87.3,70.1,2026-09,True
Anambra,South East,an Awka North Local Government Area,Penta1,706.2,87.8,75.8,2026-12,True
Anambra,South East,an Awka North Local Government Area,Penta3,691.9,84.5,75.2,2026-12,True
Anambra,South East,an Awka North Local Government Area,Measles1,776.8,69.3,68.1,2026-11,True
Anambra,South East,an Awka South Local Government Area,BCG,1521.3,97.9,42.7,2026-12,True
Anambra,South East,an Awka South Local Government Area,Penta1,1106.8,85.4,53.4,2026-12,True
Anambra,South East,an Awka South Local Government Area,Penta3,837.2,111.6,66.3,2026-12,True
Anambra,South East,an Awka South Local Government Area,Measles1,895.1,123.1,84.3,2026-12,False
Anambra,South East,an Ayamelum Local Government Area,BCG,530.1,101.7,104.4,2026-07,False
Anambra,South East,an Ayamelum Local Government Area,Penta1,412.1,86.4,73.8,2026-12,True
Anambra,South East,an Ayamelum Local Government Area,Penta3,377.7,88.0,73.0,2026-12,True
Anambra,South East,an Ayamelum Local Government Area,Measles1,400.2,96.4,82.5,2026-07,False
Anambra,South East,an Dunukofia Local Government Area,BCG,444.2,102.5,68.5,2026-12,True
Anambra,South East,an Dunukofia Local Government Area,Penta1,422.2,99.6,85.1,2026-12,False
Anambra,South East,an Dunukofia Local Government Area,Penta3,606.2,61.1,38.4,2026-12,True
Anambra,South East,an Dunukofia Local Government Area,Measles1,449.1,101.6,84.3,2026-11,False
Anambra,South East,an Ekwusigo Local Government Area,BCG,987.9,88.2,69.7,2026-11,True
Anambra,South East,an Ekwusigo Local Government Area,Penta1,884.5,87.1,72.5,2026-11,True
Anambra,South East,an Ekwusigo Local Government Area,Penta3,856.6,84.4,63.9,2026-11,True
Anambra,South East,an Ekwusigo Local Government Area,Measles1,949.8,81.6,55.4,2026-10,True
Anambra,South East,an Idemili North Local Government Area,BCG,3371.4,94.9,90.6,2026-11,False
Anambra,South East,an Idemili North Local Government Area,Penta1,1984.5,95.6,52.9,2026-11,True
Anambra,South East,an Idemili North Local Government Area,Penta3,2051.9,210.4,43.1,2026-11,True
Anambra,South East,an Idemili North Local Government Area,Measles1,2266.9,90.2,68.0,2026-11,True
Anambra,South East,an Idemili South Local Government Area,BCG,1480.8,115.2,110.5,2026-10,False
Anambra,South East,an Idemili South Local Government Area,Penta1,800.8,101.2,65.5,2026-10,True
Anambra,South East,an Idemili South Local Government Area,Penta3,714.0,114.1,75.0,2026-07,True
Anambra,South East,an Idemili South Local Government Area,Measles1,984.8,117.6,115.6,2026-10,False
Anambra,South East,an Ihiala Local Government Area,BCG,2574.8,82.6,83.5,2026-09,False
Anambra,South East,an Ihiala Local Government Area,Penta1,2397.5,38.7,56.2,2026-07,True
Anambra,South East,an Ihiala Local Government Area,Penta3,1984.2,45.7,56.8,2026-12,True
Anambra,South East,an Ihiala Local Government Area,Measles1,2010.2,70.6,74.6,2026-09,True
Anambra,South East,an Njikoka Local Government Area,BCG,1032.7,87.3,57.4,2026-12,True
Anambra,South East,an Njikoka Local Government Area,Penta1,676.8,84.5,62.5,2026-12,True
Anambra,South East,an Njikoka Local Government Area,Penta3,652.7,84.4,61.4,2026-12,True
Anambra,South East,an Njikoka Local Government Area,Measles1,710.9,97.8,94.7,2026-11,False
Anambra,South East,an Nnewi North Local Government Area,BCG,1125.7,97.7,86.4,2026-09,False
Anambra,South East,an Nnewi North Local Government Area,Penta1,730.5,97.5,80.7,2026-11,False
Anambra,South East,an Nnewi North Local Government Area,Penta3,658.8,98.1,73.4,2026-11,True
Anambra,South East,an Nnewi North Local Government Area,Measles1,909.1,98.0,83.9,2026-09,False
Anambra,South East,an Nnewi South Local Government Area,BCG,1124.8,110.1,105.1,2026-12,False
Anambra,South East,an Nnewi South Local Government Area,Penta1,851.8,101.0,83.3,2026-11,False
Anambra,South East,an Nnewi South Local Government Area,Penta3,775.0,99.6,80.6,2026-11,False
Anambra,South East,an Nnewi South Local Government Area,Measles1,1099.1,103.4,98.3,2026-11,False
Anambra,South East,an Ogbaru Local Government Area,BCG,1654.7,65.9,57.2,2026-12,True
Anambra,South East,an Ogbaru Local Government Area,Penta1,875.9,91.1,77.2,2026-12,True
Anambra,South East,an Ogbaru Local Government Area,Penta3,851.2,88.5,91.3,2026-12,False
Anambra,South East,an Ogbaru Local Government Area,Measles1,1321.9,68.8,63.9,2026-11,True
Anambra,South East,an Onitsha North Local Government Area,BCG,869.2,135.5,92.1,2026-06,False
Anambra,South East,an Onitsha North Local Government Area,Penta1,730.2,94.2,88.0,2026-06,False
Anambra,South East,an Onitsha North Local Government Area,Penta3,671.5,90.1,86.9,2026-06,False
Anambra,South East,an Onitsha North Local Government Area,Measles1,710.0,125.6,82.7,2026-06,False
Anambra,South East,an Onitsha South Local Government Area,BCG,1501.2,90.8,78.6,2026-11,True
Anambra,South East,an Onitsha South Local Government Area,Penta1,1108.6,76.5,60.6,2026-11,True
Anambra,South East,an Onitsha South Local Government Area,Penta3,863.4,88.4,46.5,2026-11,True
Anambra,South East,an Onitsha South Local Government Area,Measles1,1218.2,77.4,55.2,2026-11,True
Anambra,South East,an Orumba North Local Government Area,BCG,715.2,103.2,95.7,2026-12,False
Anambra,South East,an Orumba North Local Government Area,Penta1,591.7,110.8,93.5,2026-10,False
Anambra,South East,an Orumba North Local Government Area,Penta3,553.8,109.7,93.4,2026-10,False
Anambra,South East,an Orumba North Local Government Area,Measles1,599.2,102.1,90.8,2026-09,False
Anambra,South East,an Orumba South Local Government Area,BCG,400.6,111.8,94.2,2026-08,False
Anambra,South East,an Orumba South Local Government Area,Penta1,511.6,92.9,63.0,2026-08,True
Anambra,South East,an Orumba South Local Government Area,Penta3,492.6,93.8,61.7,2026-08,True
Anambra,South East,an Orumba South Local Government Area,Measles1,485.2,82.7,62.3,2026-08,True
Anambra,South East,an Oyi Local Government Area,BCG,1169.8,84.6,55.6,2026-12,True
Anambra,South East,an Oyi Local Government Area,Penta1,695.1,87.4,69.5,2026-06,True
Anambra,South East,an Oyi Local Government Area,Penta3,635.1,87.8,65.5,2026-06,True
Anambra,South East,an Oyi Local Government Area,Measles1,927.7,91.1,70.4,2026-12,True
Bauchi,North East,ba Alkaleri Local Government Area,BCG,1380.4,96.5,55.3,2026-06,True
Bauchi,North East,ba Alkaleri Local Government Area,Penta1,1494.8,100.8,70.2,2026-06,True
Bauchi,North East,ba Alkaleri Local Government Area,Penta3,1404.8,100.1,78.2,2026-06,True
Bauchi,North East,ba Alkaleri Local Government Area,Measles1,1132.8,103.6,74.3,2026-09,True
Bauchi,North East,ba Bauchi Local Government Area,BCG,3149.4,96.0,72.2,2026-06,True
Bauchi,North East,ba Bauchi Local Government Area,Penta1,3012.3,94.7,78.1,2026-06,True
Bauchi,North East,ba Bauchi Local Government Area,Penta3,2891.8,93.1,67.3,2026-10,True
Bauchi,North East,ba Bauchi Local Government Area,Measles1,2672.4,96.2,96.2,2026-11,False
Bauchi,North East,ba Bogoro Local Government Area,BCG,340.5,101.5,55.8,2026-12,True
Bauchi,North East,ba Bogoro Local Government Area,Penta1,698.9,76.0,54.0,2026-07,True
Bauchi,North East,ba Bogoro Local Government Area,Penta3,432.8,120.8,93.3,2026-08,False
Bauchi,North East,ba Bogoro Local Government Area,Measles1,349.5,90.7,60.5,2026-12,True
Bauchi,North East,ba Dambam Local Government Area,BCG,794.8,90.1,68.8,2026-07,True
Bauchi,North East,ba Dambam Local Government Area,Penta1,956.5,92.0,68.2,2026-07,True
Bauchi,North East,ba Dambam Local Government Area,Penta3,900.3,89.9,66.4,2026-08,True
Bauchi,North East,ba Dambam Local Government Area,Measles1,794.1,86.1,67.3,2026-09,True
Bauchi,North East,ba Darazo Local Government Area,BCG,1277.2,101.8,69.2,2026-06,True
Bauchi,North East,ba Darazo Local Government Area,Penta1,1385.9,103.2,77.2,2026-06,True
Bauchi,North East,ba Darazo Local Government Area,Penta3,1353.7,99.6,86.7,2026-12,False
Bauchi,North East,ba Darazo Local Government Area,Measles1,1219.8,96.9,97.8,2026-09,False
Bauchi,North East,ba Dass Local Government Area,BCG,446.0,111.2,94.3,2026-06,False
Bauchi,North East,ba Dass Local Government Area,Penta1,474.3,107.2,87.3,2026-06,False
Bauchi,North East,ba Dass Local Government Area,Penta3,467.6,103.1,74.9,2026-12,True
Bauchi,North East,ba Dass Local Government Area,Measles1,445.6,94.7,67.4,2026-06,True
Bauchi,North East,ba Gamawa Local Government Area,BCG,1249.9,101.9,86.7,2026-11,False
Bauchi,North East,ba Gamawa Local Government Area,Penta1,1451.6,101.2,96.1,2026-11,False
Bauchi,North East,ba Gamawa Local Government Area,Penta3,1394.2,100.4,92.3,2026-11,False
Bauchi,North East,ba Gamawa Local Government Area,Measles1,1157.8,91.6,53.7,2026-08,True
Bauchi,North East,ba Ganjuwa Local Government Area,BCG,1830.6,100.6,83.1,2026-06,False
Bauchi,North East,ba Ganjuwa Local Government Area,Penta1,2138.0,106.5,88.5,2026-06,False
Bauchi,North East,ba Ganjuwa Local Government Area,Penta3,1987.8,97.5,84.4,2026-12,False
Bauchi,North East,ba Ganjuwa Local Government Area,Measles1,1936.5,102.7,96.3,2026-06,False
Bauchi,North East,ba Giade Local Government Area,BCG,608.8,96.8,80.2,2026-06,False
Bauchi,North East,ba Giade Local Government Area,Penta1,789.6,96.7,77.1,2026-06,True
Bauchi,North East,ba Giade Local Government Area,Penta3,745.6,96.9,77.1,2026-06,True
Bauchi,North East,ba Giade Local Government Area,Measles1,562.3,92.8,78.0,2026-09,True
Bauchi,North East,ba Itas/Gadau Local Government Area,BCG,912.1,97.1,69.5,2026-06,True
Bauchi,North East,ba Itas/Gadau Local Government Area,Penta1,1014.1,101.0,75.3,2026-06,True
Bauchi,North East,ba Itas/Gadau Local Government Area,Penta3,997.0,97.7,75.2,2026-06,True
Bauchi,North East,ba Itas/Gadau Local Government Area,Measles1,818.8,93.2,84.3,2026-11,False
Bauchi,North East,ba Jama'are Local Government Area,BCG,456.9,119.9,115.2,2026-06,False
Bauchi,North East,ba Jama'are Local Government Area,Penta1,511.4,108.3,99.0,2026-07,False
Bauchi,North East,ba Jama'are Local Government Area,Penta3,494.2,108.1,92.7,2026-08,False
Bauchi,North East,ba Jama'are Local Government Area,Measles1,467.8,95.5,87.7,2026-08,False
Bauchi,North East,ba Katagum Local Government Area,BCG,1252.9,104.5,83.1,2026-06,False
Bauchi,North East,ba Katagum Local Government Area,Penta1,1406.2,101.2,85.5,2026-06,False
Bauchi,North East,ba Katagum Local Government Area,Penta3,1330.0,97.5,75.2,2026-06,True
Bauchi,North East,ba Katagum Local Government Area,Measles1,1077.7,96.3,93.4,2026-06,False
Bauchi,North East,ba Kirfi Local Government Area,BCG,703.5,95.9,75.2,2026-09,True
Bauchi,North East,ba Kirfi Local Government Area,Penta1,1010.8,84.6,78.1,2026-09,True
Bauchi,North East,ba Kirfi Local Government Area,Penta3,772.2,112.4,87.1,2026-12,False
Bauchi,North East,ba Kirfi Local Government Area,Measles1,649.2,95.0,89.4,2026-09,False
Bauchi,North East,ba Misau Local Government Area,BCG,903.7,115.1,86.6,2026-11,False
Bauchi,North East,ba Misau Local Government Area,Penta1,1057.3,120.7,95.9,2026-06,False
Bauchi,North East,ba Misau Local Government Area,Penta3,1006.0,120.1,101.1,2026-06,False
Bauchi,North East,ba Misau Local Government Area,Measles1,889.8,110.8,94.9,2026-08,False
Bauchi,North East,ba Ningi Local Government Area,BCG,1738.3,99.7,81.0,2026-06,False
Bauchi,North East,ba Ningi Local Government Area,Penta1,1831.9,104.4,94.2,2026-11,False
Bauchi,North East,ba Ningi Local Government Area,Penta3,1682.7,105.4,91.2,2026-12,False
Bauchi,North East,ba Ningi Local Government Area,Measles1,1428.1,102.8,95.9,2026-09,False
Bauchi,North East,ba Shira Local Government Area,BCG,925.4,98.9,70.6,2026-11,True
Bauchi,North East,ba Shira Local Government Area,Penta1,984.7,97.5,72.6,2026-06,True
Bauchi,North East,ba Shira Local Government Area,Penta3,976.5,90.0,75.9,2026-06,True
Bauchi,North East,ba Shira Local Government Area,Measles1,850.8,94.2,89.8,2026-09,False
Bauchi,North East,ba Tafawa-Balewa Local Government Area,BCG,1174.8,106.7,89.9,2026-06,False
Bauchi,North East,ba Tafawa-Balewa Local Government Area,Penta1,1228.8,102.8,90.5,2026-06,False
Bauchi,North East,ba Tafawa-Balewa Local Government Area,Penta3,1212.8,99.4,84.8,2026-12,False
Bauchi,North East,ba Tafawa-Balewa Local Government Area,Measles1,1135.4,95.4,82.8,2026-11,False
Bauchi,North East,ba Toro Local Government Area,BCG,2614.2,99.9,77.6,2026-09,True
Bauchi,North East,ba Toro Local Government Area,Penta1,2784.2,97.0,82.5,2026-06,False
Bauchi,North East,ba Toro Local Government Area,Penta3,2634.6,98.5,80.3,2026-12,False
Bauchi,North East,ba Toro Local Government Area,Measles1,2852.2,78.9,69.0,2026-09,True
Bauchi,North East,ba Warji Local Government Area,BCG,500.8,103.4,56.3,2026-12,True
Bauchi,North East,ba Warji Local Government Area,Penta1,586.3,95.0,77.2,2026-09,True
Bauchi,North East,ba Warji Local Government Area,Penta3,573.7,91.9,64.5,2026-12,True
Bauchi,North East,ba Warji Local Government Area,Measles1,558.8,84.5,-25.1,2026-11,True
Bauchi,North East,ba Zaki Local Government Area,BCG,1304.9,87.9,60.9,2026-12,True
Bauchi,North East,ba Zaki Local Government Area,Penta1,1448.6,96.1,80.1,2026-11,False
Bauchi,North East,ba Zaki Local Government Area,Penta3,1383.8,94.9,83.5,2026-11,False
Bauchi,North East,ba Zaki Local Government Area,Measles1,1208.7,95.0,78.0,2026-09,True
Bayelsa,South South,by Brass Local Government Area,BCG,822.2,77.8,89.9,2026-11,False
Bayelsa,South South,by Brass Local Government Area,Penta1,1020.8,69.0,85.3,2026-11,False
Bayelsa,South South,by Brass Local Government Area,Penta3,921.9,67.3,81.1,2026-11,False
Bayelsa,South South,by Brass Local Government Area,Measles1,896.9,64.8,59.8,2026-11,True
Bayelsa,South South,by Ekeremor Local Government Area,BCG,1019.9,92.4,99.8,2026-12,False
Bayelsa,South South,by Ekeremor Local Government Area,Penta1,1427.2,91.3,95.0,2026-11,False
Bayelsa,South South,by Ekeremor Local Government Area,Penta3,1306.8,92.9,96.9,2026-06,False
Bayelsa,South South,by Ekeremor Local Government Area,Measles1,1101.8,105.8,101.0,2026-11,False
Bayelsa,South South,by Kolokuma/Opokuma Local Government Area,BCG,265.8,90.9,107.1,2026-09,False
Bayelsa,South South,by Kolokuma/Opokuma Local Government Area,Penta1,328.1,98.3,113.3,2026-09,False
Bayelsa,South South,by Kolokuma/Opokuma Local Government Area,Penta3,311.3,96.4,120.3,2026-12,False
Bayelsa,South South,by Kolokuma/Opokuma Local Government Area,Measles1,214.9,107.9,116.9,2026-09,False
Bayelsa,South South,by Nembe Local Government Area,BCG,376.3,78.6,94.6,2026-06,False
Bayelsa,South South,by Nembe Local Government Area,Penta1,680.9,83.8,93.6,2026-09,False
Bayelsa,South South,by Nembe Local Government Area,Penta3,617.2,81.7,83.1,2026-09,False
Bayelsa,South South,by Nembe Local Government Area,Measles1,548.2,85.1,95.4,2026-09,False
Bayelsa,South South,by Ogbia Local Government Area,BCG,421.7,103.2,115.9,2026-06,False
Bayelsa,South South,by Ogbia Local Government Area,Penta1,733.8,100.3,113.7,2026-09,False
Bayelsa,South South,by Ogbia Local Government Area,Penta3,667.2,101.5,116.4,2026-09,False
Bayelsa,South South,by Ogbia Local Government Area,Measles1,454.8,110.1,131.3,2026-09,False
Bayelsa,South South,by Sagbama Local Government Area,BCG,707.2,96.3,111.8,2026-12,False
Bayelsa,South South,by Sagbama Local Government Area,Penta1,777.0,102.9,109.3,2026-06,False
Bayelsa,South South,by Sagbama Local Government Area,Penta3,700.2,113.4,128.6,2026-06,False
Bayelsa,South South,by Sagbama Local Government Area,Measles1,480.5,115.7,123.6,2026-09,False
Bayelsa,South South,by Southern Ijaw Local Government Area,BCG,679.6,71.3,87.0,2026-06,False
Bayelsa,South South,by Southern Ijaw Local Government Area,Penta1,873.2,75.0,83.1,2026-06,False
Bayelsa,South South,by Southern Ijaw Local Government Area,Penta3,856.5,70.5,85.8,2026-06,False
Bayelsa,South South,by Southern Ijaw Local Government Area,Measles1,728.4,72.3,83.7,2026-11,False
Bayelsa,South South,by Yenagoa Local Government Area,BCG,935.0,99.8,58.5,2026-12,True
Bayelsa,South South,by Yenagoa Local Government Area,Penta1,1132.9,101.2,71.9,2026-12,True
Bayelsa,South South,by Yenagoa Local Government Area,Penta3,1103.9,99.3,71.5,2026-12,True
Bayelsa,South South,by Yenagoa Local Government Area,Measles1,1007.9,85.4,62.5,2026-09,True
Benue,North Central,be Ado Local Government Area,BCG,666.8,79.8,90.2,2026-10,False
Benue,North Central,be Ado Local Government Area,Penta1,1102.5,102.6,74.9,2026-11,True
Benue,North Central,be Ado Local Government Area,Penta3,1081.6,133.2,72.7,2026-11,True
Benue,North Central,be Ado Local Government Area,Measles1,588.6,88.5,80.2,2026-07,False
Benue,North Central,be Agatu Local Government Area,BCG,691.9,107.3,105.9,2026-06,False
Benue,North Central,be Agatu Local Government Area,Penta1,584.3,88.6,79.1,2026-06,True
Benue,North Central,be Agatu Local Government Area,Penta3,544.4,87.7,73.6,2026-06,True
Benue,North Central,be Agatu Local Government Area,Measles1,591.9,99.0,40.1,2026-07,True
Benue,North Central,be Apa Local Government Area,BCG,807.9,95.6,53.1,2026-08,True
Benue,North Central,be Apa Local Government Area,Penta1,500.5,98.4,100.6,2026-07,False
Benue,North Central,be Apa Local Government Area,Penta3,473.6,98.4,96.1,2026-07,False
Benue,North Central,be Apa Local Government Area,Measles1,730.2,86.1,37.6,2026-12,True
Benue,North Central,be Buruku Local Government Area,BCG,735.2,104.6,85.5,2026-07,False
Benue,North Central,be Buruku Local Government Area,Penta1,1056.2,103.9,93.8,2026-07,False
Benue,North Central,be Buruku Local Government Area,Penta3,952.6,126.9,102.2,2026-07,False
Benue,North Central,be Buruku Local Government Area,Measles1,817.2,98.4,80.8,2026-07,False
Benue,North Central,be Gboko Local Government Area,BCG,2030.7,100.0,96.5,2026-09,False
Benue,North Central,be Gboko Local Government Area,Penta1,1952.8,94.0,69.6,2026-07,True
Benue,North Central,be Gboko Local Government Area,Penta3,1841.2,97.9,80.6,2026-07,False
Benue,North Central,be Gboko Local Government Area,Measles1,1562.6,91.5,87.1,2026-12,False
Benue,North Central,be Guma Local Government Area,BCG,643.2,122.1,108.7,2026-08,False
Benue,North Central,be Guma Local Government Area,Penta1,807.4,126.6,109.4,2026-07,False
Benue,North Central,be Guma Local Government Area,Penta3,695.3,169.2,116.3,2026-08,False
Benue,North Central,be Guma Local Government Area,Measles1,594.7,167.9,78.7,2026-08,True
Benue,North Central,be Gwer East Local Government Area,BCG,538.4,129.9,114.6,2026-12,False
Benue,North Central,be Gwer East Local Government Area,Penta1,755.0,138.9,127.2,2026-08,False
Benue,North Central,be Gwer East Local Government Area,Penta3,694.8,147.4,137.7,2026-10,False
Benue,North Central,be Gwer East Local Government Area,Measles1,487.8,125.4,25.9,2026-12,True
Benue,North Central,be Gwer West Local Government Area,BCG,668.9,111.4,90.8,2026-07,False
Benue,North Central,be Gwer West Local Government Area,Penta1,816.9,124.8,135.2,2026-07,False
Benue,North Central,be Gwer West Local Government Area,Penta3,717.8,132.1,139.4,2026-08,False
Benue,North Central,be Gwer West Local Government Area,Measles1,699.1,109.5,91.4,2026-07,False
Benue,North Central,be Katsina-Ala Local Government Area,BCG,1019.2,99.0,76.0,2026-08,True
Benue,North Central,be Katsina-Ala Local Government Area,Penta1,812.0,84.1,57.0,2026-07,True
Benue,North Central,be Katsina-Ala Local Government Area,Penta3,724.2,90.4,57.9,2026-07,True
Benue,North Central,be Katsina-Ala Local Government Area,Measles1,664.5,109.1,67.4,2026-11,True
Benue,North Central,be Konshisha Local Government Area,BCG,671.8,152.8,125.1,2026-06,False
Benue,North Central,be Konshisha Local Government Area,Penta1,573.4,158.9,130.9,2026-06,False
Benue,North Central,be Konshisha Local Government Area,Penta3,595.9,163.4,131.9,2026-10,False
Benue,North Central,be Konshisha Local Government Area,Measles1,425.8,172.6,85.7,2026-06,False
Benue,North Central,be Kwande Local Government Area,BCG,1326.7,104.3,71.7,2026-07,True
Benue,North Central,be Kwande Local Government Area,Penta1,1439.5,121.7,84.4,2026-08,False
Benue,North Central,be Kwande Local Government Area,Penta3,1302.5,125.0,86.3,2026-08,False
Benue,North Central,be Kwande Local Government Area,Measles1,890.9,117.6,64.7,2026-08,True
Benue,North Central,be Logo Local Government Area,BCG,1247.2,100.3,82.8,2026-10,False
Benue,North Central,be Logo Local Government Area,Penta1,901.6,89.3,56.1,2026-10,True
Benue,North Central,be Logo Local Government Area,Penta3,794.5,96.3,59.2,2026-10,True
Benue,North Central,be Logo Local Government Area,Measles1,811.0,99.8,78.5,2026-10,True
Benue,North Central,be Makurdi Local Government Area,BCG,1717.9,110.0,97.2,2026-08,False
Benue,North Central,be Makurdi Local Government Area,Penta1,1834.5,125.6,124.2,2026-08,False
Benue,North Central,be Makurdi Local Government Area,Penta3,1882.2,141.0,172.3,2026-08,False
Benue,North Central,be Makurdi Local Government Area,Measles1,1702.3,122.3,90.3,2026-08,False
Benue,North Central,be Obi Local Government Area,BCG,1422.4,79.8,101.2,2026-10,False
Benue,North Central,be Obi Local Government Area,Penta1,526.1,81.5,43.5,2026-06,True
Benue,North Central,be Obi Local Government Area,Penta3,518.6,79.9,50.8,2026-06,True
Benue,North Central,be Obi Local Government Area,Measles1,609.4,106.9,65.4,2026-10,True
Benue,North Central,be Ogbadibo Local Government Area,BCG,580.4,105.0,106.4,2026-11,False
Benue,North Central,be Ogbadibo Local Government Area,Penta1,544.0,135.4,132.2,2026-08,False
Benue,North Central,be Ogbadibo Local Government Area,Penta3,441.9,164.4,131.5,2026-07,False
Benue,North Central,be Ogbadibo Local Government Area,Measles1,587.8,109.9,116.5,2026-11,False
Benue,North Central,be Ohimini Local Government Area,BCG,215.3,109.8,102.8,2026-08,False
Benue,North Central,be Ohimini Local Government Area,Penta1,494.0,123.0,114.7,2026-07,False
Benue,North Central,be Ohimini Local Government Area,Penta3,438.5,124.1,116.4,2026-07,False
Benue,North Central,be Ohimini Local Government Area,Measles1,397.7,107.0,90.9,2026-08,False
Benue,North Central,be Oju Local Government Area,BCG,656.7,98.5,71.7,2026-06,True
Benue,North Central,be Oju Local Government Area,Penta1,934.0,75.8,62.4,2026-06,True
Benue,North Central,be Oju Local Government Area,Penta3,845.8,80.2,66.6,2026-06,True
Benue,North Central,be Oju Local Government Area,Measles1,688.5,100.7,65.2,2026-06,True
Benue,North Central,be Okpokwu Local Government Area,BCG,333.2,92.6,41.5,2026-12,True
Benue,North Central,be Okpokwu Local Government Area,Penta1,958.6,68.2,48.6,2026-07,True
Benue,North Central,be Okpokwu Local Government Area,Penta3,772.3,75.4,68.1,2026-07,True
Benue,North Central,be Okpokwu Local Government Area,Measles1,366.2,93.9,-36.9,2026-12,True
Benue,North Central,be Otukpo Local Government Area,BCG,1128.3,100.1,80.4,2026-11,False
Benue,North Central,be Otukpo Local Government Area,Penta1,1297.1,101.2,101.9,2026-11,False
Benue,North Central,be Otukpo Local Government Area,Penta3,1219.6,100.6,103.7,2026-10,False
Benue,North Central,be Otukpo Local Government Area,Measles1,915.3,115.8,46.7,2026-12,True
Benue,North Central,be Tarka Local Government Area,BCG,404.0,116.6,111.1,2026-06,False
Benue,North Central,be Tarka Local Government Area,Penta1,421.5,111.3,87.3,2026-07,False
Benue,North Central,be Tarka Local Government Area,Penta3,399.7,107.3,81.7,2026-07,False
Benue,North Central,be Tarka Local Government Area,Measles1,297.3,101.2,66.8,2026-10,True
Benue,North Central,be Ukum Local Government Area,BCG,1273.6,106.3,81.8,2026-07,False
Benue,North Central,be Ukum Local Government Area,Penta1,765.4,89.4,43.7,2026-07,True
Benue,North Central,be Ukum Local Government Area,Penta3,691.8,88.6,38.1,2026-07,True
Benue,North Central,be Ukum Local Government Area,Measles1,696.2,120.5,29.5,2026-11,True
Benue,North Central,be Ushongo Local Government Area,BCG,974.9,98.2,96.3,2026-09,False
Benue,North Central,be Ushongo Local Government Area,Penta1,1142.5,111.9,98.0,2026-07,False
Benue,North Central,be Ushongo Local Government Area,Penta3,1036.0,113.7,102.4,2026-07,False
Benue,North Central,be Ushongo Local Government Area,Measles1,699.2,154.8,49.2,2026-11,True
Benue,North Central,be Vandeikya Local Government Area,BCG,773.5,117.2,84.3,2026-11,False
Benue,North Central,be Vandeikya Local Government Area,Penta1,904.0,136.6,108.9,2026-11,False
Benue,North Central,be Vandeikya Local Government Area,Penta3,808.8,146.6,99.2,2026-11,False
Benue,North Central,be Vandeikya Local Government Area,Measles1,579.8,137.3,46.6,2026-11,True
Borno,North East,bo Abadam Local Government Area,BCG,37.8,151.9,142.4,2026-06,False
Borno,North East,bo Abadam Local Government Area,Penta1,63.8,131.7,118.1,2026-06,False
Borno,North East,bo Abadam Local Government Area,Penta3,59.7,130.0,126.5,2026-06,False
Borno,North East,bo Abadam Local Government Area,Measles1,68.8,87.3,99.1,2026-06,False
Borno,North East,bo Askira/Uba Local Government Area,BCG,970.2,104.3,-270.7,2026-10,True
Borno,North East,bo Askira/Uba Local Government Area,Penta1,1269.5,110.3,98.4,2026-07,False
Borno,North East,bo Askira/Uba Local Government Area,Penta3,1215.7,113.7,98.3,2026-06,False
Borno,North East,bo Askira/Uba Local Government Area,Measles1,853.6,118.7,-162.6,2026-11,True
Borno,North East,bo Bama Local Government Area,BCG,1773.5,67.9,56.7,2026-09,True
Borno,North East,bo Bama Local Government Area,Penta1,2340.1,62.4,84.0,2026-09,False
Borno,North East,bo Bama Local Government Area,Penta3,2177.7,62.5,87.7,2026-09,False
Borno,North East,bo Bama Local Government Area,Measles1,2058.5,37.6,63.8,2026-11,True
Borno,North East,bo Bayo Local Government Area,BCG,707.3,106.6,113.9,2026-09,False
Borno,North East,bo Bayo Local Government Area,Penta1,815.8,105.4,100.7,2026-09,False
Borno,North East,bo Bayo Local Government Area,Penta3,783.1,105.3,102.1,2026-09,False
Borno,North East,bo Bayo Local Government Area,Measles1,666.1,116.8,97.6,2026-09,False
Borno,North East,bo Biu Local Government Area,BCG,1314.8,109.9,75.4,2026-08,True
Borno,North East,bo Biu Local Government Area,Penta1,1420.7,116.8,78.2,2026-08,True
Borno,North East,bo Biu Local Government Area,Penta3,1251.4,115.9,68.2,2026-11,True
Borno,North East,bo Biu Local Government Area,Measles1,1009.1,113.2,72.8,2026-11,True
Borno,North East,bo Chibok Local Government Area,BCG,621.8,108.2,102.6,2026-06,False
Borno,North East,bo Chibok Local Government Area,Penta1,839.9,112.5,112.1,2026-06,False
Borno,North East,bo Chibok Local Government Area,Penta3,855.4,101.5,95.0,2026-06,False
Borno,North East,bo Chibok Local Government Area,Measles1,582.3,110.3,89.7,2026-06,False
Borno,North East,bo Damboa Local Government Area,BCG,1150.9,103.6,112.0,2026-12,False
Borno,North East,bo Damboa Local Government Area,Penta1,1598.1,100.8,110.3,2026-07,False
Borno,North East,bo Damboa Local Government Area,Penta3,1529.0,102.3,114.0,2026-07,False
Borno,North East,bo Damboa Local Government Area,Measles1,1109.5,257.0,29.1,2026-07,True
Borno,North East,bo Dikwa Local Government Area,BCG,472.4,134.8,89.4,2026-06,False
Borno,North East,bo Dikwa Local Government Area,Penta1,472.2,135.1,57.4,2026-06,True
Borno,North East,bo Dikwa Local Government Area,Penta3,450.2,121.7,46.0,2026-06,True
Borno,North East,bo Dikwa Local Government Area,Measles1,376.0,104.7,49.9,2026-06,True
Borno,North East,bo Gubio Local Government Area,BCG,733.1,101.1,90.0,2026-06,False
Borno,North East,bo Gubio Local Government Area,Penta1,1123.2,109.1,97.4,2026-06,False
Borno,North East,bo Gubio Local Government Area,Penta3,995.1,102.4,92.6,2026-06,False
Borno,North East,bo Gubio Local Government Area,Measles1,1095.6,93.8,7.0,2026-06,True
Borno,North East,bo Gwoza Local Government Area,BCG,1213.9,84.6,88.3,2026-06,False
Borno,North East,bo Gwoza Local Government Area,Penta1,1510.8,101.5,93.7,2026-06,False
Borno,North East,bo Gwoza Local Government Area,Penta3,1476.1,108.8,85.4,2026-11,False
Borno,North East,bo Gwoza Local Government Area,Measles1,1014.6,113.8,92.6,2026-06,False
Borno,North East,bo Hawul Local Government Area,BCG,642.5,119.6,104.7,2026-06,False
Borno,North East,bo Hawul Local Government Area,Penta1,777.6,127.3,141.1,2026-06,False
Borno,North East,bo Hawul Local Government Area,Penta3,732.6,131.0,140.4,2026-06,False
Borno,North East,bo Hawul Local Government Area,Measles1,595.8,117.3,82.9,2026-11,False
Borno,North East,bo Jere Local Government Area,BCG,3034.7,94.0,93.4,2026-06,False
Borno,North East,bo Jere Local Government Area,Penta1,4485.0,86.1,90.9,2026-06,False
Borno,North East,bo Jere Local Government Area,Penta3,4147.7,90.3,93.1,2026-06,False
Borno,North East,bo Jere Local Government Area,Measles1,3128.8,129.6,80.5,2026-06,False
Borno,North East,bo Kaga Local Government Area,BCG,432.1,97.6,98.6,2026-12,False
Borno,North East,bo Kaga Local Government Area,Penta1,492.2,102.3,88.9,2026-12,False
Borno,North East,bo Kaga Local Government Area,Penta3,462.8,100.4,84.4,2026-12,False
Borno,North East,bo Kaga Local Government Area,Measles1,313.5,101.0,95.4,2026-06,False
Borno,North East,bo Kala/Balge Local Government Area,BCG,146.2,146.8,122.5,2026-06,False
Borno,North East,bo Kala/Balge Local Government Area,Penta1,183.2,140.0,137.0,2026-06,False
Borno,North East,bo Kala/Balge Local Government Area,Penta3,180.6,134.8,131.0,2026-06,False
Borno,North East,bo Kala/Balge Local Government Area,Measles1,177.2,109.1,85.5,2026-12,False
Borno,North East,bo Konduga Local Government Area,BCG,1026.3,103.4,108.0,2026-06,False
Borno,North East,bo Konduga Local Government Area,Penta1,2020.5,107.9,118.3,2026-06,False
Borno,North East,bo Konduga Local Government Area,Penta3,1490.7,129.1,144.7,2026-07,False
Borno,North East,bo Konduga Local Government Area,Measles1,1260.2,169.6,156.4,2026-07,False
Borno,North East,bo Kukawa Local Government Area,BCG,326.8,136.2,127.8,2026-08,False
Borno,North East,bo Kukawa Local Government Area,Penta1,522.9,96.7,124.1,2026-06,False
Borno,North East,bo Kukawa Local Government Area,Penta3,461.6,89.3,119.0,2026-08,False
Borno,North East,bo Kukawa Local Government Area,Measles1,308.8,111.6,130.9,2026-11,False
Borno,North East,bo Kwaya Kusar Local Government Area,BCG,842.9,98.2,89.8,2026-08,False
Borno,North East,bo Kwaya Kusar Local Government Area,Penta1,1099.6,93.8,86.7,2026-09,False
Borno,North East,bo Kwaya Kusar Local Government Area,Penta3,1018.6,97.3,91.3,2026-09,False
Borno,North East,bo Kwaya Kusar Local Government Area,Measles1,847.7,92.4,83.9,2026-06,False
Borno,North East,bo Mafa Local Government Area,BCG,1023.6,120.8,102.0,2026-06,False
Borno,North East,bo Mafa Local Government Area,Penta1,1113.8,104.1,91.1,2026-06,False
Borno,North East,bo Mafa Local Government Area,Penta3,857.8,122.6,100.9,2026-06,False
Borno,North East,bo Mafa Local Government Area,Measles1,752.6,144.5,103.2,2026-09,False
Borno,North East,bo Magumeri Local Government Area,BCG,474.0,147.7,161.9,2026-12,False
Borno,North East,bo Magumeri Local Government Area,Penta1,484.5,178.7,160.0,2026-11,False
Borno,North East,bo Magumeri Local Government Area,Penta3,442.2,176.5,164.8,2026-11,False
Borno,North East,bo Magumeri Local Government Area,Measles1,423.2,183.5,139.8,2026-11,False
Borno,North East,bo Maiduguri Local Government Area,BCG,2858.7,103.2,90.3,2026-06,False
Borno,North East,bo Maiduguri Local Government Area,Penta1,3408.8,100.9,93.1,2026-06,False
Borno,North East,bo Maiduguri Local Government Area,Penta3,2894.9,108.5,98.4,2026-06,False
Borno,North East,bo Maiduguri Local Government Area,Measles1,1910.5,110.1,89.0,2026-11,False
Borno,North East,bo Marte Local Government Area,BCG,45.2,157.5,46.1,2026-09,True
Borno,North East,bo Marte Local Government Area,Penta1,54.4,111.0,47.7,2026-11,True
Borno,North East,bo Marte Local Government Area,Penta3,50.8,112.5,53.8,2026-11,True
Borno,North East,bo Marte Local Government Area,Measles1,36.8,6001.8,-1410.8,2026-11,True
Borno,North East,bo Mobbar Local Government Area,BCG,409.5,88.1,90.8,2026-06,False
Borno,North East,bo Mobbar Local Government Area,Penta1,521.3,79.7,75.3,2026-06,True
Borno,North East,bo Mobbar Local Government Area,Penta3,453.9,78.4,58.9,2026-06,True
Borno,North East,bo Mobbar Local Government Area,Measles1,512.1,72.0,54.6,2026-06,True
Borno,North East,bo Monguno Local Government Area,BCG,1271.9,107.9,74.1,2026-11,True
Borno,North East,bo Monguno Local Government Area,Penta1,1520.9,100.2,75.2,2026-11,True
Borno,North East,bo Monguno Local Government Area,Penta3,1256.8,108.0,63.6,2026-11,True
Borno,North East,bo Monguno Local Government Area,Measles1,1181.6,114.6,50.9,2026-09,True
Borno,North East,bo Ngala Local Government Area,BCG,875.1,81.8,67.9,2026-11,True
Borno,North East,bo Ngala Local Government Area,Penta1,1022.5,85.6,73.9,2026-06,True
Borno,North East,bo Ngala Local Government Area,Penta3,808.0,88.0,68.4,2026-06,True
Borno,North East,bo Ngala Local Government Area,Measles1,731.0,88.1,71.1,2026-10,True
Borno,North East,bo Nganzai Local Government Area,BCG,610.2,87.0,84.7,2026-11,False
Borno,North East,bo Nganzai Local Government Area,Penta1,739.4,135.4,148.1,2026-10,False
Borno,North East,bo Nganzai Local Government Area,Penta3,697.2,129.6,138.1,2026-10,False
Borno,North East,bo Nganzai Local Government Area,Measles1,422.6,164.0,167.4,2026-10,False
Borno,North East,bo Shani Local Government Area,BCG,699.3,108.9,105.9,2026-06,False
Borno,North East,bo Shani Local Government Area,Penta1,947.2,116.0,107.2,2026-06,False
Borno,North East,bo Shani Local Government Area,Penta3,865.0,115.1,115.6,2026-06,False
Borno,North East,bo Shani Local Government Area,Measles1,632.2,100.7,66.3,2026-11,True
Cross River,South South,cr Abi Local Government Area,BCG,782.4,116.0,101.8,2026-07,False
Cross River,South South,cr Abi Local Government Area,Penta1,496.2,116.4,55.5,2026-07,True
Cross River,South South,cr Abi Local Government Area,Penta3,455.1,117.3,52.5,2026-07,True
Cross River,South South,cr Abi Local Government Area,Measles1,750.2,100.6,74.3,2026-07,True
Cross River,South South,cr Akamkpa Local Government Area,BCG,1197.7,74.5,52.8,2026-12,True
Cross River,South South,cr Akamkpa Local Government Area,Penta1,653.7,100.9,93.8,2026-12,False
Cross River,South South,cr Akamkpa Local Government Area,Penta3,626.1,94.3,89.5,2026-12,False
Cross River,South South,cr Akamkpa Local Government Area,Measles1,925.0,83.6,57.9,2026-08,True
Cross River,South South,cr Akpabuyo Local Government Area,BCG,981.1,114.5,82.0,2026-07,False
Cross River,South South,cr Akpabuyo Local Government Area,Penta1,707.6,189.9,65.8,2026-07,True
Cross River,South South,cr Akpabuyo Local Government Area,Penta3,654.5,192.7,65.7,2026-07,True
Cross River,South South,cr Akpabuyo Local Government Area,Measles1,1074.8,129.9,120.2,2026-08,False
Cross River,South South,cr Bakassi Local Government Area,BCG,219.8,100.5,83.1,2026-12,False
Cross River,South South,cr Bakassi Local Government Area,Penta1,240.5,115.7,99.2,2026-09,False
Cross River,South South,cr Bakassi Local Government Area,Penta3,206.3,111.1,90.1,2026-09,False
Cross River,South South,cr Bakassi Local Government Area,Measles1,208.3,92.0,72.7,2026-08,True
Cross River,South South,cr Bekwarra Local Government Area,BCG,308.9,111.9,88.4,2026-12,False
Cross River,South South,cr Bekwarra Local Government Area,Penta1,374.0,108.0,55.5,2026-07,True
Cross River,South South,cr Bekwarra Local Government Area,Penta3,350.9,105.1,56.1,2026-07,True
Cross River,South South,cr Bekwarra Local Government Area,Measles1,390.2,105.7,70.4,2026-09,True
Cross River,South South,cr Biase Local Government Area,BCG,969.1,99.6,93.7,2026-08,False
Cross River,South South,cr Biase Local Government Area,Penta1,583.8,118.1,75.7,2026-08,True
Cross River,South South,cr Biase Local Government Area,Penta3,525.0,118.1,74.7,2026-08,True
Cross River,South South,cr Biase Local Government Area,Measles1,905.1,100.3,97.5,2026-08,False
Cross River,South South,cr Boki Local Government Area,BCG,1018.3,104.9,95.5,2026-06,False
Cross River,South South,cr Boki Local Government Area,Penta1,585.7,133.9,84.5,2026-07,False
Cross River,South South,cr Boki Local Government Area,Penta3,556.2,130.7,79.8,2026-07,True
Cross River,South South,cr Boki Local Government Area,Measles1,911.7,111.5,107.2,2026-09,False
Cross River,South South,cr Calabar Municipal Local Government Area,BCG,871.9,92.1,71.8,2026-12,True
Cross River,South South,cr Calabar Municipal Local Government Area,Penta1,639.0,83.7,65.4,2026-10,True
Cross River,South South,cr Calabar Municipal Local Government Area,Penta3,558.3,86.8,70.3,2026-10,True
Cross River,South South,cr Calabar Municipal Local Government Area,Measles1,672.1,88.7,72.6,2026-08,True
Cross River,South South,cr Calabar South Local Government Area,BCG,863.4,105.4,107.9,2026-08,False
Cross River,South South,cr Calabar South Local Government Area,Penta1,800.2,107.1,60.5,2026-07,True
Cross River,South South,cr Calabar South Local Government Area,Penta3,747.2,108.3,55.1,2026-07,True
Cross River,South South,cr Calabar South Local Government Area,Measles1,795.7,106.7,94.0,2026-07,False
Cross River,South South,cr Etung Local Government Area,BCG,584.4,93.5,72.6,2026-12,True
Cross River,South South,cr Etung Local Government Area,Penta1,380.2,117.4,101.5,2026-07,False
Cross River,South South,cr Etung Local Government Area,Penta3,385.8,111.6,96.1,2026-07,False
Cross River,South South,cr Etung Local Government Area,Measles1,571.2,92.9,82.5,2026-12,False
Cross River,South South,cr Ikom Local Government Area,BCG,548.3,129.2,140.1,2026-09,False
Cross River,South South,cr Ikom Local Government Area,Penta1,533.6,125.9,114.0,2026-07,False
Cross River,South South,cr Ikom Local Government Area,Penta3,488.1,132.8,103.0,2026-07,False
Cross River,South South,cr Ikom Local Government Area,Measles1,480.3,104.4,77.7,2026-11,True
Cross River,South South,cr Obanliku Local Government Area,BCG,395.8,92.9,84.8,2026-09,False
Cross River,South South,cr Obanliku Local Government Area,Penta1,468.3,88.2,84.9,2026-09,False
Cross River,South South,cr Obanliku Local Government Area,Penta3,465.8,84.3,88.3,2026-07,False
Cross River,South South,cr Obanliku Local Government Area,Measles1,381.8,88.7,52.8,2026-09,True
Cross River,South South,cr Obubra Local Government Area,BCG,766.0,94.9,64.9,2026-07,True
Cross River,South South,cr Obubra Local Government Area,Penta1,583.1,113.0,66.9,2026-07,True
Cross River,South South,cr Obubra Local Government Area,Penta3,566.2,103.4,31.8,2026-07,True
Cross River,South South,cr Obubra Local Government Area,Measles1,905.2,87.4,46.2,2026-11,True
Cross River,South South,cr Obudu Local Government Area,BCG,732.4,99.3,83.5,2026-12,False
Cross River,South South,cr Obudu Local Government Area,Penta1,499.2,125.1,65.0,2026-07,True
Cross River,South South,cr Obudu Local Government Area,Penta3,478.1,127.1,49.6,2026-07,True
Cross River,South South,cr Obudu Local Government Area,Measles1,663.8,103.7,90.4,2026-09,False
Cross River,South South,cr Odukpani Local Government Area,BCG,1361.2,75.7,77.9,2026-08,True
Cross River,South South,cr Odukpani Local Government Area,Penta1,704.2,106.9,77.7,2026-07,True
Cross River,South South,cr Odukpani Local Government Area,Penta3,617.0,114.2,70.6,2026-07,True
Cross River,South South,cr Odukpani Local Government Area,Measles1,1065.1,85.1,86.2,2026-08,False
Cross River,South South,cr Ogoja Local Government Area,BCG,785.3,101.3,74.9,2026-09,True
Cross River,South South,cr Ogoja Local Government Area,Penta1,540.3,113.5,65.0,2026-07,True
Cross River,South South,cr Ogoja Local Government Area,Penta3,471.8,108.2,55.9,2026-07,True
Cross River,South South,cr Ogoja Local Government Area,Measles1,644.4,108.3,75.4,2026-09,True
Cross River,South South,cr Yakurr Local Government Area,BCG,1228.8,87.1,72.8,2026-12,True
Cross River,South South,cr Yakurr Local Government Area,Penta1,673.6,101.3,47.0,2026-07,True
Cross River,South South,cr Yakurr Local Government Area,Penta3,637.4,99.4,44.9,2026-07,True
Cross River,South South,cr Yakurr Local Government Area,Measles1,1012.7,94.3,79.0,2026-07,True
Cross River,South South,cr Yala Local Government Area,BCG,902.2,99.7,98.6,2026-07,False
Cross River,South South,cr Yala Local Government Area,Penta1,761.5,114.3,66.9,2026-07,True
Cross River,South South,cr Yala Local Government Area,Penta3,710.6,103.9,60.4,2026-07,True
Cross River,South South,cr Yala Local Government Area,Measles1,915.1,106.4,98.3,2026-07,False
Delta,South South,de Aniocha North Local Government Area,BCG,493.2,118.0,113.7,2026-07,False
Delta,South South,de Aniocha North Local Government Area,Penta1,535.8,95.1,73.1,2026-07,True
Delta,South South,de Aniocha North Local Government Area,Penta3,491.1,92.6,68.0,2026-07,True
Delta,South South,de Aniocha North Local Government Area,Measles1,538.1,100.9,77.1,2026-07,True
Delta,South South,de Aniocha South Local Government Area,BCG,504.6,109.9,113.3,2026-07,False
Delta,South South,de Aniocha South Local Government Area,Penta1,666.4,89.4,72.2,2026-07,True
Delta,South South,de Aniocha South Local Government Area,Penta3,622.8,89.8,76.2,2026-07,True
Delta,South South,de Aniocha South Local Government Area,Measles1,507.2,106.5,97.4,2026-10,False
Delta,South South,de Bomadi Local Government Area,BCG,267.6,96.3,73.9,2026-08,True
Delta,South South,de Bomadi Local Government Area,Penta1,363.6,122.7,97.1,2026-07,False
Delta,South South,de Bomadi Local Government Area,Penta3,341.8,154.1,99.9,2026-07,False
Delta,South South,de Bomadi Local Government Area,Measles1,375.7,109.7,63.6,2026-07,True
Delta,South South,de Burutu Local Government Area,BCG,383.4,115.0,83.5,2026-09,False
Delta,South South,de Burutu Local Government Area,Penta1,571.8,114.5,77.2,2026-09,True
Delta,South South,de Burutu Local Government Area,Penta3,507.1,122.9,83.8,2026-06,False
Delta,South South,de Burutu Local Government Area,Measles1,377.2,147.5,83.0,2026-10,False
Delta,South South,de Ethiope East Local Government Area,BCG,1229.5,98.2,106.4,2026-09,False
Delta,South South,de Ethiope East Local Government Area,Penta1,1247.8,94.7,104.8,2026-10,False
Delta,South South,de Ethiope East Local Government Area,Penta3,1082.5,91.7,96.2,2026-11,False
Delta,South South,de Ethiope East Local Government Area,Measles1,905.7,101.2,94.8,2026-06,False
Delta,South South,de Ethiope West Local Government Area,BCG,765.0,101.6,85.7,2026-12,False
Delta,South South,de Ethiope West Local Government Area,Penta1,1075.8,105.7,107.3,2026-07,False
Delta,South South,de Ethiope West Local Government Area,Penta3,975.3,104.8,100.4,2026-07,False
Delta,South South,de Ethiope West Local Government Area,Measles1,1484.8,54.7,57.8,2026-07,True
Delta,South South,de Ika North East Local Government Area,BCG,1356.1,108.5,105.6,2026-07,False
Delta,South South,de Ika North East Local Government Area,Penta1,869.8,77.0,50.7,2026-06,True
Delta,South South,de Ika North East Local Government Area,Penta3,842.7,76.2,55.3,2026-06,True
Delta,South South,de Ika North East Local Government Area,Measles1,1012.2,95.6,67.8,2026-06,True
Delta,South South,de Ika South Local Government Area,BCG,918.2,104.3,91.0,2026-09,False
Delta,South South,de Ika South Local Government Area,Penta1,758.2,88.8,90.8,2026-07,False
Delta,South South,de Ika South Local Government Area,Penta3,712.3,87.8,92.2,2026-07,False
Delta,South South,de Ika South Local Government Area,Measles1,775.6,99.1,94.7,2026-09,False
Delta,South South,de Isoko North Local Government Area,BCG,731.3,92.8,87.9,2026-09,False
Delta,South South,de Isoko North Local Government Area,Penta1,746.9,94.2,93.3,2026-08,False
Delta,South South,de Isoko North Local Government Area,Penta3,696.4,94.0,93.4,2026-08,False
Delta,South South,de Isoko North Local Government Area,Measles1,704.8,100.9,94.3,2026-09,False
Delta,South South,de Isoko South Local Government Area,BCG,1244.5,108.6,89.0,2026-06,False
Delta,South South,de Isoko South Local Government Area,Penta1,841.2,87.3,51.8,2026-07,True
Delta,South South,de Isoko South Local Government Area,Penta3,795.0,85.0,48.1,2026-07,True
Delta,South South,de Isoko South Local Government Area,Measles1,1005.2,95.0,86.3,2026-11,False
Delta,South South,de Ndokwa East Local Government Area,BCG,296.9,92.6,84.1,2026-10,False
Delta,South South,de Ndokwa East Local Government Area,Penta1,370.7,87.1,79.3,2026-10,True
Delta,South South,de Ndokwa East Local Government Area,Penta3,326.1,91.8,103.4,2026-06,False
Delta,South South,de Ndokwa East Local Government Area,Measles1,426.5,67.8,87.6,2026-06,False
Delta,South South,de Ndokwa West Local Government Area,BCG,553.0,92.0,87.4,2026-10,False
Delta,South South,de Ndokwa West Local Government Area,Penta1,590.2,87.4,77.7,2026-11,True
Delta,South South,de Ndokwa West Local Government Area,Penta3,560.6,86.5,81.6,2026-11,False
Delta,South South,de Ndokwa West Local Government Area,Measles1,476.7,99.5,83.6,2026-10,False
Delta,South South,de Okpe Local Government Area,BCG,626.6,109.3,104.0,2026-10,False
Delta,South South,de Okpe Local Government Area,Penta1,591.1,90.4,69.2,2026-11,True
Delta,South South,de Okpe Local Government Area,Penta3,538.6,89.9,71.1,2026-11,True
Delta,South South,de Okpe Local Government Area,Measles1,614.6,98.9,-59.6,2026-06,True
Delta,South South,de Oshimili North Local Government Area,BCG,595.7,107.7,92.9,2026-12,False
Delta,South South,de Oshimili North Local Government Area,Penta1,672.7,109.7,99.1,2026-09,False
Delta,South South,de Oshimili North Local Government Area,Penta3,617.9,114.3,119.6,2026-09,False
Delta,South South,de Oshimili North Local Government Area,Measles1,546.9,105.2,96.0,2026-09,False
Delta,South South,de Oshimili South Local Government Area,BCG,1112.2,98.7,95.9,2026-12,False
Delta,South South,de Oshimili South Local Government Area,Penta1,853.2,87.5,89.4,2026-10,False
Delta,South South,de Oshimili South Local Government Area,Penta3,718.2,90.8,92.0,2026-07,False
Delta,South South,de Oshimili South Local Government Area,Measles1,818.8,99.5,82.5,2026-09,False
Delta,South South,de Patani Local Government Area,BCG,242.9,86.5,99.6,2026-10,False
Delta,South South,de Patani Local Government Area,Penta1,310.8,90.1,99.0,2026-10,False
Delta,South South,de Patani Local Government Area,Penta3,281.8,83.8,97.7,2026-10,False
Delta,South South,de Patani Local Government Area,Measles1,225.5,100.0,-19.9,2026-06,True
Delta,South South,de Sapele Local Government Area,BCG,606.6,91.4,74.8,2026-09,True
Delta,South South,de Sapele Local Government Area,Penta1,653.2,94.2,79.1,2026-11,True
Delta,South South,de Sapele Local Government Area,Penta3,581.7,96.2,95.8,2026-11,False
Delta,South South,de Sapele Local Government Area,Measles1,545.1,96.4,68.8,2026-11,True
Delta,South South,de Udu Local Government Area,BCG,490.2,107.5,93.1,2026-09,False
Delta,South South,de Udu Local Government Area,Penta1,550.2,104.3,96.7,2026-12,False
Delta,South South,de Udu Local Government Area,Penta3,499.5,106.1,99.0,2026-12,False
Delta,South South,de Udu Local Government Area,Measles1,500.5,98.5,85.8,2026-09,False
Delta,South South,de Ughelli North Local Government Area,BCG,1680.6,93.5,73.8,2026-07,True
Delta,South South,de Ughelli North Local Government Area,Penta1,1369.7,120.6,81.8,2026-06,False
Delta,South South,de Ughelli North Local Government Area,Penta3,1171.1,140.9,81.0,2026-06,False
Delta,South South,de Ughelli North Local Government Area,Measles1,1337.4,92.6,80.7,2026-11,False
Delta,South South,de Ughelli South Local Government Area,BCG,708.1,98.1,83.6,2026-07,False
Delta,South South,de Ughelli South Local Government Area,Penta1,703.8,112.1,66.9,2026-07,True
Delta,South South,de Ughelli South Local Government Area,Penta3,629.3,118.2,59.7,2026-07,True
Delta,South South,de Ughelli South Local Government Area,Measles1,630.0,102.3,84.8,2026-11,False
Delta,South South,de Ukwuani Local Government Area,BCG,530.2,107.4,95.5,2026-10,False
Delta,South South,de Ukwuani Local Government Area,Penta1,544.4,99.0,108.9,2026-11,False
Delta,South South,de Ukwuani Local Government Area,Penta3,491.2,99.9,94.2,2026-10,False
Delta,South South,de Ukwuani Local Government Area,Measles1,591.2,99.9,96.6,2026-10,False
Delta,South South,de Uvwie Local Government Area,BCG,849.3,101.0,90.0,2026-07,False
Delta,South South,de Uvwie Local Government Area,Penta1,757.5,144.8,86.6,2026-09,False
Delta,South South,de Uvwie Local Government Area,Penta3,674.2,140.0,85.9,2026-11,False
Delta,South South,de Uvwie Local Government Area,Measles1,806.9,95.0,37.6,2026-06,True
Delta,South South,de Warri North Local Government Area,BCG,789.8,95.9,69.9,2026-07,True
Delta,South South,de Warri North Local Government Area,Penta1,582.3,97.1,66.6,2026-07,True
Delta,South South,de Warri North Local Government Area,Penta3,533.2,98.2,73.0,2026-10,True
Delta,South South,de Warri North Local Government Area,Measles1,572.8,110.7,83.6,2026-07,False
Delta,South South,de Warri South Local Government Area,BCG,1164.4,92.9,82.2,2026-12,False
Delta,South South,de Warri South Local Government Area,Penta1,1294.8,91.2,84.5,2026-06,False
Delta,South South,de Warri South Local Government Area,Penta3,1182.6,96.6,86.2,2026-11,False
Delta,South South,de Warri South Local Government Area,Measles1,996.3,93.7,88.3,2026-06,False
Delta,South South,de Warri South West Local Government Area,BCG,569.4,103.4,64.3,2026-10,True
Delta,South South,de Warri South West Local Government Area,Penta1,384.9,100.9,53.0,2026-06,True
Delta,South South,de Warri South West Local Government Area,Penta3,342.2,92.8,44.8,2026-06,True
Delta,South South,de Warri South West Local Government Area,Measles1,542.1,116.7,79.2,2026-07,True
Ebonyi,South East,eb Abakaliki Local Government Area,BCG,881.0,107.9,93.7,2026-08,False
Ebonyi,South East,eb Abakaliki Local Government Area,Penta1,812.2,109.6,102.3,2026-09,False
Ebonyi,South East,eb Abakaliki Local Government Area,Penta3,745.7,109.5,105.8,2026-11,False
Ebonyi,South East,eb Abakaliki Local Government Area,Measles1,664.1,121.1,112.1,2026-10,False
Ebonyi,South East,eb Afikpo North Local Government Area,BCG,713.1,110.1,92.1,2026-07,False
Ebonyi,South East,eb Afikpo North Local Government Area,Penta1,762.1,107.1,89.9,2026-07,False
Ebonyi,South East,eb Afikpo North Local Government Area,Penta3,714.7,109.5,94.0,2026-07,False
Ebonyi,South East,eb Afikpo North Local Government Area,Measles1,706.0,93.6,82.8,2026-09,False
Ebonyi,South East,eb Afikpo South Local Government Area,BCG,543.8,111.8,93.3,2026-09,False
Ebonyi,South East,eb Afikpo South Local Government Area,Penta1,753.2,103.4,58.7,2026-07,True
Ebonyi,South East,eb Afikpo South Local Government Area,Penta3,707.3,105.2,59.8,2026-07,True
Ebonyi,South East,eb Afikpo South Local Government Area,Measles1,751.5,109.1,95.9,2026-09,False
Ebonyi,South East,eb Ebonyi Local Government Area,BCG,1197.4,105.2,87.5,2026-12,False
Ebonyi,South East,eb Ebonyi Local Government Area,Penta1,917.8,104.1,88.0,2026-06,False
Ebonyi,South East,eb Ebonyi Local Government Area,Penta3,861.8,107.4,90.9,2026-06,False
Ebonyi,South East,eb Ebonyi Local Government Area,Measles1,871.1,101.3,78.5,2026-12,True
Ebonyi,South East,eb Ezza North Local Government Area,BCG,456.0,99.3,84.9,2026-12,False
Ebonyi,South East,eb Ezza North Local Government Area,Penta1,544.8,99.0,90.1,2026-07,False
Ebonyi,South East,eb Ezza North Local Government Area,Penta3,544.1,95.8,91.7,2026-12,False
Ebonyi,South East,eb Ezza North Local Government Area,Measles1,534.5,79.8,67.0,2026-09,True
Ebonyi,South East,eb Ezza South Local Government Area,BCG,412.7,105.7,80.7,2026-11,False
Ebonyi,South East,eb Ezza South Local Government Area,Penta1,564.6,109.5,107.8,2026-08,False
Ebonyi,South East,eb Ezza South Local Government Area,Penta3,570.2,110.7,112.3,2026-09,False
Ebonyi,South East,eb Ezza South Local Government Area,Measles1,457.3,108.0,89.5,2026-09,False
Ebonyi,South East,eb Ikwo Local Government Area,BCG,1034.8,104.0,93.0,2026-08,False
Ebonyi,South East,eb Ikwo Local Government Area,Penta1,906.1,106.9,85.2,2026-07,False
Ebonyi,South East,eb Ikwo Local Government Area,Penta3,755.0,128.1,90.8,2026-07,False
Ebonyi,South East,eb Ikwo Local Government Area,Measles1,900.7,84.5,88.5,2026-11,False
Ebonyi,South East,eb Ishielu Local Government Area,BCG,447.6,99.3,84.9,2026-12,False
Ebonyi,South East,eb Ishielu Local Government Area,Penta1,707.6,88.3,76.1,2026-11,True
Ebonyi,South East,eb Ishielu Local Government Area,Penta3,682.8,88.8,76.8,2026-11,True
Ebonyi,South East,eb Ishielu Local Government Area,Measles1,459.2,99.4,86.8,2026-11,False
Ebonyi,South East,eb Ivo Local Government Area,BCG,457.9,85.0,64.1,2026-12,True
Ebonyi,South East,eb Ivo Local Government Area,Penta1,598.4,90.4,78.5,2026-07,True
Ebonyi,South East,eb Ivo Local Government Area,Penta3,564.4,86.3,74.1,2026-07,True
Ebonyi,South East,eb Ivo Local Government Area,Measles1,563.6,97.9,28.9,2026-07,True
Ebonyi,South East,eb Izzi Local Government Area,BCG,1775.8,109.6,94.4,2026-09,False
Ebonyi,South East,eb Izzi Local Government Area,Penta1,1589.7,94.4,84.8,2026-06,False
Ebonyi,South East,eb Izzi Local Government Area,Penta3,1404.6,94.4,81.6,2026-11,False
Ebonyi,South East,eb Izzi Local Government Area,Measles1,1230.3,103.3,83.9,2026-08,False
Ebonyi,South East,eb Ohaozara Local Government Area,BCG,908.9,102.2,84.5,2026-12,False
Ebonyi,South East,eb Ohaozara Local Government Area,Penta1,793.3,92.7,71.6,2026-07,True
Ebonyi,South East,eb Ohaozara Local Government Area,Penta3,764.5,93.7,75.5,2026-07,True
Ebonyi,South East,eb Ohaozara Local Government Area,Measles1,929.6,104.2,88.4,2026-11,False
Ebonyi,South East,eb Ohaukwu Local Government Area,BCG,689.5,106.0,97.6,2026-12,False
Ebonyi,South East,eb Ohaukwu Local Government Area,Penta1,622.9,103.5,98.3,2026-06,False
Ebonyi,South East,eb Ohaukwu Local Government Area,Penta3,596.1,97.6,92.2,2026-06,False
Ebonyi,South East,eb Ohaukwu Local Government Area,Measles1,582.2,79.6,70.8,2026-11,True
Ebonyi,South East,eb Onicha Local Government Area,BCG,1107.8,61.5,71.7,2026-12,True
Ebonyi,South East,eb Onicha Local Government Area,Penta1,1133.3,57.8,47.3,2026-07,True
Ebonyi,South East,eb Onicha Local Government Area,Penta3,1070.9,56.7,48.3,2026-07,True
Ebonyi,South East,eb Onicha Local Government Area,Measles1,1120.2,63.9,72.3,2026-10,True
Edo,South South,ed Akoko-Edo Local Government Area,BCG,691.2,108.0,105.1,2026-09,False
Edo,South South,ed Akoko-Edo Local Government Area,Penta1,856.4,143.7,117.7,2026-10,False
Edo,South South,ed Akoko-Edo Local Government Area,Penta3,832.4,171.6,115.8,2026-12,False
Edo,South South,ed Akoko-Edo Local Government Area,Measles1,860.8,99.0,104.3,2026-09,False
Edo,South South,ed Egor Local Government Area,BCG,1112.3,83.8,44.1,2026-12,True
Edo,South South,ed Egor Local Government Area,Penta1,812.2,96.8,65.5,2026-12,True
Edo,South South,ed Egor Local Government Area,Penta3,749.4,101.4,78.2,2026-12,True
Edo,South South,ed Egor Local Government Area,Measles1,775.9,89.2,70.3,2026-12,True
Edo,South South,ed Esan Central Local Government Area,BCG,355.0,118.9,93.8,2026-10,False
Edo,South South,ed Esan Central Local Government Area,Penta1,296.5,172.9,74.6,2026-06,True
Edo,South South,ed Esan Central Local Government Area,Penta3,283.3,175.0,68.7,2026-06,True
Edo,South South,ed Esan Central Local Government Area,Measles1,267.8,123.3,100.1,2026-10,False
Edo,South South,ed Esan North-East Local Government Area,BCG,334.0,131.7,143.5,2026-07,False
Edo,South South,ed Esan North-East Local Government Area,Penta1,397.8,117.8,121.7,2026-12,False
Edo,South South,ed Esan North-East Local Government Area,Penta3,362.9,116.7,123.2,2026-12,False
Edo,South South,ed Esan North-East Local Government Area,Measles1,301.4,113.9,117.1,2026-09,False
Edo,South South,ed Esan South-East Local Government Area,BCG,399.9,101.9,94.0,2026-10,False
Edo,South South,ed Esan South-East Local Government Area,Penta1,358.9,102.3,104.0,2026-12,False
Edo,South South,ed Esan South-East Local Government Area,Penta3,313.0,103.8,100.5,2026-10,False
Edo,South South,ed Esan South-East Local Government Area,Measles1,351.8,100.4,103.7,2026-10,False
Edo,South South,ed Esan West Local Government Area,BCG,403.8,101.2,92.2,2026-12,False
Edo,South South,ed Esan West Local Government Area,Penta1,430.4,183.9,102.8,2026-10,False
Edo,South South,ed Esan West Local Government Area,Penta3,408.2,205.7,121.0,2026-06,False
Edo,South South,ed Esan West Local Government Area,Measles1,366.2,105.1,94.6,2026-12,False
Edo,South South,ed Etsako Central Local Government Area,BCG,416.2,86.9,99.1,2026-10,False
Edo,South South,ed Etsako Central Local Government Area,Penta1,509.4,85.9,83.0,2026-10,False
Edo,South South,ed Etsako Central Local Government Area,Penta3,429.1,82.4,88.0,2026-10,False
Edo,South South,ed Etsako Central Local Government Area,Measles1,731.6,51.8,61.6,2026-07,True
Edo,South South,ed Etsako East Local Government Area,BCG,339.8,100.0,84.0,2026-12,False
Edo,South South,ed Etsako East Local Government Area,Penta1,339.4,177.5,102.4,2026-10,False
Edo,South South,ed Etsako East Local Government Area,Penta3,315.8,237.5,108.3,2026-06,False
Edo,South South,ed Etsako East Local Government Area,Measles1,300.4,142.9,80.0,2026-12,False
Edo,South South,ed Etsako West Local Government Area,BCG,756.1,110.2,81.9,2026-12,False
Edo,South South,ed Etsako West Local Government Area,Penta1,696.7,155.6,85.1,2026-10,False
Edo,South South,ed Etsako West Local Government Area,Penta3,620.8,167.0,101.7,2026-06,False
Edo,South South,ed Etsako West Local Government Area,Measles1,647.8,104.1,86.4,2026-12,False
Edo,South South,ed Igueben Local Government Area,BCG,125.6,173.6,199.7,2026-07,False
Edo,South South,ed Igueben Local Government Area,Penta1,197.2,154.6,148.2,2026-06,False
Edo,South South,ed Igueben Local Government Area,Penta3,179.9,209.5,146.6,2026-06,False
Edo,South South,ed Igueben Local Government Area,Measles1,162.1,121.5,133.5,2026-09,False
Edo,South South,ed Ikpoba-Okha Local Government Area,BCG,1387.9,101.6,82.8,2026-12,False
Edo,South South,ed Ikpoba-Okha Local Government Area,Penta1,1588.3,96.7,95.7,2026-10,False
Edo,South South,ed Ikpoba-Okha Local Government Area,Penta3,1461.7,96.6,99.0,2026-10,False
Edo,South South,ed Ikpoba-Okha Local Government Area,Measles1,1405.2,100.6,85.8,2026-09,False
Edo,South South,ed Oredo Local Government Area,BCG,1362.7,93.8,72.2,2026-12,True
Edo,South South,ed Oredo Local Government Area,Penta1,1347.8,124.6,95.3,2026-12,False
Edo,South South,ed Oredo Local Government Area,Penta3,1312.2,132.0,88.1,2026-06,False
Edo,South South,ed Oredo Local Government Area,Measles1,1083.4,88.9,79.4,2026-12,True
Edo,South South,ed Orhionmwon Local Government Area,BCG,132.1,118.7,106.1,2026-08,False
Edo,South South,ed Orhionmwon Local Government Area,Penta1,142.3,177.6,122.6,2026-10,False
Edo,South South,ed Orhionmwon Local Government Area,Penta3,120.7,232.9,128.0,2026-10,False
Edo,South South,ed Orhionmwon Local Government Area,Measles1,125.8,123.5,106.8,2026-10,False
Edo,South South,ed Ovia North-East Local Government Area,BCG,484.7,116.3,110.8,2026-12,False
Edo,South South,ed Ovia North-East Local Government Area,Penta1,560.4,119.7,116.2,2026-10,False
Edo,South South,ed Ovia North-East Local Government Area,Penta3,510.9,119.2,128.5,2026-10,False
Edo,South South,ed Ovia North-East Local Government Area,Measles1,494.7,106.1,98.9,2026-10,False
Edo,South South,ed Ovia South-West Local Government Area,BCG,383.2,106.7,81.3,2026-12,False
Edo,South South,ed Ovia South-West Local Government Area,Penta1,379.7,137.4,99.2,2026-09,False
Edo,South South,ed Ovia South-West Local Government Area,Penta3,338.3,148.3,104.4,2026-11,False
Edo,South South,ed Ovia South-West Local Government Area,Measles1,346.2,104.5,89.5,2026-06,False
Edo,South South,ed Owan East Local Government Area,BCG,222.6,154.2,113.1,2026-07,False
Edo,South South,ed Owan East Local Government Area,Penta1,288.6,153.1,147.4,2026-06,False
Edo,South South,ed Owan East Local Government Area,Penta3,269.3,188.4,136.2,2026-07,False
Edo,South South,ed Owan East Local Government Area,Measles1,212.4,136.8,124.6,2026-10,False
Edo,South South,ed Owan West Local Government Area,BCG,212.8,116.6,118.6,2026-06,False
Edo,South South,ed Owan West Local Government Area,Penta1,252.7,243.0,126.1,2026-06,False
Edo,South South,ed Owan West Local Government Area,Penta3,226.1,398.2,163.2,2026-06,False
Edo,South South,ed Owan West Local Government Area,Measles1,259.0,88.2,71.0,2026-06,True
Edo,South South,ed Uhunmwonde Local Government Area,BCG,480.9,110.1,104.4,2026-12,False
Edo,South South,ed Uhunmwonde Local Government Area,Penta1,582.7,118.7,118.5,2026-09,False
Edo,South South,ed Uhunmwonde Local Government Area,Penta3,539.4,116.2,121.2,2026-12,False
Edo,South South,ed Uhunmwonde Local Government Area,Measles1,533.9,103.2,101.2,2026-09,False
Ekiti,South West,ek Ado Ekiti Local Government Area,BCG,1362.7,110.2,101.1,2026-12,False
Ekiti,South West,ek Ado Ekiti Local Government Area,Penta1,1349.8,116.3,99.3,2026-12,False
Ekiti,South West,ek Ado Ekiti Local Government Area,Penta3,1348.6,112.2,96.6,2026-12,False
Ekiti,South West,ek Ado Ekiti Local Government Area,Measles1,1329.3,103.8,78.8,2026-09,True
Ekiti,South West,ek Aiyekire (Gbonyin) Local Government Area,BCG,545.0,120.0,114.8,2026-09,False
Ekiti,South West,ek Aiyekire (Gbonyin) Local Government Area,Penta1,648.6,110.5,124.9,2026-10,False
Ekiti,South West,ek Aiyekire (Gbonyin) Local Government Area,Penta3,645.7,109.1,105.6,2026-10,False
Ekiti,South West,ek Aiyekire (Gbonyin) Local Government Area,Measles1,546.1,117.1,125.8,2026-10,False
Ekiti,South West,ek Efon Local Government Area,BCG,453.3,108.4,102.4,2026-12,False
Ekiti,South West,ek Efon Local Government Area,Penta1,427.0,114.1,88.5,2026-10,False
Ekiti,South West,ek Efon Local Government Area,Penta3,418.6,113.2,85.6,2026-10,False
Ekiti,South West,ek Efon Local Government Area,Measles1,631.5,76.0,81.3,2026-07,False
Ekiti,South West,ek Ekiti East Local Government Area,BCG,729.7,96.2,73.3,2026-12,True
Ekiti,South West,ek Ekiti East Local Government Area,Penta1,691.2,96.0,83.0,2026-10,False
Ekiti,South West,ek Ekiti East Local Government Area,Penta3,659.2,97.0,79.5,2026-10,True
Ekiti,South West,ek Ekiti East Local Government Area,Measles1,1118.0,52.4,57.3,2026-07,True
Ekiti,South West,ek Ekiti South West Local Government Area,BCG,858.5,96.5,96.1,2026-09,False
Ekiti,South West,ek Ekiti South West Local Government Area,Penta1,849.8,97.8,97.1,2026-11,False
Ekiti,South West,ek Ekiti South West Local Government Area,Penta3,820.1,96.7,89.7,2026-10,False
Ekiti,South West,ek Ekiti South West Local Government Area,Measles1,823.1,95.9,98.1,2026-08,False
Ekiti,South West,ek Ekiti West Local Government Area,BCG,874.2,104.0,109.5,2026-07,False
Ekiti,South West,ek Ekiti West Local Government Area,Penta1,719.9,119.2,105.6,2026-07,False
Ekiti,South West,ek Ekiti West Local Government Area,Penta3,640.2,125.9,108.7,2026-07,False
Ekiti,South West,ek Ekiti West Local Government Area,Measles1,768.0,107.6,110.0,2026-07,False
Ekiti,South West,ek Emure Local Government Area,BCG,507.2,104.2,111.2,2026-12,False
Ekiti,South West,ek Emure Local Government Area,Penta1,501.2,107.0,97.3,2026-10,False
Ekiti,South West,ek Emure Local Government Area,Penta3,492.6,104.3,97.8,2026-10,False
Ekiti,South West,ek Emure Local Government Area,Measles1,478.2,108.4,114.5,2026-12,False
Ekiti,South West,ek Ido-Osi Local Government Area,BCG,854.0,107.0,96.8,2026-12,False
Ekiti,South West,ek Ido-Osi Local Government Area,Penta1,745.8,104.8,90.2,2026-10,False
Ekiti,South West,ek Ido-Osi Local Government Area,Penta3,716.8,106.7,99.2,2026-10,False
Ekiti,South West,ek Ido-Osi Local Government Area,Measles1,771.8,110.9,111.3,2026-11,False
Ekiti,South West,ek Ijero Local Government Area,BCG,1062.0,104.1,108.8,2026-11,False
Ekiti,South West,ek Ijero Local Government Area,Penta1,947.0,99.7,58.4,2026-10,True
Ekiti,South West,ek Ijero Local Government Area,Penta3,913.2,99.2,62.0,2026-10,True
Ekiti,South West,ek Ijero Local Government Area,Measles1,1073.9,100.2,101.9,2026-09,False
Ekiti,South West,ek Ikere Local Government Area,BCG,610.4,105.4,112.5,2026-09,False
Ekiti,South West,ek Ikere Local Government Area,Penta1,664.4,102.2,100.3,2026-07,False
Ekiti,South West,ek Ikere Local Government Area,Penta3,645.7,102.2,99.1,2026-07,False
Ekiti,South West,ek Ikere Local Government Area,Measles1,590.9,110.4,126.9,2026-06,False
Ekiti,South West,ek Ikole Local Government Area,BCG,642.2,112.9,69.6,2026-12,True
Ekiti,South West,ek Ikole Local Government Area,Penta1,587.4,123.2,103.4,2026-09,False
Ekiti,South West,ek Ikole Local Government Area,Penta3,559.3,119.9,99.3,2026-12,False
Ekiti,South West,ek Ikole Local Government Area,Measles1,571.2,120.9,127.5,2026-09,False
Ekiti,South West,ek Ilejemeje Local Government Area,BCG,237.4,100.2,115.5,2026-08,False
Ekiti,South West,ek Ilejemeje Local Government Area,Penta1,249.3,95.9,114.0,2026-11,False
Ekiti,South West,ek Ilejemeje Local Government Area,Penta3,245.2,93.4,109.6,2026-11,False
Ekiti,South West,ek Ilejemeje Local Government Area,Measles1,244.8,100.5,121.1,2026-08,False
Ekiti,South West,ek Irepodun/Ifelodun Local Government Area,BCG,497.9,108.4,68.4,2026-11,True
Ekiti,South West,ek Irepodun/Ifelodun Local Government Area,Penta1,568.2,111.0,118.7,2026-07,False
Ekiti,South West,ek Irepodun/Ifelodun Local Government Area,Penta3,552.8,111.1,121.9,2026-07,False
Ekiti,South West,ek Irepodun/Ifelodun Local Government Area,Measles1,452.6,122.8,100.5,2026-07,False
Ekiti,South West,ek Ise/Orun Local Government Area,BCG,723.8,95.0,98.1,2026-12,False
Ekiti,South West,ek Ise/Orun Local Government Area,Penta1,613.3,102.4,93.2,2026-10,False
Ekiti,South West,ek Ise/Orun Local Government Area,Penta3,577.6,104.9,94.3,2026-10,False
Ekiti,South West,ek Ise/Orun Local Government Area,Measles1,656.1,105.1,111.9,2026-12,False
Ekiti,South West,ek Moba Local Government Area,BCG,800.0,99.1,96.3,2026-09,False
Ekiti,South West,ek Moba Local Government Area,Penta1,742.2,102.3,99.3,2026-10,False
Ekiti,South West,ek Moba Local Government Area,Penta3,713.3,102.7,99.6,2026-10,False
Ekiti,South West,ek Moba Local Government Area,Measles1,887.1,104.0,85.7,2026-09,False
Ekiti,South West,ek Oye Local Government Area,BCG,701.4,101.9,69.4,2026-12,True
Ekiti,South West,ek Oye Local Government Area,Penta1,662.7,98.0,97.6,2026-10,False
Ekiti,South West,ek Oye Local Government Area,Penta3,611.8,97.7,94.2,2026-10,False
Ekiti,South West,ek Oye Local Government Area,Measles1,647.0,117.7,125.6,2026-09,False
Enugu,South East,en Aninri Local Government Area,BCG,297.1,74.2,101.2,2026-11,False
Enugu,South East,en Aninri Local Government Area,Penta1,529.7,102.2,133.4,2026-11,False
Enugu,South East,en Aninri Local Government Area,Penta3,476.4,106.4,142.2,2026-08,False
Enugu,South East,en Aninri Local Government Area,Measles1,225.1,90.9,102.4,2026-11,False
Enugu,South East,en Awgu Local Government Area,BCG,998.3,96.0,85.6,2026-12,False
Enugu,South East,en Awgu Local Government Area,Penta1,1035.4,86.7,64.2,2026-06,True
Enugu,South East,en Awgu Local Government Area,Penta3,992.1,84.7,62.9,2026-06,True
Enugu,South East,en Awgu Local Government Area,Measles1,978.7,87.8,98.2,2026-12,False
Enugu,South East,en Enugu East Local Government Area,BCG,1530.6,91.4,72.0,2026-11,True
Enugu,South East,en Enugu East Local Government Area,Penta1,1331.6,100.1,61.9,2026-12,True
Enugu,South East,en Enugu East Local Government Area,Penta3,1295.7,96.2,55.6,2026-12,True
Enugu,South East,en Enugu East Local Government Area,Measles1,1194.2,95.1,64.2,2026-12,True
Enugu,South East,en Enugu North Local Government Area,BCG,1218.7,82.9,74.1,2026-12,True
Enugu,South East,en Enugu North Local Government Area,Penta1,1252.3,86.5,81.4,2026-09,False
Enugu,South East,en Enugu North Local Government Area,Penta3,1157.7,85.5,77.6,2026-09,True
Enugu,South East,en Enugu North Local Government Area,Measles1,1063.8,78.7,58.9,2026-09,True
Enugu,South East,en Enugu South Local Government Area,BCG,1042.3,79.0,98.5,2026-12,False
Enugu,South East,en Enugu South Local Government Area,Penta1,872.8,86.5,108.1,2026-12,False
Enugu,South East,en Enugu South Local Government Area,Penta3,800.8,83.0,103.0,2026-12,False
Enugu,South East,en Enugu South Local Government Area,Measles1,761.0,90.5,107.6,2026-09,False
Enugu,South East,en Ezeagu Local Government Area,BCG,858.0,88.3,77.2,2026-09,True
Enugu,South East,en Ezeagu Local Government Area,Penta1,925.8,91.2,85.8,2026-09,False
Enugu,South East,en Ezeagu Local Government Area,Penta3,906.2,87.8,84.5,2026-12,False
Enugu,South East,en Ezeagu Local Government Area,Measles1,853.8,85.5,85.6,2026-09,False
Enugu,South East,en Igbo-Etiti Local Government Area,BCG,880.1,67.6,67.4,2026-08,True
Enugu,South East,en Igbo-Etiti Local Government Area,Penta1,1035.4,81.1,80.8,2026-08,False
Enugu,South East,en Igbo-Etiti Local Government Area,Penta3,952.0,80.9,78.1,2026-08,True
Enugu,South East,en Igbo-Etiti Local Government Area,Measles1,729.5,78.1,77.1,2026-08,True
Enugu,South East,en Igbo-Eze North Local Government Area,BCG,547.2,94.4,52.2,2026-12,True
Enugu,South East,en Igbo-Eze North Local Government Area,Penta1,1191.4,99.3,50.3,2026-12,True
Enugu,South East,en Igbo-Eze North Local Government Area,Penta3,1066.2,98.3,78.5,2026-12,True
Enugu,South East,en Igbo-Eze North Local Government Area,Measles1,631.7,106.1,88.5,2026-12,False
Enugu,South East,en Igbo-Eze South Local Government Area,BCG,606.0,94.8,78.9,2026-12,True
Enugu,South East,en Igbo-Eze South Local Government Area,Penta1,672.8,84.0,54.6,2026-12,True
Enugu,South East,en Igbo-Eze South Local Government Area,Penta3,589.2,85.5,51.5,2026-09,True
Enugu,South East,en Igbo-Eze South Local Government Area,Measles1,552.2,91.6,57.6,2026-08,True
Enugu,South East,en Isi-Uzo Local Government Area,BCG,453.2,90.7,96.0,2026-12,False
Enugu,South East,en Isi-Uzo Local Government Area,Penta1,682.1,90.3,95.2,2026-12,False
Enugu,South East,en Isi-Uzo Local Government Area,Penta3,661.5,92.8,95.4,2026-12,False
Enugu,South East,en Isi-Uzo Local Government Area,Measles1,341.6,96.2,94.5,2026-07,False
Enugu,South East,en Nkanu East Local Government Area,BCG,601.4,86.7,105.1,2026-12,False
Enugu,South East,en Nkanu East Local Government Area,Penta1,737.5,93.3,99.9,2026-08,False
Enugu,South East,en Nkanu East Local Government Area,Penta3,652.2,94.9,106.2,2026-12,False
Enugu,South East,en Nkanu East Local Government Area,Measles1,447.8,86.9,85.9,2026-12,False
Enugu,South East,en Nkanu West Local Government Area,BCG,559.8,92.5,79.6,2026-10,True
Enugu,South East,en Nkanu West Local Government Area,Penta1,692.8,96.5,92.9,2026-10,False
Enugu,South East,en Nkanu West Local Government Area,Penta3,639.8,96.4,90.2,2026-10,False
Enugu,South East,en Nkanu West Local Government Area,Measles1,546.8,92.4,80.4,2026-10,False
Enugu,South East,en Nsukka Local Government Area,BCG,1162.0,96.6,64.8,2026-12,True
Enugu,South East,en Nsukka Local Government Area,Penta1,1447.8,95.6,56.1,2026-12,True
Enugu,South East,en Nsukka Local Government Area,Penta3,1185.1,99.1,39.6,2026-12,True
Enugu,South East,en Nsukka Local Government Area,Measles1,1023.2,94.4,44.2,2026-12,True
Enugu,South East,en Oji River Local Government Area,BCG,457.3,80.4,104.1,2026-10,False
Enugu,South East,en Oji River Local Government Area,Penta1,710.4,84.1,100.3,2026-08,False
Enugu,South East,en Oji River Local Government Area,Penta3,664.9,82.3,101.3,2026-09,False
Enugu,South East,en Oji River Local Government Area,Measles1,453.0,78.2,94.4,2026-12,False
Enugu,South East,en Udenu Local Government Area,BCG,780.9,70.2,63.2,2026-12,True
Enugu,South East,en Udenu Local Government Area,Penta1,1046.8,76.0,69.0,2026-12,True
Enugu,South East,en Udenu Local Government Area,Penta3,945.2,74.8,69.1,2026-12,True
Enugu,South East,en Udenu Local Government Area,Measles1,675.4,72.1,55.2,2026-12,True
Enugu,South East,en Udi Local Government Area,BCG,839.3,85.0,77.0,2026-12,True
Enugu,South East,en Udi Local Government Area,Penta1,993.8,88.8,83.9,2026-12,False
Enugu,South East,en Udi Local Government Area,Penta3,939.1,87.5,82.7,2026-12,False
Enugu,South East,en Udi Local Government Area,Measles1,750.2,85.3,77.0,2026-12,True
Enugu,South East,en Uzo-Uwani Local Government Area,BCG,328.2,104.1,98.0,2026-11,False
Enugu,South East,en Uzo-Uwani Local Government Area,Penta1,524.2,108.1,107.7,2026-11,False
Enugu,South East,en Uzo-Uwani Local Government Area,Penta3,471.8,109.7,106.7,2026-11,False
Enugu,South East,en Uzo-Uwani Local Government Area,Measles1,342.7,105.0,86.6,2026-11,False
FCT,North Central,fc Abaji Local Government Area,BCG,616.9,74.8,47.6,2026-06,True
FCT,North Central,fc Abaji Local Government Area,Penta1,781.5,76.4,58.7,2026-06,True
FCT,North Central,fc Abaji Local Government Area,Penta3,791.2,74.7,62.3,2026-06,True
FCT,North Central,fc Abaji Local Government Area,Measles1,627.1,121.6,47.0,2026-06,True
FCT,North Central,fc Abuja Municipal Area Council,BCG,4523.8,64.1,55.5,2026-06,True
FCT,North Central,fc Abuja Municipal Area Council,Penta1,4793.6,66.9,40.2,2026-06,True
FCT,North Central,fc Abuja Municipal Area Council,Penta3,4499.5,69.2,69.1,2026-10,True
FCT,North Central,fc Abuja Municipal Area Council,Measles1,4040.2,86.1,42.2,2026-06,True
FCT,North Central,fc Bwari Local Government Area,BCG,1567.2,84.0,67.1,2026-06,True
FCT,North Central,fc Bwari Local Government Area,Penta1,1615.5,111.4,7.1,2026-12,True
FCT,North Central,fc Bwari Local Government Area,Penta3,1602.9,137.1,35.5,2026-06,True
FCT,North Central,fc Bwari Local Government Area,Measles1,1548.2,89.6,52.4,2026-06,True
FCT,North Central,fc Gwagwalada Local Government Area,BCG,1272.0,70.3,55.2,2026-06,True
FCT,North Central,fc Gwagwalada Local Government Area,Penta1,1333.3,157.4,22.4,2026-09,True
FCT,North Central,fc Gwagwalada Local Government Area,Penta3,1279.7,169.2,37.5,2026-11,True
FCT,North Central,fc Gwagwalada Local Government Area,Measles1,1138.7,65.6,53.4,2026-12,True
FCT,North Central,fc Kuje Local Government Area,BCG,843.5,87.3,75.9,2026-06,True
FCT,North Central,fc Kuje Local Government Area,Penta1,968.3,97.5,58.6,2026-09,True
FCT,North Central,fc Kuje Local Government Area,Penta3,991.8,94.9,60.5,2026-06,True
FCT,North Central,fc Kuje Local Government Area,Measles1,1094.4,173.9,14.9,2026-09,True
FCT,North Central,fc Kwali Local Government Area,BCG,714.4,77.0,71.3,2026-06,True
FCT,North Central,fc Kwali Local Government Area,Penta1,923.4,153.4,67.4,2026-06,True
FCT,North Central,fc Kwali Local Government Area,Penta3,894.9,111.1,66.4,2026-06,True
FCT,North Central,fc Kwali Local Government Area,Measles1,813.0,103.3,48.8,2026-06,True
Gombe,North East,go Akko Local Government Area,BCG,1786.4,94.1,78.5,2026-12,True
Gombe,North East,go Akko Local Government Area,Penta1,2080.9,92.7,70.8,2026-09,True
Gombe,North East,go Akko Local Government Area,Penta3,2047.1,90.3,72.3,2026-11,True
Gombe,North East,go Akko Local Government Area,Measles1,1843.9,86.4,82.0,2026-11,False
Gombe,North East,go Balanga Local Government Area,BCG,893.2,101.8,73.2,2026-06,True
Gombe,North East,go Balanga Local Government Area,Penta1,990.4,100.5,79.5,2026-06,True
Gombe,North East,go Balanga Local Government Area,Penta3,985.8,95.2,75.0,2026-11,True
Gombe,North East,go Balanga Local Government Area,Measles1,930.5,91.0,83.2,2026-12,False
Gombe,North East,go Billiri Local Government Area,BCG,444.1,96.0,80.2,2026-12,False
Gombe,North East,go Billiri Local Government Area,Penta1,630.1,88.4,26.7,2026-09,True
Gombe,North East,go Billiri Local Government Area,Penta3,601.2,87.0,77.2,2026-11,True
Gombe,North East,go Billiri Local Government Area,Measles1,524.7,83.5,58.1,2026-12,True
Gombe,North East,go Dukku Local Government Area,BCG,974.3,110.9,81.2,2026-06,False
Gombe,North East,go Dukku Local Government Area,Penta1,1098.0,107.3,-33.8,2026-07,True
Gombe,North East,go Dukku Local Government Area,Penta3,1022.5,107.6,79.3,2026-06,True
Gombe,North East,go Dukku Local Government Area,Measles1,1126.2,87.3,59.2,2026-06,True
Gombe,North East,go Funakaye Local Government Area,BCG,958.9,101.1,71.3,2026-06,True
Gombe,North East,go Funakaye Local Government Area,Penta1,1112.6,104.7,74.1,2026-11,True
Gombe,North East,go Funakaye Local Government Area,Penta3,1064.8,103.3,70.1,2026-06,True
Gombe,North East,go Funakaye Local Government Area,Measles1,950.5,99.0,57.3,2026-11,True
Gombe,North East,go Gombe Local Government Area,BCG,2135.4,87.0,70.6,2026-09,True
Gombe,North East,go Gombe Local Government Area,Penta1,2080.7,86.3,48.9,2026-09,True
Gombe,North East,go Gombe Local Government Area,Penta3,2020.7,84.9,47.2,2026-09,True
Gombe,North East,go Gombe Local Government Area,Measles1,1841.4,82.1,-74.7,2026-12,True
Gombe,North East,go Kaltungo Local Government Area,BCG,500.9,110.9,96.0,2026-11,False
Gombe,North East,go Kaltungo Local Government Area,Penta1,630.3,103.4,80.3,2026-06,False
Gombe,North East,go Kaltungo Local Government Area,Penta3,621.4,98.6,72.1,2026-06,True
Gombe,North East,go Kaltungo Local Government Area,Measles1,508.1,96.5,67.8,2026-12,True
Gombe,North East,go Kwami Local Government Area,BCG,1056.6,102.2,88.5,2026-12,False
Gombe,North East,go Kwami Local Government Area,Penta1,1165.2,98.0,75.2,2026-12,True
Gombe,North East,go Kwami Local Government Area,Penta3,1154.6,91.3,64.1,2026-12,True
Gombe,North East,go Kwami Local Government Area,Measles1,1115.9,83.3,74.2,2026-11,True
Gombe,North East,go Nafada Local Government Area,BCG,483.8,109.3,101.9,2026-09,False
Gombe,North East,go Nafada Local Government Area,Penta1,495.5,108.4,102.1,2026-09,False
Gombe,North East,go Nafada Local Government Area,Penta3,464.8,111.0,99.0,2026-09,False
Gombe,North East,go Nafada Local Government Area,Measles1,460.7,104.2,69.1,2026-12,True
Gombe,North East,go Shongom Local Government Area,BCG,322.5,103.2,65.5,2026-09,True
Gombe,North East,go Shongom Local Government Area,Penta1,409.8,94.6,52.8,2026-09,True
Gombe,North East,go Shongom Local Government Area,Penta3,393.8,89.0,58.6,2026-09,True
Gombe,North East,go Shongom Local Government Area,Measles1,403.6,76.9,55.7,2026-09,True
Gombe,North East,go Yamaltu/Deba Local Government Area,BCG,1527.6,99.1,90.2,2026-06,False
Gombe,North East,go Yamaltu/Deba Local Government Area,Penta1,1640.0,97.8,81.3,2026-06,False
Gombe,North East,go Yamaltu/Deba Local Government Area,Penta3,1614.0,92.5,77.2,2026-11,True
Gombe,North East,go Yamaltu/Deba Local Government Area,Measles1,1432.0,107.8,80.9,2026-11,False
Imo,South East,im Aboh-Mbaise Local Government Area,BCG,700.8,80.4,64.8,2026-08,True
Imo,South East,im Aboh-Mbaise Local Government Area,Penta1,602.1,91.4,65.4,2026-08,True
Imo,South East,im Aboh-Mbaise Local Government Area,Penta3,542.0,155.0,53.4,2026-09,True
Imo,South East,im Aboh-Mbaise Local Government Area,Measles1,527.3,83.2,25.7,2026-08,True
Imo,South East,im Ahiazu-Mbaise Local Government Area,BCG,659.3,111.2,86.7,2026-10,False
Imo,South East,im Ahiazu-Mbaise Local Government Area,Penta1,540.7,94.7,48.1,2026-10,True
Imo,South East,im Ahiazu-Mbaise Local Government Area,Penta3,449.8,129.4,63.4,2026-06,True
Imo,South East,im Ahiazu-Mbaise Local Government Area,Measles1,494.8,108.2,56.6,2026-10,True
Imo,South East,im Ehime-Mbano Local Government Area,BCG,521.8,102.0,96.1,2026-08,False
Imo,South East,im Ehime-Mbano Local Government Area,Penta1,653.8,101.8,92.1,2026-09,False
Imo,South East,im Ehime-Mbano Local Government Area,Penta3,625.8,103.4,97.5,2026-08,False
Imo,South East,im Ehime-Mbano Local Government Area,Measles1,624.7,107.7,106.4,2026-09,False
Imo,South East,im Ezinihitte-Mbaise Local Government Area,BCG,611.8,114.4,110.2,2026-08,False
Imo,South East,im Ezinihitte-Mbaise Local Government Area,Penta1,576.2,107.1,67.0,2026-07,True
Imo,South East,im Ezinihitte-Mbaise Local Government Area,Penta3,511.7,109.1,67.3,2026-11,True
Imo,South East,im Ezinihitte-Mbaise Local Government Area,Measles1,635.9,108.7,88.0,2026-10,False
Imo,South East,im Ideato North Local Government Area,BCG,343.0,92.3,56.9,2026-09,True
Imo,South East,im Ideato North Local Government Area,Penta1,555.2,104.8,87.4,2026-09,False
Imo,South East,im Ideato North Local Government Area,Penta3,519.3,112.7,90.7,2026-09,False
Imo,South East,im Ideato North Local Government Area,Measles1,370.2,98.4,69.2,2026-09,True
Imo,South East,im Ideato South Local Government Area,BCG,357.4,91.2,62.3,2026-09,True
Imo,South East,im Ideato South Local Government Area,Penta1,576.7,109.8,62.8,2026-09,True
Imo,South East,im Ideato South Local Government Area,Penta3,487.1,117.5,70.2,2026-09,True
Imo,South East,im Ideato South Local Government Area,Measles1,490.4,93.3,71.0,2026-09,True
Imo,South East,im Ihitte/Uboma Local Government Area,BCG,386.1,77.6,56.1,2026-10,True
Imo,South East,im Ihitte/Uboma Local Government Area,Penta1,706.9,83.2,58.6,2026-12,True
Imo,South East,im Ihitte/Uboma Local Government Area,Penta3,681.2,81.6,49.4,2026-10,True
Imo,South East,im Ihitte/Uboma Local Government Area,Measles1,562.6,83.6,55.6,2026-12,True
Imo,South East,im Ikeduru Local Government Area,BCG,1137.3,109.8,92.1,2026-07,False
Imo,South East,im Ikeduru Local Government Area,Penta1,1035.9,77.5,46.5,2026-07,True
Imo,South East,im Ikeduru Local Government Area,Penta3,902.6,74.9,37.1,2026-07,True
Imo,South East,im Ikeduru Local Government Area,Measles1,922.0,102.2,94.7,2026-07,False
Imo,South East,im Isiala Mbano Local Government Area,BCG,1050.9,96.5,90.8,2026-09,False
Imo,South East,im Isiala Mbano Local Government Area,Penta1,1096.3,97.9,85.1,2026-07,False
Imo,South East,im Isiala Mbano Local Government Area,Penta3,989.8,98.8,85.7,2026-07,False
Imo,South East,im Isiala Mbano Local Government Area,Measles1,965.8,94.9,85.8,2026-12,False
Imo,South East,im Isu Local Government Area,BCG,393.1,134.6,52.0,2026-09,True
Imo,South East,im Isu Local Government Area,Penta1,535.2,173.8,91.0,2026-09,False
Imo,South East,im Isu Local Government Area,Penta3,512.2,164.6,103.3,2026-09,False
Imo,South East,im Isu Local Government Area,Measles1,395.3,140.6,79.2,2026-09,True
Imo,South East,im Mbaitoli Local Government Area,BCG,1630.7,102.0,106.4,2026-09,False
Imo,South East,im Mbaitoli Local Government Area,Penta1,1022.7,85.5,46.6,2026-07,True
Imo,South East,im Mbaitoli Local Government Area,Penta3,863.5,97.0,45.8,2026-07,True
Imo,South East,im Mbaitoli Local Government Area,Measles1,1104.3,96.9,100.0,2026-09,False
Imo,South East,im Ngor-Okpala Local Government Area,BCG,1476.2,95.3,89.9,2026-09,False
Imo,South East,im Ngor-Okpala Local Government Area,Penta1,1882.2,51.9,33.2,2026-07,True
Imo,South East,im Ngor-Okpala Local Government Area,Penta3,707.0,103.8,97.7,2026-09,False
Imo,South East,im Ngor-Okpala Local Government Area,Measles1,841.8,92.6,83.0,2026-09,False
Imo,South East,im Njaba Local Government Area,BCG,375.8,86.0,95.1,2026-12,False
Imo,South East,im Njaba Local Government Area,Penta1,529.1,81.9,77.9,2026-07,True
Imo,South East,im Njaba Local Government Area,Penta3,428.2,93.7,79.7,2026-12,True
Imo,South East,im Njaba Local Government Area,Measles1,440.6,85.0,86.1,2026-12,False
Imo,South East,im Nkwerre Local Government Area,BCG,300.0,108.5,73.9,2026-07,True
Imo,South East,im Nkwerre Local Government Area,Penta1,461.9,105.8,75.3,2026-09,True
Imo,South East,im Nkwerre Local Government Area,Penta3,417.8,108.9,69.3,2026-09,True
Imo,South East,im Nkwerre Local Government Area,Measles1,401.6,119.2,79.5,2026-09,True
Imo,South East,im Nwangele Local Government Area,BCG,380.4,134.4,107.4,2026-08,False
Imo,South East,im Nwangele Local Government Area,Penta1,420.7,102.7,85.3,2026-10,False
Imo,South East,im Nwangele Local Government Area,Penta3,356.8,205.0,77.3,2026-11,True
Imo,South East,im Nwangele Local Government Area,Measles1,378.0,117.6,93.5,2026-08,False
Imo,South East,im Obowo Local Government Area,BCG,469.7,93.6,76.3,2026-09,True
Imo,South East,im Obowo Local Government Area,Penta1,581.6,95.0,72.2,2026-12,True
Imo,South East,im Obowo Local Government Area,Penta3,515.2,96.5,72.7,2026-12,True
Imo,South East,im Obowo Local Government Area,Measles1,619.3,101.3,78.5,2026-10,True
Imo,South East,im Oguta Local Government Area,BCG,573.9,95.3,108.4,2026-08,False
Imo,South East,im Oguta Local Government Area,Penta1,741.1,97.3,106.9,2026-08,False
Imo,South East,im Oguta Local Government Area,Penta3,700.8,92.8,104.1,2026-08,False
Imo,South East,im Oguta Local Government Area,Measles1,531.3,95.2,66.7,2026-11,True
Imo,South East,im Ohaji/Egbema Local Government Area,BCG,472.2,90.4,78.9,2026-07,True
Imo,South East,im Ohaji/Egbema Local Government Area,Penta1,756.3,84.4,66.3,2026-07,True
Imo,South East,im Ohaji/Egbema Local Government Area,Penta3,683.3,84.6,54.4,2026-07,True
Imo,South East,im Ohaji/Egbema Local Government Area,Measles1,483.1,82.5,68.0,2026-07,True
Imo,South East,im Okigwe Local Government Area,BCG,609.8,106.9,92.3,2026-09,False
Imo,South East,im Okigwe Local Government Area,Penta1,609.2,128.8,57.5,2026-07,True
Imo,South East,im Okigwe Local Government Area,Penta3,526.2,143.6,56.8,2026-07,True
Imo,South East,im Okigwe Local Government Area,Measles1,537.8,99.0,86.9,2026-09,False
Imo,South East,im Onuimo Local Government Area,BCG,608.2,72.2,71.2,2026-09,True
Imo,South East,im Onuimo Local Government Area,Penta1,549.7,67.4,63.7,2026-09,True
Imo,South East,im Onuimo Local Government Area,Penta3,532.1,64.3,56.9,2026-09,True
Imo,South East,im Onuimo Local Government Area,Measles1,560.2,67.6,61.0,2026-09,True
Imo,South East,im Orlu Local Government Area,BCG,782.5,109.0,99.6,2026-10,False
Imo,South East,im Orlu Local Government Area,Penta1,653.0,118.6,117.9,2026-09,False
Imo,South East,im Orlu Local Government Area,Penta3,612.1,142.6,102.3,2026-09,False
Imo,South East,im Orlu Local Government Area,Measles1,670.2,104.2,98.3,2026-11,False
Imo,South East,im Orsu Local Government Area,BCG,221.5,123.7,71.0,2026-09,True
Imo,South East,im Orsu Local Government Area,Penta1,239.2,139.5,96.9,2026-09,False
Imo,South East,im Orsu Local Government Area,Penta3,236.6,126.2,75.5,2026-09,True
Imo,South East,im Orsu Local Government Area,Measles1,212.5,121.3,68.7,2026-09,True
Imo,South East,im Oru East Local Government Area,BCG,540.2,103.8,95.0,2026-09,False
Imo,South East,im Oru East Local Government Area,Penta1,415.2,109.9,91.8,2026-09,False
Imo,South East,im Oru East Local Government Area,Penta3,377.3,104.7,86.1,2026-09,False
Imo,South East,im Oru East Local Government Area,Measles1,496.8,100.5,80.4,2026-09,False
Imo,South East,im Oru West Local Government Area,BCG,704.2,102.4,99.9,2026-07,False
Imo,South East,im Oru West Local Government Area,Penta1,595.0,96.9,58.9,2026-07,True
Imo,South East,im Oru West Local Government Area,Penta3,573.2,99.7,49.2,2026-07,True
Imo,South East,im Oru West Local Government Area,Measles1,475.8,100.0,91.1,2026-07,False
Imo,South East,im Owerri Municipal Local Government Area,BCG,1244.3,117.9,121.3,2026-07,False
Imo,South East,im Owerri Municipal Local Government Area,Penta1,668.0,112.8,72.7,2026-07,True
Imo,South East,im Owerri Municipal Local Government Area,Penta3,627.3,105.9,65.1,2026-07,True
Imo,South East,im Owerri Municipal Local Government Area,Measles1,682.5,122.3,85.1,2026-09,False
Imo,South East,im Owerri North Local Government Area,BCG,899.3,92.3,75.5,2026-09,True
Imo,South East,im Owerri North Local Government Area,Penta1,785.4,101.9,54.2,2026-09,True
Imo,South East,im Owerri North Local Government Area,Penta3,732.2,99.9,64.3,2026-09,True
Imo,South East,im Owerri North Local Government Area,Measles1,796.1,81.8,70.2,2026-12,True
Imo,South East,im Owerri West Local Government Area,BCG,762.5,86.8,54.2,2026-10,True
Imo,South East,im Owerri West Local Government Area,Penta1,573.0,77.6,55.5,2026-10,True
Imo,South East,im Owerri West Local Government Area,Penta3,528.5,81.0,42.0,2026-07,True
Imo,South East,im Owerri West Local Government Area,Measles1,582.8,82.4,60.9,2026-10,True
Jigawa,North West,ji Auyo Local Government Area,BCG,605.7,110.0,117.9,2026-07,False
Jigawa,North West,ji Auyo Local Government Area,Penta1,685.8,108.0,90.6,2026-09,False
Jigawa,North West,ji Auyo Local Government Area,Penta3,668.3,106.4,90.2,2026-09,False
Jigawa,North West,ji Auyo Local Government Area,Measles1,632.8,90.3,92.1,2026-06,False
Jigawa,North West,ji Babura Local Government Area,BCG,1059.2,104.9,62.9,2026-11,True
Jigawa,North West,ji Babura Local Government Area,Penta1,1132.6,110.3,94.6,2026-12,False
Jigawa,North West,ji Babura Local Government Area,Penta3,1108.1,109.9,101.6,2026-11,False
Jigawa,North West,ji Babura Local Government Area,Measles1,1039.7,100.3,70.4,2026-09,True
Jigawa,North West,ji Birnin Kudu Local Government Area,BCG,1467.0,105.8,73.4,2026-07,True
Jigawa,North West,ji Birnin Kudu Local Government Area,Penta1,1711.3,123.4,106.4,2026-06,False
Jigawa,North West,ji Birnin Kudu Local Government Area,Penta3,1596.7,129.9,101.8,2026-09,False
Jigawa,North West,ji Birnin Kudu Local Government Area,Measles1,1465.9,99.1,17.0,2026-11,True
Jigawa,North West,ji Birniwa Local Government Area,BCG,800.2,112.3,115.5,2026-07,False
Jigawa,North West,ji Birniwa Local Government Area,Penta1,954.8,100.6,107.0,2026-06,False
Jigawa,North West,ji Birniwa Local Government Area,Penta3,845.7,108.5,114.0,2026-06,False
Jigawa,North West,ji Birniwa Local Government Area,Measles1,722.4,113.2,120.1,2026-06,False
Jigawa,North West,ji Buji Local Government Area,BCG,585.2,87.5,91.2,2026-12,False
Jigawa,North West,ji Buji Local Government Area,Penta1,775.2,80.2,81.3,2026-06,False
Jigawa,North West,ji Buji Local Government Area,Penta3,732.0,80.9,75.5,2026-08,True
Jigawa,North West,ji Buji Local Government Area,Measles1,612.1,77.2,83.4,2026-09,False
Jigawa,North West,ji Dutse Local Government Area,BCG,1439.0,105.0,92.1,2026-06,False
Jigawa,North West,ji Dutse Local Government Area,Penta1,1531.3,96.3,84.9,2026-09,False
Jigawa,North West,ji Dutse Local Government Area,Penta3,1469.6,95.3,82.4,2026-09,False
Jigawa,North West,ji Dutse Local Government Area,Measles1,1450.1,89.1,69.5,2026-09,True
Jigawa,North West,ji Gagarawa Local Government Area,BCG,410.1,113.6,99.0,2026-07,False
Jigawa,North West,ji Gagarawa Local Government Area,Penta1,471.9,113.0,98.6,2026-07,False
Jigawa,North West,ji Gagarawa Local Government Area,Penta3,471.8,110.3,101.6,2026-09,False
Jigawa,North West,ji Gagarawa Local Government Area,Measles1,465.4,104.7,95.4,2026-09,False
Jigawa,North West,ji Garki Local Government Area,BCG,858.4,107.2,83.2,2026-06,False
Jigawa,North West,ji Garki Local Government Area,Penta1,960.4,97.4,89.2,2026-09,False
Jigawa,North West,ji Garki Local Government Area,Penta3,928.9,96.4,85.3,2026-09,False
Jigawa,North West,ji Garki Local Government Area,Measles1,840.4,95.9,71.1,2026-11,True
Jigawa,North West,ji Gumel Local Government Area,BCG,579.1,121.1,116.8,2026-06,False
Jigawa,North West,ji Gumel Local Government Area,Penta1,625.8,118.0,122.2,2026-06,False
Jigawa,North West,ji Gumel Local Government Area,Penta3,608.4,120.4,127.7,2026-06,False
Jigawa,North West,ji Gumel Local Government Area,Measles1,544.5,127.6,129.7,2026-06,False
Jigawa,North West,ji Guri Local Government Area,BCG,543.6,113.4,118.1,2026-11,False
Jigawa,North West,ji Guri Local Government Area,Penta1,575.7,113.2,101.7,2026-11,False
Jigawa,North West,ji Guri Local Government Area,Penta3,551.7,108.9,107.4,2026-09,False
Jigawa,North West,ji Guri Local Government Area,Measles1,513.2,101.3,89.7,2026-09,False
Jigawa,North West,ji Gwaram Local Government Area,BCG,1295.8,106.0,106.6,2026-09,False
Jigawa,North West,ji Gwaram Local Government Area,Penta1,1710.4,87.9,91.2,2026-09,False
Jigawa,North West,ji Gwaram Local Government Area,Penta3,1604.4,86.8,93.9,2026-09,False
Jigawa,North West,ji Gwaram Local Government Area,Measles1,1352.4,94.4,87.0,2026-06,False
Jigawa,North West,ji Gwiwa Local Government Area,BCG,595.9,107.2,109.3,2026-06,False
Jigawa,North West,ji Gwiwa Local Government Area,Penta1,692.4,108.1,109.9,2026-09,False
Jigawa,North West,ji Gwiwa Local Government Area,Penta3,660.1,109.6,110.0,2026-09,False
Jigawa,North West,ji Gwiwa Local Government Area,Measles1,606.4,103.5,33.3,2026-11,True
Jigawa,North West,ji Hadejia Local Government Area,BCG,584.8,113.0,119.2,2026-07,False
Jigawa,North West,ji Hadejia Local Government Area,Penta1,627.1,108.8,110.0,2026-09,False
Jigawa,North West,ji Hadejia Local Government Area,Penta3,595.3,110.0,109.7,2026-09,False
Jigawa,North West,ji Hadejia Local Government Area,Measles1,543.9,111.0,121.8,2026-09,False
Jigawa,North West,ji Jahun Local Government Area,BCG,1673.6,96.3,91.0,2026-07,False
Jigawa,North West,ji Jahun Local Government Area,Penta1,1171.2,114.8,86.0,2026-09,False
Jigawa,North West,ji Jahun Local Government Area,Penta3,1131.6,115.5,82.7,2026-09,False
Jigawa,North West,ji Jahun Local Government Area,Measles1,1095.3,100.9,80.5,2026-09,False
Jigawa,North West,ji Kafin Hausa Local Government Area,BCG,1302.2,105.4,89.4,2026-06,False
Jigawa,North West,ji Kafin Hausa Local Government Area,Penta1,1650.1,99.6,97.5,2026-07,False
Jigawa,North West,ji Kafin Hausa Local Government Area,Penta3,1605.6,100.9,107.5,2026-06,False
Jigawa,North West,ji Kafin Hausa Local Government Area,Measles1,1330.1,93.7,91.2,2026-06,False
Jigawa,North West,ji Kaugama Local Government Area,BCG,626.4,105.3,71.0,2026-07,True
Jigawa,North West,ji Kaugama Local Government Area,Penta1,701.0,106.8,87.6,2026-12,False
Jigawa,North West,ji Kaugama Local Government Area,Penta3,681.1,107.7,95.5,2026-06,False
Jigawa,North West,ji Kaugama Local Government Area,Measles1,699.8,90.5,71.6,2026-11,True
Jigawa,North West,ji Kazaure Local Government Area,BCG,747.6,114.6,106.3,2026-09,False
Jigawa,North West,ji Kazaure Local Government Area,Penta1,946.6,102.8,94.9,2026-09,False
Jigawa,North West,ji Kazaure Local Government Area,Penta3,906.8,102.1,88.5,2026-09,False
Jigawa,North West,ji Kazaure Local Government Area,Measles1,645.3,117.1,109.1,2026-09,False
Jigawa,North West,ji Kiri Kasamma Local Government Area,BCG,959.6,107.1,100.1,2026-12,False
Jigawa,North West,ji Kiri Kasamma Local Government Area,Penta1,1026.6,107.2,95.9,2026-12,False
Jigawa,North West,ji Kiri Kasamma Local Government Area,Penta3,960.9,107.0,97.9,2026-09,False
Jigawa,North West,ji Kiri Kasamma Local Government Area,Measles1,872.2,100.3,97.4,2026-09,False
Jigawa,North West,ji Kiyawa Local Government Area,BCG,1174.9,103.8,93.6,2026-10,False
Jigawa,North West,ji Kiyawa Local Government Area,Penta1,1341.5,97.8,80.7,2026-09,False
Jigawa,North West,ji Kiyawa Local Government Area,Penta3,1274.6,99.4,76.7,2026-09,True
Jigawa,North West,ji Kiyawa Local Government Area,Measles1,1223.6,90.2,73.1,2026-09,True
Jigawa,North West,ji Maigatari Local Government Area,BCG,1008.9,103.6,96.8,2026-07,False
Jigawa,North West,ji Maigatari Local Government Area,Penta1,1020.5,105.5,102.8,2026-09,False
Jigawa,North West,ji Maigatari Local Government Area,Penta3,974.7,106.5,104.3,2026-09,False
Jigawa,North West,ji Maigatari Local Government Area,Measles1,875.4,115.3,107.0,2026-09,False
Jigawa,North West,ji Malam Madori Local Government Area,BCG,595.7,139.0,130.7,2026-07,False
Jigawa,North West,ji Malam Madori Local Government Area,Penta1,785.8,135.1,130.6,2026-06,False
Jigawa,North West,ji Malam Madori Local Government Area,Penta3,721.7,140.3,138.7,2026-08,False
Jigawa,North West,ji Malam Madori Local Government Area,Measles1,651.8,116.9,114.2,2026-09,False
Jigawa,North West,ji Miga Local Government Area,BCG,631.8,106.2,68.3,2026-06,True
Jigawa,North West,ji Miga Local Government Area,Penta1,755.1,106.1,82.5,2026-09,False
Jigawa,North West,ji Miga Local Government Area,Penta3,742.2,103.0,81.4,2026-09,False
Jigawa,North West,ji Miga Local Government Area,Measles1,729.1,85.2,86.3,2026-09,False
Jigawa,North West,ji Ringim Local Government Area,BCG,1183.1,100.4,76.1,2026-06,True
Jigawa,North West,ji Ringim Local Government Area,Penta1,1213.8,100.4,94.3,2026-09,False
Jigawa,North West,ji Ringim Local Government Area,Penta3,1165.1,99.7,79.8,2026-09,True
Jigawa,North West,ji Ringim Local Government Area,Measles1,1126.1,91.5,87.4,2026-09,False
Jigawa,North West,ji Roni Local Government Area,BCG,477.8,102.6,99.0,2026-09,False
Jigawa,North West,ji Roni Local Government Area,Penta1,557.8,94.2,85.4,2026-09,False
Jigawa,North West,ji Roni Local Government Area,Penta3,541.7,94.5,85.0,2026-09,False
Jigawa,North West,ji Roni Local Government Area,Measles1,496.1,90.4,72.5,2026-09,True
Jigawa,North West,ji Sule-Tankarkar Local Government Area,BCG,763.9,98.2,101.1,2026-07,False
Jigawa,North West,ji Sule-Tankarkar Local Government Area,Penta1,862.6,105.0,100.2,2026-09,False
Jigawa,North West,ji Sule-Tankarkar Local Government Area,Penta3,835.1,103.5,99.8,2026-12,False
Jigawa,North West,ji Sule-Tankarkar Local Government Area,Measles1,733.2,104.8,104.1,2026-09,False
Jigawa,North West,ji Taura Local Government Area,BCG,736.8,98.7,76.7,2026-07,True
Jigawa,North West,ji Taura Local Government Area,Penta1,801.6,96.5,87.5,2026-08,False
Jigawa,North West,ji Taura Local Government Area,Penta3,759.1,96.9,87.3,2026-11,False
Jigawa,North West,ji Taura Local Government Area,Measles1,718.7,88.2,68.4,2026-11,True
Jigawa,North West,ji Yankwashi Local Government Area,BCG,416.0,110.5,94.3,2026-07,False
Jigawa,North West,ji Yankwashi Local Government Area,Penta1,480.9,110.2,99.1,2026-07,False
Jigawa,North West,ji Yankwashi Local Government Area,Penta3,466.0,111.6,101.2,2026-09,False
Jigawa,North West,ji Yankwashi Local Government Area,Measles1,426.2,106.1,89.0,2026-09,False
Kaduna,North West,kd Birnin Gwari Local Government Area,BCG,1841.4,95.5,96.3,2026-09,False
Kaduna,North West,kd Birnin Gwari Local Government Area,Penta1,1722.1,116.4,96.4,2026-09,False
Kaduna,North West,kd Birnin Gwari Local Government Area,Penta3,1627.2,97.7,92.8,2026-09,False
Kaduna,North West,kd Birnin Gwari Local Government Area,Measles1,1522.6,98.1,80.6,2026-09,False
Kaduna,North West,kd Chikun Local Government Area,BCG,1629.7,111.4,100.0,2026-06,False
Kaduna,North West,kd Chikun Local Government Area,Penta1,1623.8,112.9,98.1,2026-09,False
Kaduna,North West,kd Chikun Local Government Area,Penta3,1549.7,111.1,98.3,2026-09,False
Kaduna,North West,kd Chikun Local Government Area,Measles1,1388.4,106.7,77.6,2026-11,True
Kaduna,North West,kd Giwa Local Government Area,BCG,2243.3,95.2,78.5,2026-06,True
Kaduna,North West,kd Giwa Local Government Area,Penta1,2596.7,103.0,86.4,2026-06,False
Kaduna,North West,kd Giwa Local Government Area,Penta3,2324.5,97.2,89.1,2026-06,False
Kaduna,North West,kd Giwa Local Government Area,Measles1,1802.0,105.1,-30.7,2026-11,True
Kaduna,North West,kd Igabi Local Government Area,BCG,2944.2,110.9,85.1,2026-06,False
Kaduna,North West,kd Igabi Local Government Area,Penta1,2655.6,129.4,97.6,2026-06,False
Kaduna,North West,kd Igabi Local Government Area,Penta3,2458.2,130.8,105.0,2026-06,False
Kaduna,North West,kd Igabi Local Government Area,Measles1,1884.5,119.9,65.7,2026-06,True
Kaduna,North West,kd Ikara Local Government Area,BCG,1880.7,107.2,106.1,2026-10,False
Kaduna,North West,kd Ikara Local Government Area,Penta1,3208.9,99.1,84.9,2026-10,False
Kaduna,North West,kd Ikara Local Government Area,Penta3,3060.2,113.7,113.5,2026-11,False
Kaduna,North West,kd Ikara Local Government Area,Measles1,2675.0,141.0,94.1,2026-10,False
Kaduna,North West,kd Jaba Local Government Area,BCG,626.8,113.0,124.0,2026-11,False
Kaduna,North West,kd Jaba Local Government Area,Penta1,759.7,107.0,117.7,2026-08,False
Kaduna,North West,kd Jaba Local Government Area,Penta3,724.0,106.9,113.5,2026-06,False
Kaduna,North West,kd Jaba Local Government Area,Measles1,683.4,117.8,125.7,2026-07,False
Kaduna,North West,kd Jema'a Local Government Area,BCG,747.2,126.7,126.7,2026-08,False
Kaduna,North West,kd Jema'a Local Government Area,Penta1,1057.3,144.3,93.8,2026-09,False
Kaduna,North West,kd Jema'a Local Government Area,Penta3,995.0,140.0,109.7,2026-09,False
Kaduna,North West,kd Jema'a Local Government Area,Measles1,805.9,111.4,-132.4,2026-11,True
Kaduna,North West,kd Kachia Local Government Area,BCG,1265.8,117.2,133.2,2026-09,False
Kaduna,North West,kd Kachia Local Government Area,Penta1,1369.9,114.0,121.6,2026-09,False
Kaduna,North West,kd Kachia Local Government Area,Penta3,1345.2,113.2,125.3,2026-09,False
Kaduna,North West,kd Kachia Local Government Area,Measles1,1017.2,114.6,87.1,2026-11,False
Kaduna,North West,kd Kaduna North Local Government Area,BCG,1443.7,109.6,98.0,2026-06,False
Kaduna,North West,kd Kaduna North Local Government Area,Penta1,1291.8,113.0,114.1,2026-06,False
Kaduna,North West,kd Kaduna North Local Government Area,Penta3,1175.1,124.1,117.4,2026-06,False
Kaduna,North West,kd Kaduna North Local Government Area,Measles1,936.6,116.4,105.6,2026-12,False
Kaduna,North West,kd Kaduna South Local Government Area,BCG,1767.1,103.9,90.3,2026-06,False
Kaduna,North West,kd Kaduna South Local Government Area,Penta1,1900.9,105.7,103.8,2026-06,False
Kaduna,North West,kd Kaduna South Local Government Area,Penta3,1779.0,107.3,108.7,2026-06,False
Kaduna,North West,kd Kaduna South Local Government Area,Measles1,1276.8,106.0,106.0,2026-06,False
Kaduna,North West,kd Kagarko Local Government Area,BCG,1087.2,105.0,101.5,2026-08,False
Kaduna,North West,kd Kagarko Local Government Area,Penta1,1206.1,111.8,121.5,2026-06,False
Kaduna,North West,kd Kagarko Local Government Area,Penta3,1180.4,111.8,125.2,2026-06,False
Kaduna,North West,kd Kagarko Local Government Area,Measles1,943.3,125.0,45.9,2026-06,True
Kaduna,North West,kd Kajuru Local Government Area,BCG,580.2,112.6,117.0,2026-07,False
Kaduna,North West,kd Kajuru Local Government Area,Penta1,721.7,108.8,119.3,2026-09,False
Kaduna,North West,kd Kajuru Local Government Area,Penta3,707.2,109.7,121.8,2026-06,False
Kaduna,North West,kd Kajuru Local Government Area,Measles1,577.3,149.6,132.3,2026-09,False
Kaduna,North West,kd Kaura Local Government Area,BCG,827.6,111.4,103.5,2026-12,False
Kaduna,North West,kd Kaura Local Government Area,Penta1,1005.2,104.0,96.8,2026-12,False
Kaduna,North West,kd Kaura Local Government Area,Penta3,979.6,101.4,92.2,2026-12,False
Kaduna,North West,kd Kaura Local Government Area,Measles1,827.8,108.5,-153.5,2026-11,True
Kaduna,North West,kd Kauru Local Government Area,BCG,1044.3,115.5,103.5,2026-06,False
Kaduna,North West,kd Kauru Local Government Area,Penta1,1224.4,109.9,97.6,2026-06,False
Kaduna,North West,kd Kauru Local Government Area,Penta3,1147.3,109.4,98.2,2026-06,False
Kaduna,North West,kd Kauru Local Government Area,Measles1,919.8,101.5,80.5,2026-06,False
Kaduna,North West,kd Kubau Local Government Area,BCG,2041.3,101.8,78.1,2026-06,True
Kaduna,North West,kd Kubau Local Government Area,Penta1,1850.8,113.5,91.7,2026-06,False
Kaduna,North West,kd Kubau Local Government Area,Penta3,1697.8,109.0,93.0,2026-06,False
Kaduna,North West,kd Kubau Local Government Area,Measles1,1021.8,137.4,72.3,2026-06,True
Kaduna,North West,kd Kudan Local Government Area,BCG,835.5,110.4,77.9,2026-06,True
Kaduna,North West,kd Kudan Local Government Area,Penta1,857.3,104.4,78.5,2026-06,True
Kaduna,North West,kd Kudan Local Government Area,Penta3,860.2,98.7,83.0,2026-06,False
Kaduna,North West,kd Kudan Local Government Area,Measles1,727.8,188.3,47.9,2026-11,True
Kaduna,North West,kd Lere Local Government Area,BCG,3139.6,105.3,120.1,2026-09,False
Kaduna,North West,kd Lere Local Government Area,Penta1,5287.8,112.5,115.1,2026-10,False
Kaduna,North West,kd Lere Local Government Area,Penta3,5112.2,117.7,125.9,2026-10,False
Kaduna,North West,kd Lere Local Government Area,Measles1,3797.8,141.7,48.9,2026-11,True
Kaduna,North West,kd Makarfi Local Government Area,BCG,1137.8,106.7,68.1,2026-06,True
Kaduna,North West,kd Makarfi Local Government Area,Penta1,1259.8,105.4,79.7,2026-06,True
Kaduna,North West,kd Makarfi Local Government Area,Penta3,1221.4,100.9,83.3,2026-06,False
Kaduna,North West,kd Makarfi Local Government Area,Measles1,1027.2,102.4,78.9,2026-06,True
Kaduna,North West,kd Sabon Gari Local Government Area,BCG,1862.6,104.4,80.4,2026-06,False
Kaduna,North West,kd Sabon Gari Local Government Area,Penta1,1999.6,108.1,81.0,2026-06,False
Kaduna,North West,kd Sabon Gari Local Government Area,Penta3,1920.4,107.7,78.3,2026-06,True
Kaduna,North West,kd Sabon Gari Local Government Area,Measles1,1641.4,103.6,71.5,2026-06,True
Kaduna,North West,kd Sanga Local Government Area,BCG,788.5,105.5,112.5,2026-06,False
Kaduna,North West,kd Sanga Local Government Area,Penta1,924.2,100.7,100.2,2026-06,False
Kaduna,North West,kd Sanga Local Government Area,Penta3,887.8,99.7,98.8,2026-06,False
Kaduna,North West,kd Sanga Local Government Area,Measles1,656.9,102.7,37.1,2026-11,True
Kaduna,North West,kd Soba Local Government Area,BCG,2216.8,108.7,91.6,2026-06,False
Kaduna,North West,kd Soba Local Government Area,Penta1,2383.5,102.0,79.7,2026-06,True
Kaduna,North West,kd Soba Local Government Area,Penta3,2278.6,98.8,83.4,2026-06,False
Kaduna,North West,kd Soba Local Government Area,Measles1,1932.8,101.3,82.7,2026-09,False
Kaduna,North West,kd Zangon Kataf Local Government Area,BCG,1628.7,89.1,85.3,2026-11,False
Kaduna,North West,kd Zangon Kataf Local Government Area,Penta1,1672.2,90.7,78.6,2026-09,True
Kaduna,North West,kd Zangon Kataf Local Government Area,Penta3,1607.4,90.1,74.8,2026-09,True
Kaduna,North West,kd Zangon Kataf Local Government Area,Measles1,1265.2,98.2,6.4,2026-11,True
Kaduna,North West,kd Zaria Local Government Area,BCG,2802.2,125.4,106.1,2026-07,False
Kaduna,North West,kd Zaria Local Government Area,Penta1,2798.2,135.2,125.9,2026-06,False
Kaduna,North West,kd Zaria Local Government Area,Penta3,2632.8,118.5,128.5,2026-09,False
Kaduna,North West,kd Zaria Local Government Area,Measles1,2064.9,112.0,82.9,2026-10,False
Kano,North West,kn Ajingi Local Government Area,BCG,706.7,98.5,59.1,2026-12,True
Kano,North West,kn Ajingi Local Government Area,Penta1,784.5,101.7,79.0,2026-12,True
Kano,North West,kn Ajingi Local Government Area,Penta3,749.6,100.6,80.0,2026-12,True
Kano,North West,kn Ajingi Local Government Area,Measles1,614.0,80.8,37.9,2026-12,True
Kano,North West,kn Albasu Local Government Area,BCG,863.2,103.0,85.3,2026-08,False
Kano,North West,kn Albasu Local Government Area,Penta1,1008.4,100.4,84.7,2026-08,False
Kano,North West,kn Albasu Local Government Area,Penta3,971.2,99.5,85.0,2026-08,False
Kano,North West,kn Albasu Local Government Area,Measles1,756.2,108.9,92.5,2026-08,False
Kano,North West,kn Bagwai Local Government Area,BCG,751.6,100.9,82.5,2026-12,False
Kano,North West,kn Bagwai Local Government Area,Penta1,786.8,101.8,85.3,2026-12,False
Kano,North West,kn Bagwai Local Government Area,Penta3,778.2,98.5,85.7,2026-09,False
Kano,North West,kn Bagwai Local Government Area,Measles1,701.9,93.6,78.2,2026-09,True
Kano,North West,kn Bebeji Local Government Area,BCG,958.0,101.7,75.0,2026-06,True
Kano,North West,kn Bebeji Local Government Area,Penta1,1038.7,99.2,83.0,2026-06,False
Kano,North West,kn Bebeji Local Government Area,Penta3,978.4,100.5,88.1,2026-09,False
Kano,North West,kn Bebeji Local Government Area,Measles1,724.3,96.0,65.1,2026-11,True
Kano,North West,kn Bichi Local Government Area,BCG,1309.5,101.9,77.4,2026-06,True
Kano,North West,kn Bichi Local Government Area,Penta1,1399.3,99.6,80.8,2026-06,False
Kano,North West,kn Bichi Local Government Area,Penta3,1370.2,98.2,85.1,2026-09,False
Kano,North West,kn Bichi Local Government Area,Measles1,1243.5,86.3,74.2,2026-10,True
Kano,North West,kn Bunkure Local Government Area,BCG,916.5,99.9,86.8,2026-12,False
Kano,North West,kn Bunkure Local Government Area,Penta1,1026.8,94.2,85.2,2026-09,False
Kano,North West,kn Bunkure Local Government Area,Penta3,970.1,95.6,86.4,2026-09,False
Kano,North West,kn Bunkure Local Government Area,Measles1,811.8,82.8,63.4,2026-09,True
Kano,North West,kn Dala Local Government Area,BCG,1618.8,106.4,70.7,2026-06,True
Kano,North West,kn Dala Local Government Area,Penta1,1873.7,109.2,91.8,2026-09,False
Kano,North West,kn Dala Local Government Area,Penta3,1794.6,111.2,86.3,2026-06,False
Kano,North West,kn Dala Local Government Area,Measles1,1372.4,92.4,48.5,2026-11,True
Kano,North West,kn Danbatta Local Government Area,BCG,1007.9,102.9,75.7,2026-12,True
Kano,North West,kn Danbatta Local Government Area,Penta1,1129.6,103.9,82.3,2026-06,False
Kano,North West,kn Danbatta Local Government Area,Penta3,1088.1,103.7,89.8,2026-06,False
Kano,North West,kn Danbatta Local Government Area,Measles1,901.7,94.3,76.6,2026-10,True
Kano,North West,kn Dawakin Kudu Local Government Area,BCG,1116.2,97.7,69.4,2026-06,True
Kano,North West,kn Dawakin Kudu Local Government Area,Penta1,1160.9,94.2,76.9,2026-06,True
Kano,North West,kn Dawakin Kudu Local Government Area,Penta3,1129.2,95.5,77.8,2026-06,True
Kano,North West,kn Dawakin Kudu Local Government Area,Measles1,967.2,73.5,38.6,2026-12,True
Kano,North West,kn Dawakin Tofa Local Government Area,BCG,980.5,96.1,67.0,2026-06,True
Kano,North West,kn Dawakin Tofa Local Government Area,Penta1,1164.3,96.0,76.0,2026-06,True
Kano,North West,kn Dawakin Tofa Local Government Area,Penta3,1135.0,92.9,77.6,2026-09,True
Kano,North West,kn Dawakin Tofa Local Government Area,Measles1,997.0,80.6,64.2,2026-10,True
Kano,North West,kn Doguwa Local Government Area,BCG,924.6,103.7,81.4,2026-06,False
Kano,North West,kn Doguwa Local Government Area,Penta1,952.6,98.7,77.4,2026-09,True
Kano,North West,kn Doguwa Local Government Area,Penta3,908.9,93.0,79.5,2026-09,True
Kano,North West,kn Doguwa Local Government Area,Measles1,713.1,89.8,59.0,2026-10,True
Kano,North West,kn Fagge Local Government Area,BCG,1082.2,88.7,66.4,2026-06,True
Kano,North West,kn Fagge Local Government Area,Penta1,1107.1,89.9,70.7,2026-09,True
Kano,North West,kn Fagge Local Government Area,Penta3,1036.1,91.7,69.8,2026-09,True
Kano,North West,kn Fagge Local Government Area,Measles1,891.3,96.9,81.5,2026-09,False
Kano,North West,kn Gabasawa Local Government Area,BCG,874.3,98.6,73.1,2026-06,True
Kano,North West,kn Gabasawa Local Government Area,Penta1,1065.0,99.6,88.6,2026-08,False
Kano,North West,kn Gabasawa Local Government Area,Penta3,1018.9,99.0,90.7,2026-06,False
Kano,North West,kn Gabasawa Local Government Area,Measles1,833.3,91.2,55.8,2026-10,True
Kano,North West,kn Garko Local Government Area,BCG,740.8,90.4,67.9,2026-07,True
Kano,North West,kn Garko Local Government Area,Penta1,789.2,88.4,68.5,2026-07,True
Kano,North West,kn Garko Local Government Area,Penta3,754.8,86.1,72.9,2026-07,True
Kano,North West,kn Garko Local Government Area,Measles1,595.8,96.2,63.6,2026-11,True
Kano,North West,kn Garum Mallam Local Government Area,BCG,466.2,102.5,79.4,2026-06,True
Kano,North West,kn Garum Mallam Local Government Area,Penta1,589.2,89.2,69.6,2026-07,True
Kano,North West,kn Garum Mallam Local Government Area,Penta3,581.4,88.6,70.5,2026-09,True
Kano,North West,kn Garum Mallam Local Government Area,Measles1,461.8,89.9,60.1,2026-11,True
Kano,North West,kn Gaya Local Government Area,BCG,867.4,108.2,80.2,2026-11,False
Kano,North West,kn Gaya Local Government Area,Penta1,945.8,111.6,95.6,2026-06,False
Kano,North West,kn Gaya Local Government Area,Penta3,914.3,109.2,83.2,2026-09,False
Kano,North West,kn Gaya Local Government Area,Measles1,828.3,87.8,51.9,2026-11,True
Kano,North West,kn Gezawa Local Government Area,BCG,1270.4,99.9,82.7,2026-06,False
Kano,North West,kn Gezawa Local Government Area,Penta1,1386.8,109.2,100.3,2026-06,False
Kano,North West,kn Gezawa Local Government Area,Penta3,1316.8,111.4,100.4,2026-06,False
Kano,North West,kn Gezawa Local Government Area,Measles1,1038.2,101.2,43.8,2026-11,True
Kano,North West,kn Gwale Local Government Area,BCG,1968.0,90.3,62.0,2026-06,True
Kano,North West,kn Gwale Local Government Area,Penta1,1921.0,89.0,62.3,2026-06,True
Kano,North West,kn Gwale Local Government Area,Penta3,1825.8,90.3,64.1,2026-06,True
Kano,North West,kn Gwale Local Government Area,Measles1,1467.7,85.0,61.5,2026-10,True
Kano,North West,kn Gwarzo Local Government Area,BCG,1050.8,100.6,60.9,2026-07,True
Kano,North West,kn Gwarzo Local Government Area,Penta1,1075.8,96.5,64.4,2026-06,True
Kano,North West,kn Gwarzo Local Government Area,Penta3,1067.3,90.0,68.1,2026-09,True
Kano,North West,kn Gwarzo Local Government Area,Measles1,962.0,86.1,70.3,2026-11,True
Kano,North West,kn Kabo Local Government Area,BCG,621.4,105.4,79.7,2026-06,True
Kano,North West,kn Kabo Local Government Area,Penta1,670.8,102.5,87.8,2026-07,False
Kano,North West,kn Kabo Local Government Area,Penta3,662.6,101.1,81.0,2026-09,False
Kano,North West,kn Kabo Local Government Area,Measles1,579.2,79.6,47.9,2026-06,True
Kano,North West,kn Kano Municipal Local Government Area,BCG,2097.8,88.6,69.1,2026-06,True
Kano,North West,kn Kano Municipal Local Government Area,Penta1,1651.6,82.7,30.5,2026-09,True
Kano,North West,kn Kano Municipal Local Government Area,Penta3,1670.7,80.1,26.7,2026-09,True
Kano,North West,kn Kano Municipal Local Government Area,Measles1,1162.9,83.1,44.1,2026-12,True
Kano,North West,kn Karaye Local Government Area,BCG,677.2,100.2,66.7,2026-06,True
Kano,North West,kn Karaye Local Government Area,Penta1,722.7,94.0,72.8,2026-08,True
Kano,North West,kn Karaye Local Government Area,Penta3,708.4,89.8,74.9,2026-08,True
Kano,North West,kn Karaye Local Government Area,Measles1,639.4,78.9,59.7,2026-10,True
Kano,North West,kn Kibiya Local Government Area,BCG,630.6,103.9,93.1,2026-08,False
Kano,North West,kn Kibiya Local Government Area,Penta1,666.4,101.6,81.5,2026-08,False
Kano,North West,kn Kibiya Local Government Area,Penta3,638.2,99.6,84.4,2026-08,False
Kano,North West,kn Kibiya Local Government Area,Measles1,524.2,79.4,56.5,2026-12,True
Kano,North West,kn Kiru Local Government Area,BCG,1525.8,96.4,78.3,2026-06,True
Kano,North West,kn Kiru Local Government Area,Penta1,1581.2,98.2,89.1,2026-09,False
Kano,North West,kn Kiru Local Government Area,Penta3,1530.9,97.4,86.8,2026-11,False
Kano,North West,kn Kiru Local Government Area,Measles1,1319.4,81.3,62.4,2026-10,True
Kano,North West,kn Kumbotso Local Government Area,BCG,1892.8,92.0,74.2,2026-06,True
Kano,North West,kn Kumbotso Local Government Area,Penta1,2049.7,94.4,79.3,2026-06,True
Kano,North West,kn Kumbotso Local Government Area,Penta3,2016.2,94.6,81.2,2026-06,False
Kano,North West,kn Kumbotso Local Government Area,Measles1,1530.6,88.0,67.2,2026-06,True
Kano,North West,kn Kunchi Local Government Area,BCG,477.9,115.5,92.6,2026-12,False
Kano,North West,kn Kunchi Local Government Area,Penta1,596.1,104.6,99.0,2026-07,False
Kano,North West,kn Kunchi Local Government Area,Penta3,549.4,109.3,100.7,2026-09,False
Kano,North West,kn Kunchi Local Government Area,Measles1,449.9,92.5,66.2,2026-10,True
Kano,North West,kn Kura Local Government Area,BCG,660.9,100.8,66.7,2026-06,True
Kano,North West,kn Kura Local Government Area,Penta1,665.7,97.8,69.1,2026-09,True
Kano,North West,kn Kura Local Government Area,Penta3,653.5,93.0,72.5,2026-09,True
Kano,North West,kn Kura Local Government Area,Measles1,573.6,86.0,58.7,2026-11,True
Kano,North West,kn Madobi Local Government Area,BCG,643.6,102.0,-148.0,2026-06,True
Kano,North West,kn Madobi Local Government Area,Penta1,664.4,98.0,83.8,2026-08,False
Kano,North West,kn Madobi Local Government Area,Penta3,678.2,92.6,78.5,2026-09,True
Kano,North West,kn Madobi Local Government Area,Measles1,623.4,91.5,68.3,2026-09,True
Kano,North West,kn Makoda Local Government Area,BCG,792.8,97.2,67.2,2026-06,True
Kano,North West,kn Makoda Local Government Area,Penta1,981.9,95.4,76.2,2026-12,True
Kano,North West,kn Makoda Local Government Area,Penta3,959.9,94.1,79.7,2026-06,True
Kano,North West,kn Makoda Local Government Area,Measles1,783.8,66.0,35.8,2026-12,True
Kano,North West,kn Minjibir Local Government Area,BCG,890.9,94.9,76.3,2026-06,True
Kano,North West,kn Minjibir Local Government Area,Penta1,890.4,94.3,72.4,2026-12,True
Kano,North West,kn Minjibir Local Government Area,Penta3,864.3,93.8,63.1,2026-09,True
Kano,North West,kn Minjibir Local Government Area,Measles1,809.6,86.1,46.0,2026-11,True
Kano,North West,kn Nasarawa Local Government Area,BCG,2382.0,116.8,90.8,2026-06,False
Kano,North West,kn Nasarawa Local Government Area,Penta1,2347.7,124.9,99.1,2026-09,False
Kano,North West,kn Nasarawa Local Government Area,Penta3,2113.8,135.0,98.6,2026-09,False
Kano,North West,kn Nasarawa Local Government Area,Measles1,1852.8,104.5,51.9,2026-11,True
Kano,North West,kn Rano Local Government Area,BCG,796.6,99.8,75.3,2026-11,True
Kano,North West,kn Rano Local Government Area,Penta1,797.4,96.3,79.6,2026-11,True
Kano,North West,kn Rano Local Government Area,Penta3,753.1,97.2,81.3,2026-11,False
Kano,North West,kn Rano Local Government Area,Measles1,657.9,97.9,75.4,2026-11,True
Kano,North West,kn Rimin Gado Local Government Area,BCG,448.3,96.0,67.7,2026-07,True
Kano,North West,kn Rimin Gado Local Government Area,Penta1,561.1,97.5,84.0,2026-07,False
Kano,North West,kn Rimin Gado Local Government Area,Penta3,536.1,96.7,80.2,2026-09,False
Kano,North West,kn Rimin Gado Local Government Area,Measles1,442.6,87.4,65.8,2026-11,True
Kano,North West,kn Rogo Local Government Area,BCG,1367.7,101.3,91.9,2026-09,False
Kano,North West,kn Rogo Local Government Area,Penta1,1409.5,92.2,80.8,2026-08,False
Kano,North West,kn Rogo Local Government Area,Penta3,1377.6,90.5,85.6,2026-09,False
Kano,North West,kn Rogo Local Government Area,Measles1,1065.4,90.2,63.1,2026-10,True
Kano,North West,kn Shanono Local Government Area,BCG,752.2,103.7,92.5,2026-07,False
Kano,North West,kn Shanono Local Government Area,Penta1,809.2,95.3,75.4,2026-07,True
Kano,North West,kn Shanono Local Government Area,Penta3,818.3,91.1,85.2,2026-09,False
Kano,North West,kn Shanono Local Government Area,Measles1,750.0,81.0,72.7,2026-11,True
Kano,North West,kn Sumaila Local Government Area,BCG,1419.1,92.5,84.2,2026-06,False
Kano,North West,kn Sumaila Local Government Area,Penta1,1579.2,90.4,77.5,2026-12,True
Kano,North West,kn Sumaila Local Government Area,Penta3,1527.4,88.6,82.5,2026-12,False
Kano,North West,kn Sumaila Local Government Area,Measles1,1186.6,78.7,55.9,2026-11,True
Kano,North West,kn Takai Local Government Area,BCG,1515.4,97.2,100.2,2026-06,False
Kano,North West,kn Takai Local Government Area,Penta1,1512.2,101.1,101.2,2026-06,False
Kano,North West,kn Takai Local Government Area,Penta3,1404.5,101.3,105.8,2026-06,False
Kano,North West,kn Takai Local Government Area,Measles1,1152.1,116.0,98.2,2026-11,False
Kano,North West,kn Tarauni Local Government Area,BCG,1238.0,101.6,92.9,2026-06,False
Kano,North West,kn Tarauni Local Government Area,Penta1,1316.1,95.4,84.9,2026-09,False
Kano,North West,kn Tarauni Local Government Area,Penta3,1270.7,97.2,87.2,2026-09,False
Kano,North West,kn Tarauni Local Government Area,Measles1,1012.8,81.1,62.4,2026-10,True
Kano,North West,kn Tofa Local Government Area,BCG,428.1,104.0,79.7,2026-07,True
Kano,North West,kn Tofa Local Government Area,Penta1,459.7,99.5,75.9,2026-07,True
Kano,North West,kn Tofa Local Government Area,Penta3,449.3,103.8,87.2,2026-09,False
Kano,North West,kn Tofa Local Government Area,Measles1,404.5,84.9,60.4,2026-11,True
Kano,North West,kn Tsanyawa Local Government Area,BCG,754.7,88.8,55.5,2026-12,True
Kano,North West,kn Tsanyawa Local Government Area,Penta1,785.2,91.0,62.1,2026-12,True
Kano,North West,kn Tsanyawa Local Government Area,Penta3,749.8,90.7,64.6,2026-09,True
Kano,North West,kn Tsanyawa Local Government Area,Measles1,767.7,78.7,68.4,2026-11,True
Kano,North West,kn Tudun Wada Local Government Area,BCG,1217.7,96.2,84.2,2026-12,False
Kano,North West,kn Tudun Wada Local Government Area,Penta1,1227.3,97.8,83.6,2026-09,False
Kano,North West,kn Tudun Wada Local Government Area,Penta3,1153.3,97.4,91.5,2026-11,False
Kano,North West,kn Tudun Wada Local Government Area,Measles1,921.0,99.9,61.8,2026-11,True
Kano,North West,kn Ungogo Local Government Area,BCG,2248.7,93.8,76.5,2026-09,True
Kano,North West,kn Ungogo Local Government Area,Penta1,2321.6,94.0,75.8,2026-09,True
Kano,North West,kn Ungogo Local Government Area,Penta3,2175.0,96.0,72.3,2026-09,True
Kano,North West,kn Ungogo Local Government Area,Measles1,1709.8,102.9,89.2,2026-09,False
Kano,North West,kn Warawa Local Government Area,BCG,559.8,107.4,82.2,2026-06,False
Kano,North West,kn Warawa Local Government Area,Penta1,597.1,113.0,91.0,2026-06,False
Kano,North West,kn Warawa Local Government Area,Penta3,613.4,105.6,77.0,2026-09,True
Kano,North West,kn Warawa Local Government Area,Measles1,544.1,81.0,54.7,2026-12,True
Kano,North West,kn Wudil Local Government Area,BCG,887.0,97.1,68.1,2026-06,True
Kano,North West,kn Wudil Local Government Area,Penta1,949.6,93.1,66.3,2026-06,True
Kano,North West,kn Wudil Local Government Area,Penta3,926.1,91.0,52.5,2026-09,True
Kano,North West,kn Wudil Local Government Area,Measles1,797.7,76.7,53.1,2026-11,True
Katsina,North West,kt Bakori Local Government Area,BCG,1472.8,89.9,69.7,2026-11,True
Katsina,North West,kt Bakori Local Government Area,Penta1,1516.5,92.9,63.7,2026-09,True
Katsina,North West,kt Bakori Local Government Area,Penta3,1514.1,91.8,67.3,2026-11,True
Katsina,North West,kt Bakori Local Government Area,Measles1,1359.9,89.1,55.1,2026-06,True
Katsina,North West,kt Batagarawa Local Government Area,BCG,1091.2,95.7,96.6,2026-09,False
Katsina,North West,kt Batagarawa Local Government Area,Penta1,1140.2,97.6,65.3,2026-09,True
Katsina,North West,kt Batagarawa Local Government Area,Penta3,1108.9,94.6,73.6,2026-10,True
Katsina,North West,kt Batagarawa Local Government Area,Measles1,1001.3,103.0,104.5,2026-09,False
Katsina,North West,kt Batsari Local Government Area,BCG,1346.4,106.8,114.4,2026-08,False
Katsina,North West,kt Batsari Local Government Area,Penta1,1389.9,105.2,113.3,2026-10,False
Katsina,North West,kt Batsari Local Government Area,Penta3,1317.5,104.9,113.0,2026-10,False
Katsina,North West,kt Batsari Local Government Area,Measles1,1286.2,103.5,83.2,2026-10,False
Katsina,North West,kt Baure Local Government Area,BCG,952.6,95.4,69.2,2026-06,True
Katsina,North West,kt Baure Local Government Area,Penta1,1070.2,97.1,81.9,2026-08,False
Katsina,North West,kt Baure Local Government Area,Penta3,1012.8,92.2,73.6,2026-06,True
Katsina,North West,kt Baure Local Government Area,Measles1,997.6,94.0,60.6,2026-06,True
Katsina,North West,kt Bindawa Local Government Area,BCG,637.7,109.8,60.5,2026-11,True
Katsina,North West,kt Bindawa Local Government Area,Penta1,871.9,126.2,69.2,2026-11,True
Katsina,North West,kt Bindawa Local Government Area,Penta3,742.9,121.9,79.8,2026-11,True
Katsina,North West,kt Bindawa Local Government Area,Measles1,677.3,105.3,85.2,2026-11,False
Katsina,North West,kt Charanchi Local Government Area,BCG,777.3,97.7,73.5,2026-07,True
Katsina,North West,kt Charanchi Local Government Area,Penta1,1035.4,93.1,69.4,2026-11,True
Katsina,North West,kt Charanchi Local Government Area,Penta3,904.6,95.4,77.6,2026-11,True
Katsina,North West,kt Charanchi Local Government Area,Measles1,760.4,90.2,66.5,2026-09,True
Katsina,North West,kt Dan Musa Local Government Area,BCG,481.5,109.8,84.8,2026-11,False
Katsina,North West,kt Dan Musa Local Government Area,Penta1,684.9,107.1,64.5,2026-06,True
Katsina,North West,kt Dan Musa Local Government Area,Penta3,633.8,103.9,62.1,2026-06,True
Katsina,North West,kt Dan Musa Local Government Area,Measles1,604.8,110.0,61.1,2026-06,True
Katsina,North West,kt Dandume Local Government Area,BCG,1559.2,83.6,74.5,2026-11,True
Katsina,North West,kt Dandume Local Government Area,Penta1,1625.1,87.2,75.6,2026-09,True
Katsina,North West,kt Dandume Local Government Area,Penta3,1457.0,90.3,87.0,2026-09,False
Katsina,North West,kt Dandume Local Government Area,Measles1,1353.8,87.8,64.7,2026-09,True
Katsina,North West,kt Danja Local Government Area,BCG,1153.2,101.1,48.5,2026-07,True
Katsina,North West,kt Danja Local Government Area,Penta1,1259.6,97.2,58.4,2026-09,True
Katsina,North West,kt Danja Local Government Area,Penta3,1230.9,89.9,52.8,2026-11,True
Katsina,North West,kt Danja Local Government Area,Measles1,1033.8,91.0,55.6,2026-06,True
Katsina,North West,kt Daura Local Government Area,BCG,911.9,110.6,108.9,2026-11,False
Katsina,North West,kt Daura Local Government Area,Penta1,1849.6,74.6,-164.2,2026-06,True
Katsina,North West,kt Daura Local Government Area,Penta3,1251.8,102.6,-27.7,2026-06,True
Katsina,North West,kt Daura Local Government Area,Measles1,816.1,103.7,85.4,2026-11,False
Katsina,North West,kt Dutsi Local Government Area,BCG,475.2,107.3,90.1,2026-06,False
Katsina,North West,kt Dutsi Local Government Area,Penta1,632.0,107.9,74.1,2026-11,True
Katsina,North West,kt Dutsi Local Government Area,Penta3,594.2,109.7,76.3,2026-09,True
Katsina,North West,kt Dutsi Local Government Area,Measles1,459.7,110.8,75.6,2026-06,True
Katsina,North West,kt Dutsin-Ma Local Government Area,BCG,1284.1,100.2,63.1,2026-08,True
Katsina,North West,kt Dutsin-Ma Local Government Area,Penta1,1156.2,111.8,99.7,2026-08,False
Katsina,North West,kt Dutsin-Ma Local Government Area,Penta3,1070.8,117.6,104.3,2026-08,False
Katsina,North West,kt Dutsin-Ma Local Government Area,Measles1,1092.5,110.6,79.9,2026-08,True
Katsina,North West,kt Faskari Local Government Area,BCG,985.2,124.3,120.9,2026-09,False
Katsina,North West,kt Faskari Local Government Area,Penta1,1246.2,116.3,94.9,2026-06,False
Katsina,North West,kt Faskari Local Government Area,Penta3,1101.9,121.5,108.1,2026-06,False
Katsina,North West,kt Faskari Local Government Area,Measles1,957.0,113.6,103.8,2026-06,False
Katsina,North West,kt Funtua Local Government Area,BCG,1921.3,80.6,59.5,2026-10,True
Katsina,North West,kt Funtua Local Government Area,Penta1,2050.4,79.3,33.4,2026-09,True
Katsina,North West,kt Funtua Local Government Area,Penta3,1955.2,79.7,58.2,2026-09,True
Katsina,North West,kt Funtua Local Government Area,Measles1,1801.0,80.4,12.6,2026-09,True
Katsina,North West,kt Ingawa Local Government Area,BCG,603.2,120.8,104.2,2026-12,False
Katsina,North West,kt Ingawa Local Government Area,Penta1,761.7,141.3,88.4,2026-11,False
Katsina,North West,kt Ingawa Local Government Area,Penta3,731.2,141.7,87.1,2026-11,False
Katsina,North West,kt Ingawa Local Government Area,Measles1,679.2,109.0,82.8,2026-11,False
Katsina,North West,kt Jibia Local Government Area,BCG,999.8,106.5,96.2,2026-10,False
Katsina,North West,kt Jibia Local Government Area,Penta1,1087.9,117.4,118.0,2026-11,False
Katsina,North West,kt Jibia Local Government Area,Penta3,986.1,112.6,107.0,2026-11,False
Katsina,North West,kt Jibia Local Government Area,Measles1,1005.4,105.5,80.6,2026-11,False
Katsina,North West,kt Kafur Local Government Area,BCG,1109.1,101.7,60.5,2026-07,True
Katsina,North West,kt Kafur Local Government Area,Penta1,1244.4,112.9,68.3,2026-12,True
Katsina,North West,kt Kafur Local Government Area,Penta3,1169.3,109.3,70.4,2026-12,True
Katsina,North West,kt Kafur Local Government Area,Measles1,1117.1,106.8,82.3,2026-07,False
Katsina,North West,kt Kaita Local Government Area,BCG,991.4,99.1,63.7,2026-11,True
Katsina,North West,kt Kaita Local Government Area,Penta1,1046.8,117.5,72.9,2026-11,True
Katsina,North West,kt Kaita Local Government Area,Penta3,1055.1,110.2,67.4,2026-11,True
Katsina,North West,kt Kaita Local Government Area,Measles1,958.9,109.4,71.7,2026-11,True
Katsina,North West,kt Kankara Local Government Area,BCG,1221.5,92.5,64.5,2026-06,True
Katsina,North West,kt Kankara Local Government Area,Penta1,1209.2,95.5,55.1,2026-09,True
Katsina,North West,kt Kankara Local Government Area,Penta3,1074.4,92.4,43.6,2026-09,True
Katsina,North West,kt Kankara Local Government Area,Measles1,1015.8,82.4,0.5,2026-06,True
Katsina,North West,kt Kankia Local Government Area,BCG,763.5,117.3,88.2,2026-11,False
Katsina,North West,kt Kankia Local Government Area,Penta1,827.8,136.3,93.4,2026-11,False
Katsina,North West,kt Kankia Local Government Area,Penta3,791.3,126.6,79.5,2026-11,True
Katsina,North West,kt Kankia Local Government Area,Measles1,767.8,111.4,95.3,2026-11,False
Katsina,North West,kt Katsina Local Government Area,BCG,1949.6,89.9,60.9,2026-08,True
Katsina,North West,kt Katsina Local Government Area,Penta1,1981.5,90.3,59.9,2026-09,True
Katsina,North West,kt Katsina Local Government Area,Penta3,1826.2,90.5,60.9,2026-09,True
Katsina,North West,kt Katsina Local Government Area,Measles1,1517.8,92.0,78.6,2026-06,True
Katsina,North West,kt Kurfi Local Government Area,BCG,709.7,98.7,56.7,2026-09,True
Katsina,North West,kt Kurfi Local Government Area,Penta1,913.3,97.0,65.2,2026-09,True
Katsina,North West,kt Kurfi Local Government Area,Penta3,840.0,97.2,67.2,2026-09,True
Katsina,North West,kt Kurfi Local Government Area,Measles1,629.3,110.6,70.2,2026-09,True
Katsina,North West,kt Kusada Local Government Area,BCG,526.7,87.5,53.1,2026-10,True
Katsina,North West,kt Kusada Local Government Area,Penta1,684.3,83.7,39.5,2026-11,True
Katsina,North West,kt Kusada Local Government Area,Penta3,605.9,91.6,72.1,2026-09,True
Katsina,North West,kt Kusada Local Government Area,Measles1,604.6,77.3,19.5,2026-09,True
Katsina,North West,kt Mai'Adua Local Government Area,BCG,680.1,104.5,87.0,2026-07,False
Katsina,North West,kt Mai'Adua Local Government Area,Penta1,832.6,108.9,9.5,2026-06,True
Katsina,North West,kt Mai'Adua Local Government Area,Penta3,714.2,215.6,22.6,2026-09,True
Katsina,North West,kt Mai'Adua Local Government Area,Measles1,656.9,102.8,83.7,2026-09,False
Katsina,North West,kt Malumfashi Local Government Area,BCG,1383.8,98.6,82.4,2026-12,False
Katsina,North West,kt Malumfashi Local Government Area,Penta1,1376.2,115.2,99.2,2026-10,False
Katsina,North West,kt Malumfashi Local Government Area,Penta3,1373.6,107.9,87.3,2026-11,False
Katsina,North West,kt Malumfashi Local Government Area,Measles1,1205.2,108.0,103.1,2026-10,False
Katsina,North West,kt Mani Local Government Area,BCG,804.1,107.4,65.2,2026-09,True
Katsina,North West,kt Mani Local Government Area,Penta1,947.7,105.3,78.0,2026-09,True
Katsina,North West,kt Mani Local Government Area,Penta3,889.5,104.5,58.4,2026-09,True
Katsina,North West,kt Mani Local Government Area,Measles1,858.8,96.9,47.4,2026-09,True
Katsina,North West,kt Mashi Local Government Area,BCG,848.8,120.8,95.5,2026-12,False
Katsina,North West,kt Mashi Local Government Area,Penta1,988.5,124.4,97.2,2026-11,False
Katsina,North West,kt Mashi Local Government Area,Penta3,997.6,111.7,108.9,2026-10,False
Katsina,North West,kt Mashi Local Government Area,Measles1,904.9,107.7,86.5,2026-09,False
Katsina,North West,kt Matazu Local Government Area,BCG,648.8,91.1,77.2,2026-09,True
Katsina,North West,kt Matazu Local Government Area,Penta1,859.2,98.4,68.6,2026-09,True
Katsina,North West,kt Matazu Local Government Area,Penta3,799.0,91.2,28.7,2026-09,True
Katsina,North West,kt Matazu Local Government Area,Measles1,679.9,91.3,34.6,2026-09,True
Katsina,North West,kt Musawa Local Government Area,BCG,790.3,85.2,-45.9,2026-09,True
Katsina,North West,kt Musawa Local Government Area,Penta1,845.1,84.5,-47.5,2026-09,True
Katsina,North West,kt Musawa Local Government Area,Penta3,832.9,79.5,-53.7,2026-09,True
Katsina,North West,kt Musawa Local Government Area,Measles1,679.1,79.5,-25.1,2026-09,True
Katsina,North West,kt Rimi Local Government Area,BCG,960.7,91.2,68.5,2026-09,True
Katsina,North West,kt Rimi Local Government Area,Penta1,1028.6,90.0,67.6,2026-09,True
Katsina,North West,kt Rimi Local Government Area,Penta3,1033.3,84.4,55.7,2026-09,True
Katsina,North West,kt Rimi Local Government Area,Measles1,956.5,90.0,69.0,2026-09,True
Katsina,North West,kt Sabuwa Local Government Area,BCG,900.8,66.6,14.0,2026-06,True
Katsina,North West,kt Sabuwa Local Government Area,Penta1,784.1,83.6,56.4,2026-11,True
Katsina,North West,kt Sabuwa Local Government Area,Penta3,719.2,80.1,42.1,2026-06,True
Katsina,North West,kt Sabuwa Local Government Area,Measles1,736.6,70.1,4.3,2026-06,True
Katsina,North West,kt Safana Local Government Area,BCG,1133.3,91.7,88.5,2026-06,False
Katsina,North West,kt Safana Local Government Area,Penta1,1330.2,95.4,88.0,2026-06,False
Katsina,North West,kt Safana Local Government Area,Penta3,1213.9,93.8,82.5,2026-06,False
Katsina,North West,kt Safana Local Government Area,Measles1,1322.4,97.2,94.4,2026-11,False
Katsina,North West,kt Sandamu Local Government Area,BCG,459.8,103.2,64.2,2026-07,True
Katsina,North West,kt Sandamu Local Government Area,Penta1,564.2,100.0,79.1,2026-09,True
Katsina,North West,kt Sandamu Local Government Area,Penta3,547.6,99.7,78.6,2026-11,True
Katsina,North West,kt Sandamu Local Government Area,Measles1,478.8,101.0,79.1,2026-11,True
Katsina,North West,kt Zango Local Government Area,BCG,595.2,99.1,88.3,2026-11,False
Katsina,North West,kt Zango Local Government Area,Penta1,831.7,109.7,11.6,2026-06,True
Katsina,North West,kt Zango Local Government Area,Penta3,683.5,151.9,-8.4,2026-06,True
Katsina,North West,kt Zango Local Government Area,Measles1,550.1,93.9,71.4,2026-09,True
Kebbi,North West,ke Aleiro Local Government Area,BCG,279.8,121.0,94.0,2026-12,False
Kebbi,North West,ke Aleiro Local Government Area,Penta1,321.2,129.1,114.4,2026-06,False
Kebbi,North West,ke Aleiro Local Government Area,Penta3,323.2,122.9,85.0,2026-09,False
Kebbi,North West,ke Aleiro Local Government Area,Measles1,300.2,116.9,77.0,2026-09,True
Kebbi,North West,ke Arewa Local Government Area,BCG,641.8,96.6,88.8,2026-09,False
Kebbi,North West,ke Arewa Local Government Area,Penta1,887.1,89.2,86.5,2026-09,False
Kebbi,North West,ke Arewa Local Government Area,Penta3,862.8,83.4,75.8,2026-09,True
Kebbi,North West,ke Arewa Local Government Area,Measles1,586.2,99.8,98.4,2026-09,False
Kebbi,North West,ke Argungu Local Government Area,BCG,1108.0,106.6,91.3,2026-11,False
Kebbi,North West,ke Argungu Local Government Area,Penta1,1096.8,102.0,98.8,2026-06,False
Kebbi,North West,ke Argungu Local Government Area,Penta3,1102.6,91.0,80.4,2026-06,False
Kebbi,North West,ke Argungu Local Government Area,Measles1,854.4,92.1,67.6,2026-11,True
Kebbi,North West,ke Augie Local Government Area,BCG,444.5,116.6,86.6,2026-09,False
Kebbi,North West,ke Augie Local Government Area,Penta1,565.5,121.6,109.0,2026-09,False
Kebbi,North West,ke Augie Local Government Area,Penta3,549.0,115.0,109.9,2026-10,False
Kebbi,North West,ke Augie Local Government Area,Measles1,435.0,116.0,92.7,2026-06,False
Kebbi,North West,ke Bagudo Local Government Area,BCG,1236.5,104.0,93.7,2026-07,False
Kebbi,North West,ke Bagudo Local Government Area,Penta1,1623.0,98.1,93.5,2026-06,False
Kebbi,North West,ke Bagudo Local Government Area,Penta3,1490.7,100.6,95.7,2026-06,False
Kebbi,North West,ke Bagudo Local Government Area,Measles1,970.6,128.0,91.6,2026-07,False
Kebbi,North West,ke Birnin Kebbi Local Government Area,BCG,1258.3,112.8,103.9,2026-07,False
Kebbi,North West,ke Birnin Kebbi Local Government Area,Penta1,1543.4,104.1,104.9,2026-07,False
Kebbi,North West,ke Birnin Kebbi Local Government Area,Penta3,1502.2,103.7,93.2,2026-06,False
Kebbi,North West,ke Birnin Kebbi Local Government Area,Measles1,1287.8,101.5,94.7,2026-06,False
Kebbi,North West,ke Bunza Local Government Area,BCG,747.8,99.2,105.3,2026-09,False
Kebbi,North West,ke Bunza Local Government Area,Penta1,682.8,106.9,101.5,2026-09,False
Kebbi,North West,ke Bunza Local Government Area,Penta3,653.9,105.8,102.2,2026-09,False
Kebbi,North West,ke Bunza Local Government Area,Measles1,712.2,96.7,99.8,2026-09,False
Kebbi,North West,ke Dandi Local Government Area,BCG,695.5,106.1,113.4,2026-06,False
Kebbi,North West,ke Dandi Local Government Area,Penta1,725.2,120.1,133.8,2026-09,False
Kebbi,North West,ke Dandi Local Government Area,Penta3,660.4,121.8,134.5,2026-10,False
Kebbi,North West,ke Dandi Local Government Area,Measles1,516.4,119.5,125.3,2026-09,False
Kebbi,North West,ke Danko/Wasagu Local Government Area,BCG,1475.8,104.4,107.0,2026-07,False
Kebbi,North West,ke Danko/Wasagu Local Government Area,Penta1,1453.0,107.4,104.4,2026-07,False
Kebbi,North West,ke Danko/Wasagu Local Government Area,Penta3,1318.3,112.2,107.8,2026-07,False
Kebbi,North West,ke Danko/Wasagu Local Government Area,Measles1,1319.7,100.6,96.8,2026-07,False
Kebbi,North West,ke Fakai Local Government Area,BCG,698.5,107.8,95.8,2026-07,False
Kebbi,North West,ke Fakai Local Government Area,Penta1,727.1,119.2,119.0,2026-06,False
Kebbi,North West,ke Fakai Local Government Area,Penta3,711.9,114.1,114.2,2026-06,False
Kebbi,North West,ke Fakai Local Government Area,Measles1,569.8,127.4,96.9,2026-06,False
Kebbi,North West,ke Gwandu Local Government Area,BCG,668.6,150.3,126.9,2026-07,False
Kebbi,North West,ke Gwandu Local Government Area,Penta1,792.9,153.4,135.6,2026-07,False
Kebbi,North West,ke Gwandu Local Government Area,Penta3,812.3,143.4,133.1,2026-07,False
Kebbi,North West,ke Gwandu Local Government Area,Measles1,683.2,134.1,109.0,2026-09,False
Kebbi,North West,ke Jega Local Government Area,BCG,890.1,111.6,112.9,2026-11,False
Kebbi,North West,ke Jega Local Government Area,Penta1,1038.0,117.8,122.8,2026-07,False
Kebbi,North West,ke Jega Local Government Area,Penta3,961.1,117.1,123.8,2026-07,False
Kebbi,North West,ke Jega Local Government Area,Measles1,828.6,126.0,130.3,2026-07,False
Kebbi,North West,ke Kalgo Local Government Area,BCG,365.0,108.7,94.6,2026-07,False
Kebbi,North West,ke Kalgo Local Government Area,Penta1,412.1,120.0,109.2,2026-08,False
Kebbi,North West,ke Kalgo Local Government Area,Penta3,379.5,123.7,119.4,2026-06,False
Kebbi,North West,ke Kalgo Local Government Area,Measles1,354.8,109.0,94.8,2026-12,False
Kebbi,North West,ke Koko/Besse Local Government Area,BCG,870.2,105.4,100.0,2026-06,False
Kebbi,North West,ke Koko/Besse Local Government Area,Penta1,940.8,103.0,101.7,2026-06,False
Kebbi,North West,ke Koko/Besse Local Government Area,Penta3,879.5,104.8,98.7,2026-06,False
Kebbi,North West,ke Koko/Besse Local Government Area,Measles1,777.2,113.0,88.5,2026-06,False
Kebbi,North West,ke Maiyama Local Government Area,BCG,684.5,118.7,106.4,2026-11,False
Kebbi,North West,ke Maiyama Local Government Area,Penta1,730.1,137.9,112.7,2026-06,False
Kebbi,North West,ke Maiyama Local Government Area,Penta3,730.8,131.9,113.6,2026-07,False
Kebbi,North West,ke Maiyama Local Government Area,Measles1,712.2,121.4,99.2,2026-07,False
Kebbi,North West,ke Ngaski Local Government Area,BCG,677.3,116.3,110.9,2026-06,False
Kebbi,North West,ke Ngaski Local Government Area,Penta1,708.7,115.2,115.9,2026-07,False
Kebbi,North West,ke Ngaski Local Government Area,Penta3,735.5,106.5,105.4,2026-07,False
Kebbi,North West,ke Ngaski Local Government Area,Measles1,623.2,117.8,95.6,2026-11,False
Kebbi,North West,ke Sakaba Local Government Area,BCG,568.1,99.1,93.3,2026-08,False
Kebbi,North West,ke Sakaba Local Government Area,Penta1,643.8,90.8,80.8,2026-11,False
Kebbi,North West,ke Sakaba Local Government Area,Penta3,623.0,90.5,85.0,2026-11,False
Kebbi,North West,ke Sakaba Local Government Area,Measles1,530.0,102.5,90.6,2026-11,False
Kebbi,North West,ke Shanga Local Government Area,BCG,945.2,96.7,107.3,2026-09,False
Kebbi,North West,ke Shanga Local Government Area,Penta1,990.3,97.0,102.8,2026-09,False
Kebbi,North West,ke Shanga Local Government Area,Penta3,944.4,95.3,97.2,2026-09,False
Kebbi,North West,ke Shanga Local Government Area,Measles1,954.5,96.7,95.5,2026-09,False
Kebbi,North West,ke Suru Local Government Area,BCG,640.5,113.3,107.1,2026-09,False
Kebbi,North West,ke Suru Local Government Area,Penta1,695.8,115.6,101.7,2026-09,False
Kebbi,North West,ke Suru Local Government Area,Penta3,663.8,115.2,91.1,2026-09,False
Kebbi,North West,ke Suru Local Government Area,Measles1,660.5,87.8,70.0,2026-11,True
Kebbi,North West,ke Yauri Local Government Area,BCG,577.7,117.6,110.2,2026-08,False
Kebbi,North West,ke Yauri Local Government Area,Penta1,588.6,115.7,124.6,2026-08,False
Kebbi,North West,ke Yauri Local Government Area,Penta3,573.9,112.2,114.0,2026-11,False
Kebbi,North West,ke Yauri Local Government Area,Measles1,537.8,101.1,58.1,2026-12,True
Kebbi,North West,ke Zuru Local Government Area,BCG,907.9,98.9,83.1,2026-12,False
Kebbi,North West,ke Zuru Local Government Area,Penta1,989.6,102.0,97.1,2026-09,False
Kebbi,North West,ke Zuru Local Government Area,Penta3,950.0,103.7,103.0,2026-09,False
Kebbi,North West,ke Zuru Local Government Area,Measles1,769.3,94.9,61.2,2026-12,True
Kogi,North Central,ko Adavi Local Government Area,BCG,1088.7,79.5,32.9,2026-06,True
Kogi,North Central,ko Adavi Local Government Area,Penta1,1201.3,84.6,37.0,2026-06,True
Kogi,North Central,ko Adavi Local Government Area,Penta3,1125.3,85.8,41.6,2026-06,True
Kogi,North Central,ko Adavi Local Government Area,Measles1,925.9,84.5,39.1,2026-09,True
Kogi,North Central,ko Ajaokuta Local Government Area,BCG,467.1,121.0,95.0,2026-09,False
Kogi,North Central,ko Ajaokuta Local Government Area,Penta1,503.4,110.5,99.4,2026-10,False
Kogi,North Central,ko Ajaokuta Local Government Area,Penta3,476.9,103.6,72.3,2026-11,True
Kogi,North Central,ko Ajaokuta Local Government Area,Measles1,424.7,103.2,-43.9,2026-11,True
Kogi,North Central,ko Ankpa Local Government Area,BCG,1402.5,101.6,114.0,2026-07,False
Kogi,North Central,ko Ankpa Local Government Area,Penta1,1395.9,107.5,102.9,2026-11,False
Kogi,North Central,ko Ankpa Local Government Area,Penta3,1265.7,110.2,100.5,2026-07,False
Kogi,North Central,ko Ankpa Local Government Area,Measles1,1236.5,95.2,99.0,2026-11,False
Kogi,North Central,ko Bassa Local Government Area,BCG,174.5,125.8,68.7,2026-07,True
Kogi,North Central,ko Bassa Local Government Area,Penta1,382.1,122.7,76.1,2026-07,True
Kogi,North Central,ko Bassa Local Government Area,Penta3,352.0,117.7,70.0,2026-07,True
Kogi,North Central,ko Bassa Local Government Area,Measles1,624.6,60.7,-74.8,2026-11,True
Kogi,North Central,ko Dekina Local Government Area,BCG,1021.0,101.0,81.4,2026-06,False
Kogi,North Central,ko Dekina Local Government Area,Penta1,1274.3,92.8,54.2,2026-11,True
Kogi,North Central,ko Dekina Local Government Area,Penta3,1193.4,89.9,44.8,2026-06,True
Kogi,North Central,ko Dekina Local Government Area,Measles1,1247.6,70.3,-15.6,2026-11,True
Kogi,North Central,ko Ibaji Local Government Area,BCG,237.8,120.0,104.1,2026-07,False
Kogi,North Central,ko Ibaji Local Government Area,Penta1,385.7,122.7,92.2,2026-06,False
Kogi,North Central,ko Ibaji Local Government Area,Penta3,342.8,131.4,89.5,2026-06,False
Kogi,North Central,ko Ibaji Local Government Area,Measles1,382.6,90.7,-26.4,2026-11,True
Kogi,North Central,ko Idah Local Government Area,BCG,254.7,133.1,91.5,2026-07,False
Kogi,North Central,ko Idah Local Government Area,Penta1,583.7,93.6,29.6,2026-09,True
Kogi,North Central,ko Idah Local Government Area,Penta3,555.5,88.1,24.0,2026-07,True
Kogi,North Central,ko Idah Local Government Area,Measles1,464.6,65.6,16.0,2026-10,True
Kogi,North Central,ko Igalamela-Odolu Local Government Area,BCG,460.5,106.7,44.1,2026-09,True
Kogi,North Central,ko Igalamela-Odolu Local Government Area,Penta1,610.6,111.5,57.7,2026-09,True
Kogi,North Central,ko Igalamela-Odolu Local Government Area,Penta3,557.0,108.7,71.8,2026-09,True
Kogi,North Central,ko Igalamela-Odolu Local Government Area,Measles1,655.8,109.6,48.8,2026-07,True
Kogi,North Central,ko Ijumu Local Government Area,BCG,460.0,105.9,98.7,2026-07,False
Kogi,North Central,ko Ijumu Local Government Area,Penta1,603.2,105.5,90.2,2026-07,False
Kogi,North Central,ko Ijumu Local Government Area,Penta3,608.6,100.1,85.5,2026-09,False
Kogi,North Central,ko Ijumu Local Government Area,Measles1,641.8,94.7,4.7,2026-11,True
Kogi,North Central,ko Kabba/Bunu Local Government Area,BCG,476.0,111.1,73.8,2026-09,True
Kogi,North Central,ko Kabba/Bunu Local Government Area,Penta1,681.2,116.3,91.4,2026-09,False
Kogi,North Central,ko Kabba/Bunu Local Government Area,Penta3,670.8,116.2,90.5,2026-09,False
Kogi,North Central,ko Kabba/Bunu Local Government Area,Measles1,582.1,109.4,58.5,2026-09,True
Kogi,North Central,ko Kogi Local Government Area,BCG,265.2,130.9,119.8,2026-07,False
Kogi,North Central,ko Kogi Local Government Area,Penta1,356.8,160.4,159.2,2026-07,False
Kogi,North Central,ko Kogi Local Government Area,Penta3,334.2,169.9,161.5,2026-07,False
Kogi,North Central,ko Kogi Local Government Area,Measles1,283.9,176.9,103.2,2026-10,False
Kogi,North Central,ko Lokoja Local Government Area,BCG,648.9,95.2,61.4,2026-06,True
Kogi,North Central,ko Lokoja Local Government Area,Penta1,696.6,99.8,59.8,2026-09,True
Kogi,North Central,ko Lokoja Local Government Area,Penta3,583.4,110.9,19.2,2026-06,True
Kogi,North Central,ko Lokoja Local Government Area,Measles1,582.2,85.9,39.6,2026-09,True
Kogi,North Central,ko Mopa-Muro Local Government Area,BCG,209.9,102.6,80.8,2026-09,False
Kogi,North Central,ko Mopa-Muro Local Government Area,Penta1,239.8,98.9,36.2,2026-09,True
Kogi,North Central,ko Mopa-Muro Local Government Area,Penta3,241.9,97.6,42.2,2026-09,True
Kogi,North Central,ko Mopa-Muro Local Government Area,Measles1,208.5,82.3,2.5,2026-10,True
Kogi,North Central,ko Ofu Local Government Area,BCG,479.1,72.3,12.2,2026-09,True
Kogi,North Central,ko Ofu Local Government Area,Penta1,659.2,78.5,34.3,2026-09,True
Kogi,North Central,ko Ofu Local Government Area,Penta3,647.9,78.9,31.0,2026-09,True
Kogi,North Central,ko Ofu Local Government Area,Measles1,487.6,66.6,11.2,2026-09,True
Kogi,North Central,ko Ogori/Magongo Local Government Area,BCG,202.8,94.4,54.5,2026-09,True
Kogi,North Central,ko Ogori/Magongo Local Government Area,Penta1,204.4,92.3,46.7,2026-09,True
Kogi,North Central,ko Ogori/Magongo Local Government Area,Penta3,195.8,91.1,40.7,2026-09,True
Kogi,North Central,ko Ogori/Magongo Local Government Area,Measles1,164.8,119.2,95.2,2026-09,False
Kogi,North Central,ko Okehi Local Government Area,BCG,872.8,103.6,94.1,2026-08,False
Kogi,North Central,ko Okehi Local Government Area,Penta1,998.1,108.3,92.1,2026-06,False
Kogi,North Central,ko Okehi Local Government Area,Penta3,923.2,106.8,93.1,2026-06,False
Kogi,North Central,ko Okehi Local Government Area,Measles1,868.3,89.7,59.2,2026-06,True
Kogi,North Central,ko Okene Local Government Area,BCG,1706.6,92.3,59.4,2026-06,True
Kogi,North Central,ko Okene Local Government Area,Penta1,1753.3,88.8,48.5,2026-09,True
Kogi,North Central,ko Okene Local Government Area,Penta3,1690.7,87.6,51.4,2026-09,True
Kogi,North Central,ko Okene Local Government Area,Measles1,1462.7,83.3,34.7,2026-08,True
Kogi,North Central,ko Olamaboro Local Government Area,BCG,668.5,118.4,120.9,2026-08,False
Kogi,North Central,ko Olamaboro Local Government Area,Penta1,899.3,129.3,77.5,2026-08,True
Kogi,North Central,ko Olamaboro Local Government Area,Penta3,715.2,136.6,73.4,2026-08,True
Kogi,North Central,ko Olamaboro Local Government Area,Measles1,650.7,99.8,84.1,2026-07,False
Kogi,North Central,ko Omala Local Government Area,BCG,332.3,150.8,54.6,2026-09,True
Kogi,North Central,ko Omala Local Government Area,Penta1,394.4,161.5,39.9,2026-09,True
Kogi,North Central,ko Omala Local Government Area,Penta3,368.2,168.4,41.7,2026-09,True
Kogi,North Central,ko Omala Local Government Area,Measles1,367.2,200.0,15.4,2026-09,True
Kogi,North Central,ko Yagba East Local Government Area,BCG,655.1,90.1,32.1,2026-08,True
Kogi,North Central,ko Yagba East Local Government Area,Penta1,661.0,85.5,-13.8,2026-07,True
Kogi,North Central,ko Yagba East Local Government Area,Penta3,615.6,90.1,-18.8,2026-07,True
Kogi,North Central,ko Yagba East Local Government Area,Measles1,517.0,95.7,38.8,2026-08,True
Kogi,North Central,ko Yagba West Local Government Area,BCG,607.0,108.2,86.9,2026-11,False
Kogi,North Central,ko Yagba West Local Government Area,Penta1,783.4,105.4,75.4,2026-11,True
Kogi,North Central,ko Yagba West Local Government Area,Penta3,784.1,107.1,80.3,2026-11,False
Kogi,North Central,ko Yagba West Local Government Area,Measles1,778.7,82.5,-15.5,2026-11,True
Kwara,North Central,kw Asa Local Government Area,BCG,621.0,109.6,75.4,2026-07,True
Kwara,North Central,kw Asa Local Government Area,Penta1,763.3,109.0,66.5,2026-07,True
Kwara,North Central,kw Asa Local Government Area,Penta3,749.7,109.9,76.7,2026-07,True
Kwara,North Central,kw Asa Local Government Area,Measles1,577.5,107.9,64.9,2026-07,True
Kwara,North Central,kw Baruten Local Government Area,BCG,898.2,109.3,73.1,2026-07,True
Kwara,North Central,kw Baruten Local Government Area,Penta1,1156.2,125.8,35.7,2026-06,True
Kwara,North Central,kw Baruten Local Government Area,Penta3,956.8,142.4,87.9,2026-07,False
Kwara,North Central,kw Baruten Local Government Area,Measles1,849.7,103.2,41.9,2026-07,True
Kwara,North Central,kw Edu Local Government Area,BCG,769.5,129.0,128.1,2026-07,False
Kwara,North Central,kw Edu Local Government Area,Penta1,856.8,131.6,132.0,2026-07,False
Kwara,North Central,kw Edu Local Government Area,Penta3,797.4,137.1,135.7,2026-07,False
Kwara,North Central,kw Edu Local Government Area,Measles1,648.9,133.0,123.2,2026-07,False
Kwara,North Central,kw Ekiti Local Government Area,BCG,344.2,94.5,72.1,2026-07,True
Kwara,North Central,kw Ekiti Local Government Area,Penta1,310.3,98.5,90.3,2026-06,False
Kwara,North Central,kw Ekiti Local Government Area,Penta3,301.2,98.5,83.6,2026-08,False
Kwara,North Central,kw Ekiti Local Government Area,Measles1,316.4,98.8,87.1,2026-10,False
Kwara,North Central,kw Ifelodun Local Government Area,BCG,744.9,101.3,71.3,2026-11,True
Kwara,North Central,kw Ifelodun Local Government Area,Penta1,1060.8,107.0,59.3,2026-06,True
Kwara,North Central,kw Ifelodun Local Government Area,Penta3,873.8,127.9,55.9,2026-11,True
Kwara,North Central,kw Ifelodun Local Government Area,Measles1,924.8,82.1,-48.4,2026-07,True
Kwara,North Central,kw Ilorin East Local Government Area,BCG,813.2,105.3,100.6,2026-11,False
Kwara,North Central,kw Ilorin East Local Government Area,Penta1,1097.5,102.0,46.4,2026-06,True
Kwara,North Central,kw Ilorin East Local Government Area,Penta3,932.0,116.3,100.6,2026-11,False
Kwara,North Central,kw Ilorin East Local Government Area,Measles1,754.0,96.7,91.7,2026-06,False
Kwara,North Central,kw Ilorin South Local Government Area,BCG,956.8,104.9,94.4,2026-07,False
Kwara,North Central,kw Ilorin South Local Government Area,Penta1,1081.1,111.1,102.2,2026-08,False
Kwara,North Central,kw Ilorin South Local Government Area,Penta3,1039.9,111.8,89.1,2026-11,False
Kwara,North Central,kw Ilorin South Local Government Area,Measles1,981.2,98.6,83.1,2026-10,False
Kwara,North Central,kw Ilorin West Local Government Area,BCG,1751.6,128.3,115.0,2026-07,False
Kwara,North Central,kw Ilorin West Local Government Area,Penta1,1919.9,136.4,144.1,2026-11,False
Kwara,North Central,kw Ilorin West Local Government Area,Penta3,1879.0,136.4,134.2,2026-11,False
Kwara,North Central,kw Ilorin West Local Government Area,Measles1,1411.1,154.5,100.4,2026-11,False
Kwara,North Central,kw Irepodun Local Government Area,BCG,609.1,106.6,76.3,2026-11,True
Kwara,North Central,kw Irepodun Local Government Area,Penta1,710.2,121.5,85.8,2026-07,False
Kwara,North Central,kw Irepodun Local Government Area,Penta3,659.0,122.1,80.3,2026-07,False
Kwara,North Central,kw Irepodun Local Government Area,Measles1,581.2,103.6,51.5,2026-06,True
Kwara,North Central,kw Isin Local Government Area,BCG,272.4,104.5,40.8,2026-06,True
Kwara,North Central,kw Isin Local Government Area,Penta1,289.6,129.5,100.0,2026-07,False
Kwara,North Central,kw Isin Local Government Area,Penta3,271.4,132.6,106.2,2026-07,False
Kwara,North Central,kw Isin Local Government Area,Measles1,231.2,126.0,97.9,2026-06,False
Kwara,North Central,kw Kaiama Local Government Area,BCG,644.3,100.8,77.1,2026-07,True
Kwara,North Central,kw Kaiama Local Government Area,Penta1,716.3,104.1,70.2,2026-07,True
Kwara,North Central,kw Kaiama Local Government Area,Penta3,656.4,99.6,82.1,2026-07,False
Kwara,North Central,kw Kaiama Local Government Area,Measles1,582.8,100.0,63.4,2026-07,True
Kwara,North Central,kw Moro Local Government Area,BCG,535.2,103.1,70.3,2026-11,True
Kwara,North Central,kw Moro Local Government Area,Penta1,660.2,107.8,70.2,2026-07,True
Kwara,North Central,kw Moro Local Government Area,Penta3,688.3,101.8,76.4,2026-07,True
Kwara,North Central,kw Moro Local Government Area,Measles1,540.9,101.0,65.1,2026-11,True
Kwara,North Central,kw Offa Local Government Area,BCG,413.2,151.3,131.5,2026-08,False
Kwara,North Central,kw Offa Local Government Area,Penta1,441.1,123.0,92.1,2026-11,False
Kwara,North Central,kw Offa Local Government Area,Penta3,433.5,130.7,86.9,2026-11,False
Kwara,North Central,kw Offa Local Government Area,Measles1,362.8,116.7,74.8,2026-11,True
Kwara,North Central,kw Oke-Ero Local Government Area,BCG,262.1,104.8,89.9,2026-10,False
Kwara,North Central,kw Oke-Ero Local Government Area,Penta1,331.2,122.9,130.2,2026-11,False
Kwara,North Central,kw Oke-Ero Local Government Area,Penta3,322.2,123.7,137.8,2026-11,False
Kwara,North Central,kw Oke-Ero Local Government Area,Measles1,255.9,110.3,96.4,2026-10,False
Kwara,North Central,kw Oyun Local Government Area,BCG,452.3,103.9,75.6,2026-11,True
Kwara,North Central,kw Oyun Local Government Area,Penta1,448.8,102.7,79.8,2026-12,True
Kwara,North Central,kw Oyun Local Government Area,Penta3,413.8,108.5,78.6,2026-11,True
Kwara,North Central,kw Oyun Local Government Area,Measles1,432.8,84.7,21.4,2026-12,True
Kwara,North Central,kw Pategi Local Government Area,BCG,449.1,104.3,88.8,2026-06,False
Kwara,North Central,kw Pategi Local Government Area,Penta1,574.7,98.7,94.4,2026-06,False
Kwara,North Central,kw Pategi Local Government Area,Penta3,521.1,100.5,97.5,2026-06,False
Kwara,North Central,kw Pategi Local Government Area,Measles1,425.1,89.4,34.9,2026-10,True
Lagos,South West,la Agege Local Government Area,BCG,1997.9,81.7,64.4,2026-09,True
Lagos,South West,la Agege Local Government Area,Penta1,2102.7,82.9,49.4,2026-09,True
Lagos,South West,la Agege Local Government Area,Penta3,1994.8,78.8,41.9,2026-10,True
Lagos,South West,la Agege Local Government Area,Measles1,1676.5,81.0,49.8,2026-09,True
Lagos,South West,la Ajeromi/Ifelodun Local Government Area,BCG,3402.9,82.4,49.0,2026-09,True
Lagos,South West,la Ajeromi/Ifelodun Local Government Area,Penta1,3114.4,84.3,23.3,2026-11,True
Lagos,South West,la Ajeromi/Ifelodun Local Government Area,Penta3,3161.8,87.4,19.3,2026-11,True
Lagos,South West,la Ajeromi/Ifelodun Local Government Area,Measles1,3290.6,93.4,64.7,2026-09,True
Lagos,South West,la Alimosho Local Government Area,BCG,4678.4,93.4,75.8,2026-09,True
Lagos,South West,la Alimosho Local Government Area,Penta1,5030.8,96.2,70.7,2026-09,True
Lagos,South West,la Alimosho Local Government Area,Penta3,4976.8,85.9,45.1,2026-10,True
Lagos,South West,la Alimosho Local Government Area,Measles1,9717.8,41.6,31.6,2026-10,True
Lagos,South West,la Amuwo Odofin Local Government Area,BCG,1796.4,98.3,98.4,2026-09,False
Lagos,South West,la Amuwo Odofin Local Government Area,Penta1,1375.2,115.3,75.1,2026-09,True
Lagos,South West,la Amuwo Odofin Local Government Area,Penta3,1342.2,113.8,79.0,2026-11,True
Lagos,South West,la Amuwo Odofin Local Government Area,Measles1,1533.8,97.6,66.1,2026-09,True
Lagos,South West,la Apapa Local Government Area,BCG,857.2,118.8,115.7,2026-09,False
Lagos,South West,la Apapa Local Government Area,Penta1,1002.4,108.8,85.7,2026-09,False
Lagos,South West,la Apapa Local Government Area,Penta3,959.3,110.1,93.0,2026-09,False
Lagos,South West,la Apapa Local Government Area,Measles1,858.7,108.7,91.9,2026-09,False
Lagos,South West,la Badagry Local Government Area,BCG,1224.1,100.3,65.8,2026-10,True
Lagos,South West,la Badagry Local Government Area,Penta1,1046.6,109.1,63.8,2026-10,True
Lagos,South West,la Badagry Local Government Area,Penta3,1032.7,106.0,67.8,2026-10,True
Lagos,South West,la Badagry Local Government Area,Measles1,943.8,103.4,74.0,2026-10,True
Lagos,South West,la Epe Local Government Area,BCG,745.4,92.9,63.1,2026-08,True
Lagos,South West,la Epe Local Government Area,Penta1,865.8,89.0,66.4,2026-09,True
Lagos,South West,la Epe Local Government Area,Penta3,857.9,89.4,54.3,2026-07,True
Lagos,South West,la Epe Local Government Area,Measles1,764.1,90.8,60.8,2026-09,True
Lagos,South West,la Eti-Osa Local Government Area,BCG,1319.2,87.6,54.6,2026-11,True
Lagos,South West,la Eti-Osa Local Government Area,Penta1,1262.6,89.8,65.4,2026-08,True
Lagos,South West,la Eti-Osa Local Government Area,Penta3,1320.8,87.6,51.7,2026-11,True
Lagos,South West,la Eti-Osa Local Government Area,Measles1,1307.5,85.5,56.3,2026-12,True
Lagos,South West,la Ibeju/Lekki Local Government Area,BCG,702.9,104.7,95.2,2026-11,False
Lagos,South West,la Ibeju/Lekki Local Government Area,Penta1,766.9,97.6,83.2,2026-12,False
Lagos,South West,la Ibeju/Lekki Local Government Area,Penta3,741.5,98.6,79.7,2026-11,True
Lagos,South West,la Ibeju/Lekki Local Government Area,Measles1,675.2,92.3,60.2,2026-10,True
Lagos,South West,la Ifako/Ijaye Local Government Area,BCG,2305.6,76.6,55.2,2026-11,True
Lagos,South West,la Ifako/Ijaye Local Government Area,Penta1,2190.3,82.0,50.6,2026-11,True
Lagos,South West,la Ifako/Ijaye Local Government Area,Penta3,2203.2,78.3,41.9,2026-11,True
Lagos,South West,la Ifako/Ijaye Local Government Area,Measles1,2105.1,69.7,53.2,2026-12,True
Lagos,South West,la Ikeja Local Government Area,BCG,1550.2,84.2,21.1,2026-12,True
Lagos,South West,la Ikeja Local Government Area,Penta1,1568.5,80.5,29.1,2026-12,True
Lagos,South West,la Ikeja Local Government Area,Penta3,1489.6,80.0,30.6,2026-12,True
Lagos,South West,la Ikeja Local Government Area,Measles1,1483.0,81.5,27.0,2026-12,True
Lagos,South West,la Ikorodu Local Government Area,BCG,2796.7,94.2,69.2,2026-08,True
Lagos,South West,la Ikorodu Local Government Area,Penta1,2409.8,105.5,68.5,2026-11,True
Lagos,South West,la Ikorodu Local Government Area,Penta3,2561.7,96.4,43.1,2026-11,True
Lagos,South West,la Ikorodu Local Government Area,Measles1,2601.5,105.0,58.1,2026-09,True
Lagos,South West,la Kosofe Local Government Area,BCG,2518.4,93.8,62.9,2026-11,True
Lagos,South West,la Kosofe Local Government Area,Penta1,2555.6,99.4,76.9,2026-11,True
Lagos,South West,la Kosofe Local Government Area,Penta3,2405.2,101.3,64.5,2026-11,True
Lagos,South West,la Kosofe Local Government Area,Measles1,2296.4,96.7,82.2,2026-11,False
Lagos,South West,la Lagos Island Local Government Area,BCG,701.8,96.0,57.8,2026-09,True
Lagos,South West,la Lagos Island Local Government Area,Penta1,856.8,92.8,36.4,2026-09,True
Lagos,South West,la Lagos Island Local Government Area,Penta3,881.6,92.0,43.9,2026-09,True
Lagos,South West,la Lagos Island Local Government Area,Measles1,818.4,90.7,22.9,2026-09,True
Lagos,South West,la Lagos Mainland Local Government Area,BCG,821.0,97.5,62.4,2026-12,True
Lagos,South West,la Lagos Mainland Local Government Area,Penta1,1193.2,92.5,72.7,2026-11,True
Lagos,South West,la Lagos Mainland Local Government Area,Penta3,1331.3,86.9,59.8,2026-12,True
Lagos,South West,la Lagos Mainland Local Government Area,Measles1,903.4,90.7,57.6,2026-12,True
Lagos,South West,la Mushin Local Government Area,BCG,2419.2,94.8,55.0,2026-12,True
Lagos,South West,la Mushin Local Government Area,Penta1,2356.2,104.5,76.6,2026-12,True
Lagos,South West,la Mushin Local Government Area,Penta3,2619.2,97.2,36.5,2026-12,True
Lagos,South West,la Mushin Local Government Area,Measles1,2446.1,87.7,45.6,2026-06,True
Lagos,South West,la Ojo Local Government Area,BCG,2420.1,111.7,80.7,2026-09,False
Lagos,South West,la Ojo Local Government Area,Penta1,2586.3,78.6,15.7,2026-09,True
Lagos,South West,la Ojo Local Government Area,Penta3,2843.7,73.1,15.7,2026-09,True
Lagos,South West,la Ojo Local Government Area,Measles1,2293.0,90.8,33.7,2026-09,True
Lagos,South West,la Oshodi/Isolo Local Government Area,BCG,2783.3,89.8,64.3,2026-11,True
Lagos,South West,la Oshodi/Isolo Local Government Area,Penta1,2568.7,95.1,53.4,2026-08,True
Lagos,South West,la Oshodi/Isolo Local Government Area,Penta3,2544.7,92.2,54.2,2026-08,True
Lagos,South West,la Oshodi/Isolo Local Government Area,Measles1,2692.1,89.7,61.0,2026-10,True
Lagos,South West,la Shomolu Local Government Area,BCG,1692.1,72.7,33.2,2026-12,True
Lagos,South West,la Shomolu Local Government Area,Penta1,1836.2,70.5,22.1,2026-09,True
Lagos,South West,la Shomolu Local Government Area,Penta3,1791.6,73.4,28.1,2026-11,True
Lagos,South West,la Shomolu Local Government Area,Measles1,1488.9,75.6,21.5,2026-09,True
Lagos,South West,la Surulere Local Government Area,BCG,1293.8,78.2,5.5,2026-12,True
Lagos,South West,la Surulere Local Government Area,Penta1,1986.2,74.7,3.6,2026-09,True
Lagos,South West,la Surulere Local Government Area,Penta3,2006.4,73.0,19.2,2026-10,True
Lagos,South West,la Surulere Local Government Area,Measles1,1581.2,73.5,-15.0,2026-09,True
Nasarawa,North Central,na Akwanga Local Government Area,BCG,396.9,144.7,161.3,2026-06,False
Nasarawa,North Central,na Akwanga Local Government Area,Penta1,454.8,130.8,163.0,2026-07,False
Nasarawa,North Central,na Akwanga Local Government Area,Penta3,453.5,138.7,161.7,2026-07,False
Nasarawa,North Central,na Akwanga Local Government Area,Measles1,365.6,159.2,138.1,2026-09,False
Nasarawa,North Central,na Awe Local Government Area,BCG,567.2,110.5,95.0,2026-07,False
Nasarawa,North Central,na Awe Local Government Area,Penta1,680.4,108.7,94.3,2026-07,False
Nasarawa,North Central,na Awe Local Government Area,Penta3,644.7,108.1,95.1,2026-07,False
Nasarawa,North Central,na Awe Local Government Area,Measles1,522.2,116.4,70.7,2026-06,True
Nasarawa,North Central,na Doma Local Government Area,BCG,584.5,115.2,98.0,2026-07,False
Nasarawa,North Central,na Doma Local Government Area,Penta1,677.2,113.4,97.1,2026-09,False
Nasarawa,North Central,na Doma Local Government Area,Penta3,636.3,116.2,104.0,2026-09,False
Nasarawa,North Central,na Doma Local Government Area,Measles1,727.1,90.9,100.9,2026-09,False
Nasarawa,North Central,na Karu Local Government Area,BCG,2250.9,103.4,99.2,2026-12,False
Nasarawa,North Central,na Karu Local Government Area,Penta1,2207.1,109.3,90.5,2026-09,False
Nasarawa,North Central,na Karu Local Government Area,Penta3,2118.5,109.3,106.4,2026-09,False
Nasarawa,North Central,na Karu Local Government Area,Measles1,3712.0,306.7,14.4,2026-11,True
Nasarawa,North Central,na Keana Local Government Area,BCG,330.0,123.4,121.0,2026-07,False
Nasarawa,North Central,na Keana Local Government Area,Penta1,394.2,121.4,119.1,2026-09,False
Nasarawa,North Central,na Keana Local Government Area,Penta3,388.7,119.9,126.3,2026-09,False
Nasarawa,North Central,na Keana Local Government Area,Measles1,365.8,120.0,94.4,2026-11,False
Nasarawa,North Central,na Keffi Local Government Area,BCG,738.3,93.2,63.4,2026-11,True
Nasarawa,North Central,na Keffi Local Government Area,Penta1,727.9,98.5,77.2,2026-09,True
Nasarawa,North Central,na Keffi Local Government Area,Penta3,667.6,100.2,75.4,2026-09,True
Nasarawa,North Central,na Keffi Local Government Area,Measles1,512.2,95.6,78.0,2026-11,True
Nasarawa,North Central,na Kokona Local Government Area,BCG,473.3,108.2,84.9,2026-12,False
Nasarawa,North Central,na Kokona Local Government Area,Penta1,564.6,102.3,78.8,2026-09,True
Nasarawa,North Central,na Kokona Local Government Area,Penta3,557.4,100.2,88.6,2026-11,False
Nasarawa,North Central,na Kokona Local Government Area,Measles1,467.2,108.2,102.9,2026-12,False
Nasarawa,North Central,na Lafia Local Government Area,BCG,1727.1,102.6,78.8,2026-06,True
Nasarawa,North Central,na Lafia Local Government Area,Penta1,2040.5,104.6,87.5,2026-09,False
Nasarawa,North Central,na Lafia Local Government Area,Penta3,1892.7,107.5,94.6,2026-09,False
Nasarawa,North Central,na Lafia Local Government Area,Measles1,1735.5,90.1,87.0,2026-09,False
Nasarawa,North Central,na Nasarawa Eggon Local Government Area,BCG,711.8,108.0,104.7,2026-06,False
Nasarawa,North Central,na Nasarawa Eggon Local Government Area,Penta1,879.9,97.7,94.3,2026-09,False
Nasarawa,North Central,na Nasarawa Eggon Local Government Area,Penta3,857.2,98.2,95.3,2026-09,False
Nasarawa,North Central,na Nasarawa Eggon Local Government Area,Measles1,757.2,95.3,59.1,2026-10,True
Nasarawa,North Central,na Nasarawa Local Government Area,BCG,950.9,111.8,98.8,2026-06,False
Nasarawa,North Central,na Nasarawa Local Government Area,Penta1,1129.8,116.2,114.2,2026-06,False
Nasarawa,North Central,na Nasarawa Local Government Area,Penta3,1009.8,121.8,115.7,2026-06,False
Nasarawa,North Central,na Nasarawa Local Government Area,Measles1,951.8,114.9,70.4,2026-06,True
Nasarawa,North Central,na Obi Local Government Area,BCG,720.3,113.7,89.1,2026-07,False
Nasarawa,North Central,na Obi Local Government Area,Penta1,899.7,108.5,75.7,2026-07,True
Nasarawa,North Central,na Obi Local Government Area,Penta3,880.8,106.8,80.9,2026-07,False
Nasarawa,North Central,na Obi Local Government Area,Measles1,821.3,116.1,86.4,2026-10,False
Nasarawa,North Central,na Toto Local Government Area,BCG,403.5,143.9,146.1,2026-07,False
Nasarawa,North Central,na Toto Local Government Area,Penta1,477.7,141.2,146.6,2026-09,False
Nasarawa,North Central,na Toto Local Government Area,Penta3,469.8,140.6,143.8,2026-07,False
Nasarawa,North Central,na Toto Local Government Area,Measles1,412.6,147.4,101.1,2026-07,False
Nasarawa,North Central,na Wamba Local Government Area,BCG,336.8,128.7,155.4,2026-12,False
Nasarawa,North Central,na Wamba Local Government Area,Penta1,390.2,123.7,133.4,2026-09,False
Nasarawa,North Central,na Wamba Local Government Area,Penta3,387.3,125.4,140.1,2026-09,False
Nasarawa,North Central,na Wamba Local Government Area,Measles1,337.3,124.6,123.5,2026-09,False
Niger,North Central,ni Agaie Local Government Area,BCG,1017.9,111.8,99.0,2026-07,False
Niger,North Central,ni Agaie Local Government Area,Penta1,1118.9,112.6,100.8,2026-09,False
Niger,North Central,ni Agaie Local Government Area,Penta3,1063.1,115.1,106.0,2026-09,False
Niger,North Central,ni Agaie Local Government Area,Measles1,999.7,113.1,101.1,2026-07,False
Niger,North Central,ni Agwara Local Government Area,BCG,841.2,105.4,108.4,2026-11,False
Niger,North Central,ni Agwara Local Government Area,Penta1,895.3,105.7,104.1,2026-06,False
Niger,North Central,ni Agwara Local Government Area,Penta3,867.2,99.3,90.3,2026-11,False
Niger,North Central,ni Agwara Local Government Area,Measles1,756.8,103.3,90.3,2026-11,False
Niger,North Central,ni Bida Local Government Area,BCG,1126.9,88.8,72.6,2026-11,True
Niger,North Central,ni Bida Local Government Area,Penta1,1215.9,94.1,72.0,2026-09,True
Niger,North Central,ni Bida Local Government Area,Penta3,1194.8,94.5,82.4,2026-09,False
Niger,North Central,ni Bida Local Government Area,Measles1,975.5,90.0,53.3,2026-10,True
Niger,North Central,ni Borgu Local Government Area,BCG,1350.5,110.4,88.0,2026-11,False
Niger,North Central,ni Borgu Local Government Area,Penta1,1449.0,111.5,86.4,2026-11,False
Niger,North Central,ni Borgu Local Government Area,Penta3,1248.2,110.5,75.0,2026-11,True
Niger,North Central,ni Borgu Local Government Area,Measles1,1389.9,182.9,4.2,2026-11,True
Niger,North Central,ni Bosso Local Government Area,BCG,848.8,104.9,94.1,2026-07,False
Niger,North Central,ni Bosso Local Government Area,Penta1,994.1,120.1,53.6,2026-09,True
Niger,North Central,ni Bosso Local Government Area,Penta3,903.2,105.5,91.6,2026-10,False
Niger,North Central,ni Bosso Local Government Area,Measles1,1071.2,77.8,-63.1,2026-06,True
Niger,North Central,ni Chanchaga Local Government Area,BCG,1390.0,91.6,61.2,2026-08,True
Niger,North Central,ni Chanchaga Local Government Area,Penta1,1321.7,96.1,60.1,2026-09,True
Niger,North Central,ni Chanchaga Local Government Area,Penta3,1033.9,108.9,68.8,2026-09,True
Niger,North Central,ni Chanchaga Local Government Area,Measles1,856.9,95.4,64.9,2026-09,True
Niger,North Central,ni Edati Local Government Area,BCG,972.1,99.6,76.1,2026-11,True
Niger,North Central,ni Edati Local Government Area,Penta1,1000.9,104.9,99.8,2026-09,False
Niger,North Central,ni Edati Local Government Area,Penta3,973.2,101.2,91.5,2026-09,False
Niger,North Central,ni Edati Local Government Area,Measles1,965.2,104.3,81.8,2026-10,False
Niger,North Central,ni Gbako Local Government Area,BCG,940.1,119.2,118.8,2026-07,False
Niger,North Central,ni Gbako Local Government Area,Penta1,1203.3,116.9,96.5,2026-09,False
Niger,North Central,ni Gbako Local Government Area,Penta3,1101.7,125.4,121.4,2026-09,False
Niger,North Central,ni Gbako Local Government Area,Measles1,1012.9,104.9,98.4,2026-09,False
Niger,North Central,ni Gurara Local Government Area,BCG,447.0,110.0,103.4,2026-07,False
Niger,North Central,ni Gurara Local Government Area,Penta1,551.3,109.5,97.7,2026-09,False
Niger,North Central,ni Gurara Local Government Area,Penta3,530.5,108.5,75.4,2026-09,True
Niger,North Central,ni Gurara Local Government Area,Measles1,440.0,104.7,79.0,2026-10,True
Niger,North Central,ni Katcha Local Government Area,BCG,905.0,104.8,76.8,2026-11,True
Niger,North Central,ni Katcha Local Government Area,Penta1,936.6,108.8,69.5,2026-08,True
Niger,North Central,ni Katcha Local Government Area,Penta3,937.2,94.2,49.6,2026-11,True
Niger,North Central,ni Katcha Local Government Area,Measles1,878.1,92.6,43.8,2026-07,True
Niger,North Central,ni Kontagora Local Government Area,BCG,1289.7,88.5,29.2,2026-11,True
Niger,North Central,ni Kontagora Local Government Area,Penta1,1253.0,92.1,18.9,2026-11,True
Niger,North Central,ni Kontagora Local Government Area,Penta3,1131.2,94.7,44.0,2026-11,True
Niger,North Central,ni Kontagora Local Government Area,Measles1,1004.7,93.7,67.6,2026-11,True
Niger,North Central,ni Lapai Local Government Area,BCG,919.9,92.0,77.5,2026-08,True
Niger,North Central,ni Lapai Local Government Area,Penta1,1019.5,95.1,69.4,2026-09,True
Niger,North Central,ni Lapai Local Government Area,Penta3,983.9,93.8,68.0,2026-09,True
Niger,North Central,ni Lapai Local Government Area,Measles1,892.8,108.2,55.0,2026-09,True
Niger,North Central,ni Lavun Local Government Area,BCG,1236.5,106.9,70.3,2026-09,True
Niger,North Central,ni Lavun Local Government Area,Penta1,1440.6,103.4,85.2,2026-09,False
Niger,North Central,ni Lavun Local Government Area,Penta3,1381.4,102.4,78.6,2026-06,True
Niger,North Central,ni Lavun Local Government Area,Measles1,1292.6,98.5,60.4,2026-06,True
Niger,North Central,ni Magama Local Government Area,BCG,953.8,106.3,84.0,2026-08,False
Niger,North Central,ni Magama Local Government Area,Penta1,1177.4,105.1,78.0,2026-09,True
Niger,North Central,ni Magama Local Government Area,Penta3,1064.6,123.6,100.9,2026-06,False
Niger,North Central,ni Magama Local Government Area,Measles1,1103.7,90.8,11.8,2026-06,True
Niger,North Central,ni Mariga Local Government Area,BCG,1451.3,86.8,30.7,2026-09,True
Niger,North Central,ni Mariga Local Government Area,Penta1,1348.2,102.1,60.7,2026-06,True
Niger,North Central,ni Mariga Local Government Area,Penta3,1244.5,99.1,49.6,2026-09,True
Niger,North Central,ni Mariga Local Government Area,Measles1,1179.6,87.8,56.0,2026-06,True
Niger,North Central,ni Mashegu Local Government Area,BCG,1132.5,120.1,51.0,2026-08,True
Niger,North Central,ni Mashegu Local Government Area,Penta1,1255.6,116.2,43.4,2026-08,True
Niger,North Central,ni Mashegu Local Government Area,Penta3,1104.0,119.1,76.2,2026-08,True
Niger,North Central,ni Mashegu Local Government Area,Measles1,1056.5,127.2,87.3,2026-08,False
Niger,North Central,ni Mokwa Local Government Area,BCG,1706.2,99.5,92.4,2026-09,False
Niger,North Central,ni Mokwa Local Government Area,Penta1,1714.0,106.2,88.7,2026-09,False
Niger,North Central,ni Mokwa Local Government Area,Penta3,1650.0,102.0,94.4,2026-07,False
Niger,North Central,ni Mokwa Local Government Area,Measles1,1603.3,105.7,77.8,2026-10,True
Niger,North Central,ni Muya Local Government Area,BCG,622.7,113.9,105.4,2026-08,False
Niger,North Central,ni Muya Local Government Area,Penta1,743.2,105.1,98.4,2026-08,False
Niger,North Central,ni Muya Local Government Area,Penta3,723.6,107.5,90.2,2026-11,False
Niger,North Central,ni Muya Local Government Area,Measles1,577.5,116.9,89.5,2026-11,False
Niger,North Central,ni Paikoro Local Government Area,BCG,866.3,94.8,17.0,2026-11,True
Niger,North Central,ni Paikoro Local Government Area,Penta1,873.0,105.6,78.7,2026-07,True
Niger,North Central,ni Paikoro Local Government Area,Penta3,851.7,95.9,85.5,2026-11,False
Niger,North Central,ni Paikoro Local Government Area,Measles1,832.8,269.7,-180.0,2026-11,True
Niger,North Central,ni Rafi Local Government Area,BCG,1130.8,98.9,62.2,2026-11,True
Niger,North Central,ni Rafi Local Government Area,Penta1,956.7,125.5,88.9,2026-11,False
Niger,North Central,ni Rafi Local Government Area,Penta3,902.6,110.9,71.9,2026-09,True
Niger,North Central,ni Rafi Local Government Area,Measles1,680.5,114.3,88.8,2026-11,False
Niger,North Central,ni Rijau Local Government Area,BCG,1128.6,119.7,117.9,2026-07,False
Niger,North Central,ni Rijau Local Government Area,Penta1,1182.8,116.9,108.4,2026-09,False
Niger,North Central,ni Rijau Local Government Area,Penta3,1088.8,122.6,122.5,2026-09,False
Niger,North Central,ni Rijau Local Government Area,Measles1,1140.7,110.4,90.5,2026-11,False
Niger,North Central,ni Shiroro Local Government Area,BCG,1170.6,144.8,150.8,2026-09,False
Niger,North Central,ni Shiroro Local Government Area,Penta1,1311.0,145.7,152.1,2026-06,False
Niger,North Central,ni Shiroro Local Government Area,Penta3,1189.6,140.6,153.2,2026-10,False
Niger,North Central,ni Shiroro Local Government Area,Measles1,1179.2,126.2,81.7,2026-10,False
Niger,North Central,ni Suleja Local Government Area,BCG,1177.6,106.8,58.6,2026-09,True
Niger,North Central,ni Suleja Local Government Area,Penta1,1268.6,107.8,48.2,2026-09,True
Niger,North Central,ni Suleja Local Government Area,Penta3,1298.3,105.0,44.4,2026-09,True
Niger,North Central,ni Suleja Local Government Area,Measles1,1043.8,98.1,38.7,2026-09,True
Niger,North Central,ni Tafa Local Government Area,BCG,556.8,145.7,130.2,2026-07,False
Niger,North Central,ni Tafa Local Government Area,Penta1,613.1,139.1,102.7,2026-09,False
Niger,North Central,ni Tafa Local Government Area,Penta3,575.8,149.3,114.5,2026-09,False
Niger,North Central,ni Tafa Local Government Area,Measles1,513.6,127.2,105.0,2026-08,False
Niger,North Central,ni Wushishi Local Government Area,BCG,452.8,117.0,93.7,2026-08,False
Niger,North Central,ni Wushishi Local Government Area,Penta1,507.7,113.4,83.3,2026-09,False
Niger,North Central,ni Wushishi Local Government Area,Penta3,501.8,105.3,92.7,2026-09,False
Niger,North Central,ni Wushishi Local Government Area,Measles1,397.0,109.8,84.6,2026-10,False
Ogun,South West,og Abeokuta North Local Government Area,BCG,1091.8,95.7,81.6,2026-11,False
Ogun,South West,og Abeokuta North Local Government Area,Penta1,897.3,109.9,96.5,2026-07,False
Ogun,South West,og Abeokuta North Local Government Area,Penta3,804.1,113.9,102.5,2026-07,False
Ogun,South West,og Abeokuta North Local Government Area,Measles1,904.7,109.9,102.2,2026-11,False
Ogun,South West,og Abeokuta South Local Government Area,BCG,1425.8,84.9,84.7,2026-12,False
Ogun,South West,og Abeokuta South Local Government Area,Penta1,1234.2,85.2,82.4,2026-09,False
Ogun,South West,og Abeokuta South Local Government Area,Penta3,1114.5,88.9,80.1,2026-11,False
Ogun,South West,og Abeokuta South Local Government Area,Measles1,1096.7,80.8,71.3,2026-12,True
Ogun,South West,og Ado Odo/Ota Local Government Area,BCG,3843.8,103.3,99.7,2026-12,False
Ogun,South West,og Ado Odo/Ota Local Government Area,Penta1,2717.2,93.0,75.5,2026-07,True
Ogun,South West,og Ado Odo/Ota Local Government Area,Penta3,1984.5,130.2,91.4,2026-07,False
Ogun,South West,og Ado Odo/Ota Local Government Area,Measles1,2382.1,107.0,99.8,2026-12,False
Ogun,South West,og Ewekoro Local Government Area,BCG,480.8,110.1,105.1,2026-09,False
Ogun,South West,og Ewekoro Local Government Area,Penta1,280.2,135.4,100.8,2026-12,False
Ogun,South West,og Ewekoro Local Government Area,Penta3,238.3,137.2,102.1,2026-07,False
Ogun,South West,og Ewekoro Local Government Area,Measles1,282.3,157.6,108.9,2026-08,False
Ogun,South West,og Ifo Local Government Area,BCG,3282.9,105.7,87.6,2026-07,False
Ogun,South West,og Ifo Local Government Area,Penta1,2477.2,111.9,74.3,2026-07,True
Ogun,South West,og Ifo Local Government Area,Penta3,2510.8,112.2,61.9,2026-07,True
Ogun,South West,og Ifo Local Government Area,Measles1,2422.3,103.7,81.2,2026-07,False
Ogun,South West,og Ijebu East Local Government Area,BCG,623.3,93.2,80.3,2026-06,False
Ogun,South West,og Ijebu East Local Government Area,Penta1,536.2,102.7,77.2,2026-06,True
Ogun,South West,og Ijebu East Local Government Area,Penta3,498.6,102.7,80.1,2026-06,False
Ogun,South West,og Ijebu East Local Government Area,Measles1,538.5,96.9,72.9,2026-06,True
Ogun,South West,og Ijebu North East Local Government Area,BCG,490.8,98.2,87.7,2026-09,False
Ogun,South West,og Ijebu North East Local Government Area,Penta1,338.4,111.4,80.1,2026-12,False
Ogun,South West,og Ijebu North East Local Government Area,Penta3,330.0,108.9,87.2,2026-12,False
Ogun,South West,og Ijebu North East Local Government Area,Measles1,457.1,90.1,79.0,2026-09,True
Ogun,South West,og Ijebu North Local Government Area,BCG,1665.6,75.1,56.4,2026-09,True
Ogun,South West,og Ijebu North Local Government Area,Penta1,1293.4,85.4,69.3,2026-10,True
Ogun,South West,og Ijebu North Local Government Area,Penta3,1237.9,88.7,72.3,2026-10,True
Ogun,South West,og Ijebu North Local Government Area,Measles1,1580.2,78.1,39.1,2026-09,True
Ogun,South West,og Ijebu Ode Local Government Area,BCG,1211.2,84.8,89.9,2026-12,False
Ogun,South West,og Ijebu Ode Local Government Area,Penta1,775.9,102.2,88.9,2026-12,False
Ogun,South West,og Ijebu Ode Local Government Area,Penta3,769.1,99.3,87.6,2026-12,False
Ogun,South West,og Ijebu Ode Local Government Area,Measles1,959.7,86.2,74.5,2026-07,True
Ogun,South West,og Ikenne Local Government Area,BCG,650.0,75.4,56.4,2026-07,True
Ogun,South West,og Ikenne Local Government Area,Penta1,654.7,75.0,70.1,2026-12,True
Ogun,South West,og Ikenne Local Government Area,Penta3,623.3,75.8,63.2,2026-11,True
Ogun,South West,og Ikenne Local Government Area,Measles1,663.5,74.3,50.6,2026-07,True
Ogun,South West,og Imeko Afon Local Government Area,BCG,585.8,89.1,88.8,2026-07,False
Ogun,South West,og Imeko Afon Local Government Area,Penta1,448.8,76.3,52.2,2026-12,True
Ogun,South West,og Imeko Afon Local Government Area,Penta3,409.4,72.8,48.5,2026-12,True
Ogun,South West,og Imeko Afon Local Government Area,Measles1,482.0,80.0,78.8,2026-06,True
Ogun,South West,og Ipokia Local Government Area,BCG,709.8,121.1,85.5,2026-09,False
Ogun,South West,og Ipokia Local Government Area,Penta1,512.2,139.4,108.3,2026-07,False
Ogun,South West,og Ipokia Local Government Area,Penta3,410.3,153.8,111.1,2026-07,False
Ogun,South West,og Ipokia Local Government Area,Measles1,505.6,120.9,74.4,2026-09,True
Ogun,South West,og Obafemi Owode Local Government Area,BCG,1159.9,91.0,79.0,2026-11,True
Ogun,South West,og Obafemi Owode Local Government Area,Penta1,1142.6,102.5,89.6,2026-07,False
Ogun,South West,og Obafemi Owode Local Government Area,Penta3,1063.2,113.8,87.3,2026-07,False
Ogun,South West,og Obafemi Owode Local Government Area,Measles1,971.8,114.5,-10.8,2026-07,True
Ogun,South West,og Odeda Local Government Area,BCG,666.2,101.4,103.8,2026-07,False
Ogun,South West,og Odeda Local Government Area,Penta1,586.8,105.8,98.5,2026-07,False
Ogun,South West,og Odeda Local Government Area,Penta3,564.9,98.7,92.7,2026-07,False
Ogun,South West,og Odeda Local Government Area,Measles1,550.3,98.5,14.1,2026-09,True
Ogun,South West,og Odogbolu Local Government Area,BCG,751.8,84.0,76.9,2026-10,True
Ogun,South West,og Odogbolu Local Government Area,Penta1,657.1,93.6,71.7,2026-07,True
Ogun,South West,og Odogbolu Local Government Area,Penta3,628.9,93.1,71.0,2026-10,True
Ogun,South West,og Odogbolu Local Government Area,Measles1,686.9,90.3,74.6,2026-10,True
Ogun,South West,og Ogun Waterside Local Government Area,BCG,371.3,101.9,98.5,2026-09,False
Ogun,South West,og Ogun Waterside Local Government Area,Penta1,284.3,129.6,101.9,2026-12,False
Ogun,South West,og Ogun Waterside Local Government Area,Penta3,276.2,129.5,98.1,2026-07,False
Ogun,South West,og Ogun Waterside Local Government Area,Measles1,359.3,102.0,95.6,2026-08,False
Ogun,South West,og Remo North Local Government Area,BCG,380.0,98.6,100.3,2026-08,False
Ogun,South West,og Remo North Local Government Area,Penta1,294.5,110.1,87.5,2026-10,False
Ogun,South West,og Remo North Local Government Area,Penta3,278.0,107.0,81.4,2026-10,False
Ogun,South West,og Remo North Local Government Area,Measles1,362.8,95.5,93.0,2026-10,False
Ogun,South West,og Sagamu Local Government Area,BCG,1468.1,97.4,73.6,2026-12,True
Ogun,South West,og Sagamu Local Government Area,Penta1,1266.6,107.0,75.9,2026-12,True
Ogun,South West,og Sagamu Local Government Area,Penta3,1176.8,106.9,67.8,2026-12,True
Ogun,South West,og Sagamu Local Government Area,Measles1,1160.6,110.3,85.2,2026-12,False
Ogun,South West,og Yewa North Local Government Area,BCG,1136.3,79.4,70.1,2026-12,True
Ogun,South West,og Yewa North Local Government Area,Penta1,989.8,81.3,85.5,2026-12,False
Ogun,South West,og Yewa North Local Government Area,Penta3,962.4,82.3,80.0,2026-12,True
Ogun,South West,og Yewa North Local Government Area,Measles1,917.6,86.6,97.1,2026-12,False
Ogun,South West,og Yewa South Local Government Area,BCG,856.6,91.6,73.0,2026-10,True
Ogun,South West,og Yewa South Local Government Area,Penta1,707.4,103.4,67.1,2026-12,True
Ogun,South West,og Yewa South Local Government Area,Penta3,650.1,106.2,67.2,2026-12,True
Ogun,South West,og Yewa South Local Government Area,Measles1,766.2,85.4,63.0,2026-10,True
Ondo,South West,on Akoko North East Local Government Area,BCG,657.8,114.3,112.4,2026-07,False
Ondo,South West,on Akoko North East Local Government Area,Penta1,686.3,111.6,106.7,2026-07,False
Ondo,South West,on Akoko North East Local Government Area,Penta3,681.2,110.9,106.2,2026-07,False
Ondo,South West,on Akoko North East Local Government Area,Measles1,990.2,72.3,78.9,2026-07,True
Ondo,South West,on Akoko North West Local Government Area,BCG,637.7,161.1,231.0,2026-06,False
Ondo,South West,on Akoko North West Local Government Area,Penta1,677.3,158.2,225.5,2026-06,False
Ondo,South West,on Akoko North West Local Government Area,Penta3,651.1,159.3,229.3,2026-06,False
Ondo,South West,on Akoko North West Local Government Area,Measles1,650.6,152.9,213.3,2026-06,False
Ondo,South West,on Akoko South East Local Government Area,BCG,286.8,131.4,158.8,2026-08,False
Ondo,South West,on Akoko South East Local Government Area,Penta1,321.5,134.0,156.0,2026-06,False
Ondo,South West,on Akoko South East Local Government Area,Penta3,317.9,134.5,161.2,2026-06,False
Ondo,South West,on Akoko South East Local Government Area,Measles1,297.8,141.8,164.4,2026-06,False
Ondo,South West,on Akoko South West Local Government Area,BCG,463.8,183.7,218.8,2026-08,False
Ondo,South West,on Akoko South West Local Government Area,Penta1,570.0,171.1,168.1,2026-07,False
Ondo,South West,on Akoko South West Local Government Area,Penta3,566.9,179.5,133.6,2026-07,False
Ondo,South West,on Akoko South West Local Government Area,Measles1,465.6,157.6,134.0,2026-07,False
Ondo,South West,on Akure North Local Government Area,BCG,878.7,88.1,77.9,2026-12,True
Ondo,South West,on Akure North Local Government Area,Penta1,909.1,92.9,87.9,2026-10,False
Ondo,South West,on Akure North Local Government Area,Penta3,891.1,92.7,88.1,2026-12,False
Ondo,South West,on Akure North Local Government Area,Measles1,834.8,94.3,89.6,2026-10,False
Ondo,South West,on Akure South Local Government Area,BCG,2093.3,83.1,60.0,2026-12,True
Ondo,South West,on Akure South Local Government Area,Penta1,1883.4,84.1,69.6,2026-12,True
Ondo,South West,on Akure South Local Government Area,Penta3,1837.7,84.7,71.2,2026-12,True
Ondo,South West,on Akure South Local Government Area,Measles1,1829.5,85.1,58.0,2026-12,True
Ondo,South West,on Ese Odo Local Government Area,BCG,869.7,99.1,92.2,2026-09,False
Ondo,South West,on Ese Odo Local Government Area,Penta1,758.5,111.3,110.2,2026-06,False
Ondo,South West,on Ese Odo Local Government Area,Penta3,743.2,109.9,106.9,2026-06,False
Ondo,South West,on Ese Odo Local Government Area,Measles1,731.8,111.0,106.3,2026-06,False
Ondo,South West,on Idanre Local Government Area,BCG,611.8,113.4,122.0,2026-08,False
Ondo,South West,on Idanre Local Government Area,Penta1,656.3,115.6,113.8,2026-07,False
Ondo,South West,on Idanre Local Government Area,Penta3,607.2,113.1,118.5,2026-07,False
Ondo,South West,on Idanre Local Government Area,Measles1,503.4,109.4,117.0,2026-10,False
Ondo,South West,on Ifedore Local Government Area,BCG,185.8,105.5,84.3,2026-12,False
Ondo,South West,on Ifedore Local Government Area,Penta1,207.3,116.5,107.1,2026-06,False
Ondo,South West,on Ifedore Local Government Area,Penta3,200.9,115.8,113.1,2026-06,False
Ondo,South West,on Ifedore Local Government Area,Measles1,198.3,103.7,92.4,2026-06,False
Ondo,South West,on Ilaje Local Government Area,BCG,1608.2,102.0,102.2,2026-07,False
Ondo,South West,on Ilaje Local Government Area,Penta1,1686.3,102.9,104.1,2026-07,False
Ondo,South West,on Ilaje Local Government Area,Penta3,1562.8,104.3,107.8,2026-07,False
Ondo,South West,on Ilaje Local Government Area,Measles1,1463.9,103.9,108.8,2026-07,False
Ondo,South West,on Ile-Oluji/Okeigbo Local Government Area,BCG,730.0,129.4,150.6,2026-06,False
Ondo,South West,on Ile-Oluji/Okeigbo Local Government Area,Penta1,854.9,118.5,103.8,2026-10,False
Ondo,South West,on Ile-Oluji/Okeigbo Local Government Area,Penta3,826.5,119.7,103.8,2026-10,False
Ondo,South West,on Ile-Oluji/Okeigbo Local Government Area,Measles1,737.0,122.7,136.4,2026-06,False
Ondo,South West,on Irele Local Government Area,BCG,835.2,111.0,112.6,2026-12,False
Ondo,South West,on Irele Local Government Area,Penta1,756.8,105.6,82.9,2026-10,False
Ondo,South West,on Irele Local Government Area,Penta3,726.1,105.1,82.2,2026-10,False
Ondo,South West,on Irele Local Government Area,Measles1,768.0,115.5,110.5,2026-09,False
Ondo,South West,on Odigbo Local Government Area,BCG,2137.1,90.2,83.5,2026-12,False
Ondo,South West,on Odigbo Local Government Area,Penta1,1802.7,71.9,59.4,2026-12,True
Ondo,South West,on Odigbo Local Government Area,Penta3,1744.2,71.9,59.1,2026-12,True
Ondo,South West,on Odigbo Local Government Area,Measles1,2207.5,60.6,63.1,2026-06,True
Ondo,South West,on Okitipupa Local Government Area,BCG,1337.2,98.6,94.2,2026-08,False
Ondo,South West,on Okitipupa Local Government Area,Penta1,1183.2,95.2,73.4,2026-10,True
Ondo,South West,on Okitipupa Local Government Area,Penta3,1117.1,94.9,73.1,2026-10,True
Ondo,South West,on Okitipupa Local Government Area,Measles1,1168.8,99.5,84.2,2026-08,False
Ondo,South West,on Ondo East Local Government Area,BCG,303.4,114.5,126.8,2026-07,False
Ondo,South West,on Ondo East Local Government Area,Penta1,320.5,120.9,139.2,2026-07,False
Ondo,South West,on Ondo East Local Government Area,Penta3,314.0,113.3,127.9,2026-07,False
Ondo,South West,on Ondo East Local Government Area,Measles1,294.6,115.0,102.9,2026-07,False
Ondo,South West,on Ondo West Local Government Area,BCG,1236.1,109.2,101.5,2026-12,False
Ondo,South West,on Ondo West Local Government Area,Penta1,1324.0,107.0,104.9,2026-12,False
Ondo,South West,on Ondo West Local Government Area,Penta3,1282.6,106.2,106.6,2026-12,False
Ondo,South West,on Ondo West Local Government Area,Measles1,1187.4,103.4,98.9,2026-12,False
Ondo,South West,on Ose Local Government Area,BCG,347.8,173.7,292.4,2026-06,False
Ondo,South West,on Ose Local Government Area,Penta1,349.2,168.7,277.6,2026-07,False
Ondo,South West,on Ose Local Government Area,Penta3,346.2,167.5,253.0,2026-07,False
Ondo,South West,on Ose Local Government Area,Measles1,342.5,161.4,265.6,2026-06,False
Ondo,South West,on Owo Local Government Area,BCG,566.8,164.0,113.9,2026-07,False
Ondo,South West,on Owo Local Government Area,Penta1,671.4,156.6,166.2,2026-07,False
Ondo,South West,on Owo Local Government Area,Penta3,663.8,157.7,162.8,2026-07,False
Ondo,South West,on Owo Local Government Area,Measles1,550.9,150.8,149.0,2026-07,False
Osun,South West,os Atakumosa East Local Government Area,BCG,299.0,74.3,90.9,2026-12,False
Osun,South West,os Atakumosa East Local Government Area,Penta1,388.3,77.5,91.4,2026-12,False
Osun,South West,os Atakumosa East Local Government Area,Penta3,365.5,77.1,94.9,2026-12,False
Osun,South West,os Atakumosa East Local Government Area,Measles1,291.5,88.2,101.7,2026-10,False
Osun,South West,os Atakumosa West Local Government Area,BCG,177.1,88.9,61.3,2026-12,True
Osun,South West,os Atakumosa West Local Government Area,Penta1,303.2,82.7,78.4,2026-12,True
Osun,South West,os Atakumosa West Local Government Area,Penta3,270.3,84.2,81.4,2026-12,False
Osun,South West,os Atakumosa West Local Government Area,Measles1,185.9,88.3,59.5,2026-12,True
Osun,South West,os Ayedaade Local Government Area,BCG,473.7,90.5,70.5,2026-12,True
Osun,South West,os Ayedaade Local Government Area,Penta1,714.6,79.6,49.4,2026-12,True
Osun,South West,os Ayedaade Local Government Area,Penta3,712.1,78.1,47.8,2026-12,True
Osun,South West,os Ayedaade Local Government Area,Measles1,473.2,91.7,72.2,2026-12,True
Osun,South West,os Ayedire Local Government Area,BCG,165.2,88.3,73.7,2026-08,True
Osun,South West,os Ayedire Local Government Area,Penta1,236.8,88.9,87.0,2026-10,False
Osun,South West,os Ayedire Local Government Area,Penta3,226.1,89.3,91.3,2026-08,False
Osun,South West,os Ayedire Local Government Area,Measles1,160.5,145.4,69.7,2026-10,True
Osun,South West,os Boluwaduro Local Government Area,BCG,308.8,83.1,105.5,2026-08,False
Osun,South West,os Boluwaduro Local Government Area,Penta1,367.1,78.5,44.8,2026-12,True
Osun,South West,os Boluwaduro Local Government Area,Penta3,343.8,79.7,54.5,2026-12,True
Osun,South West,os Boluwaduro Local Government Area,Measles1,266.5,94.0,101.0,2026-08,False
Osun,South West,os Boripe Local Government Area,BCG,727.2,77.1,72.9,2026-11,True
Osun,South West,os Boripe Local Government Area,Penta1,658.3,72.7,56.3,2026-12,True
Osun,South West,os Boripe Local Government Area,Penta3,646.3,70.5,71.2,2026-12,True
Osun,South West,os Boripe Local Government Area,Measles1,599.6,76.4,40.9,2026-12,True
Osun,South West,os Ede North Local Government Area,BCG,289.3,92.7,98.8,2026-08,False
Osun,South West,os Ede North Local Government Area,Penta1,424.8,80.8,101.8,2026-12,False
Osun,South West,os Ede North Local Government Area,Penta3,393.2,82.4,100.8,2026-09,False
Osun,South West,os Ede North Local Government Area,Measles1,287.1,76.6,89.3,2026-11,False
Osun,South West,os Ede South Local Government Area,BCG,284.7,112.3,77.7,2026-12,True
Osun,South West,os Ede South Local Government Area,Penta1,346.4,106.1,104.2,2026-06,False
Osun,South West,os Ede South Local Government Area,Penta3,320.9,107.7,102.0,2026-09,False
Osun,South West,os Ede South Local Government Area,Measles1,231.1,104.9,77.4,2026-11,True
Osun,South West,os Egbedore Local Government Area,BCG,259.0,91.7,79.8,2026-08,True
Osun,South West,os Egbedore Local Government Area,Penta1,315.9,105.0,101.4,2026-08,False
Osun,South West,os Egbedore Local Government Area,Penta3,292.9,99.0,100.7,2026-11,False
Osun,South West,os Egbedore Local Government Area,Measles1,263.0,85.2,86.0,2026-08,False
Osun,South West,os Ejigbo Local Government Area,BCG,447.0,91.1,88.1,2026-09,False
Osun,South West,os Ejigbo Local Government Area,Penta1,526.8,88.9,96.8,2026-09,False
Osun,South West,os Ejigbo Local Government Area,Penta3,554.3,77.1,90.9,2026-06,False
Osun,South West,os Ejigbo Local Government Area,Measles1,417.8,79.4,36.8,2026-12,True
Osun,South West,os Ife Central Local Government Area,BCG,832.1,74.5,73.4,2026-12,True
Osun,South West,os Ife Central Local Government Area,Penta1,947.0,91.5,71.6,2026-12,True
Osun,South West,os Ife Central Local Government Area,Penta3,931.6,76.5,69.1,2026-12,True
Osun,South West,os Ife Central Local Government Area,Measles1,591.5,79.0,50.3,2026-09,True
Osun,South West,os Ife East Local Government Area,BCG,914.0,81.5,77.8,2026-12,True
Osun,South West,os Ife East Local Government Area,Penta1,975.0,87.0,84.5,2026-12,False
Osun,South West,os Ife East Local Government Area,Penta3,937.5,86.3,91.4,2026-12,False
Osun,South West,os Ife East Local Government Area,Measles1,778.8,75.8,9.8,2026-09,True
Osun,South West,os Ife North Local Government Area,BCG,725.2,67.8,43.8,2026-12,True
Osun,South West,os Ife North Local Government Area,Penta1,625.1,76.7,16.3,2026-12,True
Osun,South West,os Ife North Local Government Area,Penta3,599.3,75.4,5.5,2026-12,True
Osun,South West,os Ife North Local Government Area,Measles1,662.8,68.3,34.4,2026-12,True
Osun,South West,os Ife South Local Government Area,BCG,474.8,82.8,75.2,2026-12,True
Osun,South West,os Ife South Local Government Area,Penta1,579.2,90.5,77.7,2026-12,True
Osun,South West,os Ife South Local Government Area,Penta3,561.2,92.1,75.1,2026-12,True
Osun,South West,os Ife South Local Government Area,Measles1,433.2,85.6,-29.1,2026-06,True
Osun,South West,os Ifedayo Local Government Area,BCG,114.8,92.3,86.0,2026-06,False
Osun,South West,os Ifedayo Local Government Area,Penta1,143.9,96.8,73.9,2026-12,True
Osun,South West,os Ifedayo Local Government Area,Penta3,150.8,95.2,66.5,2026-08,True
Osun,South West,os Ifedayo Local Government Area,Measles1,150.8,101.2,78.6,2026-11,True
Osun,South West,os Ifelodun Local Government Area,BCG,463.5,94.8,65.9,2026-09,True
Osun,South West,os Ifelodun Local Government Area,Penta1,393.9,93.5,65.8,2026-09,True
Osun,South West,os Ifelodun Local Government Area,Penta3,306.8,115.6,53.9,2026-09,True
Osun,South West,os Ifelodun Local Government Area,Measles1,299.8,95.6,58.3,2026-09,True
Osun,South West,os Ila Local Government Area,BCG,185.1,90.3,61.1,2026-12,True
Osun,South West,os Ila Local Government Area,Penta1,330.1,78.2,56.6,2026-12,True
Osun,South West,os Ila Local Government Area,Penta3,357.8,66.6,69.5,2026-12,True
Osun,South West,os Ila Local Government Area,Measles1,236.1,70.3,59.3,2026-12,True
Osun,South West,os Ilesa East Local Government Area,BCG,304.9,86.0,71.0,2026-06,True
Osun,South West,os Ilesa East Local Government Area,Penta1,464.2,87.1,84.2,2026-06,False
Osun,South West,os Ilesa East Local Government Area,Penta3,418.4,86.3,76.3,2026-06,True
Osun,South West,os Ilesa East Local Government Area,Measles1,270.2,78.2,58.2,2026-06,True
Osun,South West,os Ilesa West Local Government Area,BCG,346.4,97.5,74.2,2026-12,True
Osun,South West,os Ilesa West Local Government Area,Penta1,361.9,102.1,67.6,2026-12,True
Osun,South West,os Ilesa West Local Government Area,Penta3,346.9,88.3,30.6,2026-06,True
Osun,South West,os Ilesa West Local Government Area,Measles1,274.5,77.8,43.1,2026-11,True
Osun,South West,os Irepodun Local Government Area,BCG,416.5,95.3,105.9,2026-12,False
Osun,South West,os Irepodun Local Government Area,Penta1,481.7,86.6,89.9,2026-12,False
Osun,South West,os Irepodun Local Government Area,Penta3,433.3,86.8,89.6,2026-06,False
Osun,South West,os Irepodun Local Government Area,Measles1,305.7,87.5,78.6,2026-09,True
Osun,South West,os Irewole Local Government Area,BCG,357.4,88.1,85.8,2026-10,False
Osun,South West,os Irewole Local Government Area,Penta1,571.5,78.0,74.1,2026-12,True
Osun,South West,os Irewole Local Government Area,Penta3,565.9,76.9,73.3,2026-12,True
Osun,South West,os Irewole Local Government Area,Measles1,406.3,75.6,78.9,2026-10,True
Osun,South West,os Isokan Local Government Area,BCG,404.6,89.5,100.4,2026-10,False
Osun,South West,os Isokan Local Government Area,Penta1,696.2,80.0,103.2,2026-10,False
Osun,South West,os Isokan Local Government Area,Penta3,594.1,84.9,102.0,2026-10,False
Osun,South West,os Isokan Local Government Area,Measles1,591.5,55.1,52.6,2026-07,True
Osun,South West,os Iwo Local Government Area,BCG,951.8,98.8,79.2,2026-06,True
Osun,South West,os Iwo Local Government Area,Penta1,765.0,95.2,86.2,2026-06,False
Osun,South West,os Iwo Local Government Area,Penta3,707.8,169.9,82.8,2026-11,False
Osun,South West,os Iwo Local Government Area,Measles1,622.5,96.3,88.4,2026-09,False
Osun,South West,os Obokun Local Government Area,BCG,313.2,121.2,108.5,2026-09,False
Osun,South West,os Obokun Local Government Area,Penta1,375.2,121.2,128.6,2026-06,False
Osun,South West,os Obokun Local Government Area,Penta3,356.0,119.9,111.5,2026-12,False
Osun,South West,os Obokun Local Government Area,Measles1,285.8,104.8,86.5,2026-10,False
Osun,South West,os Odo Otin Local Government Area,BCG,341.1,116.8,114.5,2026-12,False
Osun,South West,os Odo Otin Local Government Area,Penta1,651.1,84.3,47.1,2026-12,True
Osun,South West,os Odo Otin Local Government Area,Penta3,613.6,83.8,43.9,2026-12,True
Osun,South West,os Odo Otin Local Government Area,Measles1,239.2,118.4,-54.2,2026-12,True
Osun,South West,os Ola-Oluwa Local Government Area,BCG,201.2,108.0,116.0,2026-11,False
Osun,South West,os Ola-Oluwa Local Government Area,Penta1,264.2,126.0,123.6,2026-12,False
Osun,South West,os Ola-Oluwa Local Government Area,Penta3,201.5,131.6,122.9,2026-07,False
Osun,South West,os Ola-Oluwa Local Government Area,Measles1,148.3,111.0,62.2,2026-12,True
Osun,South West,os Olorunda Local Government Area,BCG,460.3,100.2,76.4,2026-12,True
Osun,South West,os Olorunda Local Government Area,Penta1,449.3,109.4,92.4,2026-12,False
Osun,South West,os Olorunda Local Government Area,Penta3,435.2,104.5,75.1,2026-12,True
Osun,South West,os Olorunda Local Government Area,Measles1,434.1,86.6,66.9,2026-06,True
Osun,South West,os Oriade Local Government Area,BCG,302.8,91.4,102.1,2026-12,False
Osun,South West,os Oriade Local Government Area,Penta1,620.0,81.5,107.0,2026-06,False
Osun,South West,os Oriade Local Government Area,Penta3,605.2,78.4,105.7,2026-11,False
Osun,South West,os Oriade Local Government Area,Measles1,627.5,46.3,44.2,2026-07,True
Osun,South West,os Orolu Local Government Area,BCG,385.1,67.1,47.2,2026-10,True
Osun,South West,os Orolu Local Government Area,Penta1,375.4,77.4,65.4,2026-10,True
Osun,South West,os Orolu Local Government Area,Penta3,364.4,76.7,64.1,2026-10,True
Osun,South West,os Orolu Local Government Area,Measles1,287.6,70.3,41.3,2026-10,True
Osun,South West,os Osogbo Local Government Area,BCG,697.7,81.8,69.6,2026-12,True
Osun,South West,os Osogbo Local Government Area,Penta1,766.1,84.8,79.5,2026-12,True
Osun,South West,os Osogbo Local Government Area,Penta3,715.8,84.5,66.7,2026-12,True
Osun,South West,os Osogbo Local Government Area,Measles1,587.2,79.3,60.9,2026-12,True
Oyo,South West,oy Afijio Local Government Area,BCG,635.2,83.9,75.9,2026-10,True
Oyo,South West,oy Afijio Local Government Area,Penta1,567.6,86.8,35.0,2026-07,True
Oyo,South West,oy Afijio Local Government Area,Penta3,548.2,85.8,32.2,2026-07,True
Oyo,South West,oy Afijio Local Government Area,Measles1,620.8,77.7,44.8,2026-10,True
Oyo,South West,oy Akinyele Local Government Area,BCG,1133.5,98.0,77.1,2026-08,True
Oyo,South West,oy Akinyele Local Government Area,Penta1,735.5,125.8,85.0,2026-10,False
Oyo,South West,oy Akinyele Local Government Area,Penta3,717.9,126.5,82.8,2026-10,False
Oyo,South West,oy Akinyele Local Government Area,Measles1,1097.8,93.1,13.2,2026-10,True
Oyo,South West,oy Atiba Local Government Area,BCG,836.8,119.2,98.2,2026-12,False
Oyo,South West,oy Atiba Local Government Area,Penta1,678.8,93.8,33.4,2026-07,True
Oyo,South West,oy Atiba Local Government Area,Penta3,627.7,93.1,32.5,2026-07,True
Oyo,South West,oy Atiba Local Government Area,Measles1,613.0,108.9,69.4,2026-10,True
Oyo,South West,oy Atisbo Local Government Area,BCG,446.1,127.9,121.9,2026-08,False
Oyo,South West,oy Atisbo Local Government Area,Penta1,434.2,94.2,38.5,2026-07,True
Oyo,South West,oy Atisbo Local Government Area,Penta3,394.3,96.9,25.5,2026-12,True
Oyo,South West,oy Atisbo Local Government Area,Measles1,475.8,207.7,108.2,2026-06,False
Oyo,South West,oy Egbeda Local Government Area,BCG,1341.9,96.9,84.0,2026-11,False
Oyo,South West,oy Egbeda Local Government Area,Penta1,1038.8,99.2,54.1,2026-07,True
Oyo,South West,oy Egbeda Local Government Area,Penta3,1007.2,98.8,56.0,2026-07,True
Oyo,South West,oy Egbeda Local Government Area,Measles1,1130.2,94.4,41.5,2026-10,True
Oyo,South West,oy Ibadan North East Local Government Area,BCG,1398.2,96.5,93.9,2026-12,False
Oyo,South West,oy Ibadan North East Local Government Area,Penta1,1361.5,84.8,31.7,2026-12,True
Oyo,South West,oy Ibadan North East Local Government Area,Penta3,1295.4,80.7,36.6,2026-12,True
Oyo,South West,oy Ibadan North East Local Government Area,Measles1,1181.1,80.8,63.0,2026-09,True
Oyo,South West,oy Ibadan North Local Government Area,BCG,837.7,93.4,62.3,2026-12,True
Oyo,South West,oy Ibadan North Local Government Area,Penta1,812.7,124.8,73.6,2026-12,True
Oyo,South West,oy Ibadan North Local Government Area,Penta3,755.2,89.4,71.4,2026-11,True
Oyo,South West,oy Ibadan North Local Government Area,Measles1,1427.8,38.3,24.5,2026-06,True
Oyo,South West,oy Ibadan North West Local Government Area,BCG,594.8,92.6,70.2,2026-12,True
Oyo,South West,oy Ibadan North West Local Government Area,Penta1,754.2,83.2,41.0,2026-07,True
Oyo,South West,oy Ibadan North West Local Government Area,Penta3,709.2,83.7,44.9,2026-07,True
Oyo,South West,oy Ibadan North West Local Government Area,Measles1,714.2,58.6,59.1,2026-09,True
Oyo,South West,oy Ibadan South East Local Government Area,BCG,1340.1,120.8,114.1,2026-06,False
Oyo,South West,oy Ibadan South East Local Government Area,Penta1,943.3,108.4,56.4,2026-07,True
Oyo,South West,oy Ibadan South East Local Government Area,Penta3,906.4,103.0,65.3,2026-07,True
Oyo,South West,oy Ibadan South East Local Government Area,Measles1,1699.2,81.3,5.0,2026-09,True
Oyo,South West,oy Ibadan South West Local Government Area,BCG,2125.4,97.4,95.4,2026-09,False
Oyo,South West,oy Ibadan South West Local Government Area,Penta1,972.7,102.1,48.8,2026-07,True
Oyo,South West,oy Ibadan South West Local Government Area,Penta3,923.5,101.3,47.8,2026-07,True
Oyo,South West,oy Ibadan South West Local Government Area,Measles1,1481.3,97.7,75.0,2026-12,True
Oyo,South West,oy Ibarapa Central Local Government Area,BCG,237.7,131.5,102.3,2026-12,False
Oyo,South West,oy Ibarapa Central Local Government Area,Penta1,396.1,100.1,93.5,2026-12,False
Oyo,South West,oy Ibarapa Central Local Government Area,Penta3,360.8,102.2,92.2,2026-12,False
Oyo,South West,oy Ibarapa Central Local Government Area,Measles1,270.6,96.6,87.0,2026-10,False
Oyo,South West,oy Ibarapa East Local Government Area,BCG,452.4,110.0,97.3,2026-10,False
Oyo,South West,oy Ibarapa East Local Government Area,Penta1,604.0,100.3,71.8,2026-07,True
Oyo,South West,oy Ibarapa East Local Government Area,Penta3,561.8,103.3,82.9,2026-12,False
Oyo,South West,oy Ibarapa East Local Government Area,Measles1,1090.2,47.7,39.7,2026-07,True
Oyo,South West,oy Ibarapa North Local Government Area,BCG,166.8,113.0,104.8,2026-09,False
Oyo,South West,oy Ibarapa North Local Government Area,Penta1,373.2,100.2,77.3,2026-07,True
Oyo,South West,oy Ibarapa North Local Government Area,Penta3,328.7,102.2,74.7,2026-07,True
Oyo,South West,oy Ibarapa North Local Government Area,Measles1,360.8,82.9,-88.9,2026-09,True
Oyo,South West,oy Ido Local Government Area,BCG,899.1,98.4,80.1,2026-12,False
Oyo,South West,oy Ido Local Government Area,Penta1,479.8,88.5,51.7,2026-07,True
Oyo,South West,oy Ido Local Government Area,Penta3,417.4,92.6,65.4,2026-07,True
Oyo,South West,oy Ido Local Government Area,Measles1,616.8,82.5,20.7,2026-10,True
Oyo,South West,oy Irepo Local Government Area,BCG,660.4,96.3,92.6,2026-09,False
Oyo,South West,oy Irepo Local Government Area,Penta1,515.8,87.7,30.6,2026-07,True
Oyo,South West,oy Irepo Local Government Area,Penta3,506.0,86.2,33.2,2026-07,True
Oyo,South West,oy Irepo Local Government Area,Measles1,635.7,74.1,34.9,2026-10,True
Oyo,South West,oy Iseyin Local Government Area,BCG,683.7,110.9,83.7,2026-07,False
Oyo,South West,oy Iseyin Local Government Area,Penta1,891.6,76.5,31.2,2026-11,True
Oyo,South West,oy Iseyin Local Government Area,Penta3,827.9,71.5,24.2,2026-11,True
Oyo,South West,oy Iseyin Local Government Area,Measles1,776.3,83.8,68.9,2026-10,True
Oyo,South West,oy Itesiwaju Local Government Area,BCG,989.4,83.4,88.8,2026-09,False
Oyo,South West,oy Itesiwaju Local Government Area,Penta1,648.7,86.7,87.3,2026-10,False
Oyo,South West,oy Itesiwaju Local Government Area,Penta3,612.7,83.1,94.3,2026-10,False
Oyo,South West,oy Itesiwaju Local Government Area,Measles1,1088.7,50.5,58.6,2026-10,True
Oyo,South West,oy Iwajowa Local Government Area,BCG,771.9,96.7,112.5,2026-08,False
Oyo,South West,oy Iwajowa Local Government Area,Penta1,460.2,83.6,55.0,2026-12,True
Oyo,South West,oy Iwajowa Local Government Area,Penta3,433.8,83.9,57.5,2026-12,True
Oyo,South West,oy Iwajowa Local Government Area,Measles1,534.5,74.5,44.8,2026-10,True
Oyo,South West,oy Kajola Local Government Area,BCG,936.5,96.6,87.4,2026-09,False
Oyo,South West,oy Kajola Local Government Area,Penta1,702.2,133.6,77.9,2026-10,True
Oyo,South West,oy Kajola Local Government Area,Penta3,637.8,153.9,74.1,2026-10,True
Oyo,South West,oy Kajola Local Government Area,Measles1,745.3,92.5,65.6,2026-10,True
Oyo,South West,oy Lagelu Local Government Area,BCG,565.1,78.0,44.9,2026-12,True
Oyo,South West,oy Lagelu Local Government Area,Penta1,683.1,88.0,62.7,2026-12,True
Oyo,South West,oy Lagelu Local Government Area,Penta3,650.6,86.9,57.4,2026-12,True
Oyo,South West,oy Lagelu Local Government Area,Measles1,446.2,80.0,51.3,2026-12,True
Oyo,South West,oy Ogbomosho North Local Government Area,BCG,1044.6,99.1,82.3,2026-12,False
Oyo,South West,oy Ogbomosho North Local Government Area,Penta1,673.7,116.1,56.4,2026-07,True
Oyo,South West,oy Ogbomosho North Local Government Area,Penta3,647.1,120.4,58.7,2026-07,True
Oyo,South West,oy Ogbomosho North Local Government Area,Measles1,986.3,79.8,34.9,2026-10,True
Oyo,South West,oy Ogbomosho South Local Government Area,BCG,465.9,82.4,74.7,2026-09,True
Oyo,South West,oy Ogbomosho South Local Government Area,Penta1,352.2,95.1,81.9,2026-12,False
Oyo,South West,oy Ogbomosho South Local Government Area,Penta3,335.8,96.5,84.6,2026-12,False
Oyo,South West,oy Ogbomosho South Local Government Area,Measles1,383.1,77.7,71.7,2026-10,True
Oyo,South West,oy Ogo Oluwa Local Government Area,BCG,343.6,113.9,112.9,2026-07,False
Oyo,South West,oy Ogo Oluwa Local Government Area,Penta1,298.8,103.1,62.3,2026-12,True
Oyo,South West,oy Ogo Oluwa Local Government Area,Penta3,288.4,101.2,62.8,2026-07,True
Oyo,South West,oy Ogo Oluwa Local Government Area,Measles1,387.2,71.7,66.5,2026-07,True
Oyo,South West,oy Olorunsogo Local Government Area,BCG,395.4,97.8,81.5,2026-12,False
Oyo,South West,oy Olorunsogo Local Government Area,Penta1,300.7,105.2,27.3,2026-07,True
Oyo,South West,oy Olorunsogo Local Government Area,Penta3,315.9,98.8,31.7,2026-07,True
Oyo,South West,oy Olorunsogo Local Government Area,Measles1,369.7,92.3,81.9,2026-10,False
Oyo,South West,oy Oluyole Local Government Area,BCG,1616.6,106.5,95.7,2026-08,False
Oyo,South West,oy Oluyole Local Government Area,Penta1,901.7,103.3,37.5,2026-07,True
Oyo,South West,oy Oluyole Local Government Area,Penta3,846.2,100.4,33.8,2026-07,True
Oyo,South West,oy Oluyole Local Government Area,Measles1,1140.5,98.8,67.4,2026-10,True
Oyo,South West,oy Ona Ara Local Government Area,BCG,959.4,123.8,75.1,2026-09,True
Oyo,South West,oy Ona Ara Local Government Area,Penta1,908.2,105.3,75.8,2026-07,True
Oyo,South West,oy Ona Ara Local Government Area,Penta3,894.1,106.8,79.2,2026-12,True
Oyo,South West,oy Ona Ara Local Government Area,Measles1,742.4,110.6,75.0,2026-10,True
Oyo,South West,oy Orelope Local Government Area,BCG,514.5,104.3,88.0,2026-09,False
Oyo,South West,oy Orelope Local Government Area,Penta1,507.8,78.5,37.2,2026-07,True
Oyo,South West,oy Orelope Local Government Area,Penta3,486.3,78.5,39.8,2026-07,True
Oyo,South West,oy Orelope Local Government Area,Measles1,524.5,82.8,24.3,2026-10,True
Oyo,South West,oy Ori Ire Local Government Area,BCG,772.3,101.8,92.1,2026-07,False
Oyo,South West,oy Ori Ire Local Government Area,Penta1,530.8,115.3,64.0,2026-07,True
Oyo,South West,oy Ori Ire Local Government Area,Penta3,500.2,116.2,60.0,2026-07,True
Oyo,South West,oy Ori Ire Local Government Area,Measles1,727.8,81.4,27.3,2026-10,True
Oyo,South West,oy Oyo East Local Government Area,BCG,770.8,97.9,69.9,2026-09,True
Oyo,South West,oy Oyo East Local Government Area,Penta1,557.8,87.8,28.7,2026-07,True
Oyo,South West,oy Oyo East Local Government Area,Penta3,506.9,87.7,39.3,2026-07,True
Oyo,South West,oy Oyo East Local Government Area,Measles1,666.8,69.4,35.5,2026-10,True
Oyo,South West,oy Oyo West Local Government Area,BCG,564.5,91.5,86.3,2026-12,False
Oyo,South West,oy Oyo West Local Government Area,Penta1,574.2,82.4,46.1,2026-07,True
Oyo,South West,oy Oyo West Local Government Area,Penta3,552.8,82.1,50.2,2026-07,True
Oyo,South West,oy Oyo West Local Government Area,Measles1,609.0,1197.4,-178.6,2026-11,True
Oyo,South West,oy Saki East Local Government Area,BCG,703.3,101.0,68.5,2026-06,True
Oyo,South West,oy Saki East Local Government Area,Penta1,441.9,108.5,47.5,2026-06,True
Oyo,South West,oy Saki East Local Government Area,Penta3,402.7,115.0,57.1,2026-06,True
Oyo,South West,oy Saki East Local Government Area,Measles1,1177.2,56.5,39.0,2026-10,True
Oyo,South West,oy Saki West Local Government Area,BCG,1260.4,106.2,104.4,2026-10,False
Oyo,South West,oy Saki West Local Government Area,Penta1,1062.4,97.9,69.4,2026-07,True
Oyo,South West,oy Saki West Local Government Area,Penta3,925.1,98.8,69.1,2026-07,True
Oyo,South West,oy Saki West Local Government Area,Measles1,2332.6,43.9,50.6,2026-10,True
Oyo,South West,oy Surulere Local Government Area,BCG,521.4,84.8,69.9,2026-06,True
Oyo,South West,oy Surulere Local Government Area,Penta1,472.5,93.4,27.7,2026-12,True
Oyo,South West,oy Surulere Local Government Area,Penta3,434.4,92.4,25.4,2026-12,True
Oyo,South West,oy Surulere Local Government Area,Measles1,514.8,73.9,61.4,2026-12,True
Plateau,North Central,pl Barkin Ladi Local Government Area,BCG,647.2,113.7,78.8,2026-06,True
Plateau,North Central,pl Barkin Ladi Local Government Area,Penta1,788.6,105.4,67.9,2026-06,True
Plateau,North Central,pl Barkin Ladi Local Government Area,Penta3,752.2,102.1,67.8,2026-06,True
Plateau,North Central,pl Barkin Ladi Local Government Area,Measles1,632.3,102.1,79.3,2026-11,True
Plateau,North Central,pl Bassa Local Government Area,BCG,779.5,119.6,101.4,2026-06,False
Plateau,North Central,pl Bassa Local Government Area,Penta1,832.0,133.0,126.4,2026-09,False
Plateau,North Central,pl Bassa Local Government Area,Penta3,772.9,129.2,122.8,2026-09,False
Plateau,North Central,pl Bassa Local Government Area,Measles1,673.2,130.2,105.3,2026-11,False
Plateau,North Central,pl Bokkos Local Government Area,BCG,530.1,108.9,78.9,2026-06,True
Plateau,North Central,pl Bokkos Local Government Area,Penta1,628.2,96.4,79.0,2026-07,True
Plateau,North Central,pl Bokkos Local Government Area,Penta3,584.9,100.9,76.2,2026-06,True
Plateau,North Central,pl Bokkos Local Government Area,Measles1,519.4,92.4,78.2,2026-07,True
Plateau,North Central,pl Jos East Local Government Area,BCG,229.9,125.4,94.6,2026-06,False
Plateau,North Central,pl Jos East Local Government Area,Penta1,332.1,128.1,102.7,2026-06,False
Plateau,North Central,pl Jos East Local Government Area,Penta3,327.2,125.6,100.2,2026-06,False
Plateau,North Central,pl Jos East Local Government Area,Measles1,323.9,113.8,51.1,2026-11,True
Plateau,North Central,pl Jos North Local Government Area,BCG,1670.9,93.9,76.6,2026-09,True
Plateau,North Central,pl Jos North Local Government Area,Penta1,1936.0,90.4,50.0,2026-09,True
Plateau,North Central,pl Jos North Local Government Area,Penta3,1694.0,94.3,66.6,2026-09,True
Plateau,North Central,pl Jos North Local Government Area,Measles1,1511.6,199.2,61.2,2026-09,True
Plateau,North Central,pl Jos South Local Government Area,BCG,1022.7,103.8,85.2,2026-06,False
Plateau,North Central,pl Jos South Local Government Area,Penta1,1181.4,133.3,103.9,2026-09,False
Plateau,North Central,pl Jos South Local Government Area,Penta3,1289.5,98.2,88.2,2026-07,False
Plateau,North Central,pl Jos South Local Government Area,Measles1,1094.2,115.9,92.1,2026-09,False
Plateau,North Central,pl Kanam Local Government Area,BCG,957.5,95.2,68.0,2026-06,True
Plateau,North Central,pl Kanam Local Government Area,Penta1,1129.1,95.8,74.9,2026-06,True
Plateau,North Central,pl Kanam Local Government Area,Penta3,1005.5,95.5,79.3,2026-06,True
Plateau,North Central,pl Kanam Local Government Area,Measles1,1035.5,119.0,66.9,2026-06,True
Plateau,North Central,pl Kanke Local Government Area,BCG,273.9,108.9,48.1,2026-06,True
Plateau,North Central,pl Kanke Local Government Area,Penta1,327.6,106.2,70.0,2026-06,True
Plateau,North Central,pl Kanke Local Government Area,Penta3,308.1,100.7,56.9,2026-06,True
Plateau,North Central,pl Kanke Local Government Area,Measles1,249.1,101.8,67.3,2026-11,True
Plateau,North Central,pl Langtang North Local Government Area,BCG,586.0,96.6,86.9,2026-06,False
Plateau,North Central,pl Langtang North Local Government Area,Penta1,676.4,106.6,103.7,2026-06,False
Plateau,North Central,pl Langtang North Local Government Area,Penta3,604.5,111.9,105.8,2026-11,False
Plateau,North Central,pl Langtang North Local Government Area,Measles1,478.4,102.0,95.2,2026-11,False
Plateau,North Central,pl Langtang South Local Government Area,BCG,325.3,127.3,74.4,2026-06,True
Plateau,North Central,pl Langtang South Local Government Area,Penta1,359.8,120.7,69.7,2026-06,True
Plateau,North Central,pl Langtang South Local Government Area,Penta3,315.9,118.4,74.2,2026-06,True
Plateau,North Central,pl Langtang South Local Government Area,Measles1,250.1,118.3,71.9,2026-06,True
Plateau,North Central,pl Mangu Local Government Area,BCG,776.8,112.0,56.3,2026-06,True
Plateau,North Central,pl Mangu Local Government Area,Penta1,977.5,106.2,61.3,2026-06,True
Plateau,North Central,pl Mangu Local Government Area,Penta3,876.8,112.3,64.3,2026-06,True
Plateau,North Central,pl Mangu Local Government Area,Measles1,1000.1,71.7,43.3,2026-06,True
Plateau,North Central,pl Mikang Local Government Area,BCG,291.2,102.8,77.7,2026-06,True
Plateau,North Central,pl Mikang Local Government Area,Penta1,344.1,104.8,85.0,2026-07,False
Plateau,North Central,pl Mikang Local Government Area,Penta3,286.8,106.5,86.3,2026-07,False
Plateau,North Central,pl Mikang Local Government Area,Measles1,235.1,110.1,51.1,2026-11,True
Plateau,North Central,pl Pankshin Local Government Area,BCG,376.8,98.3,73.8,2026-06,True
Plateau,North Central,pl Pankshin Local Government Area,Penta1,508.6,95.5,76.2,2026-06,True
Plateau,North Central,pl Pankshin Local Government Area,Penta3,489.6,95.5,80.7,2026-06,False
Plateau,North Central,pl Pankshin Local Government Area,Measles1,424.9,87.7,81.3,2026-06,False
Plateau,North Central,pl Qua'an Pan Local Government Area,BCG,968.1,106.1,89.4,2026-06,False
Plateau,North Central,pl Qua'an Pan Local Government Area,Penta1,1697.1,115.5,124.1,2026-12,False
Plateau,North Central,pl Qua'an Pan Local Government Area,Penta3,1589.4,133.3,129.9,2026-12,False
Plateau,North Central,pl Qua'an Pan Local Government Area,Measles1,1566.2,139.2,108.7,2026-10,False
Plateau,North Central,pl Riyom Local Government Area,BCG,308.2,111.7,83.8,2026-06,False
Plateau,North Central,pl Riyom Local Government Area,Penta1,387.2,105.1,93.8,2026-09,False
Plateau,North Central,pl Riyom Local Government Area,Penta3,379.2,102.4,78.9,2026-06,True
Plateau,North Central,pl Riyom Local Government Area,Measles1,345.7,151.8,93.2,2026-10,False
Plateau,North Central,pl Shendam Local Government Area,BCG,976.5,104.3,105.6,2026-12,False
Plateau,North Central,pl Shendam Local Government Area,Penta1,1529.6,119.9,132.7,2026-11,False
Plateau,North Central,pl Shendam Local Government Area,Penta3,1156.4,166.4,165.0,2026-11,False
Plateau,North Central,pl Shendam Local Government Area,Measles1,1009.8,249.2,239.9,2026-09,False
Plateau,North Central,pl Wase Local Government Area,BCG,676.2,106.5,93.3,2026-06,False
Plateau,North Central,pl Wase Local Government Area,Penta1,857.7,101.4,81.6,2026-06,False
Plateau,North Central,pl Wase Local Government Area,Penta3,639.7,111.1,81.0,2026-06,False
Plateau,North Central,pl Wase Local Government Area,Measles1,743.1,116.9,75.8,2026-06,True
Rivers,South South,ri Abua/Odual Local Government Area,BCG,1583.0,107.2,124.0,2026-12,False
Rivers,South South,ri Abua/Odual Local Government Area,Penta1,1603.0,99.9,93.0,2026-08,False
Rivers,South South,ri Abua/Odual Local Government Area,Penta3,1476.8,100.2,91.5,2026-11,False
Rivers,South South,ri Abua/Odual Local Government Area,Measles1,1080.1,95.4,94.8,2026-11,False
Rivers,South South,ri Ahoada East Local Government Area,BCG,662.2,106.2,92.5,2026-07,False
Rivers,South South,ri Ahoada East Local Government Area,Penta1,759.4,113.7,89.8,2026-07,False
Rivers,South South,ri Ahoada East Local Government Area,Penta3,728.9,113.6,87.2,2026-07,False
Rivers,South South,ri Ahoada East Local Government Area,Measles1,1118.8,81.1,72.1,2026-07,True
Rivers,South South,ri Ahoada West Local Government Area,BCG,792.8,139.5,106.6,2026-07,False
Rivers,South South,ri Ahoada West Local Government Area,Penta1,1365.3,97.7,71.5,2026-07,True
Rivers,South South,ri Ahoada West Local Government Area,Penta3,942.2,129.8,122.5,2026-09,False
Rivers,South South,ri Ahoada West Local Government Area,Measles1,745.2,126.5,107.5,2026-07,False
Rivers,South South,ri Akuku Toru Local Government Area,BCG,748.9,108.5,92.6,2026-09,False
Rivers,South South,ri Akuku Toru Local Government Area,Penta1,586.5,108.5,102.6,2026-09,False
Rivers,South South,ri Akuku Toru Local Government Area,Penta3,547.9,110.3,106.5,2026-09,False
Rivers,South South,ri Akuku Toru Local Government Area,Measles1,726.4,108.4,96.8,2026-08,False
Rivers,South South,ri Andoni Local Government Area,BCG,722.1,108.8,89.3,2026-10,False
Rivers,South South,ri Andoni Local Government Area,Penta1,1098.2,120.2,98.8,2026-09,False
Rivers,South South,ri Andoni Local Government Area,Penta3,1031.6,135.8,112.2,2026-08,False
Rivers,South South,ri Andoni Local Government Area,Measles1,814.7,107.6,90.3,2026-12,False
Rivers,South South,ri Asari-Toru Local Government Area,BCG,845.3,113.4,119.6,2026-07,False
Rivers,South South,ri Asari-Toru Local Government Area,Penta1,821.8,119.6,134.7,2026-10,False
Rivers,South South,ri Asari-Toru Local Government Area,Penta3,805.5,114.6,118.6,2026-07,False
Rivers,South South,ri Asari-Toru Local Government Area,Measles1,696.9,138.5,107.3,2026-11,False
Rivers,South South,ri Bonny Local Government Area,BCG,780.4,106.0,107.7,2026-07,False
Rivers,South South,ri Bonny Local Government Area,Penta1,703.5,142.6,138.1,2026-07,False
Rivers,South South,ri Bonny Local Government Area,Penta3,645.0,144.6,130.8,2026-07,False
Rivers,South South,ri Bonny Local Government Area,Measles1,761.8,119.9,113.4,2026-08,False
Rivers,South South,ri Degema Local Government Area,BCG,509.9,107.6,94.1,2026-06,False
Rivers,South South,ri Degema Local Government Area,Penta1,1184.8,105.3,84.1,2026-09,False
Rivers,South South,ri Degema Local Government Area,Penta3,1110.2,105.8,87.2,2026-09,False
Rivers,South South,ri Degema Local Government Area,Measles1,586.1,111.9,85.1,2026-07,False
Rivers,South South,ri Eleme Local Government Area,BCG,570.5,116.8,100.0,2026-12,False
Rivers,South South,ri Eleme Local Government Area,Penta1,950.3,98.1,95.1,2026-09,False
Rivers,South South,ri Eleme Local Government Area,Penta3,885.0,98.0,95.0,2026-09,False
Rivers,South South,ri Eleme Local Government Area,Measles1,600.2,105.3,99.3,2026-08,False
Rivers,South South,ri Emohua Local Government Area,BCG,694.1,93.0,74.0,2026-12,True
Rivers,South South,ri Emohua Local Government Area,Penta1,764.7,103.0,78.0,2026-07,True
Rivers,South South,ri Emohua Local Government Area,Penta3,732.2,100.1,76.4,2026-07,True
Rivers,South South,ri Emohua Local Government Area,Measles1,549.4,95.6,67.0,2026-09,True
Rivers,South South,ri Etche Local Government Area,BCG,1471.4,87.3,89.5,2026-09,False
Rivers,South South,ri Etche Local Government Area,Penta1,1177.0,111.3,81.9,2026-12,False
Rivers,South South,ri Etche Local Government Area,Penta3,1099.9,110.9,81.5,2026-12,False
Rivers,South South,ri Etche Local Government Area,Measles1,1205.4,83.3,72.8,2026-09,True
Rivers,South South,ri Gokana Local Government Area,BCG,909.3,94.9,82.2,2026-09,False
Rivers,South South,ri Gokana Local Government Area,Penta1,1431.2,100.4,88.0,2026-09,False
Rivers,South South,ri Gokana Local Government Area,Penta3,1352.8,101.1,89.6,2026-09,False
Rivers,South South,ri Gokana Local Government Area,Measles1,1107.9,95.1,89.0,2026-09,False
Rivers,South South,ri Ikwerre Local Government Area,BCG,702.0,107.6,81.1,2026-09,False
Rivers,South South,ri Ikwerre Local Government Area,Penta1,856.7,106.6,98.7,2026-11,False
Rivers,South South,ri Ikwerre Local Government Area,Penta3,793.5,106.0,95.8,2026-09,False
Rivers,South South,ri Ikwerre Local Government Area,Measles1,649.7,98.1,81.5,2026-09,False
Rivers,South South,ri Khana Local Government Area,BCG,1704.9,82.2,57.1,2026-09,True
Rivers,South South,ri Khana Local Government Area,Penta1,1363.7,93.7,77.0,2026-11,True
Rivers,South South,ri Khana Local Government Area,Penta3,1275.4,93.3,76.2,2026-11,True
Rivers,South South,ri Khana Local Government Area,Measles1,1417.8,90.5,79.9,2026-12,True
Rivers,South South,ri Obio/Akpor Local Government Area,BCG,2653.8,95.8,71.3,2026-09,True
Rivers,South South,ri Obio/Akpor Local Government Area,Penta1,2752.8,92.8,87.5,2026-12,False
Rivers,South South,ri Obio/Akpor Local Government Area,Penta3,2522.3,93.8,88.0,2026-12,False
Rivers,South South,ri Obio/Akpor Local Government Area,Measles1,2611.5,96.4,81.5,2026-11,False
Rivers,South South,ri Ogba/Egbema/Ndoni Local Government Area,BCG,1641.1,84.4,81.2,2026-11,False
Rivers,South South,ri Ogba/Egbema/Ndoni Local Government Area,Penta1,1583.9,106.4,100.7,2026-11,False
Rivers,South South,ri Ogba/Egbema/Ndoni Local Government Area,Penta3,1476.5,106.9,101.2,2026-11,False
Rivers,South South,ri Ogba/Egbema/Ndoni Local Government Area,Measles1,1582.4,92.7,94.7,2026-10,False
Rivers,South South,ri Ogu/Bolo Local Government Area,BCG,377.0,85.1,64.2,2026-11,True
Rivers,South South,ri Ogu/Bolo Local Government Area,Penta1,431.2,93.4,82.3,2026-11,False
Rivers,South South,ri Ogu/Bolo Local Government Area,Penta3,407.7,91.2,82.8,2026-11,False
Rivers,South South,ri Ogu/Bolo Local Government Area,Measles1,375.8,87.3,32.1,2026-11,True
Rivers,South South,ri Okrika Local Government Area,BCG,958.8,83.4,58.7,2026-09,True
Rivers,South South,ri Okrika Local Government Area,Penta1,1347.5,95.1,77.6,2026-09,True
Rivers,South South,ri Okrika Local Government Area,Penta3,1286.9,95.2,78.6,2026-09,True
Rivers,South South,ri Okrika Local Government Area,Measles1,912.3,93.8,85.6,2026-09,False
Rivers,South South,ri Omumma Local Government Area,BCG,336.4,108.6,86.8,2026-09,False
Rivers,South South,ri Omumma Local Government Area,Penta1,549.6,110.8,89.6,2026-11,False
Rivers,South South,ri Omumma Local Government Area,Penta3,516.0,112.7,78.3,2026-09,True
Rivers,South South,ri Omumma Local Government Area,Measles1,503.6,106.8,87.4,2026-09,False
Rivers,South South,ri Opobo/Nkoro Local Government Area,BCG,570.4,82.3,76.6,2026-12,True
Rivers,South South,ri Opobo/Nkoro Local Government Area,Penta1,841.1,77.0,68.6,2026-08,True
Rivers,South South,ri Opobo/Nkoro Local Government Area,Penta3,787.8,76.4,63.0,2026-12,True
Rivers,South South,ri Opobo/Nkoro Local Government Area,Measles1,577.0,82.5,50.3,2026-09,True
Rivers,South South,ri Oyigbo Local Government Area,BCG,795.0,93.4,75.1,2026-12,True
Rivers,South South,ri Oyigbo Local Government Area,Penta1,593.8,116.9,109.1,2026-11,False
Rivers,South South,ri Oyigbo Local Government Area,Penta3,557.2,116.6,105.7,2026-12,False
Rivers,South South,ri Oyigbo Local Government Area,Measles1,566.1,101.2,79.1,2026-09,True
Rivers,South South,ri Port-Harcourt Local Government Area,BCG,1749.8,107.1,103.3,2026-11,False
Rivers,South South,ri Port-Harcourt Local Government Area,Penta1,2749.2,107.5,114.1,2026-09,False
Rivers,South South,ri Port-Harcourt Local Government Area,Penta3,2637.8,107.4,114.7,2026-11,False
Rivers,South South,ri Port-Harcourt Local Government Area,Measles1,1848.2,108.3,101.4,2026-11,False
Rivers,South South,ri Tai Local Government Area,BCG,538.3,101.1,83.5,2026-12,False
Rivers,South South,ri Tai Local Government Area,Penta1,658.6,111.2,104.4,2026-08,False
Rivers,South South,ri Tai Local Government Area,Penta3,618.2,111.5,104.7,2026-08,False
Rivers,South South,ri Tai Local Government Area,Measles1,633.7,108.3,64.7,2026-08,True
Sokoto,North West,so Binji Local Government Area,BCG,308.7,87.1,25.6,2026-11,True
Sokoto,North West,so Binji Local Government Area,Penta1,360.1,96.8,53.3,2026-11,True
Sokoto,North West,so Binji Local Government Area,Penta3,343.4,99.2,80.9,2026-06,False
Sokoto,North West,so Binji Local Government Area,Measles1,238.3,84.5,72.7,2026-06,True
Sokoto,North West,so Bodinga Local Government Area,BCG,606.7,104.2,52.7,2026-06,True
Sokoto,North West,so Bodinga Local Government Area,Penta1,634.8,103.8,49.4,2026-06,True
Sokoto,North West,so Bodinga Local Government Area,Penta3,599.1,96.6,51.4,2026-06,True
Sokoto,North West,so Bodinga Local Government Area,Measles1,452.2,86.9,55.6,2026-06,True
Sokoto,North West,so Dange-Shuni Local Government Area,BCG,747.2,91.5,74.7,2026-06,True
Sokoto,North West,so Dange-Shuni Local Government Area,Penta1,794.8,94.4,73.0,2026-06,True
Sokoto,North West,so Dange-Shuni Local Government Area,Penta3,710.2,95.8,61.1,2026-06,True
Sokoto,North West,so Dange-Shuni Local Government Area,Measles1,537.4,96.2,64.6,2026-06,True
Sokoto,North West,so Gada Local Government Area,BCG,1107.3,72.8,77.1,2026-07,True
Sokoto,North West,so Gada Local Government Area,Penta1,1214.1,94.9,88.8,2026-11,False
Sokoto,North West,so Gada Local Government Area,Penta3,871.7,112.2,86.0,2026-11,False
Sokoto,North West,so Gada Local Government Area,Measles1,908.0,93.3,68.7,2026-11,True
Sokoto,North West,so Goronyo Local Government Area,BCG,927.8,85.8,84.5,2026-06,False
Sokoto,North West,so Goronyo Local Government Area,Penta1,1566.5,118.7,126.0,2026-12,False
Sokoto,North West,so Goronyo Local Government Area,Penta3,1553.6,127.1,124.0,2026-11,False
Sokoto,North West,so Goronyo Local Government Area,Measles1,1148.2,309.0,281.3,2026-07,False
Sokoto,North West,so Gudu Local Government Area,BCG,320.8,129.8,102.7,2026-06,False
Sokoto,North West,so Gudu Local Government Area,Penta1,372.3,137.5,97.5,2026-08,False
Sokoto,North West,so Gudu Local Government Area,Penta3,330.4,134.7,88.9,2026-06,False
Sokoto,North West,so Gudu Local Government Area,Measles1,251.2,109.8,102.6,2026-06,False
Sokoto,North West,so Gwadabawa Local Government Area,BCG,1060.7,85.6,81.4,2026-06,False
Sokoto,North West,so Gwadabawa Local Government Area,Penta1,1082.6,94.5,79.5,2026-07,True
Sokoto,North West,so Gwadabawa Local Government Area,Penta3,991.2,91.6,80.3,2026-07,False
Sokoto,North West,so Gwadabawa Local Government Area,Measles1,786.5,91.4,85.7,2026-11,False
Sokoto,North West,so Illela Local Government Area,BCG,814.1,103.6,87.5,2026-06,False
Sokoto,North West,so Illela Local Government Area,Penta1,860.0,108.8,85.5,2026-06,False
Sokoto,North West,so Illela Local Government Area,Penta3,797.8,106.6,79.0,2026-06,True
Sokoto,North West,so Illela Local Government Area,Measles1,651.1,102.8,99.2,2026-09,False
Sokoto,North West,so Isa Local Government Area,BCG,329.0,115.6,54.8,2026-07,True
Sokoto,North West,so Isa Local Government Area,Penta1,547.5,100.4,61.4,2026-08,True
Sokoto,North West,so Isa Local Government Area,Penta3,471.9,101.3,66.2,2026-08,True
Sokoto,North West,so Isa Local Government Area,Measles1,374.0,81.7,43.2,2026-10,True
Sokoto,North West,so Kebbe Local Government Area,BCG,467.6,75.7,72.1,2026-08,True
Sokoto,North West,so Kebbe Local Government Area,Penta1,588.2,83.2,78.1,2026-09,True
Sokoto,North West,so Kebbe Local Government Area,Penta3,491.4,86.5,73.4,2026-09,True
Sokoto,North West,so Kebbe Local Government Area,Measles1,390.9,87.0,62.1,2026-08,True
Sokoto,North West,so Kware Local Government Area,BCG,698.8,84.2,60.1,2026-07,True
Sokoto,North West,so Kware Local Government Area,Penta1,750.2,90.3,73.7,2026-06,True
Sokoto,North West,so Kware Local Government Area,Penta3,680.2,91.7,75.0,2026-09,True
Sokoto,North West,so Kware Local Government Area,Measles1,497.0,120.3,82.3,2026-06,False
Sokoto,North West,so Rabah Local Government Area,BCG,665.2,95.5,69.2,2026-06,True
Sokoto,North West,so Rabah Local Government Area,Penta1,1555.1,107.2,99.1,2026-11,False
Sokoto,North West,so Rabah Local Government Area,Penta3,1327.5,132.9,133.5,2026-12,False
Sokoto,North West,so Rabah Local Government Area,Measles1,1062.7,215.0,159.1,2026-10,False
Sokoto,North West,so Sabon Birni Local Government Area,BCG,1241.6,75.5,57.1,2026-08,True
Sokoto,North West,so Sabon Birni Local Government Area,Penta1,1086.8,93.0,74.4,2026-06,True
Sokoto,North West,so Sabon Birni Local Government Area,Penta3,896.9,114.2,69.1,2026-06,True
Sokoto,North West,so Sabon Birni Local Government Area,Measles1,893.2,243.1,59.8,2026-06,True
Sokoto,North West,so Shagari Local Government Area,BCG,464.8,96.8,37.4,2026-12,True
Sokoto,North West,so Shagari Local Government Area,Penta1,540.2,94.7,49.3,2026-12,True
Sokoto,North West,so Shagari Local Government Area,Penta3,524.1,88.7,52.3,2026-06,True
Sokoto,North West,so Shagari Local Government Area,Measles1,338.2,92.8,34.7,2026-12,True
Sokoto,North West,so Silame Local Government Area,BCG,337.2,127.4,116.0,2026-06,False
Sokoto,North West,so Silame Local Government Area,Penta1,396.2,134.4,110.8,2026-06,False
Sokoto,North West,so Silame Local Government Area,Penta3,336.8,142.6,116.9,2026-06,False
Sokoto,North West,so Silame Local Government Area,Measles1,288.2,300.6,70.9,2026-11,True
Sokoto,North West,so Sokoto North Local Government Area,BCG,562.6,93.7,35.8,2026-06,True
Sokoto,North West,so Sokoto North Local Government Area,Penta1,760.7,106.4,58.8,2026-06,True
Sokoto,North West,so Sokoto North Local Government Area,Penta3,677.3,108.6,58.2,2026-06,True
Sokoto,North West,so Sokoto North Local Government Area,Measles1,427.1,171.6,60.5,2026-06,True
Sokoto,North West,so Sokoto South Local Government Area,BCG,708.7,79.5,62.4,2026-12,True
Sokoto,North West,so Sokoto South Local Government Area,Penta1,841.7,79.4,71.0,2026-08,True
Sokoto,North West,so Sokoto South Local Government Area,Penta3,797.4,80.9,66.9,2026-06,True
Sokoto,North West,so Sokoto South Local Government Area,Measles1,467.0,109.7,72.4,2026-06,True
Sokoto,North West,so Tambuwal Local Government Area,BCG,683.0,122.2,74.6,2026-07,True
Sokoto,North West,so Tambuwal Local Government Area,Penta1,673.5,125.7,68.6,2026-07,True
Sokoto,North West,so Tambuwal Local Government Area,Penta3,621.8,127.2,81.2,2026-07,False
Sokoto,North West,so Tambuwal Local Government Area,Measles1,553.7,111.4,52.7,2026-06,True
Sokoto,North West,so Tangaza Local Government Area,BCG,542.1,116.4,94.3,2026-09,False
Sokoto,North West,so Tangaza Local Government Area,Penta1,588.1,111.4,91.1,2026-06,False
Sokoto,North West,so Tangaza Local Government Area,Penta3,554.1,110.0,87.2,2026-06,False
Sokoto,North West,so Tangaza Local Government Area,Measles1,419.9,465.3,20.2,2026-11,True
Sokoto,North West,so Tureta Local Government Area,BCG,415.7,67.3,72.6,2026-12,True
Sokoto,North West,so Tureta Local Government Area,Penta1,464.1,71.3,55.6,2026-12,True
Sokoto,North West,so Tureta Local Government Area,Penta3,423.1,76.9,65.9,2026-12,True
Sokoto,North West,so Tureta Local Government Area,Measles1,260.2,223.4,69.6,2026-06,True
Sokoto,North West,so Wamako Local Government Area,BCG,818.5,93.0,71.7,2026-06,True
Sokoto,North West,so Wamako Local Government Area,Penta1,793.1,106.1,81.6,2026-06,False
Sokoto,North West,so Wamako Local Government Area,Penta3,718.7,100.4,80.5,2026-06,False
Sokoto,North West,so Wamako Local Government Area,Measles1,589.0,101.2,73.6,2026-09,True
Sokoto,North West,so Wurno Local Government Area,BCG,497.9,123.7,96.3,2026-06,False
Sokoto,North West,so Wurno Local Government Area,Penta1,1156.5,96.0,79.6,2026-12,True
Sokoto,North West,so Wurno Local Government Area,Penta3,1040.9,106.0,95.0,2026-12,False
Sokoto,North West,so Wurno Local Government Area,Measles1,769.2,275.9,145.4,2026-11,False
Sokoto,North West,so Yabo Local Government Area,BCG,444.4,99.8,43.3,2026-06,True
Sokoto,North West,so Yabo Local Government Area,Penta1,483.9,104.4,62.0,2026-08,True
Sokoto,North West,so Yabo Local Government Area,Penta3,454.9,101.1,80.4,2026-08,False
Sokoto,North West,so Yabo Local Government Area,Measles1,396.8,107.8,64.8,2026-06,True
Taraba,North East,ta Ardo-Kola Local Government Area,BCG,530.5,100.1,91.7,2026-12,False
Taraba,North East,ta Ardo-Kola Local Government Area,Penta1,635.6,96.7,95.0,2026-09,False
Taraba,North East,ta Ardo-Kola Local Government Area,Penta3,600.4,94.6,88.0,2026-10,False
Taraba,North East,ta Ardo-Kola Local Government Area,Measles1,488.2,93.1,94.2,2026-11,False
Taraba,North East,ta Bali Local Government Area,BCG,1394.0,98.7,91.9,2026-08,False
Taraba,North East,ta Bali Local Government Area,Penta1,1588.2,96.6,80.5,2026-08,False
Taraba,North East,ta Bali Local Government Area,Penta3,1434.6,96.7,80.9,2026-09,False
Taraba,North East,ta Bali Local Government Area,Measles1,1226.5,91.9,75.7,2026-08,True
Taraba,North East,ta Donga Local Government Area,BCG,854.9,81.5,70.0,2026-08,True
Taraba,North East,ta Donga Local Government Area,Penta1,981.2,81.7,70.2,2026-09,True
Taraba,North East,ta Donga Local Government Area,Penta3,906.2,85.6,76.9,2026-09,True
Taraba,North East,ta Donga Local Government Area,Measles1,716.0,75.6,66.0,2026-11,True
Taraba,North East,ta Gashaka Local Government Area,BCG,502.5,94.2,104.0,2026-10,False
Taraba,North East,ta Gashaka Local Government Area,Penta1,634.1,91.1,86.6,2026-11,False
Taraba,North East,ta Gashaka Local Government Area,Penta3,624.1,88.4,85.4,2026-09,False
Taraba,North East,ta Gashaka Local Government Area,Measles1,436.3,111.2,87.1,2026-09,False
Taraba,North East,ta Gassol Local Government Area,BCG,1684.2,121.2,117.1,2026-07,False
Taraba,North East,ta Gassol Local Government Area,Penta1,1844.9,120.1,118.8,2026-07,False
Taraba,North East,ta Gassol Local Government Area,Penta3,1721.7,124.3,104.5,2026-07,False
Taraba,North East,ta Gassol Local Government Area,Measles1,1552.8,190.1,106.6,2026-11,False
Taraba,North East,ta Ibi Local Government Area,BCG,832.2,103.8,87.6,2026-08,False
Taraba,North East,ta Ibi Local Government Area,Penta1,1078.2,88.7,86.2,2026-08,False
Taraba,North East,ta Ibi Local Government Area,Penta3,1047.9,89.7,83.9,2026-08,False
Taraba,North East,ta Ibi Local Government Area,Measles1,914.4,95.5,85.5,2026-08,False
Taraba,North East,ta Jalingo Local Government Area,BCG,757.5,114.4,90.5,2026-06,False
Taraba,North East,ta Jalingo Local Government Area,Penta1,864.8,100.3,96.5,2026-11,False
Taraba,North East,ta Jalingo Local Government Area,Penta3,854.5,95.5,85.4,2026-11,False
Taraba,North East,ta Jalingo Local Government Area,Measles1,684.9,96.7,77.3,2026-11,True
Taraba,North East,ta Karim-Lamido Local Government Area,BCG,1328.7,85.1,91.0,2026-09,False
Taraba,North East,ta Karim-Lamido Local Government Area,Penta1,1726.8,74.1,85.6,2026-09,False
Taraba,North East,ta Karim-Lamido Local Government Area,Penta3,1575.0,75.1,88.1,2026-09,False
Taraba,North East,ta Karim-Lamido Local Government Area,Measles1,1426.0,68.4,80.0,2026-09,True
Taraba,North East,ta Kurmi Local Government Area,BCG,371.7,102.0,118.7,2026-11,False
Taraba,North East,ta Kurmi Local Government Area,Penta1,494.9,92.9,112.0,2026-11,False
Taraba,North East,ta Kurmi Local Government Area,Penta3,452.5,99.1,101.5,2026-11,False
Taraba,North East,ta Kurmi Local Government Area,Measles1,349.8,125.2,119.3,2026-08,False
Taraba,North East,ta Lau Local Government Area,BCG,505.3,91.0,100.9,2026-09,False
Taraba,North East,ta Lau Local Government Area,Penta1,847.9,95.2,106.1,2026-09,False
Taraba,North East,ta Lau Local Government Area,Penta3,799.8,98.2,110.5,2026-09,False
Taraba,North East,ta Lau Local Government Area,Measles1,641.2,95.7,107.3,2026-10,False
Taraba,North East,ta Sardauna Local Government Area,BCG,1251.2,114.8,83.5,2026-06,False
Taraba,North East,ta Sardauna Local Government Area,Penta1,1411.8,96.1,76.3,2026-09,True
Taraba,North East,ta Sardauna Local Government Area,Penta3,1283.8,97.2,89.3,2026-09,False
Taraba,North East,ta Sardauna Local Government Area,Measles1,1143.1,94.3,65.0,2026-11,True
Taraba,North East,ta Takum Local Government Area,BCG,752.9,101.4,95.1,2026-07,False
Taraba,North East,ta Takum Local Government Area,Penta1,852.6,85.8,82.5,2026-08,False
Taraba,North East,ta Takum Local Government Area,Penta3,781.4,86.6,77.0,2026-08,True
Taraba,North East,ta Takum Local Government Area,Measles1,684.0,90.7,74.4,2026-07,True
Taraba,North East,ta Ussa Local Government Area,BCG,462.5,86.1,96.8,2026-08,False
Taraba,North East,ta Ussa Local Government Area,Penta1,624.8,82.5,75.5,2026-09,True
Taraba,North East,ta Ussa Local Government Area,Penta3,596.8,83.8,67.3,2026-09,True
Taraba,North East,ta Ussa Local Government Area,Measles1,533.9,79.2,73.9,2026-09,True
Taraba,North East,ta Wukari Local Government Area,BCG,1083.4,94.5,86.5,2026-07,False
Taraba,North East,ta Wukari Local Government Area,Penta1,1262.8,85.3,73.2,2026-12,True
Taraba,North East,ta Wukari Local Government Area,Penta3,1219.5,84.3,76.6,2026-09,True
Taraba,North East,ta Wukari Local Government Area,Measles1,1072.0,85.1,81.0,2026-10,False
Taraba,North East,ta Yorro Local Government Area,BCG,419.8,120.3,109.9,2026-06,False
Taraba,North East,ta Yorro Local Government Area,Penta1,646.1,116.5,114.0,2026-07,False
Taraba,North East,ta Yorro Local Government Area,Penta3,590.9,124.4,126.8,2026-07,False
Taraba,North East,ta Yorro Local Government Area,Measles1,552.2,108.1,106.6,2026-06,False
Taraba,North East,ta Zing Local Government Area,BCG,611.9,104.4,90.7,2026-09,False
Taraba,North East,ta Zing Local Government Area,Penta1,830.2,94.0,89.4,2026-09,False
Taraba,North East,ta Zing Local Government Area,Penta3,754.8,91.8,89.1,2026-09,False
Taraba,North East,ta Zing Local Government Area,Measles1,686.1,92.0,83.6,2026-09,False
Yobe,North East,yo Bade Local Government Area,BCG,899.8,114.9,113.2,2026-06,False
Yobe,North East,yo Bade Local Government Area,Penta1,933.4,112.6,100.0,2026-08,False
Yobe,North East,yo Bade Local Government Area,Penta3,876.0,114.6,105.6,2026-09,False
Yobe,North East,yo Bade Local Government Area,Measles1,780.8,117.6,111.1,2026-09,False
Yobe,North East,yo Busari Local Government Area,BCG,668.2,126.7,117.0,2026-08,False
Yobe,North East,yo Busari Local Government Area,Penta1,751.4,135.6,133.7,2026-08,False
Yobe,North East,yo Busari Local Government Area,Penta3,777.0,125.8,115.3,2026-08,False
Yobe,North East,yo Busari Local Government Area,Measles1,633.0,139.9,115.6,2026-08,False
Yobe,North East,yo Damaturu Local Government Area,BCG,912.5,112.9,97.4,2026-06,False
Yobe,North East,yo Damaturu Local Government Area,Penta1,869.8,130.0,121.2,2026-08,False
Yobe,North East,yo Damaturu Local Government Area,Penta3,779.7,133.0,115.6,2026-08,False
Yobe,North East,yo Damaturu Local Government Area,Measles1,598.4,124.9,119.7,2026-06,False
Yobe,North East,yo Fika Local Government Area,BCG,1066.2,131.5,120.3,2026-06,False
Yobe,North East,yo Fika Local Government Area,Penta1,1258.1,120.1,113.5,2026-08,False
Yobe,North East,yo Fika Local Government Area,Penta3,1258.1,117.3,103.8,2026-08,False
Yobe,North East,yo Fika Local Government Area,Measles1,1177.2,107.3,93.6,2026-06,False
Yobe,North East,yo Fune Local Government Area,BCG,1941.2,106.4,115.5,2026-08,False
Yobe,North East,yo Fune Local Government Area,Penta1,2066.3,103.3,97.7,2026-08,False
Yobe,North East,yo Fune Local Government Area,Penta3,1948.5,104.1,107.7,2026-08,False
Yobe,North East,yo Fune Local Government Area,Measles1,1568.2,109.5,110.1,2026-08,False
Yobe,North East,yo Geidam Local Government Area,BCG,953.8,116.8,92.5,2026-08,False
Yobe,North East,yo Geidam Local Government Area,Penta1,1052.8,125.3,94.5,2026-08,False
Yobe,North East,yo Geidam Local Government Area,Penta3,977.2,127.7,102.0,2026-08,False
Yobe,North East,yo Geidam Local Government Area,Measles1,915.9,179.0,86.3,2026-08,False
Yobe,North East,yo Gujba Local Government Area,BCG,650.4,106.9,96.3,2026-09,False
Yobe,North East,yo Gujba Local Government Area,Penta1,808.2,105.1,95.4,2026-08,False
Yobe,North East,yo Gujba Local Government Area,Penta3,762.4,102.9,92.6,2026-08,False
Yobe,North East,yo Gujba Local Government Area,Measles1,587.0,106.4,90.8,2026-08,False
Yobe,North East,yo Gulani Local Government Area,BCG,613.1,117.5,115.1,2026-08,False
Yobe,North East,yo Gulani Local Government Area,Penta1,953.6,104.4,96.5,2026-07,False
Yobe,North East,yo Gulani Local Government Area,Penta3,892.9,104.9,93.1,2026-07,False
Yobe,North East,yo Gulani Local Government Area,Measles1,661.8,109.5,98.1,2026-08,False
Yobe,North East,yo Jakusko Local Government Area,BCG,1029.5,110.1,114.8,2026-08,False
Yobe,North East,yo Jakusko Local Government Area,Penta1,1344.7,103.2,99.3,2026-08,False
Yobe,North East,yo Jakusko Local Government Area,Penta3,1312.9,99.4,91.7,2026-08,False
Yobe,North East,yo Jakusko Local Government Area,Measles1,1173.8,99.8,92.5,2026-08,False
Yobe,North East,yo Karasuwa Local Government Area,BCG,505.1,106.5,90.4,2026-08,False
Yobe,North East,yo Karasuwa Local Government Area,Penta1,642.7,113.7,92.2,2026-08,False
Yobe,North East,yo Karasuwa Local Government Area,Penta3,618.3,113.2,93.7,2026-08,False
Yobe,North East,yo Karasuwa Local Government Area,Measles1,557.0,118.9,79.0,2026-08,True
Yobe,North East,yo Machina Local Government Area,BCG,365.2,134.0,122.0,2026-08,False
Yobe,North East,yo Machina Local Government Area,Penta1,481.3,127.2,115.4,2026-08,False
Yobe,North East,yo Machina Local Government Area,Penta3,438.4,132.2,118.2,2026-08,False
Yobe,North East,yo Machina Local Government Area,Measles1,423.6,133.0,103.9,2026-07,False
Yobe,North East,yo Nangere Local Government Area,BCG,564.2,154.9,160.3,2026-07,False
Yobe,North East,yo Nangere Local Government Area,Penta1,708.5,122.3,111.0,2026-08,False
Yobe,North East,yo Nangere Local Government Area,Penta3,647.6,125.0,110.3,2026-08,False
Yobe,North East,yo Nangere Local Government Area,Measles1,607.6,126.6,103.4,2026-09,False
Yobe,North East,yo Nguru Local Government Area,BCG,993.1,125.2,127.1,2026-06,False
Yobe,North East,yo Nguru Local Government Area,Penta1,1126.3,117.3,120.0,2026-06,False
Yobe,North East,yo Nguru Local Government Area,Penta3,1089.8,117.6,116.9,2026-08,False
Yobe,North East,yo Nguru Local Government Area,Measles1,892.5,117.8,101.1,2026-07,False
Yobe,North East,yo Potiskum Local Government Area,BCG,2164.6,135.1,112.4,2026-06,False
Yobe,North East,yo Potiskum Local Government Area,Penta1,2265.1,122.9,113.2,2026-06,False
Yobe,North East,yo Potiskum Local Government Area,Penta3,2178.8,124.1,111.4,2026-06,False
Yobe,North East,yo Potiskum Local Government Area,Measles1,2005.6,94.7,83.4,2026-08,False
Yobe,North East,yo Tarmuwa Local Government Area,BCG,517.6,110.5,96.7,2026-08,False
Yobe,North East,yo Tarmuwa Local Government Area,Penta1,670.7,116.7,86.8,2026-08,False
Yobe,North East,yo Tarmuwa Local Government Area,Penta3,633.4,119.8,90.7,2026-08,False
Yobe,North East,yo Tarmuwa Local Government Area,Measles1,607.4,123.9,54.6,2026-08,True
Yobe,North East,yo Yunusari Local Government Area,BCG,615.7,112.3,93.1,2026-08,False
Yobe,North East,yo Yunusari Local Government Area,Penta1,925.3,106.1,88.9,2026-08,False
Yobe,North East,yo Yunusari Local Government Area,Penta3,831.0,109.2,93.6,2026-08,False
Yobe,North East,yo Yunusari Local Government Area,Measles1,674.2,111.0,88.3,2026-08,False
Yobe,North East,yo Yusufari Local Government Area,BCG,630.9,107.6,82.5,2026-08,False
Yobe,North East,yo Yusufari Local Government Area,Penta1,727.1,120.2,92.6,2026-08,False
Yobe,North East,yo Yusufari Local Government Area,Penta3,713.0,119.6,87.4,2026-08,False
Yobe,North East,yo Yusufari Local Government Area,Measles1,731.5,113.8,86.3,2026-08,False
Zamfara,North West,za Anka Local Government Area,BCG,596.6,145.2,117.2,2026-06,False
Zamfara,North West,za Anka Local Government Area,Penta1,738.9,175.7,124.0,2026-06,False
Zamfara,North West,za Anka Local Government Area,Penta3,670.5,178.0,121.6,2026-06,False
Zamfara,North West,za Anka Local Government Area,Measles1,652.2,431.0,41.9,2026-11,True
Zamfara,North West,za Bakura Local Government Area,BCG,698.6,140.4,85.1,2026-12,False
Zamfara,North West,za Bakura Local Government Area,Penta1,782.8,152.0,113.6,2026-12,False
Zamfara,North West,za Bakura Local Government Area,Penta3,752.5,149.6,138.2,2026-11,False
Zamfara,North West,za Bakura Local Government Area,Measles1,693.3,140.5,121.1,2026-08,False
Zamfara,North West,za Birnin Magaji Local Government Area,BCG,652.4,110.7,108.3,2026-08,False
Zamfara,North West,za Birnin Magaji Local Government Area,Penta1,915.5,112.1,108.8,2026-06,False
Zamfara,North West,za Birnin Magaji Local Government Area,Penta3,815.9,120.1,106.7,2026-08,False
Zamfara,North West,za Birnin Magaji Local Government Area,Measles1,717.4,115.0,89.2,2026-08,False
Zamfara,North West,za Bukkuyum Local Government Area,BCG,884.2,127.9,85.1,2026-12,False
Zamfara,North West,za Bukkuyum Local Government Area,Penta1,1009.4,126.3,102.3,2026-12,False
Zamfara,North West,za Bukkuyum Local Government Area,Penta3,941.0,125.5,116.8,2026-09,False
Zamfara,North West,za Bukkuyum Local Government Area,Measles1,873.6,113.9,100.2,2026-06,False
Zamfara,North West,za Bungudu Local Government Area,BCG,1627.8,101.6,75.7,2026-07,True
Zamfara,North West,za Bungudu Local Government Area,Penta1,1691.7,105.7,79.6,2026-07,True
Zamfara,North West,za Bungudu Local Government Area,Penta3,1568.6,103.8,96.2,2026-10,False
Zamfara,North West,za Bungudu Local Government Area,Measles1,1430.5,112.8,100.8,2026-09,False
Zamfara,North West,za Gummi Local Government Area,BCG,1301.8,90.6,50.0,2026-12,True
Zamfara,North West,za Gummi Local Government Area,Penta1,1417.8,99.3,75.1,2026-12,True
Zamfara,North West,za Gummi Local Government Area,Penta3,1316.4,102.8,92.6,2026-06,False
Zamfara,North West,za Gummi Local Government Area,Measles1,1130.2,116.7,91.0,2026-06,False
Zamfara,North West,za Gusau Local Government Area,BCG,2224.9,95.2,77.2,2026-06,True
Zamfara,North West,za Gusau Local Government Area,Penta1,2397.1,100.7,104.2,2026-12,False
Zamfara,North West,za Gusau Local Government Area,Penta3,2088.9,102.8,96.8,2026-06,False
Zamfara,North West,za Gusau Local Government Area,Measles1,1962.8,125.6,126.7,2026-11,False
Zamfara,North West,za Kaura Namoda Local Government Area,BCG,1413.2,115.2,86.9,2026-12,False
Zamfara,North West,za Kaura Namoda Local Government Area,Penta1,1618.2,127.8,91.5,2026-07,False
Zamfara,North West,za Kaura Namoda Local Government Area,Penta3,1387.7,128.6,103.3,2026-07,False
Zamfara,North West,za Kaura Namoda Local Government Area,Measles1,1176.8,143.1,113.4,2026-07,False
Zamfara,North West,za Maradun Local Government Area,BCG,969.9,119.5,94.0,2026-06,False
Zamfara,North West,za Maradun Local Government Area,Penta1,1133.0,122.9,100.2,2026-06,False
Zamfara,North West,za Maradun Local Government Area,Penta3,1026.3,126.4,103.1,2026-06,False
Zamfara,North West,za Maradun Local Government Area,Measles1,1005.6,138.0,95.4,2026-06,False
Zamfara,North West,za Maru Local Government Area,BCG,1039.9,125.9,107.6,2026-09,False
Zamfara,North West,za Maru Local Government Area,Penta1,1576.9,111.4,101.0,2026-06,False
Zamfara,North West,za Maru Local Government Area,Penta3,1382.4,114.7,100.7,2026-09,False
Zamfara,North West,za Maru Local Government Area,Measles1,1347.4,115.8,105.5,2026-09,False
Zamfara,North West,za Shinkafi Local Government Area,BCG,779.3,117.4,103.1,2026-08,False
Zamfara,North West,za Shinkafi Local Government Area,Penta1,722.3,135.3,136.9,2026-12,False
Zamfara,North West,za Shinkafi Local Government Area,Penta3,656.3,143.2,143.5,2026-11,False
Zamfara,North West,za Shinkafi Local Government Area,Measles1,598.4,446.8,87.3,2026-11,False
Zamfara,North West,za Talata Mafara Local Government Area,BCG,1076.4,143.8,127.9,2026-07,False
Zamfara,North West,za Talata Mafara Local Government Area,Penta1,1237.5,165.3,113.5,2026-07,False
Zamfara,North West,za Talata Mafara Local Government Area,Penta3,1072.5,161.6,117.2,2026-07,False
Zamfara,North West,za Talata Mafara Local Government Area,Measles1,931.8,360.1,107.7,2026-11,False
Zamfara,North West,za Tsafe Local Government Area,BCG,1069.5,108.3,95.5,2026-06,False
Zamfara,North West,za Tsafe Local Government Area,Penta1,1733.2,100.8,101.0,2026-06,False
Zamfara,North West,za Tsafe Local Government Area,Penta3,1341.4,114.8,95.8,2026-06,False
Zamfara,North West,za Tsafe Local Government Area,Measles1,1342.4,142.1,93.0,2026-06,False
Zamfara,North West,za Zurmi Local Government Area,BCG,1346.4,116.7,111.1,2026-12,False
Zamfara,North West,za Zurmi Local Government Area,Penta1,1592.4,115.1,121.4,2026-12,False
Zamfara,North West,za Zurmi Local Government Area,Penta3,1437.2,116.1,120.3,2026-08,False
Zamfara,North West,za Zurmi Local Government Area,Measles1,1127.2,116.1,81.6,2026-08,False
