platform_State,platform_LGA,archetype,archetype_type,zero_dose_rate_pct,zero_dose_children,edu_mean_years_women_15_49,stunting_prev_u5,wasting_prev_u5,underweight_prev_u5,dpt1_3_dropout,poverty_rate,exclusive_breastfeeding,ors_coverage,anc4plus,delivery_hf,improved_water,travel_time_hc,relative_wealth_index,conflict_events,conflict_fatalities
Abia,Aba North,5,Urban Slums (better-off urban core),8.64,433.0,11.52746751,0.169914387,0.090967264,0.132166089,0.328699071,0.0173775,0.213597868383028,27.4111060973699,0.8784905274709066,0.913139820098877,0.9964010715484619,0.2971209235813307,1.273,10,11
Abia,Aba South,5,Urban Slums (better-off urban core),16.6,3332.0,11.03847868,0.18244904,0.087364946,0.135930366,0.316218749,0.0944801,0.220108078984174,26.2561366882351,0.8786468505859375,0.8843975067138672,0.9953031539916992,0.5885686278343201,1.057428571428571,54,73
Abia,Arochukwu,4,Peri-urban / Migrant Dense (transitional),6.93,551.0,8.503211463,0.240999274,0.081386658,0.1503311,0.246461566,0.175241,0.266250153645523,27.8985197509649,0.759090814834986,0.6178594246888772,0.5633997794909354,7.982426782349246,0.05155102040816326,10,28
Abia,Bende,5,Urban Slums (better-off urban core),5.13,464.0,8.716203703,0.221135825,0.081500308,0.144815099,0.341665081,0.129469,0.239909910334763,25.8928137506888,0.8048908009248621,0.779299492929496,0.712683359781901,6.221879329587439,0.002826666666666668,6,2
Abia,Ikwuano,5,Urban Slums (better-off urban core),7.26,470.0,8.944544703,0.240755579,0.083421624,0.152648835,0.314239086,0.111351,0.230665715802625,25.6412476681722,0.8285494717684659,0.788970253684304,0.8326092633334073,4.422874656883446,0.3473513513513514,2,6
Abia,Isiala-Ngwa North,5,Urban Slums (better-off urban core),7.71,558.0,8.944799162,0.221316869,0.081094634,0.151831987,0.333109142,0.124162,0.210867125399238,24.5397230602079,0.878568967183431,0.8928062915802002,0.9529990355173746,1.92518636287062,0.4294666666666667,6,2
Abia,Isiala-Ngwa South,5,Urban Slums (better-off urban core),6.11,392.0,8.976192354,0.224043488,0.080498472,0.152178559,0.334270378,0.12644,0.214629437626598,24.7731207709837,0.8673286437988281,0.8738346862792968,0.9538899230957031,1.838379599831321,0.3352727272727273,6,4
Abia,Isuikwuato,5,Urban Slums (better-off urban core),10.03,545.0,8.672945916,0.208896401,0.080589395,0.138884941,0.305117937,0.206315,0.222248721865214,25.2448105110433,0.831047773361206,0.8490188121795654,0.7659827470779419,4.542672224870817,0.07932692307692307,11,6
Abia,Obi Ngwa,4,Peri-urban / Migrant Dense (transitional),,,9.656276918,0.217253088,0.080330933,0.149927535,0.319205678,0.162597,0.227132514547874,24.5065501468165,,,,,,0,0
Abia,Ohafia,5,Urban Slums (better-off urban core),10.89,1258.0,8.711169139,0.22625781,0.080181245,0.14580263,0.284060006,0.220334,0.24388677583829,27.2876583022446,0.7830290543405634,0.7356903176558646,0.6479978059467516,7.231322416271989,-0.00495774647887324,20,68
Abia,Osisioma Ngwa,5,Urban Slums (better-off urban core),4.47,463.0,10.42084382,0.201139668,0.077386138,0.140387698,0.327660685,0.0850613,0.251898560176249,24.2906463993314,0.8612634759200247,0.8752676311292147,0.9655308974416632,1.325208056104052,0.5858000000000001,10,10
Abia,Ugwunagbo,5,Urban Slums (better-off urban core),12.09,485.0,9.470720912,0.232171818,0.078180306,0.152331949,0.242083151,0.170354,0.239665021884551,24.423492459175,0.8615483504075271,0.7522075359637921,0.9701472062330979,1.498924918796705,0.4083,2,1
Abia,Ukwa East,4,Peri-urban / Migrant Dense (transitional),12.23,334.0,8.289916965,0.259427506,0.0794491,0.160121318,0.209687743,0.227207,0.233747630483187,25.2174589199688,0.8053402370876737,0.5943866305881076,0.9286124617965134,5.080995501893939,0.006128205128205128,2,2
Abia,Ukwa West,5,Urban Slums (better-off urban core),11.45,470.0,9.021347418,0.241261774,0.076842651,0.148811668,0.214644924,0.144136,0.226781089496096,25.597407596357,0.8575166066487631,0.7110472078676577,0.9723938835991753,3.785528811416185,0.2282162162162162,9,9
Abia,Umu-Nneochi,4,Peri-urban / Migrant Dense (transitional),7.43,569.0,8.751856738,0.194646453,0.077554943,0.127165825,0.249814605,0.394745,0.24082203841065,25.5882660862759,0.8258873132558969,0.8618194139920748,0.8362998962402344,4.084366987455259,0.07358695652173912,19,8
Abia,Umuahia North,5,Urban Slums (better-off urban core),7.95,833.0,10.23535763,0.196622274,0.079867447,0.134756034,0.33446558,0.0604663,0.252591324608457,24.5895344750489,0.8537777987393466,0.8674270456487482,0.8907462900335138,3.289675657776581,0.6110277777777777,28,18
Abia,Umuahia South,5,Urban Slums (better-off urban core),7.19,470.0,9.197040622,0.216529045,0.0814857,0.146558933,0.307097139,0.0865288,0.215661291528234,24.9915690860075,0.8735988736152649,0.9026414155960083,0.9721728563308716,2.203184331849564,0.6578461538461539,7,4
Adamawa,Demsa,2,Conflict-Affected / Nomadic,24.89,2797.0,5.289147693,0.35725389,0.103172912,0.222026068,0.318822183,0.664365,0.241040149197988,32.2943898670416,0.5558365156065743,0.3673159401371794,0.3421995774754938,15.95614355372156,-0.330811320754717,5,11
Adamawa,Fufore,2,Conflict-Affected / Nomadic,,,4.438690919,0.39671754,0.106180561,0.231027775,0.357316759,0.491797,0.208133023603411,30.8040719156044,0.5404090881347656,0.2594024113246373,0.4169597625732422,20.93936836791258,-0.4237013487475915,13,18
Adamawa,Ganye,2,Conflict-Affected / Nomadic,32.24,3452.0,4.422753409,0.413027806,0.081802675,0.207937145,0.36962032,0.504603,0.192560086325751,29.4357352297822,0.6982676579402043,0.2076542487511268,0.3964841695932241,38.28761444319881,-0.3817960784313726,4,5
Adamawa,Girei,2,Conflict-Affected / Nomadic,6.78,555.0,4.403683415,0.406488351,0.107753555,0.233876865,0.386445941,0.692791,0.236653847875349,33.3688399742215,0.5547933850969587,0.3673693248203823,0.4326202120099749,16.13957915188574,-0.3957338709677419,9,7
Adamawa,Gombi,2,Conflict-Affected / Nomadic,12.58,1171.0,4.480153671,0.393516751,0.110754366,0.237062037,0.337911247,0.508513,0.234626531077908,31.9931836050997,0.5227647978683998,0.1765342975484914,0.4531027958310884,12.59707378590971,-0.3889448051948052,5,7
Adamawa,Guyuk,2,Conflict-Affected / Nomadic,7.13,793.0,4.617874904,0.408477721,0.098491631,0.233718368,0.265895558,0.468413,0.250032703360954,28.814899199169,0.5012903542354189,0.3189595978835533,0.2539796007090601,12.93117532169118,-0.2781944444444445,1,15
Adamawa,Hong,2,Conflict-Affected / Nomadic,,,4.387980532,0.404204637,0.107390274,0.232550732,0.398640385,0.567477,0.228792198872894,34.2080950670193,0.4814735314784906,0.2001662865663186,0.523016611735026,17.585692753567,-0.3330162162162162,12,77
Adamawa,Jada,2,Conflict-Affected / Nomadic,39.31,4171.0,4.33182353,0.420321596,0.095160508,0.223795403,0.330606534,0.468202,0.190819479954767,29.1175334292353,0.6664890570928587,0.2162738006386981,0.4312236197042785,33.90707712411032,-0.371021978021978,3,2
Adamawa,Lamurde,2,Conflict-Affected / Nomadic,10.76,754.0,4.876701405,0.404500194,0.090705081,0.221755138,0.26955955,0.67222,0.253688100254364,29.5253948821374,0.5643145751953125,0.392789789835612,0.3636398315429688,19.63757142540751,-0.3398453608247423,6,10
Adamawa,Madagali,2,Conflict-Affected / Nomadic,12.63,1075.0,3.912157933,0.391015259,0.113734666,0.257890663,0.356580906,0.524867,0.219184649496562,33.5043494284127,0.4302930174202755,0.1799442685883621,0.5065816024254108,9.5052015625,-0.24305,14,59
Adamawa,Maiha,2,Conflict-Affected / Nomadic,10.53,731.0,4.434388609,0.387766467,0.100847849,0.216109063,0.423988071,0.334905,0.248641936534527,32.1738460344659,0.5231417866496296,0.255926107431387,0.5207925771738028,15.54994172869988,-0.3882576687116565,5,17
Adamawa,Mayo-Belwa,2,Conflict-Affected / Nomadic,29.57,2846.0,4.301154024,0.420829858,0.092525871,0.234503215,0.348421642,0.603694,0.193739284708931,29.9689273015409,0.5921580994051266,0.2871010225582746,0.3688163757324219,14.27843770812521,-0.4032771084337349,2,0
Adamawa,Michika,2,Conflict-Affected / Nomadic,35.02,3425.0,4.469447644,0.375286242,0.108014039,0.234271517,0.399455611,0.605603,0.231839699741096,34.2206057663129,0.5198696984185113,0.2227651101571542,0.4992488578513817,14.39787749382062,-0.3092180451127819,4,2
Adamawa,Mubi North,2,Conflict-Affected / Nomadic,26.45,2524.0,5.069478516,0.369386853,0.102952167,0.215385101,0.400136084,0.49383,0.242258960384174,34.9635647581222,0.5758430217874462,0.2603759765625,0.6184199760700094,11.44144805185565,-0.3151238095238095,5,2
Adamawa,Mubi South,2,Conflict-Affected / Nomadic,9.14,748.0,4.842255512,0.388863952,0.096945141,0.214273165,0.408760192,0.381297,0.255192806578953,33.723269621659,0.6264798564295615,0.3090995050245716,0.6631973635765814,7.75105456749232,-0.2688767123287671,2,3
Adamawa,Numan,2,Conflict-Affected / Nomadic,20.26,1169.0,5.444806997,0.371896517,0.092325332,0.215562836,0.29265991,0.741021,0.248031499497825,30.785829167721,0.5441246032714844,0.3394105434417725,0.3454179763793945,17.18109848920037,-0.3619583333333333,3,8
Adamawa,Shelleng,2,Conflict-Affected / Nomadic,3.05,285.0,4.247259837,0.407221506,0.102515759,0.239680371,0.3023002,0.590021,0.237965584633268,29.1130636353663,0.5010557735667509,0.2407656650917203,0.2898920283598058,14.15509395821766,-0.397340782122905,1,1
Adamawa,Song,2,Conflict-Affected / Nomadic,38.75,4765.0,4.355733043,0.401352524,0.105573398,0.233840276,0.381096916,0.578292,0.236035086934313,31.6633007785095,0.5224538104524338,0.229761037316342,0.3836289394048997,26.38870256803373,-0.4375200945626477,9,11
Adamawa,Toungo,3,Riverine / Geographically Isolated,21.66,712.0,4.028649238,0.43320496,0.074201331,0.196312283,0.369213673,0.515555,0.184517626456303,27.1749037859468,0.5549670573461016,0.2068394689655623,0.2864620502178485,92.43972634842804,-0.4545555555555555,3,5
Adamawa,Yola North,2,Conflict-Affected / Nomadic,,,6.349638871,0.295356731,0.105614329,0.194680193,0.303112495,0.333192,0.237010608548546,33.6736662140632,0.725491099887424,0.6953439712524414,0.8146759668986002,1.20390442439488,1.027636363636364,33,20
Adamawa,Yola South,2,Conflict-Affected / Nomadic,38.69,4781.0,6.107059002,0.329634806,0.107646572,0.210836894,0.307579639,0.421964,0.23623722458063,33.0876216149223,0.6363518756368886,0.4589706089185632,0.5052229286967844,7.021490752551021,-0.2252125984251969,8,4
Akwa Ibom,Abak,4,Peri-urban / Migrant Dense (transitional),11.32,525.0,8.897926218,0.2516515,0.090080565,0.169382356,0.144970423,0.227546,0.169980820175064,23.979888009293,0.7333580318250155,0.5073170410959345,0.9746388887104235,1.899932861328125,0.2307692307692308,8,6
Akwa Ibom,Eastern Obolo,4,Peri-urban / Migrant Dense (transitional),19.0,380.0,8.081978127,0.284964539,0.077663298,0.170743278,0.148797739,0.453956,0.244943812313719,25.9050747593009,0.5466694235801697,0.2046041190624237,0.5375153422355652,24.51857058502907,-0.2651818181818182,3,4
Akwa Ibom,Eket,5,Urban Slums (better-off urban core),5.79,334.0,9.63222386,0.255881434,0.079825421,0.172889722,0.158127584,0.203682,0.253695351846264,25.566249829928,0.6386985778808594,0.3321290016174316,0.9217883839326746,7.432313378177472,0.3692903225806451,12,10
Akwa Ibom,Esit Eket,4,Peri-urban / Migrant Dense (transitional),16.29,344.0,8.616208024,0.297406907,0.077488824,0.194341463,0.154568304,0.24833,0.239298896390706,25.9052221506359,0.6041184266408285,0.2563212116559346,0.8617674509684244,16.45223999023438,-0.1215263157894737,0,0
Akwa Ibom,Essien Udim,4,Peri-urban / Migrant Dense (transitional),16.46,1061.0,8.781655657,0.264292829,0.087249969,0.165260448,0.203617959,0.31112,0.174205494180049,24.3553156222207,0.7769311758188101,0.6029930481543908,0.9692275707538311,2.965589701078401,0.3116808510638298,7,12
Akwa Ibom,Etim Ekpo,4,Peri-urban / Migrant Dense (transitional),16.34,577.0,8.89074853,0.267866364,0.084813168,0.169207687,0.168457362,0.300045,0.182305076541213,23.7543981002771,0.7436994711558024,0.4782824516296387,0.9415546258290609,2.757418429809996,0.13765625,10,11
Akwa Ibom,Etinan,4,Peri-urban / Migrant Dense (transitional),10.32,581.0,8.708748368,0.270214221,0.086468558,0.184562987,0.150107658,0.361301,0.182442285222105,24.1666096507774,0.6611473083496093,0.3372107982635498,0.9593667984008789,3.176574929787295,0.1459666666666667,0,0
Akwa Ibom,Ibeno,4,Peri-urban / Migrant Dense (transitional),13.97,349.0,8.42989671,0.289039775,0.075460139,0.191373086,0.140877467,0.279937,0.239480705646174,25.6434720727017,0.4695884704589844,0.2269694407780965,0.6480403343836466,43.56186236213235,-0.1047916666666667,2,8
Akwa Ibom,Ibesikpo Asutan,4,Peri-urban / Migrant Dense (transitional),14.86,680.0,8.928686694,0.260775419,0.087935377,0.177205931,0.161546672,0.365887,0.164502569834924,25.5551819920235,0.7075291683799342,0.4070062637329102,0.9591877585963199,2.071261386639676,0.2716551724137931,4,4
Akwa Ibom,Ibiono Ibom,4,Peri-urban / Migrant Dense (transitional),11.31,711.0,8.911593893,0.253574863,0.085810528,0.156982917,0.158733835,0.294513,0.237053907029154,27.0399650927848,0.7074410120646158,0.4235165596008301,0.8153010050455729,6.906762277978098,0.06612962962962964,2,2
Akwa Ibom,Ika,4,Peri-urban / Migrant Dense (transitional),17.0,413.0,9.098742087,0.265231659,0.083315903,0.166137191,0.190739716,0.257191,0.183584406276204,23.8921537269684,0.7760561307271322,0.553731362024943,0.9484585920969645,2.474345509598895,0.2028421052631579,2,2
Akwa Ibom,Ikono,4,Peri-urban / Migrant Dense (transitional),7.82,343.0,8.413361729,0.260989923,0.085563307,0.159096576,0.17878853,0.322678,0.218275187302192,25.8754722433388,0.7486402034759522,0.5176638603210449,0.893779182434082,4.015851891559103,0.1522424242424242,2,2
Akwa Ibom,Ikot Abasi,4,Peri-urban / Migrant Dense (transitional),8.87,392.0,8.39588867,0.287037633,0.079902571,0.173042847,0.151620545,0.399877,0.210768711114143,24.9497405007265,0.6265029173630935,0.2193405628204346,0.7624223415668194,11.11158005734707,0.0763170731707317,1,0
Akwa Ibom,Ikot Ekpene,4,Peri-urban / Migrant Dense (transitional),8.16,385.0,9.469498122,0.231346572,0.08673442,0.150879775,0.183610131,0.287711,0.208829419438068,24.4730648941454,0.785443115234375,0.6401610692342122,0.9628515243530273,2.199191119219806,0.5638571428571428,2,2
Akwa Ibom,Ini,4,Peri-urban / Migrant Dense (transitional),15.11,499.0,8.191973315,0.255064787,0.082889528,0.154575396,0.266456006,0.236912,0.242254088990308,26.4400182292797,0.7598573460298426,0.5827086392570945,0.6963543611414292,8.545365305459272,-0.009951612903225812,5,11
Akwa Ibom,Itu,5,Urban Slums (better-off urban core),9.1,388.0,8.866069441,0.254809713,0.085294728,0.157998393,0.147599415,0.245682,0.223998888013053,27.109606405667,0.6940406322479248,0.383142614364624,0.7958169937133789,8.013484490313653,0.3970909090909091,10,19
Akwa Ibom,Mbo,4,Peri-urban / Migrant Dense (transitional),10.36,353.0,8.028334511,0.294364645,0.074395716,0.195959782,0.188023714,0.364176,0.231694004699191,27.5119860203648,0.459894843723463,0.1518762653524225,0.4368756034157493,26.83301575203252,0.1104642857142857,11,26
Akwa Ibom,Mkpat Enin,4,Peri-urban / Migrant Dense (transitional),2.34,138.0,8.341134655,0.285456034,0.084814117,0.185076808,0.151597198,0.46378,0.168813541842753,23.9261695071504,0.6092516376126197,0.2322405845888199,0.8694699195123488,5.541536631482713,0.05919565217391304,8,3
Akwa Ibom,Nsit Atai,4,Peri-urban / Migrant Dense (transitional),14.95,366.0,8.565703318,0.290010391,0.08400496,0.188447941,0.179625664,0.423552,0.196749267552855,25.9870035793785,0.6516460180282593,0.2830347418785095,0.8588415384292603,3.445688274049539,0.1235384615384615,0,0
Akwa Ibom,Nsit Ibom,4,Peri-urban / Migrant Dense (transitional),8.94,322.0,8.58733453,0.263543128,0.089113029,0.182768422,0.15910495,0.252779,0.155796266531433,24.6561956028508,0.7014238238334656,0.4324268102645874,0.9765383005142212,1.653619898427831,0.17852,2,2
Akwa Ibom,Nsit Ubium,4,Peri-urban / Migrant Dense (transitional),14.35,608.0,8.627706391,0.276728954,0.082404884,0.187650416,0.163572423,0.414299,0.193024509849354,25.604353809151,0.6430608658563524,0.2645667166936965,0.921647480555943,4.387889287243151,0.1892972972972973,0,0
Akwa Ibom,Obot Akara,5,Urban Slums (better-off urban core),12.58,618.0,8.370951269,0.261011205,0.085261305,0.160124599,0.266252895,0.270073,0.199857680573117,24.9493952748723,0.8108451479957217,0.7338671457199824,0.9276001339867002,3.318831427248916,0.179425,2,16
Akwa Ibom,Okobo,4,Peri-urban / Migrant Dense (transitional),13.57,465.0,8.011665084,0.29836303,0.080993861,0.190726482,0.183973512,0.370634,0.215370526696223,26.5123332662058,0.6175877707345145,0.2618988241468157,0.6843486513410296,23.16277680980216,-0.04391891891891891,1,0
Akwa Ibom,Onna,4,Peri-urban / Migrant Dense (transitional),11.19,460.0,8.816626061,0.28347847,0.07974217,0.181392808,0.150400986,0.408359,0.217474681826513,25.3346554526604,0.5940186427189753,0.2766007643479567,0.9292403734647311,5.574413920557777,0.14375,1,0
Akwa Ibom,Oron,4,Peri-urban / Migrant Dense (transitional),17.0,495.0,8.851784794,0.275584741,0.077846988,0.185391649,0.163507525,0.354655,0.227638111611953,27.749283974846,0.6257875105913948,0.2711214177748736,0.4956590989056756,39.16531355574325,0.1385454545454546,9,21
Akwa Ibom,Oruk Anam,4,Peri-urban / Migrant Dense (transitional),8.91,510.0,8.385672391,0.278847727,0.085856416,0.179616821,0.155016198,0.441223,0.169963957985878,24.0735041400015,0.6730045225562119,0.3081327298792397,0.8821826097441883,4.819048090581294,-0.07956626506024096,6,6
Akwa Ibom,Udung Uko,4,Peri-urban / Migrant Dense (transitional),19.14,339.0,8.200830422,0.305403295,0.076008615,0.195677204,0.1818959,0.271675,0.225479678638739,27.1646906160173,0.6048124101426866,0.2071463664372762,0.6191803084479438,21.31943134877874,-0.08916666666666666,2,2
Akwa Ibom,Ukanafun,4,Peri-urban / Migrant Dense (transitional),16.57,693.0,8.775660982,0.270486988,0.083575435,0.167982462,0.153980108,0.343031,0.208937719554948,24.4716926978406,0.7215494226526331,0.4319392310248481,0.9266624450683594,2.781575055803571,-0.03873170731707317,6,6
Akwa Ibom,Uruan,4,Peri-urban / Migrant Dense (transitional),14.99,586.0,8.335879066,0.270624368,0.085891874,0.177294328,0.167156638,0.403884,0.171098576165933,26.5006962041438,0.6404490294279875,0.3279882007175022,0.7522688971625434,27.2679282134434,0.0515813953488372,6,4
Akwa Ibom,Urue-Offong/Oruko,4,Peri-urban / Migrant Dense (transitional),15.07,356.0,8.131454816,0.301672386,0.079178002,0.197443223,0.17943532,0.312526,0.216016430677421,26.2295973080099,0.6443276772132287,0.2253792469318096,0.78479370704064,5.575411741760956,-0.02161111111111111,0,0
Akwa Ibom,Uyo,5,Urban Slums (better-off urban core),21.47,2191.0,9.765528432,0.243814448,0.088336463,0.164097308,0.143317653,0.175497,0.215746544306611,24.6243198530964,0.7552454331341911,0.5483314850751091,0.9883512609145221,2.292582951035611,0.7468846153846154,31,27
Anambra,Aguata,5,Urban Slums (better-off urban core),14.1,2014.0,9.992810228,0.156904255,0.078069241,0.112067376,0.188188839,0.0499184,0.223086748711529,21.4827762074658,0.8306899070739746,0.9335295677185058,0.9548771858215332,1.48662148059254,0.616638888888889,52,64
Anambra,Anambra East,5,Urban Slums (better-off urban core),6.19,364.0,9.870567014,0.158178875,0.076268055,0.098111711,0.221960488,0.172274,0.259706000631347,23.5581403323638,0.7230443220872146,0.7051045344426081,0.6733339749849759,14.63152888593381,-0.04139583333333333,22,26
Anambra,Anambra West,4,Peri-urban / Migrant Dense (transitional),8.12,524.0,7.987289703,0.197563493,0.074231681,0.106073183,0.24087609,0.283385,0.244813135305367,23.6396811055804,0.7097170759991902,0.68108307443014,0.6336726677127,20.65740320171189,-0.3754605263157895,1,0
Anambra,Anaocha,5,Urban Slums (better-off urban core),19.17,2103.0,10.00758739,0.156222938,0.077729072,0.108612782,0.177975061,0.0451305,0.226383831882943,21.4299333585266,0.8513731956481934,0.9581368310110909,0.9871879986354283,1.567872457664106,0.6944285714285714,0,0
Anambra,Awka North,5,Urban Slums (better-off urban core),6.72,291.0,8.984714319,0.174644895,0.074948426,0.10158729,0.190896977,0.14495,0.265573919682658,24.5482481655663,0.7411287943522136,0.7586313247680664,0.7663155237833659,8.285293847847358,0.07515151515151516,17,49
Anambra,Awka South,5,Urban Slums (better-off urban core),15.37,1126.0,9.965057396,0.154407734,0.076555038,0.105798249,0.172781471,0.0410233,0.253793352246482,22.3292620921919,0.8327738642692566,0.9104400277137756,0.9431396722793579,2.585267733683628,0.5885185185185186,84,137
Anambra,Ayamelum,5,Urban Slums (better-off urban core),12.23,747.0,8.456742917,0.188480425,0.073769509,0.099649971,0.222019101,0.28355,0.258653422643573,25.0309384449284,0.7765210314494807,0.7153355668230754,0.7289545012683403,11.08366277332684,-0.1186388888888889,13,30
Anambra,Dunukofia,5,Urban Slums (better-off urban core),12.04,449.0,9.909285437,0.162423731,0.073058791,0.096201125,0.185767416,0.0844126,0.286554978160172,23.6962446427778,0.8294632434844971,0.9143009980519613,0.957251230875651,2.458375916000485,0.6431538461538462,12,6
Anambra,Ekwusigo,5,Urban Slums (better-off urban core),3.39,207.0,9.534797593,0.161880467,0.078269912,0.10863242,0.166606901,0.0756879,0.226706118060982,21.5752721681642,0.8246359825134277,0.9061570848737445,0.9575037275041852,6.341524345930233,0.3969523809523809,12,15
Anambra,Idemili North,5,Urban Slums (better-off urban core),19.89,3311.0,10.03940608,0.158799459,0.075718022,0.10182847,0.17082446,0.0533404,0.293073995048345,22.3847928213607,0.8536993907048152,0.9564751845139724,0.987887089069073,1.434382512019231,0.839842105263158,28,44
Anambra,Idemili South,5,Urban Slums (better-off urban core),4.95,395.0,10.00208611,0.157662576,0.076686427,0.103848639,0.182379544,0.0515196,0.272772677522126,21.9984579605431,0.8481630682945251,0.9490305781364441,0.9836541414260864,4.71983076886433,0.6618125,49,54
Anambra,Ihiala,5,Urban Slums (better-off urban core),16.14,1884.0,9.877360791,0.162210381,0.081655297,0.117624317,0.17990897,0.144963,0.19562584561288,21.4960485720053,0.8199534049400916,0.8832875765286959,0.9565489842341497,2.929939157269859,0.3175102040816327,72,131
Anambra,Njikoka,5,Urban Slums (better-off urban core),7.27,417.0,9.840668475,0.162271191,0.075168788,0.102266121,0.169079326,0.0505555,0.281642004900931,23.1911840213473,0.8476455552237374,0.9532620566231864,0.9892424174717495,1.740426563081287,0.8961250000000001,20,22
Anambra,Nnewi North,5,Urban Slums (better-off urban core),6.27,376.0,10.21014614,0.155802001,0.078524316,0.107246529,0.179554909,0.0432129,0.246215056632181,21.1211106482051,0.8550511598587036,0.9586005806922913,0.9891444444656372,0.8448171091603709,0.8057272727272727,17,16
Anambra,Nnewi South,5,Urban Slums (better-off urban core),4.0,360.0,9.872794712,0.15677557,0.079312706,0.113044252,0.170589849,0.0661333,0.200816062970871,21.2099458839258,0.8411353429158529,0.9379956987169054,0.9767913818359375,1.049661291650979,0.6756206896551724,20,22
Anambra,Ogbaru,5,Urban Slums (better-off urban core),12.61,1087.0,8.67554927,0.185243405,0.077172139,0.114200402,0.205303705,0.0996213,0.233044361585492,22.9463054378297,0.7781647391941237,0.7888984680175781,0.9062944495159647,18.25588706856343,-0.1935,25,71
Anambra,Onitsha North,5,Urban Slums (better-off urban core),9.5,462.0,10.33471603,0.159082506,0.074278906,0.096531347,0.233842371,0.0207305,0.257086623468909,22.3912609333517,0.848792552947998,0.9371716181437174,0.986583391825358,1.748131513595581,1.243833333333333,35,29
Anambra,Onitsha South,5,Urban Slums (better-off urban core),5.28,280.0,8.167598776,0.179360073,0.076329152,0.105259692,0.197066676,0.0516625,0.231720128903195,22.2355680863624,0.8323565721511841,0.9257556200027466,0.986746072769165,1.237624095036433,1.663,5,4
Anambra,Orumba North,5,Urban Slums (better-off urban core),8.87,592.0,9.125282156,0.166052541,0.079111812,0.116638737,0.181544459,0.133973,0.205449834167519,22.5766194156793,0.820037841796875,0.8914333626076028,0.8643254880551938,5.239300321691177,0.0818,14,23
Anambra,Orumba South,5,Urban Slums (better-off urban core),10.37,739.0,9.517507917,0.16989693,0.078119691,0.120001197,0.1999593,0.240363,0.227022271019133,23.5536627507216,0.8014459609985352,0.8859373092651367,0.8830055236816406,2.867792401994978,0.1589333333333333,16,24
Anambra,Oyi,5,Urban Slums (better-off urban core),6.93,450.0,10.46420692,0.149806924,0.07685085,0.098005001,0.20306281,0.0578241,0.267599773861989,23.087181720218,0.8269588470458984,0.9109065373738606,0.9532510121663411,5.191532970610119,0.4516086956521739,18,30
Bauchi,Alkaleri,2,Conflict-Affected / Nomadic,,,2.898605622,0.51617157,0.096499766,0.293759566,0.38620556,0.474774,0.120643511896386,21.6384436369198,0.4546786855320035,0.2225463208813353,0.4272283563759121,31.58037913945228,-0.5061438596491228,19,83
Bauchi,Bauchi,2,Conflict-Affected / Nomadic,,,4.466250932,0.459564613,0.106055428,0.280788933,0.372142971,0.370981,0.0792297991497938,25.6243172363776,0.5058685614138233,0.2648994679353675,0.614359408008809,6.654830861015065,-0.3406770428015564,35,25
Bauchi,Bogoro,2,Conflict-Affected / Nomadic,39.65,3664.0,4.729357484,0.501581646,0.085066897,0.267825718,0.385187524,0.50068,0.122380182257393,26.8474914009641,0.5742270047547388,0.2875212997686667,0.5044413394615298,13.96804726491606,-0.3405123966942148,3,0
Bauchi,Damban,1,Remote Rural / Hard-to-Reach,,,2.051095589,0.578500935,0.14092906,0.402064238,0.394706163,0.587788,0.0997325693327051,19.7045331200721,,,,,,1,0
Bauchi,Darazo,1,Remote Rural / Hard-to-Reach,13.89,3827.0,2.126947199,0.565611863,0.127494054,0.372101614,0.327749069,0.437971,0.0960106267071042,20.122189781295,0.2859962100074405,0.1115136625905516,0.295215404853619,12.77594493852995,-0.585769647696477,2,1
Bauchi,Dass,2,Conflict-Affected / Nomadic,34.45,3421.0,4.116531544,0.520115136,0.091727937,0.286887361,0.366321894,0.453864,0.109361520795064,28.6572394522332,0.5536200953464882,0.2469936445647595,0.5158205967323453,13.51298668032787,-0.3673069306930693,1,0
Bauchi,Gamawa,1,Remote Rural / Hard-to-Reach,57.22,17940.0,1.773662299,0.606533549,0.145315917,0.414211469,0.329628022,0.622473,0.0809234622298342,19.5278030881481,0.2406437368953929,0.07121932646807502,0.2863152896656709,19.03769947729161,-0.6539317180616739,1,0
Bauchi,Ganjuwa,1,Remote Rural / Hard-to-Reach,,,2.164423176,0.577609496,0.117155067,0.352693756,0.361610801,0.495026,0.0649310639453239,21.1671281048783,0.3825780104387446,0.1294975160424266,0.5090849000948837,22.63032013323464,-0.4540825358851674,1,0
Bauchi,Giade,1,Remote Rural / Hard-to-Reach,11.75,2021.0,2.022445097,0.585615828,0.132588633,0.390164501,0.345638285,0.40469,0.0914120707940597,20.4066212282436,0.3093259872928742,0.1329962361243463,0.3798492800804876,6.769086360931396,-0.4884645669291338,0,0
Bauchi,Itas/Gadau,1,Remote Rural / Hard-to-Reach,41.18,10375.0,1.703789924,0.609708415,0.134500629,0.404552369,0.396234724,0.306167,0.0946383293355603,20.7863865562211,0.3031570159637176,0.1014076095443588,0.6674975146044482,6.462678228427896,-0.5887761732851986,0,0
Bauchi,Jama'are,1,Remote Rural / Hard-to-Reach,31.78,4116.0,2.18110481,0.581001212,0.130917306,0.380455566,0.410277518,0.301238,0.0800491402198789,20.9798550627125,0.3231436411539714,0.1117908015395656,0.721490513194691,4.68553838749361,-0.4530983606557377,2,1
Bauchi,Katagum,1,Remote Rural / Hard-to-Reach,34.75,11224.0,2.508840499,0.559107139,0.134447397,0.383793596,0.360689265,0.415998,0.0789683202622563,20.5884284576422,0.3283682147276054,0.1404129880145915,0.4935506061442848,12.68532240198711,-0.5720248962655602,4,3
Bauchi,Kirfi,1,Remote Rural / Hard-to-Reach,18.21,2924.0,2.17739053,0.53847982,0.106344822,0.334438976,0.36369705,0.409133,0.0847966029403616,20.1482944835287,0.4009633178710937,0.170852783203125,0.3532787475585937,20.43480859072424,-0.5132530612244898,2,1
Bauchi,Misau,1,Remote Rural / Hard-to-Reach,59.74,17214.0,2.462352238,0.55852256,0.135551818,0.385027808,0.30328097,0.315857,0.0764302519893342,20.6563564805735,0.3173025916604435,0.141861032037174,0.2801021127139821,8.13590569796467,-0.4336842105263158,3,4
Bauchi,Ningi,2,Conflict-Affected / Nomadic,,,2.124947832,0.603827194,0.119313764,0.35270183,0.353468718,0.465733,0.0940138503985017,25.7471014028379,0.4173548982134856,0.1038165075377324,0.4427823302566364,26.2002356557377,-0.4496650943396227,32,71
Bauchi,Shira,1,Remote Rural / Hard-to-Reach,35.58,9177.0,2.152335978,0.588635162,0.132230261,0.387296449,0.398331834,0.50989,0.0729296033179052,20.6055922244206,0.3152195857121394,0.1115876082535628,0.5865903581891742,8.238724149816177,-0.5104711111111111,0,0
Bauchi,Tafawa-Balewa,2,Conflict-Affected / Nomadic,34.09,8317.0,4.343055712,0.51834077,0.088386419,0.281476901,0.364647692,0.459648,0.113200899620628,27.6138978221796,0.5741083430147719,0.3032543138525952,0.5437671179058908,13.34854977251334,-0.4076342710997442,11,14
Bauchi,Toro,2,Conflict-Affected / Nomadic,,,3.539885699,0.53492318,0.101380646,0.297466371,0.315306102,0.518579,0.117670083624841,31.118752189054,0.4991175333658854,0.1742426554361979,0.4901588883980241,41.78938128102676,-0.4624197689345315,24,26
Bauchi,Warji,1,Remote Rural / Hard-to-Reach,26.38,3344.0,1.984885658,0.609323632,0.123213506,0.369917971,0.478355378,0.5286,0.0769342022533924,22.3054869255568,0.3762549487027255,0.1052479418841275,0.6480217413468794,17.28145830065872,-0.43240625,2,1
Bauchi,Zaki,1,Remote Rural / Hard-to-Reach,57.07,11932.0,1.773356927,0.602283284,0.143756986,0.409718633,0.363638749,0.548602,0.0778010659895324,20.5707147949418,0.2997522757086956,0.08197463398248377,0.585951845410844,7.383729212266844,-0.3694161849710982,1,0
Bayelsa,Brass,3,Riverine / Geographically Isolated,22.31,1627.0,8.016485849,0.229852143,0.061087997,0.10957996,0.138174175,0.341754,0.238380901251893,27.4894658115551,0.2188772069345606,0.1031217956542969,0.245695686340332,120.642082590612,-0.2111666666666667,6,7
Bayelsa,Ekeremor,3,Riverine / Geographically Isolated,17.69,1889.0,7.405640281,0.255189814,0.065916192,0.130771205,0.18881206,0.401266,0.174545485743499,27.6470938738601,0.2453009060450963,0.122283262865884,0.1836225986480713,76.79911894273128,-0.2351076923076923,3,3
Bayelsa,Kolokuma/Opokuma,4,Peri-urban / Migrant Dense (transitional),20.69,650.0,8.612768412,0.226249267,0.064279836,0.118738743,0.169729566,0.154525,0.224039736835319,26.8430311136925,0.3050958370340282,0.220349410484577,0.6621104273302801,31.24905158675166,-0.03911111111111111,0,0
Bayelsa,Nembe,3,Riverine / Geographically Isolated,10.48,544.0,8.396734652,0.229844615,0.061169412,0.107428334,0.134932046,0.431098,0.222193878853311,27.8010576886695,0.1877184070524622,0.1030814530419522,0.2246088434438236,121.7929616606171,-0.08162162162162163,7,8
Bayelsa,Ogbia,4,Peri-urban / Migrant Dense (transitional),8.95,637.0,8.583768163,0.230408931,0.061313546,0.110011128,0.142563159,0.149506,0.254641474239686,28.2264617468752,0.3473295697978899,0.2167082767860562,0.7426228990741804,27.54760044642857,-0.07826470588235294,13,10
Bayelsa,Sagbama,4,Peri-urban / Migrant Dense (transitional),7.7,570.0,8.356047661,0.229718137,0.066597015,0.123975696,0.174019109,0.18814,0.217902392722779,26.7673435572403,0.3239836326012245,0.2176116307576497,0.5432925102038261,37.47903655616078,-0.3011630434782609,8,2
Bayelsa,Southern Ijaw,3,Riverine / Geographically Isolated,7.42,945.0,7.624864816,0.244417795,0.060997708,0.120700056,0.170320725,0.391353,0.196487279073266,27.1110486412193,0.2094683065647032,0.1003184848361545,0.2113971003779659,95.46688829787234,-0.1995357142857143,18,17
Bayelsa,Yenagoa,5,Urban Slums (better-off urban core),25.49,3557.0,9.236533483,0.219431862,0.062958129,0.114178438,0.157322696,0.0637391,0.26173843327781,27.1550829630212,0.4106567729603161,0.2698615854436701,0.7912568525834517,18.06191364065875,0.08196,65,57
Benue,Ado,4,Peri-urban / Migrant Dense (transitional),36.7,2652.0,6.527540248,0.275930105,0.070099764,0.127752687,0.205407675,0.789235,0.323351532135465,29.512596302875,0.6743644826552447,0.6245589536779067,0.6383379206937903,9.881038990050232,-0.3831875,17,78
Benue,Agatu,4,Peri-urban / Migrant Dense (transitional),22.68,1028.0,6.155601049,0.329043695,0.070118763,0.170778821,0.280960882,0.360905,0.247253566043632,29.3227878716472,0.602834099217465,0.6036403053685239,0.5297828473542866,14.63711109329179,-0.3361702127659575,46,199
Benue,Apa,4,Peri-urban / Migrant Dense (transitional),27.74,1052.0,6.518537194,0.30978651,0.068745889,0.154243727,0.242343927,0.280878,0.2603775079839,29.4845869435963,0.6203371286392212,0.6703768372535706,0.4854392111301422,10.87833317739521,-0.3464622641509434,42,103
Benue,Buruku,4,Peri-urban / Migrant Dense (transitional),22.17,1791.0,6.563336188,0.295143856,0.068600746,0.13250716,0.13076017,0.413244,0.253081787554403,28.5279480839179,0.5297957200270432,0.647887816795936,0.8684635162353516,7.822669608383894,-0.4606806282722513,20,195
Benue,Gboko,4,Peri-urban / Migrant Dense (transitional),54.51,7719.0,7.477855298,0.263698998,0.069972025,0.123035431,0.124659672,0.435929,0.234550915438789,29.9615679693135,0.5813552554291074,0.7132621991752398,0.9008914456509127,6.601303431644477,-0.4295305343511451,16,22
Benue,Guma,4,Peri-urban / Migrant Dense (transitional),21.65,1647.0,5.471736395,0.33324597,0.069582509,0.163359708,0.164697322,0.38319,0.240150039268698,28.1066690945874,0.4825282763409358,0.5062113526046917,0.6939493815104166,13.01745499320652,-0.4548283378746594,65,258
Benue,Gwer East,4,Peri-urban / Migrant Dense (transitional),12.39,819.0,6.405415057,0.305552059,0.068065535,0.135698849,0.157885316,0.347521,0.276106169316848,29.286167974046,0.5777568131042041,0.6293463398226731,0.6515888241555193,11.86516968375617,-0.4518078078078078,15,40
Benue,Gwer West,4,Peri-urban / Migrant Dense (transitional),8.66,415.0,6.217343585,0.320008671,0.069576492,0.153687523,0.177031833,0.418945,0.239583044758814,28.9955905173821,0.5918552119557451,0.6414327854063453,0.5943120165569026,13.52846233510296,-0.4430872093023256,64,185
Benue,Katsina-Ala,4,Peri-urban / Migrant Dense (transitional),15.25,1347.0,6.211566976,0.309438494,0.069586824,0.140578851,0.181179043,0.496439,0.282281115621451,27.5116950994879,0.5359321007361779,0.6025000352125901,0.8406605842785958,20.61612296747968,-0.4215870646766169,30,134
Benue,Konshisha,4,Peri-urban / Migrant Dense (transitional),29.6,2627.0,6.687436066,0.286781983,0.071998679,0.137932353,0.162199752,0.501355,0.272914531416094,29.310070800889,0.558588492770155,0.6088880010011817,0.7177445868484112,9.702936203485885,-0.4236450511945393,7,47
Benue,Kwande,4,Peri-urban / Migrant Dense (transitional),23.64,2304.0,6.816966101,0.294665642,0.067165882,0.147498244,0.172385909,0.502398,0.240459754663458,29.5155373593317,0.5701709493001302,0.6538279215494792,0.7252370198567708,19.52235067061759,-0.3624490861618799,21,111
Benue,Logo,4,Peri-urban / Migrant Dense (transitional),18.0,1196.0,5.66303977,0.331673795,0.070431619,0.147217111,0.172260705,0.40159,0.267948298233348,27.7276031993891,0.4277278355189732,0.4688077654157366,0.7062515531267438,18.85412361242324,-0.4455421686746988,49,157
Benue,Makurdi,4,Peri-urban / Migrant Dense (transitional),40.43,4760.0,8.128292691,0.250691955,0.071372097,0.136802615,0.11680904,0.3623,0.252798847616131,30.2770870368463,0.6509391239711216,0.6870894432067871,0.7993862288338798,7.646198126117069,-0.1483070866141732,86,130
Benue,Obi,4,Peri-urban / Migrant Dense (transitional),26.2,1013.0,6.564622606,0.288504105,0.070091506,0.13762409,0.174263981,0.416685,0.300322231965323,29.4396377952229,0.5683586597442627,0.5674099922180176,0.5268128395080567,9.087501008250369,-0.295015625,1,1
Benue,Ogbadibo,4,Peri-urban / Migrant Dense (transitional),25.12,1289.0,7.313152366,0.25795014,0.06750483,0.11646309,0.238556395,0.46829,0.222292576430219,30.0466194280756,0.8025564466203962,0.7741612025669643,0.7090378715878441,3.959629047780797,-0.2275568181818182,20,9
Benue,Ohimini,4,Peri-urban / Migrant Dense (transitional),28.13,780.0,7.014705781,0.282931099,0.067175578,0.128104713,0.166876113,0.273532,0.252894669054724,29.5098763638524,0.6391977469126383,0.6791718006134033,0.4687506755193074,7.408066991287442,-0.3422926829268293,4,1
Benue,Oju,4,Peri-urban / Migrant Dense (transitional),30.56,2018.0,6.665109921,0.279659311,0.072558365,0.139764789,0.193971313,0.562744,0.29941178723327,29.484919383237,0.6059597700070112,0.599658917158078,0.6523860051081731,9.304659260465703,-0.3160609756097561,4,45
Benue,Okpokwu,4,Peri-urban / Migrant Dense (transitional),33.15,2281.0,7.101122675,0.275156572,0.067296027,0.12197846,0.194954763,0.557299,0.243305540536478,29.1422120826934,0.700164794921875,0.699430436354417,0.5223726125863882,6.584137893935381,-0.3093421052631579,10,15
Benue,Oturkpo,4,Peri-urban / Migrant Dense (transitional),,,7.567373535,0.270192237,0.06781785,0.127958338,0.156132774,0.246264,0.28135066065433,30.1130794748198,0.6223119099934896,0.6597197453180949,0.4969269434611003,13.91016377442212,-0.2230526315789474,40,97
Benue,Tarka,4,Peri-urban / Migrant Dense (transitional),32.5,1010.0,6.224770519,0.306472224,0.069048666,0.142440306,0.134926267,0.355667,0.236803814710916,29.264719220505,0.5408844667322495,0.6943179859834558,0.932342809789321,6.339631404433139,-0.441425,1,18
Benue,Ukum,4,Peri-urban / Migrant Dense (transitional),32.99,2805.0,5.807332045,0.324672573,0.072142856,0.15160962,0.234828991,0.456345,0.276280712976801,27.6286679077079,0.5232311248779297,0.5414245986938476,0.825157241821289,8.793354261077543,-0.3064531835205992,48,243
Benue,Ushongo,4,Peri-urban / Migrant Dense (transitional),42.71,3213.0,7.024230969,0.279163057,0.070759675,0.141122067,0.135839711,0.519856,0.251235282988156,29.2695440014141,0.5646447516106939,0.6694259643554688,0.8419858263684558,8.57148635499638,-0.443281045751634,3,7
Benue,Vandeikya,4,Peri-urban / Migrant Dense (transitional),26.97,2479.0,7.636793593,0.265195401,0.071709781,0.145615509,0.144921246,0.559216,0.259081228146618,30.8807377238026,0.650567424540617,0.6889117493921396,0.8532988100635762,8.35629646001732,-0.3796756756756757,3,1
Borno,Abadam,2,Conflict-Affected / Nomadic,55.0,2817.0,1.882845821,0.505204315,0.157820519,0.345838317,0.335777999,0.39648,0.155118048962426,27.7587825981604,0.1132230146215596,0.01984389768827946,0.385821666192571,28.80193871479572,-0.2328701298701299,131,1006
Borno,Askira/Uba,2,Conflict-Affected / Nomadic,48.31,3544.0,4.175941982,0.426055475,0.116375034,0.265252649,0.348162953,0.557487,0.225562687592717,31.9727593811766,0.4149289047508909,0.1692689259847005,0.4089096247801307,21.65961865032487,-0.404335,31,150
Borno,Bama,2,Conflict-Affected / Nomadic,28.74,3974.0,3.221541962,0.437056429,0.131830188,0.292780549,0.263815289,0.259279,0.184529394020036,30.8623390218313,0.2383859022608343,0.05444425906775133,0.2277721009164486,14.40817935062926,-0.3573225806451613,275,1638
Borno,Bayo,2,Conflict-Affected / Nomadic,1.0,40.0,3.050729784,0.493349186,0.11774501,0.29234176,0.245126059,0.269696,0.188274127340283,23.0126363636765,0.3124006059434679,0.1579930340802228,0.243193049489716,8.493696292523033,-0.3725093167701863,2,9
Borno,Biu,2,Conflict-Affected / Nomadic,,,3.695924135,0.439414205,0.113343033,0.266652196,0.21583999,0.348162,0.230101475468044,26.3627480073101,0.3570221421632124,0.1091953435710057,0.3789300869165925,23.77466920045045,-0.3563412162162162,58,106
Borno,Chibok,2,Conflict-Affected / Nomadic,14.74,501.0,3.866610558,0.430574812,0.121094465,0.272970104,0.266626821,0.551262,0.225886875170294,29.6798749417701,0.3084841119237693,0.09027112248432205,0.2152769709207925,7.884440304240934,-0.28304,28,115
Borno,Damboa,2,Conflict-Affected / Nomadic,35.99,4297.0,3.498120346,0.434987015,0.127013247,0.290781528,0.287352847,0.528514,0.201076191958628,29.6889073948164,0.2667651241772795,0.074463426250301,0.2668793299426771,20.20872560544274,-0.4640971867007672,209,764
Borno,Dikwa,2,Conflict-Affected / Nomadic,23.47,1262.0,2.956876257,0.429886922,0.133555706,0.27604446,0.199873441,0.28219,0.182382266556558,30.5346322435412,0.2711518894542347,0.06099317290566184,0.2968944549560547,11.22984148926708,-0.3626228070175438,78,445
Borno,Gubio,2,Conflict-Affected / Nomadic,39.24,3039.0,1.95744737,0.510510253,0.143893813,0.319654409,0.255173936,0.357535,0.121542192800202,29.302334638135,0.09201104055621667,0.0242140250291653,0.2667511351808102,11.55049379634912,-0.173495145631068,24,105
Borno,Guzamala,2,Conflict-Affected / Nomadic,,,2.076855539,0.48504104,0.154759664,0.321781951,0.250358914,0.320498,0.142197102826034,30.6559481538267,0.1085344823201497,0.02669809977213542,0.2868139902750651,11.45641865567585,-0.3158849840255591,19,77
Borno,Gwoza,2,Conflict-Affected / Nomadic,40.44,5724.0,3.578292606,0.420399029,0.125145575,0.288723099,0.30056402,0.339741,0.207866077267636,33.4988432792366,0.3055914688110352,0.1042872524261475,0.4036450958251953,20.27110580147552,-0.3470362694300518,207,1273
Borno,Hawul,2,Conflict-Affected / Nomadic,1.0,62.0,4.833067173,0.409772225,0.108360948,0.24218922,0.247924356,0.50483,0.224707615281868,28.1461522379119,0.4371011625460493,0.1892110157788285,0.3920061685205475,14.53504179311427,-0.3196018957345972,14,9
Borno,Jere,2,Conflict-Affected / Nomadic,47.15,5047.0,2.801513876,0.430089773,0.140341644,0.295493488,0.23073028,0.197375,0.161367424718825,34.8231207559129,0.1974860619807589,0.09535922174868376,0.3964299188143965,5.955376838235294,0.000958333333333328,32,51
Borno,Kaga,2,Conflict-Affected / Nomadic,21.92,1010.0,2.456196858,0.484107982,0.13130357,0.318437996,0.286080406,0.379671,0.15073451516537,28.4776894707984,0.1714951502133722,0.04078795811901354,0.238255714172642,15.09222454202586,-0.5138233333333333,48,171
Borno,Kala/Balge,2,Conflict-Affected / Nomadic,45.78,1425.0,3.0021276,0.419668564,0.125956303,0.265904937,0.201327714,0.334763,0.196162284960045,29.4495323022929,0.3029007969132389,0.07094547547489764,0.5074276292180441,33.0483727740591,-0.4179794520547945,12,107
Borno,Konduga,2,Conflict-Affected / Nomadic,42.81,3448.0,4.407013032,0.370518804,0.137790679,0.266514019,0.23478828,0.230662,0.183580343110228,35.9062509212782,0.1884775042533874,0.05355069637298584,0.278516149520874,15.76617525850442,-0.3742,135,656
Borno,Kukawa,2,Conflict-Affected / Nomadic,19.55,2035.0,2.317702087,0.448545532,0.152693805,0.308245237,0.256789436,0.182909,0.161260582242364,30.804504062442,0.1618422301549875,0.03553995342762298,0.3495200559666855,46.27522313980647,-0.235055900621118,75,687
Borno,Kwaya Kusar,2,Conflict-Affected / Nomadic,36.72,1066.0,3.400711649,0.469877519,0.113955289,0.277055005,0.244946117,0.278876,0.204424871718623,25.3069100509483,0.3462118761880057,0.1609204496656145,0.2679173265184675,9.238383250725338,-0.3668205128205128,2,3
Borno,Mafa,2,Conflict-Affected / Nomadic,29.27,1552.0,2.535600253,0.431242902,0.142292631,0.290618822,0.205953447,0.285684,0.163931419213647,31.0799744256205,0.1883042929829031,0.04501777225070529,0.2008319246596184,9.828765459363957,-0.3700046511627907,94,349
Borno,Magumeri,2,Conflict-Affected / Nomadic,22.52,1617.0,2.043289961,0.497219339,0.142261504,0.32000256,0.255159741,0.0813116,0.123657088615533,29.6500429490813,0.1064096716947334,0.02457297679989837,0.1135539417118989,12.04919699437701,-0.3017550200803213,37,87
Borno,Maiduguri,2,Conflict-Affected / Nomadic,,,5.149680507,0.334646831,0.137294072,0.250396252,0.220415745,0.362633,0.199111957787934,38.3605860455439,0.3058580068441538,0.2637089582589957,0.7699609903188852,1.470532495270735,1.005277777777778,91,242
Borno,Marte,2,Conflict-Affected / Nomadic,55.72,3691.0,2.765182891,0.412251376,0.139934322,0.280604159,0.18912845,0.452298,0.178895045767764,31.11835076936,0.215544568361157,0.04175400907975914,0.3711146890682026,18.58187620589857,-0.3890845070422535,86,1368
Borno,Mobbar,2,Conflict-Affected / Nomadic,19.67,1175.0,1.782167114,0.525270419,0.146795545,0.335425166,0.346592225,0.208553,0.124892333715668,27.7694845444339,0.1051637311524983,0.02356915836092792,0.3965389879443977,13.70143472973961,-0.1607188328912467,93,461
Borno,Monguno,2,Conflict-Affected / Nomadic,54.03,3037.0,2.215043323,0.449485747,0.14764391,0.301287857,0.234382993,0.356869,0.153447234564949,31.013784054746,0.1928708212716239,0.04070863594003275,0.3759245061550011,27.76039659433646,-0.2659308510638298,82,287
Borno,Ngala,2,Conflict-Affected / Nomadic,30.75,3723.0,3.809873081,0.394129314,0.13105187,0.261275545,0.195124283,0.232543,0.211853598996135,31.2950156676571,0.29513854365195,0.06585597222851168,0.5986585924702306,18.57989010314342,-0.3277752808988764,104,513
Borno,Nganzai,2,Conflict-Affected / Nomadic,2.83,144.0,2.06491225,0.477368329,0.146718512,0.310599784,0.224478033,0.494588,0.135043070544495,30.1065208982829,0.1200969888151978,0.03152862041116618,0.2633411764240951,8.7159295356619,-0.2080743494423792,48,119
Borno,Shani,2,Conflict-Affected / Nomadic,7.65,396.0,3.869143565,0.45912961,0.108865094,0.265978639,0.270853467,0.713566,0.233159626784124,26.8700442076655,0.3841566812424433,0.2074759801228841,0.2585486911592029,6.857274790925985,-0.2961282051282051,5,10
Cross River,Abi,4,Peri-urban / Migrant Dense (transitional),9.2,481.0,8.143089716,0.237555252,0.079629088,0.143555826,0.205875191,0.462113,0.246544646894745,28.4530877289982,0.7445728128606622,0.6138455651023171,0.8103397542780096,5.852069673084078,-0.151258064516129,0,0
Cross River,Akamkpa,3,Riverine / Geographically Isolated,4.34,236.0,7.749623713,0.301220025,0.074616286,0.163365149,0.158133187,0.379,0.226016461619621,29.3820666883408,0.4524844448262281,0.2587695337617348,0.1176910243407198,183.612684510048,-0.2110967741935484,6,3
Cross River,Akpabuyo,4,Peri-urban / Migrant Dense (transitional),19.52,1927.0,8.188465815,0.304878656,0.074708611,0.184981498,0.158020401,0.443775,0.222644716906959,29.0918696481606,0.5720491056089048,0.2645091304072627,0.5402430048528707,47.61841419283611,-0.2025232558139535,14,23
Cross River,Bakassi [? Cameroon (2008)],3,Riverine / Geographically Isolated,,,7.418938344,0.314346533,0.067390686,0.174539103,0.153553681,0.473877,0.233467075182335,26.9933658150636,0.4658226739792597,0.1646272114345006,0.3053140186128162,60.6546524859944,-0.1985416666666666,0,0
Cross River,Bekwara,4,Peri-urban / Migrant Dense (transitional),,,7.860011163,0.232931183,0.072424236,0.138634124,0.131065527,0.319517,0.260383419735052,31.9795381213704,0.644147307784469,0.6456714912697121,0.7324679339373553,6.609178834606987,-0.2347692307692308,0,0
Cross River,Biase,4,Peri-urban / Migrant Dense (transitional),6.49,396.0,7.935429628,0.272636339,0.077682325,0.151849856,0.20020638,0.569013,0.245488898186588,28.0540711083219,0.5850231126807202,0.4204054207637392,0.2452753439716909,31.84757807614134,-0.3413461538461539,15,9
Cross River,Boki,3,Riverine / Geographically Isolated,15.01,1015.0,7.752792225,0.256555756,0.067755409,0.137063126,0.123221815,0.425436,0.229129937650859,31.3932875530404,0.601994725758444,0.590708155831891,0.186878124396958,92.27154376243251,-0.4158705035971223,3,25
Cross River,Calabar Municipal,5,Urban Slums (better-off urban core),4.79,319.0,7.899585329,0.303604294,0.076905565,0.180731587,0.165692558,0.203327,0.263261603629662,27.1075795243935,0.7220720563616071,0.561514071055821,0.9493692943028041,6.763154495594113,0.977125,48,38
Cross River,Calabar South,4,Peri-urban / Migrant Dense (transitional),17.75,1232.0,7.899585329,0.303604294,0.076905565,0.180731587,0.173634389,0.203327,0.219334053269067,27.1075795243935,0.6625226140022278,0.4019766747951508,0.6954284906387329,52.15338944966814,0.3835384615384616,10,5
Cross River,Etung,3,Riverine / Geographically Isolated,12.77,371.0,8.447435034,0.268438356,0.071990665,0.14588209,0.11394196,0.572614,0.23872398506523,30.7012871616343,0.5543727259482106,0.4437505045244771,0.1457947454144878,113.8999469482619,-0.4821,0,0
Cross River,Ikom,4,Peri-urban / Migrant Dense (transitional),8.04,477.0,8.911496277,0.237585162,0.073478435,0.140398666,0.117716856,0.595825,0.255547527020563,30.6456542260085,0.673366345857319,0.5364713836134526,0.3419180418315687,27.25671665947346,-0.3165935483870968,11,13
Cross River,Obanliku,3,Riverine / Geographically Isolated,10.05,400.0,7.599079402,0.244184468,0.065383597,0.132836299,0.125542909,0.669857,0.200879352909665,32.029748927107,0.5815801892961775,0.5739966256277902,0.4418447766985212,66.51190988149847,-0.3595050505050505,3,0
Cross River,Obubra,3,Riverine / Geographically Isolated,9.1,569.0,7.777154579,0.256490353,0.078712859,0.152685217,0.151564213,0.498212,0.246403693880288,28.9876619227648,0.5525501796177456,0.4203764029911586,0.3522633484431675,79.82789855072464,-0.2542441860465116,8,45
Cross River,Obudu,4,Peri-urban / Migrant Dense (transitional),9.1,533.0,7.994217413,0.237995988,0.069644763,0.138045108,0.131627087,0.453784,0.217157223803839,31.8197639349958,0.6844728257921007,0.6859699885050455,0.5438264740837945,25.31354690117253,-0.09020370370370372,4,4
Cross River,Odukpani,4,Peri-urban / Migrant Dense (transitional),18.27,1278.0,7.706762569,0.29902362,0.079585405,0.166075433,0.17773798,0.518643,0.230568610087915,27.9785498555875,0.5555418332417806,0.279924213886261,0.3848851124445598,30.31807905484247,-0.06820967741935484,8,15
Cross River,Ogoja,4,Peri-urban / Migrant Dense (transitional),10.48,652.0,7.927327718,0.234567528,0.074910111,0.143350999,0.139376147,0.413409,0.247099380986082,31.237967729387,0.6878919209519477,0.6047703991197559,0.7055900260193707,7.657818810842999,-0.2376837606837607,0,0
Cross River,Yakurr,4,Peri-urban / Migrant Dense (transitional),19.95,1419.0,8.066851751,0.248953782,0.078979923,0.150647982,0.172724829,0.591091,0.203911095120778,28.3528018224982,0.7240016771399457,0.6212375475012738,0.5822855493296748,30.52424738688431,-0.1946666666666667,8,12
Cross River,Yala,4,Peri-urban / Migrant Dense (transitional),15.55,1192.0,7.112768454,0.239159646,0.076157864,0.139091463,0.167486148,0.10741,0.273624596305275,30.0395806358879,0.641512944148137,0.5670454318706806,0.7061697886540339,9.321239721423211,-0.3297526315789474,10,39
Delta,Aniocha North,4,Peri-urban / Migrant Dense (transitional),12.01,487.0,8.515477361,0.195497435,0.073212489,0.110609701,0.251766273,0.0768256,0.226244099075469,24.1465206321292,0.6410101528825431,0.74148546416184,0.5294647216796875,7.170856409423356,-0.04483720930232558,4,3
Delta,Aniocha South,5,Urban Slums (better-off urban core),8.7,481.0,8.73386295,0.190917914,0.074571505,0.111303788,0.250352565,0.166212,0.208885112126321,23.7164244977543,0.7498445979884414,0.7676224005026896,0.6948763737913037,9.726745980575066,-0.1274516129032258,45,39
Delta,Bomadi,4,Peri-urban / Migrant Dense (transitional),16.38,549.0,7.722819896,0.240840172,0.071908188,0.129689434,0.200016461,0.285916,0.207755062268524,29.0927503386161,0.4457334435504416,0.2544853790946629,0.4415703234465226,25.71972977487664,-0.2081739130434783,3,7
Delta,Burutu,3,Riverine / Geographically Isolated,11.1,899.0,7.166620235,0.260564953,0.074506269,0.135027151,0.253340167,0.098678,0.17243964535773,27.8120352029602,0.3085199224537817,0.1494427713854559,0.1841575030622811,93.0976261883205,-0.195054347826087,16,35
Delta,Ethiope East,5,Urban Slums (better-off urban core),23.5,1839.0,9.170770374,0.203861614,0.085067745,0.130755018,0.243132318,0.060139,0.20752797621835,27.7214397917764,0.7536357879638672,0.5825224876403808,0.8810177803039551,6.972589557926829,0.07357142857142857,28,11
Delta,Ethiope West,5,Urban Slums (better-off urban core),19.44,1535.0,9.103872942,0.201637366,0.081272454,0.122452346,0.259140786,0.119072,0.246433335410818,29.540314716615,0.7623506590377452,0.6267285901446675,0.8271550023278524,11.32361696182944,0.2000769230769231,19,27
Delta,Ika North East,5,Urban Slums (better-off urban core),10.12,721.0,8.899280748,0.196969623,0.074312772,0.115655686,0.225903346,0.0509563,0.236577464019112,24.9348419296991,0.7672800766794305,0.8197619287591231,0.7706716437088815,11.9090910504578,0.03970454545454545,6,3
Delta,Ika South,5,Urban Slums (better-off urban core),6.37,415.0,9.244114022,0.188293324,0.074323784,0.116208534,0.202077505,0.0803257,0.253993525652468,25.5740099607533,0.779199198672646,0.8188438415527344,0.8220583263196444,6.345304081357758,0.1040192307692308,13,13
Delta,Isoko North,5,Urban Slums (better-off urban core),6.66,372.0,8.615169254,0.216944688,0.081262167,0.13614154,0.226952667,0.105873,0.187886052632136,26.8147880963736,0.7302734375,0.5484762191772461,0.8976019859313965,10.14455442266949,0.04196226415094339,17,9
Delta,Isoko South,5,Urban Slums (better-off urban core),16.85,1544.0,8.616012228,0.220125034,0.077245261,0.136302966,0.206143747,0.0801714,0.186964726954719,26.9753533000325,0.6232310485839844,0.4313265228271485,0.8216455841064453,15.04391686893204,-0.07596385542168674,9,22
Delta,Ndokwa East,5,Urban Slums (better-off urban core),16.2,652.0,8.148742942,0.207866793,0.075167599,0.123962375,0.2186665,0.0534494,0.216249581922832,24.829476253836,0.6071060751086084,0.5417773879577066,0.7127658451829001,30.70386941306483,-0.2971643835616439,7,9
Delta,Ndokwa West,5,Urban Slums (better-off urban core),10.63,621.0,8.834208748,0.199781526,0.081625976,0.126107472,0.236727769,0.0969094,0.195537179402929,25.0312148938414,0.75540036060771,0.7018818464435514,0.8370884129258452,10.90355669538551,-0.1618840579710145,15,17
Delta,Okpe,5,Urban Slums (better-off urban core),10.61,531.0,8.441226106,0.209182977,0.085068427,0.12485763,0.251081647,0.0710038,0.241409676192494,30.2340293892579,0.689566361276727,0.4764337037739001,0.7650449652420847,10.78509386312819,0.01661016949152542,11,6
Delta,Oshimili North,5,Urban Slums (better-off urban core),8.54,394.0,9.104361723,0.183237882,0.073515697,0.103417336,0.240836183,0.0670613,0.243261221837361,23.6414262255323,0.7380151748657227,0.7655718803405762,0.704408597946167,7.881394537019941,-0.1483428571428571,16,20
Delta,Oshimili South,5,Urban Slums (better-off urban core),6.21,363.0,10.43548184,0.164964167,0.076139469,0.099652598,0.236267171,0.0846155,0.267455892241954,22.5730395056283,0.7550919631431843,0.765973058240167,0.7509365739493534,14.66692205496274,0.23132,27,22
Delta,Patani,4,Peri-urban / Migrant Dense (transitional),17.72,465.0,8.374415188,0.229118785,0.069496579,0.127828482,0.179047946,0.104389,0.215697805545731,27.790483425443,0.4289571444193522,0.2352834542592367,0.5899531841278076,22.31900745738636,-0.03795833333333333,3,4
Delta,Sapele,5,Urban Slums (better-off urban core),9.04,613.0,8.726208509,0.215833304,0.079904704,0.12218177,0.254087172,0.0505884,0.273324388368626,30.2044552810334,0.6633023307436988,0.4793435959588914,0.6931028820219494,23.3158828125,-0.08370588235294119,29,23
Delta,Udu,5,Urban Slums (better-off urban core),11.65,647.0,8.896197192,0.211859523,0.083942666,0.123982062,0.240103036,0.0987203,0.224361604749882,29.9970842802199,0.7703720541561351,0.6106004153980928,0.9245318244485294,3.248138705166904,0.51936,28,26
Delta,Ughelli North,5,Urban Slums (better-off urban core),22.23,2777.0,8.728051681,0.220656407,0.084733541,0.135146897,0.238198129,0.117928,0.19272890755393,28.2731552396262,0.6931322441726434,0.523809401715388,0.8308455045105981,9.649926265309798,0.06888541666666666,98,95
Delta,Ughelli South,5,Urban Slums (better-off urban core),7.75,642.0,7.953074064,0.236202956,0.078862631,0.131681413,0.23914355,0.037753,0.205328697368203,28.8862375343481,0.5992449805850074,0.4087202889578683,0.6874828641376798,25.24385334759482,-0.06276623376623378,12,11
Delta,Ukwuani,5,Urban Slums (better-off urban core),11.79,547.0,9.763296517,0.183842838,0.080829272,0.120378435,0.225190736,0.0166406,0.216531626871273,25.1199298984523,0.7781236710086945,0.7371186287172379,0.8911549968104209,10.11124001409774,-0.02784375,20,25
Delta,Uvwie,5,Urban Slums (better-off urban core),6.39,470.0,10.63382567,0.185259219,0.083778004,0.109326961,0.231153532,0.171989,0.274333576426285,29.3395942015511,0.7574754194779829,0.6144202405756171,0.9127121838656339,3.775531797918655,0.6968,23,28
Delta,Warri North,3,Riverine / Geographically Isolated,10.83,574.0,6.522031244,0.277502706,0.072385968,0.145199686,0.279186424,0.257275,0.20069002770197,28.8441894238572,0.4062616308252295,0.2723845902022782,0.2657422152432529,132.303719754424,-0.186280701754386,4,2
Delta,Warri South,3,Riverine / Geographically Isolated,23.5,2856.0,9.305957872,0.205268658,0.082534608,0.115891788,0.238156236,0.858238,0.223260907832376,29.3408038169307,0.3945646983821218,0.2645032231400652,0.2762526535406346,113.0511949793673,0.15544,43,39
Delta,Warri South West,3,Riverine / Geographically Isolated,15.84,719.0,7.293142681,0.245528085,0.07860882,0.131258384,0.273296728,0.288232,0.201229447485801,27.8778084698932,0.2982911550870506,0.1813360234742523,0.1930008754935316,145.0420480769231,-0.1748448275862069,0,0
Ebonyi,Abakaliki,4,Peri-urban / Migrant Dense (transitional),5.03,374.0,8.471700039,0.198520407,0.084023295,0.129885896,0.208348059,0.747829,0.338443874762347,29.0547686445801,0.76270886471397,0.526961226212351,0.9049274043032998,2.684011210291839,0.1105652173913043,35,38
Ebonyi,Afikpo North,4,Peri-urban / Migrant Dense (transitional),5.68,443.0,8.195317556,0.238070727,0.081481359,0.150104158,0.236070092,0.64847,0.27916806190661,27.7590137203539,0.7542812710716611,0.6410973412649972,0.838054929460798,5.296907891167534,0.09556250000000001,6,12
Ebonyi,Afikpo South,4,Peri-urban / Migrant Dense (transitional),5.76,451.0,8.195317556,0.238070727,0.081481359,0.150104158,0.271693283,0.64847,0.238648568136784,27.7590137203539,0.7732956626198508,0.693572998046875,0.7014949682987097,6.592714825289462,-0.2271282051282051,12,16
Ebonyi,Ebonyi,4,Peri-urban / Migrant Dense (transitional),4.87,308.0,7.448823829,0.20588526,0.080861582,0.130618728,0.208839499,0.844616,0.323897182661027,28.8137278461203,0.7532387839423286,0.600931379530165,0.8524858686659071,3.268674118454392,-0.172016393442623,9,50
Ebonyi,Ezza North,4,Peri-urban / Migrant Dense (transitional),7.18,521.0,7.245030507,0.219926477,0.084430806,0.138333574,0.258772435,0.903956,0.27458827129177,28.1017106775815,0.7726270039876302,0.5966808319091796,0.9424578348795573,4.124414447731755,-0.195921875,9,16
Ebonyi,Ezza South,4,Peri-urban / Migrant Dense (transitional),6.95,461.0,7.664715372,0.223222051,0.08402225,0.141099558,0.257282934,0.914384,0.268535581869377,28.9413820769026,0.7575472126836362,0.5488457472428031,0.9210678598155146,2.295456478874553,-0.1300943396226415,6,10
Ebonyi,Ikwo,4,Peri-urban / Migrant Dense (transitional),4.69,501.0,7.494442202,0.241889315,0.08182521,0.148730369,0.224545005,0.676868,0.283158397479173,29.0512344545192,0.7413847263042743,0.5007359431340144,0.8552116980919471,3.759196495438453,-0.1371016949152543,10,15
Ebonyi,Ishielu,4,Peri-urban / Migrant Dense (transitional),5.28,400.0,7.216903364,0.219245019,0.075914283,0.119713737,0.251139202,0.579923,0.304369450402961,28.5658552657971,0.7679037094116211,0.6898337046305338,0.8436663309733073,5.390266623803054,-0.2733693693693694,23,40
Ebonyi,Ivo,4,Peri-urban / Migrant Dense (transitional),6.55,395.0,8.743324059,0.212480946,0.079220973,0.133652795,0.347737479,0.783522,0.28678464615688,27.0964222489804,0.78486391214224,0.7218976387610803,0.7826238045325646,5.323624320652174,0.08578787878787879,18,30
Ebonyi,Izzi,4,Peri-urban / Migrant Dense (transitional),11.62,1367.0,6.972148603,0.227584638,0.082108978,0.144508274,0.230329995,0.84278,0.280004664543114,28.6301541334926,0.6961669921875,0.4948435916176325,0.8027523861655707,3.519210694006963,-0.2698020304568527,17,28
Ebonyi,Ohaozara,4,Peri-urban / Migrant Dense (transitional),5.4,398.0,8.08117423,0.225456279,0.07921821,0.132583292,0.287259251,0.86209,0.289901194375703,28.382911743177,0.775671782316985,0.6652738783094618,0.853220056604456,4.148590452062201,-0.1482666666666667,13,6
Ebonyi,Ohaukwu,4,Peri-urban / Migrant Dense (transitional),6.27,609.0,7.271759808,0.21511949,0.078379641,0.129226613,0.228294431,0.807146,0.303268877889783,29.4158806056831,0.7611443655831474,0.6539251463753837,0.8678080013820103,3.519552085294302,-0.1665267175572519,39,134
Ebonyi,Onicha,4,Peri-urban / Migrant Dense (transitional),12.75,1499.0,7.980983997,0.224903002,0.077410447,0.125731907,0.278508587,0.215866,0.332401104981099,29.2805291786708,0.768247398170265,0.6223032667830184,0.8916967237317884,2.86266097895937,-0.2042739726027397,27,63
Edo,Akoko-Edo,5,Urban Slums (better-off urban core),1.0,117.0,7.816337085,0.230754979,0.069164635,0.120412255,0.195862995,0.13226,0.280382604128502,28.3368038302291,0.7659345927991366,0.8122202019942434,0.6846601787366365,12.73948749281196,-0.2413223684210526,23,25
Edo,Egor,5,Urban Slums (better-off urban core),1.54,235.0,10.25615706,0.180553898,0.074534747,0.118215644,0.195024824,0.159526,0.319902045529256,29.4419247046288,0.817046425559304,0.8131351470947266,0.9576070958917792,1.804398775100708,1.0455,20,13
Edo,Esan Central,5,Urban Slums (better-off urban core),11.98,564.0,8.54267864,0.208050804,0.07112983,0.118320111,0.162767053,0.171625,0.28819684185348,26.1891247474185,0.7844844394259982,0.8533556902850116,0.7431638505723741,4.89194061119519,-0.003297297297297299,5,7
Edo,Esan North East,5,Urban Slums (better-off urban core),9.53,520.0,8.598125252,0.195472205,0.070868678,0.111760094,0.15490877,0.150051,0.268847171933536,26.1390241163669,0.7234710057576498,0.8022350947062175,0.6861520131429036,6.591338785980811,0.01948717948717948,6,2
Edo,Esan South East,4,Peri-urban / Migrant Dense (transitional),10.47,779.0,8.388848065,0.207850762,0.071618411,0.113404125,0.184881781,0.179882,0.269204064550927,25.0157258882346,0.6130429709829935,0.7057158307331365,0.4216997565292731,12.77275408833126,-0.1957948717948718,8,2
Edo,Esan West,5,Urban Slums (better-off urban core),8.74,499.0,8.943550899,0.198662241,0.069681106,0.113959813,0.168346441,0.234214,0.289544562121269,26.8364174985683,0.7560568722811613,0.8318402550437234,0.5997878421436657,8.276970072457326,0.04007407407407406,10,3
Edo,Etsako Central,4,Peri-urban / Migrant Dense (transitional),6.83,288.0,7.629562995,0.231031813,0.071294978,0.116581376,0.197073883,0.22533,0.255805879806656,25.5034415473069,0.6550414889466529,0.6805138681449142,0.5659700281479779,12.21832892305108,-0.1616136363636363,3,0
Edo,Etsako East,5,Urban Slums (better-off urban core),10.94,721.0,7.520454124,0.231306538,0.071313908,0.118866793,0.207609123,0.222079,0.251473621404582,26.7651621315438,0.6844620955617804,0.7215524974622225,0.6232900117572985,16.7435526600346,-0.1278589743589743,11,12
Edo,Etsako West,5,Urban Slums (better-off urban core),2.31,205.0,8.563360523,0.210626352,0.071397915,0.116279677,0.178991414,0.176418,0.270890762873129,25.6997473434369,0.6720403035481771,0.7764758155459449,0.5694055708627852,10.19669211495056,-0.06003333333333334,39,48
Edo,Igueben,4,Peri-urban / Migrant Dense (transitional),14.38,452.0,8.286722265,0.203840204,0.070878284,0.116359,0.175801843,0.158422,0.264771183704758,25.6570575405581,0.7476606096540178,0.8250972747802734,0.5873200007847377,10.63809238649764,-0.1877073170731707,2,0
Edo,Ikpoba-Okha,5,Urban Slums (better-off urban core),18.38,3057.0,9.740176544,0.186545604,0.075293503,0.118202505,0.197713459,0.242132,0.31632467659208,28.9897393718932,0.749598503112793,0.6646938959757487,0.8782847086588542,24.40545560396635,0.3236493506493506,27,29
Edo,Oredo,5,Urban Slums (better-off urban core),17.24,2886.0,10.43336658,0.183351284,0.076353937,0.118897005,0.21268042,0.0694722,0.295974743642904,28.9460900040944,0.7488351075545602,0.6989630823550017,0.8657554958177649,19.69451090494792,0.3382972972972973,115,103
Edo,Orhionmwon,4,Peri-urban / Migrant Dense (transitional),15.71,1292.0,7.655931152,0.223984171,0.07892447,0.133430318,0.233616766,0.129995,0.205944473587263,26.7413586629593,0.7309933712607936,0.7057394228483501,0.6623452839098478,17.0102940255511,-0.1221103448275862,7,1
Edo,Ovia North East,4,Peri-urban / Migrant Dense (transitional),5.6,389.0,7.206794683,0.243953826,0.071690064,0.138166922,0.213951418,0.187835,0.26005409356826,28.1658433563071,0.6697428814776532,0.6196576898748224,0.3613111817991579,37.20772525380711,-0.28825,27,41
Edo,Ovia South West,4,Peri-urban / Migrant Dense (transitional),9.97,615.0,6.920920142,0.271219625,0.072939094,0.154594185,0.233743161,0.306794,0.236600928917754,27.7604174641854,0.6764765756572791,0.5657111070827096,0.2479475558161022,54.21094660547786,-0.3552122641509434,18,13
Edo,Owan East,4,Peri-urban / Migrant Dense (transitional),12.17,842.0,7.680826004,0.233046018,0.069230993,0.123055406,0.185479263,0.196604,0.269453527410035,25.7094227903543,0.6612676789488974,0.7642406994783426,0.4814104973515378,13.39838005514706,-0.3088532110091743,7,9
Edo,Owan West,4,Peri-urban / Migrant Dense (transitional),13.04,577.0,8.133148757,0.225024865,0.068086767,0.124215001,0.184299504,0.153124,0.285344507015143,26.2094323569294,0.6929088667327282,0.7577810848460478,0.3487046185661765,19.37089801198257,-0.2262857142857143,11,10
Edo,Uhunmwonde,4,Peri-urban / Migrant Dense (transitional),5.06,276.0,8.651540157,0.206203484,0.073464944,0.122926228,0.20102613,0.181694,0.306633965196538,28.0929506516533,0.7166078552719235,0.7392533768055051,0.3990226863890655,23.02774857405259,-0.08326050420168067,18,18
Ekiti,Ado Ekiti,5,Urban Slums (better-off urban core),20.45,2850.0,11.5212246,0.201104754,0.0750764,0.127808274,0.242604467,0.140753,0.398460864191762,28.2134955396924,0.8595314025878906,0.7638100844163161,0.8722556187556341,4.9313744663876,0.281452380952381,34,14
Ekiti,Aiyekire (Gbonyin),4,Peri-urban / Migrant Dense (transitional),8.37,550.0,9.193417372,0.237804783,0.067403575,0.125064985,0.210551828,0.100714,0.333891118053187,29.2931699113647,0.8691731503135279,0.7869343004728618,0.7204448298404091,6.009674169146826,-0.256734693877551,3,0
Ekiti,Efon,4,Peri-urban / Migrant Dense (transitional),12.7,492.0,9.447470538,0.248755892,0.074203982,0.141808449,0.253962246,0.0892168,0.345515536741773,30.5931344971551,0.8901421090830928,0.8211216304613196,0.8389307105022928,6.760357306985294,-0.2247272727272727,3,0
Ekiti,Ekiti East,4,Peri-urban / Migrant Dense (transitional),9.46,581.0,9.213637686,0.234584716,0.067753303,0.122075637,0.190086152,0.145008,0.32092750258141,30.1079482885199,0.8568278503417969,0.7452185821533203,0.7309598541259765,5.254171723300971,-0.254575,5,3
Ekiti,Ekiti South West,4,Peri-urban / Migrant Dense (transitional),8.33,611.0,9.02294091,0.248057926,0.073037396,0.140564371,0.241800434,0.134906,0.335087776867316,30.4484970684104,0.8783755620320638,0.8047495524088542,0.7885911305745442,7.254423389479905,-0.2554594594594595,1,0
Ekiti,Ekiti West,4,Peri-urban / Migrant Dense (transitional),6.98,556.0,8.952139461,0.252841359,0.073021543,0.142244365,0.256806812,0.185741,0.373361867934048,31.48961213092,0.8853040967668806,0.8044049399239677,0.8333611079624721,5.639628507653061,-0.1459090909090909,3,0
Ekiti,Emure,4,Peri-urban / Migrant Dense (transitional),11.25,471.0,8.900849301,0.233059142,0.068952715,0.124630887,0.180124752,0.0607356,0.352730702848917,28.7167123001915,0.869172884070355,0.8202036152715269,0.7071969405464504,6.178578546373907,-0.3597714285714286,5,3
Ekiti,Ido-Osi,4,Peri-urban / Migrant Dense (transitional),6.47,460.0,9.50454117,0.237785633,0.070308915,0.133932004,0.244350127,0.127208,0.326714874456125,30.9998983114565,0.8706920146942139,0.7528485457102457,0.9091892242431641,4.588666398948599,0.09513793103448275,2,1
Ekiti,Ijero,4,Peri-urban / Migrant Dense (transitional),15.18,1496.0,10.36297394,0.230824189,0.071021945,0.133085769,0.257412207,0.17458,0.376891051779997,31.5351265538126,0.8866418838500977,0.7978185653686524,0.846420415242513,5.078587532043457,-0.2157358490566038,3,1
Ekiti,Ikere,5,Urban Slums (better-off urban core),8.06,532.0,10.15592347,0.215971364,0.072330604,0.127849541,0.200347133,0.198131,0.359260643549407,27.3713872636017,0.858828617976262,0.7792496314415565,0.8173903685349685,8.776817078086609,-0.179,10,16
Ekiti,Ikole,4,Peri-urban / Migrant Dense (transitional),9.56,724.0,8.968023805,0.242452689,0.06818213,0.127498883,0.227662496,0.0721758,0.30508514830871,29.8365771010902,0.7462383323991802,0.605117959035954,0.641387079803037,12.86296712118392,-0.34940625,18,6
Ekiti,Ilejemeje,4,Peri-urban / Migrant Dense (transitional),16.17,312.0,9.810086251,0.243801751,0.071074683,0.138815795,0.244114387,0.130394,0.254469815496526,29.6434038194658,0.8492593765258789,0.7112628618876139,0.8883535067240397,5.028031412760416,-0.04169230769230768,4,2
Ekiti,Irepodun/Ifelodun,4,Peri-urban / Migrant Dense (transitional),9.94,580.0,9.653366964,0.230557656,0.07087685,0.13049534,0.238197737,0.193233,0.33536065742217,29.998328327873,0.8591012954711914,0.7560514450073242,0.8092692693074545,5.683922303636129,-0.09372727272727274,4,2
Ekiti,Ise/Orun,4,Peri-urban / Migrant Dense (transitional),9.06,458.0,8.900849301,0.233059142,0.068952715,0.124630887,0.192266953,0.0607356,0.351151127463345,28.7167123001915,0.866028673508588,0.8016847722670611,0.703439432031968,13.15719215341862,-0.405875,5,3
Ekiti,Moba,4,Peri-urban / Migrant Dense (transitional),8.23,531.0,9.952104389,0.241706376,0.074591257,0.140771072,0.235240448,0.12897,0.308140506381787,29.7826517384329,0.8563899993896484,0.740561234323602,0.8910954124049136,4.200477077536387,-0.05163636363636363,3,0
Ekiti,Oye,4,Peri-urban / Migrant Dense (transitional),8.09,495.0,9.244318366,0.239784238,0.069890545,0.132173606,0.24680123,0.654209,0.314174424582826,30.0693835360467,0.8093843248155382,0.6588486989339193,0.7675608317057292,10.40536031351461,-0.06123255813953488,8,2
Enugu,Abaji,4,Peri-urban / Migrant Dense (transitional),,,5.545741744,0.316404446,0.077062829,0.164152384,0.291330763,0.160867,0.212725793633588,32.497451570615,0.5235924452878116,0.4109763241885753,0.7663913683944874,12.21315696022727,-0.3152096774193549,48,37
Enugu,Abuja Municipal Area Council,4,Peri-urban / Migrant Dense (transitional),,,8.543669238,0.239896156,0.073747078,0.12507261,0.256290161,0.119634,0.294994565743683,37.1487910952556,,,,,,192,107
Enugu,Aninri,4,Peri-urban / Migrant Dense (transitional),9.09,511.0,8.084431377,0.20791006,0.076367495,0.12517777,0.295079772,0.417857,0.303431504212602,27.4689559096365,0.7851771672566732,0.7184203465779623,0.8228636423746745,5.588262811407342,-0.1327857142857143,6,3
Enugu,Awgu,4,Peri-urban / Migrant Dense (transitional),17.27,1406.0,8.946921397,0.176975184,0.075245082,0.114836889,0.239017878,0.410436,0.251564699689781,26.4494651943184,0.8252163478306361,0.8330819811139788,0.8025255475725447,6.813299391004774,0.006881355932203386,0,0
Enugu,Bwari,4,Peri-urban / Migrant Dense (transitional),,,7.832605442,0.258737621,0.071986127,0.128734633,0.291438056,0.228319,0.299204033591368,38.0624397714005,0.7329856327601841,0.6040658678327288,0.8105000632149832,7.25028476860687,-0.095993006993007,46,73
Enugu,Enugu East,5,Urban Slums (better-off urban core),12.27,1402.0,10.5319044,0.156989678,0.072552131,0.089777067,0.244705521,0.249965,0.288070839170862,28.5685124642306,0.8582579067775181,0.8463153839111328,0.9151559557233538,5.660598398520436,0.2759583333333334,24,23
Enugu,Enugu North,5,Urban Slums (better-off urban core),18.72,1870.0,10.59734848,0.154851407,0.070718901,0.087746068,0.249778218,0.338705,0.296626344684599,28.2206323193,0.9010519981384277,0.9233010155814034,0.9906155722481864,1.236661198163273,1.010888888888889,44,33
Enugu,Enugu South,5,Urban Slums (better-off urban core),3.53,289.0,9.953168629,0.154298318,0.071946654,0.093592673,0.235157502,0.228678,0.277627317044166,26.225202965509,0.8806530345569957,0.9033940055153586,0.979644775390625,2.071584138938849,0.6119375,20,34
Enugu,Ezeagu,4,Peri-urban / Migrant Dense (transitional),1.0,70.0,8.534534799,0.179103436,0.073420836,0.103372059,0.234021149,0.519778,0.22869835415559,25.2381559929684,0.8356040318806967,0.8368081251780192,0.8247183958689371,5.979586397058823,-0.0399873417721519,7,12
Enugu,Gwagwalada,4,Peri-urban / Migrant Dense (transitional),,,6.420787812,0.285351571,0.07794601,0.152098288,0.282349477,0.248652,0.230169941968849,33.7546081486201,0.5783085609549907,0.4691763635891587,0.8426096332606985,8.251530866920506,-0.188753164556962,51,27
Enugu,Igbo-Etiti,4,Peri-urban / Migrant Dense (transitional),15.33,1318.0,8.487098068,0.19449481,0.067549598,0.090176346,0.262492346,0.452726,0.248880361858954,29.8447583691016,0.8310782821090134,0.7796385729754413,0.8239768699363426,5.979884503086812,-0.03448,9,7
Enugu,Igbo-Eze North,4,Peri-urban / Migrant Dense (transitional),17.25,1842.0,8.102737234,0.200544834,0.06854251,0.106246929,0.24594469,0.512263,0.198454557525733,29.4088608662993,0.8707488133357122,0.8120873524592473,0.8652701011070838,1.519071418741531,0.0715909090909091,26,24
Enugu,Igbo-Eze South,4,Peri-urban / Migrant Dense (transitional),6.02,366.0,8.18462075,0.190497825,0.068925779,0.103220013,0.257234421,0.732411,0.181968166131827,29.2873187322631,0.8828506469726562,0.8172379662008846,0.9181736216825598,1.333813864087302,0.1436875,3,1
Enugu,Isi-Uzo,4,Peri-urban / Migrant Dense (transitional),5.82,357.0,7.478880416,0.208453387,0.068973149,0.102663546,0.233049148,0.526406,0.252529404325577,28.4915209546984,0.8012549301673626,0.7621498107910156,0.7960280056657463,4.943226952032852,-0.3175645161290322,49,93
Enugu,Kuje,4,Peri-urban / Migrant Dense (transitional),,,6.232546279,0.306337671,0.069832611,0.138951617,0.247800535,0.240305,0.233227175074937,33.6861923115863,0.7231124877929688,0.6588335673014323,0.8019919077555339,15.55416851051645,-0.3471135135135135,56,42
Enugu,Kwali,4,Peri-urban / Migrant Dense (transitional),,,6.059841444,0.297981643,0.073768477,0.149662189,0.286845654,0.193742,0.226248089015827,33.9811593761418,0.5997085571289062,0.4791615009307861,0.7993348121643067,11.99089748841113,-0.2989673202614379,37,19
Enugu,Nkanu East,4,Peri-urban / Migrant Dense (transitional),4.63,293.0,7.936367652,0.190667575,0.07494847,0.112732609,0.245576719,0.398656,0.273961221016085,27.4146302251905,0.8012137730916341,0.744632339477539,0.8192281723022461,6.347472393862346,-0.175008547008547,33,38
Enugu,Nkanu West,4,Peri-urban / Migrant Dense (transitional),5.59,340.0,9.206288461,0.160926668,0.07437846,0.105217067,0.223423467,0.524343,0.234343752844673,27.2068393268496,0.8426820581609552,0.846958420493386,0.8886004361239347,5.585898468113244,0.1895405405405405,12,9
Enugu,Nsukka,5,Urban Slums (better-off urban core),18.96,2420.0,9.321839187,0.175502379,0.068976384,0.094015364,0.254137696,0.325057,0.234542535233061,29.9020928016956,0.8525589144959742,0.7986634702098613,0.843857901436942,3.418285677892081,-0.04169072164948454,33,19
Enugu,Oji-River,4,Peri-urban / Migrant Dense (transitional),5.21,277.0,8.668025882,0.17413607,0.075851726,0.113308306,0.202251271,0.553918,0.229737663511103,24.9480050112522,0.8334760665893555,0.8698664272532743,0.8253694422104779,5.355928642805233,0.04866071428571428,15,17
Enugu,Udenu,4,Peri-urban / Migrant Dense (transitional),15.64,1153.0,8.485201872,0.1971628,0.068556928,0.100111244,0.226807385,0.391711,0.228395740834039,30.4323649965291,0.8760786409731265,0.8204333693892868,0.8697595949526187,1.873537803557982,0.04944230769230769,3,12
Enugu,Udi,4,Peri-urban / Migrant Dense (transitional),8.81,866.0,8.561523323,0.173833381,0.072046673,0.097221219,0.251513316,0.367142,0.224663250549441,27.6672632365911,0.8672601231988871,0.863590528380196,0.8636253644835274,6.205247866111738,0.08013333333333333,19,10
Enugu,Uzo-Uwani,5,Urban Slums (better-off urban core),9.21,483.0,7.83201483,0.203955553,0.070791786,0.100026767,0.271545643,0.243414,0.228614768416985,26.5465060747147,0.8071745835341416,0.7587051391601562,0.6891737603521967,10.13155453043559,-0.2323536585365854,23,42
Gombe,Akko,1,Remote Rural / Hard-to-Reach,,,3.928159609,0.48208388,0.110140143,0.307183338,0.397946574,0.442631,0.166058016557534,23.9907147242258,0.4982036739200741,0.328269760330002,0.3139677666998529,20.42903687540039,-0.4503135888501743,3,1
Gombe,Balanga,2,Conflict-Affected / Nomadic,28.46,5640.0,4.197319671,0.469715066,0.104207912,0.267537457,0.337162297,0.12892,0.226441844854755,27.0741736490835,0.5477667143850615,0.3621197324810606,0.2994756794939137,15.26616132953374,-0.3679315068493151,6,15
Gombe,Billiri,2,Conflict-Affected / Nomadic,14.08,2676.0,4.053512822,0.490531209,0.099235991,0.278104007,0.404071333,0.388988,0.193998721780667,26.2296714686968,0.5822270434835682,0.481919703276261,0.3232458778049635,11.70835032988082,-0.3191034482758621,9,16
Gombe,Dukku,1,Remote Rural / Hard-to-Reach,42.77,8323.0,1.917055462,0.551690055,0.11934707,0.363530882,0.393885445,0.300698,0.0978847485183955,19.5441152324336,0.3111824308122907,0.1146283234868731,0.2411931242261614,19.09297674914676,-0.6169888888888888,3,3
Gombe,Funakaye,1,Remote Rural / Hard-to-Reach,56.8,12652.0,3.479454263,0.483396535,0.128431474,0.334522158,0.360985663,0.064751,0.146543256048137,20.4400490142192,0.2680771628091502,0.1287286337031875,0.1811966119810592,16.21818611196792,-0.4762808988764045,1,0
Gombe,Gombe,2,Conflict-Affected / Nomadic,,,3.080749795,0.491476154,0.113180101,0.304486975,0.411910083,0.230033,0.143424745375288,24.1440992601432,0.5393786907196045,0.4598208427429199,0.6759139060974121,1.891734682280442,0.901,9,5
Gombe,Kaltungo,2,Conflict-Affected / Nomadic,14.06,2114.0,4.012298643,0.491202196,0.10198252,0.276591359,0.369948316,0.147552,0.201007207064785,25.5827633156181,0.565021630489465,0.4278744206284032,0.2938886122270064,23.84736381157874,-0.375455223880597,0,0
Gombe,Kwami,1,Remote Rural / Hard-to-Reach,62.47,11357.0,2.239420765,0.531114068,0.119764903,0.356095513,0.405416918,0.474673,0.127561147858196,21.0474896583999,0.3778864321501358,0.1822151184082031,0.287910793138587,16.1309368407173,-0.473593137254902,1,0
Gombe,Nafada,1,Remote Rural / Hard-to-Reach,25.92,3405.0,2.037246974,0.545533818,0.131499646,0.371955562,0.407307468,0.15623,0.122866027090866,19.4315511677835,0.2692453105275224,0.1074948659757289,0.2358306326517245,13.05686257102273,-0.5566597222222223,0,0
Gombe,Shomgom,2,Conflict-Affected / Nomadic,,,4.42201754,0.459796692,0.094488997,0.248197796,0.433970725,0.225402,0.223025115287026,26.7739264637791,0.5756462438782649,0.4694767567648817,0.3909340474142957,22.19241785296412,-0.3676470588235294,3,4
Gombe,Yamaltu/Deba,1,Remote Rural / Hard-to-Reach,,,2.932689845,0.52299288,0.117875181,0.323676557,0.357513306,0.161587,0.1591258074567,21.9689784617286,0.3787533264160156,0.2396794128417969,0.2311339569091797,11.72413934533809,-0.3970561403508772,3,2
Imo,Abo-Mbaise,5,Urban Slums (better-off urban core),,,9.867961878,0.195540665,0.075359097,0.133437003,0.282719601,0.213244,0.245786568067598,23.9874058969025,0.8800787925720215,0.920234489440918,0.9797898292541504,1.634416319483476,0.65459375,11,9
Imo,Ahiazu-Mbaise,5,Urban Slums (better-off urban core),8.92,629.0,10.35895498,0.18403897,0.075123894,0.128712217,0.259962495,0.222651,0.270146876354688,23.3291851591651,0.8461434046427408,0.926528533299764,0.986943244934082,1.108199671695107,0.6908235294117647,10,8
Imo,Ehime-Mbano,5,Urban Slums (better-off urban core),7.13,385.0,9.881265313,0.18981514,0.07498835,0.126626915,0.24735392,0.155508,0.283300970664781,24.581656548621,0.8384578227996826,0.8902847170829773,0.9098977446556091,1.510355938605543,0.4456969696969697,15,24
Imo,Ezinihitte,5,Urban Slums (better-off urban core),,,9.934999619,0.19833483,0.077063748,0.139084796,0.289815548,0.291837,0.250366701121637,23.9559088758036,0.8508523532322475,0.9006350381033761,0.975581169128418,1.141134920987216,0.5176111111111111,4,3
Imo,Ideato North,5,Urban Slums (better-off urban core),8.69,560.0,9.656377296,0.174645622,0.078718909,0.123050493,0.195473812,0.138202,0.224736423410357,22.8155983318652,0.8293584187825521,0.9156668526785714,0.8958950950985863,1.504413343455693,0.51546875,18,31
Imo,Ideato South,5,Urban Slums (better-off urban core),8.35,551.0,9.653531138,0.182559249,0.080647374,0.1287303,0.203299952,0.254259,0.230623058996143,22.8801472344662,0.8260801755464994,0.9124277555025541,0.9303097358116736,1.819340561375473,0.3093846153846154,3,0
Imo,Ihitte/Uboma,5,Urban Slums (better-off urban core),6.29,310.0,9.658104919,0.19632586,0.075653029,0.12840274,0.272144046,0.250055,0.293256265829336,24.4630790975351,0.8398296356201171,0.8700602531433106,0.9327865600585937,1.650206474408711,0.6273529411764706,6,3
Imo,Ikeduru,5,Urban Slums (better-off urban core),11.67,721.0,9.935119315,0.18678445,0.075914153,0.126591047,0.24215501,0.285389,0.25997083210691,23.8523826206579,0.8651525834027458,0.9321534212897805,0.9849907370174632,1.118532488423009,0.6515806451612903,10,18
Imo,Isiala-Mbano,5,Urban Slums (better-off urban core),15.61,1275.0,9.834648985,0.188544615,0.076999124,0.128064108,0.23828688,0.233054,0.275577156586813,23.6772213623529,0.8453370262594784,0.9154718062456917,0.9653208115521599,0.9340904553731283,0.6806666666666668,16,12
Imo,Isu,5,Urban Slums (better-off urban core),9.01,611.0,10.4505313,0.171053136,0.079536472,0.125107523,0.218172052,0.115137,0.244600269918056,20.4961550743024,0.8406385013035366,0.9332857131958008,0.9870563234601702,1.449963783731266,0.8375999999999999,4,3
Imo,Mbaitoli,5,Urban Slums (better-off urban core),7.1,696.0,10.18171919,0.172836092,0.078689457,0.126333249,0.231050079,0.139063,0.234785400143966,21.9614736211897,0.8731242731997841,0.9343348051372328,0.990259471692537,1.089809505084089,0.8415,23,27
Imo,Ngor-Okpala,5,Urban Slums (better-off urban core),7.63,497.0,9.215476709,0.205546329,0.076280436,0.143861657,0.264493022,0.134364,0.217647252138736,23.9594759448153,0.8493481590634301,0.8324699401855469,0.9181139809744698,4.462313897595434,0.08202777777777778,13,19
Imo,Njaba,5,Urban Slums (better-off urban core),9.11,539.0,10.40154789,0.164533695,0.079419737,0.124331999,0.203192312,0.261571,0.24524553836899,20.5930610557332,0.8425137731764052,0.9358005523681641,0.9881852467854818,1.309391722387197,0.509375,13,26
Imo,Nkwerre,5,Urban Slums (better-off urban core),10.17,337.0,10.32117503,0.175500489,0.078261726,0.124698326,0.211482227,0.226966,0.25486450964358,21.5789273082649,0.8283101187811958,0.9217947853936089,0.972540537516276,1.46405204685255,0.612,3,3
Imo,Nwangele,5,Urban Slums (better-off urban core),10.82,570.0,10.28041157,0.180778263,0.078030783,0.124353447,0.216051392,0.162798,0.265005322367728,22.4904041182346,0.8396875381469726,0.9174940109252929,0.9762992858886719,0.9194887797037761,0.7274615384615385,3,1
Imo,Obowo,5,Urban Slums (better-off urban core),8.28,401.0,9.999267395,0.196038372,0.077619191,0.131441045,0.277370489,0.0639552,0.278906470583257,24.2247120725241,0.8411270488392223,0.8880707133900035,0.977602785283869,0.9915514299946446,0.7667857142857143,8,11
Imo,Oguta,5,Urban Slums (better-off urban core),5.75,338.0,9.057333467,0.179476791,0.080340044,0.129392749,0.21065397,0.0662426,0.183742336505237,22.5904472733592,0.8221281002729367,0.8295948322002704,0.9639652936886518,17.17425140286378,0.08868656716417911,36,115
Imo,Ohaji/Egbema,4,Peri-urban / Migrant Dense (transitional),6.93,523.0,9.312412795,0.185305467,0.07737653,0.135429578,0.210096517,0.263094,0.203721322185419,24.1232703912143,0.799673921921674,0.7649036856258616,0.948218401740579,10.47885083876137,-0.06921052631578947,0,0
Imo,Okigwe,5,Urban Slums (better-off urban core),7.84,430.0,9.65683567,0.185347045,0.07812716,0.126844071,0.24481519,0.147219,0.270897401184963,24.7907304732819,0.8503523508707682,0.8980065663655599,0.8277823130289713,2.883394557119205,0.09785454545454544,45,40
Imo,Orlu,5,Urban Slums (better-off urban core),7.15,421.0,9.954985425,0.163621326,0.080308648,0.121381461,0.199943968,0.0619529,0.231292565160803,21.1815746966035,0.8301890055338542,0.929380734761556,0.9792972564697265,1.300827510773189,0.7465416666666665,42,96
Imo,Orsu,5,Urban Slums (better-off urban core),13.69,679.0,9.986848704,0.160640018,0.079577223,0.117654522,0.182830667,0.1202,0.222598804232744,21.5053602999962,0.8253263993696733,0.9316798990423029,0.9708181728016246,1.055593270521898,0.6080000000000001,26,58
Imo,Oru East,5,Urban Slums (better-off urban core),10.91,503.0,9.936836235,0.165277954,0.07898847,0.120316958,0.210199281,0.138893,0.234152812838293,21.9240339815644,0.8469875775850736,0.9320586277888372,0.9878152700570914,1.569899174205044,0.6032941176470589,18,43
Imo,Oru West,5,Urban Slums (better-off urban core),8.06,385.0,9.947788311,0.16706363,0.079205411,0.117784852,0.175868205,0.019813,0.23092592424632,21.6935707586245,0.8480813344319661,0.9169678370157878,0.9891281127929688,0.9597305733816964,0.6164444444444445,6,12
Imo,Owerri Municipal,5,Urban Slums (better-off urban core),6.91,357.0,12.01497989,0.159800533,0.079712955,0.121603046,0.235566,0.0613706,0.266248180175912,21.7118754254618,0.8734844923019409,0.9146826267242432,0.9950994253158569,0.9820057678222657,1.194625,59,53
Imo,Owerri North,5,Urban Slums (better-off urban core),6.37,464.0,10.65846054,0.172442577,0.076958433,0.125017989,0.241588753,0.0761705,0.240245351183508,23.2872413471792,0.8752799987792969,0.9054965019226074,0.9808135032653809,1.913787150832842,0.6523103448275862,21,20
Imo,Owerri West,5,Urban Slums (better-off urban core),8.41,353.0,10.80171546,0.166511477,0.07944225,0.128008557,0.23546567,0.32845,0.215662485000066,22.3350270880858,0.8423081150761357,0.8399945011845341,0.9687988846390335,3.764108476847628,0.2997380952380952,29,34
Imo,Unuimo,4,Peri-urban / Migrant Dense (transitional),,,9.00604558,0.203600549,0.078096236,0.127958489,0.225502541,0.614141,0.264671231118306,24.6683363712919,,,,,,0,0
Jigawa,Auyo,1,Remote Rural / Hard-to-Reach,22.85,2210.0,1.932535984,0.603052271,0.139099162,0.403891461,0.48283521,0.576568,0.0874192863337067,24.0370263438601,0.4427556991577148,0.124220437473721,0.9875403510199653,10.33648612018774,-0.3816764705882353,1,0
Jigawa,Babura,1,Remote Rural / Hard-to-Reach,56.78,8842.0,2.210308168,0.63525451,0.159147709,0.447751776,0.503843407,0.486516,0.0408328796954082,30.4471218239317,0.4135590101543226,0.1091863230655068,0.7982689204968905,12.71343299728668,-0.5853488372093024,3,2
Jigawa,Biriniwa,1,Remote Rural / Hard-to-Reach,,,1.793620132,0.641838066,0.150952573,0.43871202,0.513543293,0.404965,0.055757093233176,24.2516972012235,0.3026813545612373,0.06826862662729591,0.9781706068250868,25.37666198790721,-0.7436535433070867,0,0
Jigawa,Birnin Kudu,1,Remote Rural / Hard-to-Reach,,,2.301747745,0.600557832,0.120546141,0.369297532,0.48835685,0.427468,0.112234159143551,24.7549931228157,0.3758240509033203,0.08600578308105469,0.6839961242675782,18.00793844146406,-0.428708,5,7
Jigawa,Buji,1,Remote Rural / Hard-to-Reach,17.06,1213.0,1.823524117,0.640781833,0.129320148,0.398262474,0.488209154,0.585279,0.0986953949000181,22.1856852500743,0.32264244556427,0.08794490496317546,0.6254972616831461,13.45597291791268,-0.5850277777777778,0,0
Jigawa,Dutse,1,Remote Rural / Hard-to-Reach,61.89,11363.0,2.660461019,0.568907743,0.125986404,0.359317823,0.473879536,0.659424,0.113833491773083,28.2202192247356,0.4428618504450871,0.1231891925518329,0.8182016030336038,13.82389049369748,-0.3680395480225989,11,5
Jigawa,Gagarawa,1,Remote Rural / Hard-to-Reach,36.7,2205.0,1.954552409,0.641423865,0.14891402,0.444831789,0.563055747,0.579317,0.051307958046418,26.592752345365,0.4942495822906494,0.1444454073905945,0.9935100555419922,9.939998580501346,-0.7597717391304348,0,0
Jigawa,Garki,1,Remote Rural / Hard-to-Reach,22.11,2430.0,2.073530426,0.646405696,0.160197436,0.45273935,0.534579038,0.564335,0.0442358030978496,29.7610773496483,0.4714689929075915,0.1344415876600477,0.8822692716964567,21.20233767698501,-0.6778678414096917,1,0
Jigawa,Gumel,1,Remote Rural / Hard-to-Reach,26.74,2079.0,3.381446698,0.560175413,0.147760933,0.400269909,0.573278203,0.562297,0.0557392377414947,29.4876975085872,0.5001117304751748,0.1629515572598106,0.996748171354595,7.493090892757789,-0.527860465116279,0,0
Jigawa,Guri,1,Remote Rural / Hard-to-Reach,29.98,2485.0,1.8172111,0.59204029,0.138912933,0.386937719,0.419196269,0.522184,0.0978202202789006,23.0957106605596,0.4192340109083388,0.1060573524898953,0.8382349014282227,26.1044456162876,-0.4069627329192547,5,4
Jigawa,Gwaram,1,Remote Rural / Hard-to-Reach,,,1.966191334,0.616179319,0.127150492,0.380132599,0.469246291,0.688577,0.0905598440102277,21.6197745709861,0.350869053093962,0.1255741562954215,0.5504929298578307,18.81529406493241,-0.4685833333333333,0,0
Jigawa,Gwiwa,1,Remote Rural / Hard-to-Reach,22.42,2111.0,2.456166349,0.60690253,0.14845628,0.416734179,0.468135984,0.417928,0.0477840431023116,28.4514955650231,0.3438393592834473,0.1160038153330485,0.7020535151163737,10.06783326914613,-0.5481733333333333,0,0
Jigawa,Hadejia,1,Remote Rural / Hard-to-Reach,26.65,2032.0,3.822059306,0.502957592,0.136776842,0.347030534,0.452724287,0.720787,0.113775693435202,26.0942655608723,0.5551980904170445,0.2250359058380127,0.9972008296421596,3.683476961576022,0.156,1,1
Jigawa,Jahun,1,Remote Rural / Hard-to-Reach,62.23,10461.0,1.892021282,0.639392324,0.138031985,0.426648875,0.472959242,0.49761,0.0690546947832817,25.4276804207063,0.4628624060215094,0.159294544122158,0.949440198066907,13.565148109846,-0.6192156862745097,1,1
Jigawa,Kafin Hausa,1,Remote Rural / Hard-to-Reach,47.69,9321.0,1.777698265,0.63031353,0.144411497,0.433962319,0.477035676,0.656085,0.0760642545974378,22.5223506463154,0.3301930626233419,0.1042588253815969,0.9454927444458008,14.74926347492122,-0.5361,1,0
Jigawa,Kaugama,1,Remote Rural / Hard-to-Reach,21.86,2062.0,1.997261752,0.627070707,0.146364044,0.431998218,0.551402975,0.681927,0.0650438897969194,25.7765321296673,0.4030384336199079,0.1091520309448242,0.9880283900669643,12.90432310848137,-0.6070769230769231,1,0
Jigawa,Kazaure,1,Remote Rural / Hard-to-Reach,16.94,1997.0,3.557570471,0.543869701,0.153563372,0.387084869,0.445445848,0.517067,0.06344359675932,32.9704312888786,0.3801478147506714,0.1161821112036705,0.657256007194519,9.7891845703125,-0.4690307692307692,1,0
Jigawa,Kiri Kasama,1,Remote Rural / Hard-to-Reach,,,1.93709178,0.595902724,0.138509246,0.390688513,0.458564156,0.603757,0.101313315717818,24.5425625533454,0.4799140796326755,0.1301029439558063,0.972838418525562,17.98210058956784,-0.4035503875968992,3,3
Jigawa,Kiyawa,1,Remote Rural / Hard-to-Reach,47.57,6015.0,2.031349533,0.630989824,0.132030994,0.402787185,0.492548443,0.564716,0.0928042268979704,24.9299086570652,0.3878658242421608,0.1285067911017431,0.8099729982140946,13.50846744889347,-0.4739310344827586,5,3
Jigawa,Maigatari,1,Remote Rural / Hard-to-Reach,46.5,6021.0,2.761626533,0.597508659,0.146395066,0.416644416,0.54898488,0.550968,0.0588574650710216,26.8133887671136,0.4025516211986542,0.106363907456398,0.9942879676818848,11.32716276544402,-0.6361470588235294,2,2
Jigawa,Malam Madori,1,Remote Rural / Hard-to-Reach,22.05,2658.0,2.347394393,0.589940647,0.149772955,0.408703844,0.52568981,0.691973,0.0726787569929527,25.5175459713963,0.423113777523949,0.116351014091855,0.9898975311763702,13.7495876933576,-0.57235,4,5
Jigawa,Miga,1,Remote Rural / Hard-to-Reach,18.36,1717.0,2.08465027,0.615068578,0.137688072,0.415156511,0.495116433,0.535407,0.0815206873472913,24.7909155195337,0.4636257262456985,0.1403566542125884,0.9841390337262835,14.86757650414938,-0.4822340425531915,1,0
Jigawa,Ringim,1,Remote Rural / Hard-to-Reach,62.09,8736.0,2.590722687,0.587494548,0.145419383,0.40260701,0.446857513,0.714753,0.0810682825919925,30.3191352425843,0.4967242793032998,0.1425714994731702,0.8758894267835116,14.5856738352898,-0.4879878787878788,1,0
Jigawa,Roni,1,Remote Rural / Hard-to-Reach,31.13,1762.0,2.463619631,0.592461268,0.149809047,0.420006232,0.419413475,0.571431,0.0528713035411797,30.4834455415721,0.3072741031646729,0.09107677638530731,0.6423118710517883,9.342641900510204,-0.4320806451612904,1,0
Jigawa,Sule Tankarkar,1,Remote Rural / Hard-to-Reach,11.4,1124.0,2.767440643,0.609966426,0.148631414,0.423348335,0.528483948,0.675053,0.0560998318393594,29.1416620080342,0.4704078862696518,0.1327642158225731,0.9821289439260223,12.50524858799049,-0.5564727272727273,2,3
Jigawa,Taura,1,Remote Rural / Hard-to-Reach,20.77,2002.0,1.996927692,0.625808821,0.143216615,0.420432457,0.508688751,0.644087,0.0725895640818056,27.5481039202959,0.5062335386114606,0.1523102259231826,0.9589841810323424,13.35745892057429,-0.5505531914893618,5,5
Jigawa,Yankwashi,1,Remote Rural / Hard-to-Reach,36.11,2526.0,2.662639226,0.60775339,0.152319885,0.420235282,0.445918949,0.446961,0.0457994036398374,29.9552576460126,0.387805149472993,0.114631488405425,0.5709010157091864,8.979786291787791,-0.5528867924528302,1,1
Kaduna,Birnin-Gwari,2,Conflict-Affected / Nomadic,,,2.758453566,0.517394311,0.1079244,0.315736569,0.289322311,0.415964,0.0707528872049312,28.5797259626967,0.4127616150738442,0.1068245561155554,0.3491899882277397,36.85431394601542,-0.4084695340501792,225,873
Kaduna,Chikun,2,Conflict-Affected / Nomadic,,,4.881856674,0.47716236,0.106826768,0.330793597,0.222913255,0.37385,0.127079365631262,39.7280323180033,0.5938857258230016,0.1994034172832102,0.6874516805013021,27.65992809734513,-0.3259620758483034,228,437
Kaduna,Giwa,2,Conflict-Affected / Nomadic,,,3.050178632,0.572481321,0.127134871,0.385922221,0.287340539,0.395567,0.0640928244260948,33.363917068526,0.4910211497339709,0.1146731935698411,0.302660711880388,14.80967423047408,-0.3949144542772862,128,532
Kaduna,Igabi,2,Conflict-Affected / Nomadic,,,6.026890078,0.445310627,0.11773679,0.329408808,0.212207826,0.575164,0.113752282231852,41.6629859076376,0.5736791542943964,0.1541034291843472,0.5538734397307266,15.72983111355743,-0.2813313373253493,146,444
Kaduna,Ikara,1,Remote Rural / Hard-to-Reach,,,3.148281932,0.570506337,0.137265507,0.399938449,0.250867797,0.160774,0.0578095979052759,36.3576176235474,0.4769438230074369,0.07700143716274163,0.2829972047072191,5.295780770878427,-0.2459655172413793,7,10
Kaduna,Jaba,2,Conflict-Affected / Nomadic,9.52,1528.0,7.193273835,0.406811858,0.082118865,0.218722174,0.265238535,0.3101,0.234990663793072,37.8390366371176,0.6683804772116921,0.4092359976335005,0.7325798381458629,9.53459447924204,-0.2687380952380953,1,1
Kaduna,Jema'a,4,Peri-urban / Migrant Dense (transitional),64.12,18359.0,6.957931392,0.418872838,0.077372941,0.209128305,0.2614465,0.441328,0.252582022896552,35.3364934350465,0.7118700717357879,0.4988189859593168,0.7673363381243766,12.66149983543514,-0.2723826530612245,31,21
Kaduna,Kachia,2,Conflict-Affected / Nomadic,63.06,16390.0,5.893680515,0.440933045,0.086960815,0.252377385,0.278707512,0.125766,0.223677131270077,37.3425197222684,0.5846290870949075,0.250869298864294,0.6525439227068865,23.50841092761771,-0.3905591397849463,142,192
Kaduna,Kaduna North,2,Conflict-Affected / Nomadic,79.44,29808.0,7.510085828,0.35126,0.111306164,0.283006848,0.199348826,0.0732599,0.140880034947419,45.5802929959595,0.8124595880508423,0.4685913324356079,0.9622286558151245,0.7767708787640322,1.288333333333333,35,42
Kaduna,Kaduna South,2,Conflict-Affected / Nomadic,,,8.192652078,0.342920901,0.106701788,0.274188831,0.155147399,0.282521,0.153008985471517,45.6454246592974,0.8446531295776367,0.5485621690750122,0.9853424429893494,0.3563992921696153,1.248666666666667,5,3
Kaduna,Kagarko,4,Peri-urban / Migrant Dense (transitional),23.04,5670.0,6.605701194,0.397950264,0.080614497,0.201312987,0.294175729,0.458673,0.252485959174898,36.3229070746986,0.6138866212632921,0.3354926904042562,0.6900888019137912,12.06474183625681,-0.2697444089456869,75,138
Kaduna,Kajuru,2,Conflict-Affected / Nomadic,13.4,1514.0,5.226033105,0.51325173,0.108101407,0.339699611,0.235709829,0.33441,0.159921462801753,39.6474876119463,0.5894307529225069,0.1832776350133559,0.6355543697581572,28.85595928939879,-0.4519188191881919,113,228
Kaduna,Kaura,4,Peri-urban / Migrant Dense (transitional),45.92,8254.0,7.145592985,0.418153194,0.072484308,0.208979023,0.239886406,0.447498,0.269051524183397,37.6577957116092,0.7137367460462782,0.5024397108289931,0.7410049438476562,16.98340796493903,-0.1828552631578947,24,148
Kaduna,Kauru,2,Conflict-Affected / Nomadic,,,4.945837199,0.528211862,0.107319527,0.313867501,0.267042747,0.501238,0.167028746950502,37.4388569967652,0.5551899125423337,0.2003512828808113,0.6074116523629927,32.56789019935611,-0.4616311300639659,33,143
Kaduna,Kubau,1,Remote Rural / Hard-to-Reach,82.04,23701.0,3.178066503,0.561059082,0.131115382,0.365485183,0.293574219,0.339769,0.0947929226075459,37.4323076597363,0.5212055553089489,0.08904377825848468,0.3814177079634233,17.93418155251893,-0.4381374045801527,1,1
Kaduna,Kudan,1,Remote Rural / Hard-to-Reach,1.0,143.0,3.631494547,0.542512485,0.125262186,0.368392221,0.283685964,0.469436,0.0644154527025845,37.2145592749689,0.5615298327277688,0.1129516433267032,0.3121275060317096,3.594651794433594,-0.0634406779661017,2,3
Kaduna,Lere,2,Conflict-Affected / Nomadic,,,5.101863319,0.513968488,0.109670631,0.295412979,0.26152308,0.446568,0.180634466089442,39.8286793538557,0.5653501763401261,0.2135946894266519,0.5351032578801534,21.62829341317365,-0.4214832535885167,14,17
Kaduna,Makarfi,1,Remote Rural / Hard-to-Reach,70.95,10706.0,3.540782833,0.548194355,0.12797854,0.379120797,0.248441609,0.0927805,0.0572428909087098,37.1100970374228,0.5282505459255642,0.09428833855523003,0.3028595182630751,4.841736666878387,-0.1651595744680851,6,7
Kaduna,Sabon-Gari,2,Conflict-Affected / Nomadic,,,5.36446681,0.474283,0.128059831,0.341541178,0.227735279,0.391669,0.0745357719311742,41.9544657444798,0.616616678237915,0.1785411596298218,0.553072452545166,3.056958497875798,0.2832857142857143,20,10
Kaduna,Sanga,4,Peri-urban / Migrant Dense (transitional),1.24,193.0,6.682735368,0.436425859,0.072466127,0.211796318,0.273567793,0.361727,0.239477225017547,33.7312380852494,0.6654267146669585,0.4613398190202384,0.640136850291285,13.34863238698257,-0.3435622489959839,8,12
Kaduna,Soba,1,Remote Rural / Hard-to-Reach,,,3.410087077,0.556412473,0.136133212,0.387865255,0.28673353,0.387887,0.0857195943080379,38.4917063016837,0.5401046142578125,0.08731680297851563,0.3329835510253906,15.36186521538312,-0.438164265129683,3,2
Kaduna,Zangon-Kataf,2,Conflict-Affected / Nomadic,70.4,23115.0,6.927651126,0.433721082,0.081211151,0.236504345,0.260982924,0.122632,0.240558921193494,39.1110132287476,0.6281795146302407,0.3166394204086398,0.7029965797566479,18.53936685199387,-0.343463556851312,95,364
Kaduna,Zaria,2,Conflict-Affected / Nomadic,,,5.668326418,0.479783225,0.132467451,0.341188836,0.237788539,0.474911,0.0833270228884409,44.2211547177425,0.5913579668317522,0.1449931280953544,0.5473601749965122,7.478237075293624,-0.04465000000000001,38,33
Kano,Ajingi,1,Remote Rural / Hard-to-Reach,11.13,1583.0,2.350544791,0.595838646,0.143509404,0.407660587,0.324715006,0.37282,0.0755915668590841,31.2530517376873,0.4577807974308095,0.1082943043810256,0.8088076165381898,5.320790792343562,-0.3933584905660377,0,0
Kano,Albasu,1,Remote Rural / Hard-to-Reach,42.64,6593.0,1.931181232,0.60815512,0.127977313,0.383226074,0.340467208,0.504444,0.118685405434684,28.7241266042579,0.4497266629847085,0.07539671223338057,0.718224502191311,5.57010529707763,-0.2248139534883721,0,0
Kano,Bagwai,1,Remote Rural / Hard-to-Reach,17.63,2347.0,3.30245552,0.524461657,0.142030349,0.391934144,0.306608727,0.516721,0.0632129890051157,33.6388148706705,0.3538791928972517,0.06429273741585868,0.4639705113002232,5.203785966082317,-0.3472602739726028,0,0
Kano,Bebeji,1,Remote Rural / Hard-to-Reach,61.42,9712.0,2.985882867,0.572990386,0.144857255,0.429137174,0.2901871,0.446663,0.051175840025925,34.8818913739624,0.4478599474980281,0.08043325864351712,0.2956002675569974,14.41220223517503,-0.2660420168067227,3,0
Kano,Bichi,1,Remote Rural / Hard-to-Reach,67.53,15487.0,3.084737845,0.542989756,0.151109462,0.405795283,0.29699602,0.382225,0.0670869448834886,34.3420710191294,0.2861714856377963,0.06952321118321912,0.5475557919206291,4.613416938704361,-0.2509389312977099,0,0
Kano,Bunkure,1,Remote Rural / Hard-to-Reach,49.4,7101.0,2.433996544,0.576984949,0.145529683,0.40769437,0.296889027,0.0416454,0.0810630577152996,33.087864759249,0.5120809136367426,0.08455589340954292,0.4305011470143388,7.925656522133527,-0.2452375,0,0
Kano,Dala,2,Conflict-Affected / Nomadic,,,5.83022307,0.448163635,0.163183568,0.365313575,0.300434189,0.542313,0.0666072832234928,43.9394428270888,0.7394631505012512,0.5301026105880737,0.9565503597259521,0.1553537978066338,1.5115,0,0
Kano,Dambatta,1,Remote Rural / Hard-to-Reach,,,3.311019873,0.555509555,0.16282884,0.413418322,0.373641141,0.287418,0.0563685315003944,32.5078588120668,0.3973351447812973,0.116709416912448,0.8025605601649131,4.943712461346337,-0.4592148148148148,3,0
Kano,Dawakin Kudu,1,Remote Rural / Hard-to-Reach,67.0,12451.0,2.602344803,0.561333778,0.148978346,0.408737699,0.278116382,0.324425,0.0820746329200472,33.967153737832,0.5214561256202491,0.1200116002881849,0.5750579318484744,4.562704696136267,-0.01148484848484848,0,0
Kano,Dawakin Tofa,1,Remote Rural / Hard-to-Reach,66.53,13498.0,3.134724254,0.540481045,0.15617796,0.411570096,0.32437967,0.515725,0.0637528053790893,35.3927869212626,0.4046791953009528,0.09666622007215345,0.6333353197252428,4.345556550702118,-0.03995588235294117,0,0
Kano,Doguwa,1,Remote Rural / Hard-to-Reach,27.54,3419.0,3.177344723,0.562366391,0.124629903,0.33649429,0.304663017,0.0045664,0.125989931840373,34.8772533314033,0.5168338976408305,0.1129405172247636,0.4790831314890008,17.15350208740917,-0.342941935483871,0,0
Kano,Fagge,2,Conflict-Affected / Nomadic,66.45,10958.0,6.984605527,0.36961433,0.155418544,0.339333397,0.244968002,0.383645,0.0872450988950651,43.5380959982409,0.7228724615914481,0.4890693596431187,0.9573108809334892,0.6582473754882813,0.7715,6,12
Kano,Gabasawa,1,Remote Rural / Hard-to-Reach,66.78,11624.0,2.283457843,0.592335501,0.16619667,0.440991173,0.339211649,0.372145,0.0651065100293706,33.5259299932008,0.4263316067782315,0.1173066009174694,0.7740573883056641,7.568340972440327,-0.3869901960784314,0,0
Kano,Garko,1,Remote Rural / Hard-to-Reach,10.75,1435.0,2.273935959,0.596407528,0.134567147,0.394166475,0.284981973,0.429466,0.0958338245726217,30.7637482129625,0.4644039772652291,0.067937387002481,0.5067672213992557,7.283456728439923,-0.2987945205479452,0,0
Kano,Garum Mallam,1,Remote Rural / Hard-to-Reach,26.53,2593.0,2.667810229,0.556599476,0.14391921,0.415994646,0.291463148,0.475522,0.0676988314951978,34.3290656844079,,,,,,2,0
Kano,Gaya,1,Remote Rural / Hard-to-Reach,12.36,2113.0,1.803551321,0.619084344,0.138180779,0.412317261,0.308947566,0.16758,0.103759990846499,30.3983967034658,0.4320798833319481,0.08479285747446913,0.7801896764876994,6.840005286654136,-0.36978,0,0
Kano,Gezawa,1,Remote Rural / Hard-to-Reach,,,3.723496974,0.503137343,0.16141283,0.394527539,0.299504593,0.0738949,0.0940587034420884,36.9406717876832,0.4827104886372884,0.1512634595235189,0.7735702514648437,3.974890688313482,-0.04578125,1,0
Kano,Gwale,2,Conflict-Affected / Nomadic,,,6.438774164,0.409970447,0.151551248,0.351529575,0.28862306,0.626513,0.0759817384165189,44.9984785396895,0.7332691465105329,0.5429725987570626,0.9482121467590332,0.518125448653947,1.192125,7,3
Kano,Gwarzo,1,Remote Rural / Hard-to-Reach,54.45,8240.0,3.287148933,0.555933165,0.135748734,0.391049543,0.288159105,0.479729,0.0577299907417107,32.0973028217596,0.348908265431722,0.06827812724643284,0.4172851244608561,4.201668031754032,-0.1450526315789474,0,0
Kano,Kabo,1,Remote Rural / Hard-to-Reach,20.1,2537.0,2.974490064,0.547110471,0.142252767,0.40335508,0.30855702,0.073895,0.0647226993460122,33.3229263798084,0.3792026744169347,0.0690084976308486,0.3012319172129911,5.225604566704317,-0.1114285714285714,0,0
Kano,Kano Municipal,2,Conflict-Affected / Nomadic,,,5.454081908,0.451301875,0.157225783,0.371720274,0.310449122,0.425039,0.0720742431945062,40.8447743827521,0.740001916885376,0.5681050419807434,0.9717633128166199,0.2310692713810847,1.301,21,10
Kano,Karaye,1,Remote Rural / Hard-to-Reach,16.0,1900.0,3.060742014,0.565679319,0.13381042,0.399914909,0.298227998,0.397793,0.0554438863800617,33.4364067826107,0.372091783796038,0.06373462677001954,0.2828230721609933,6.931845635071864,-0.3127857142857143,1,3
Kano,Kibiya,1,Remote Rural / Hard-to-Reach,20.44,2335.0,2.344498237,0.599768525,0.139341082,0.406033649,0.287859044,0.538549,0.077045288997989,32.3099941066365,0.4587312970842634,0.07426018033708845,0.3202177320207868,5.669485314744165,-0.2712602739726027,0,0
Kano,Kiru,1,Remote Rural / Hard-to-Reach,,,3.177626811,0.576689953,0.137944422,0.416889793,0.297211603,0.209525,0.0558350937875498,34.54845829899,0.4166849969138562,0.0708169869973626,0.2665501984072403,13.79899589748784,-0.3040802469135803,1,1
Kano,Kumbotso,2,Conflict-Affected / Nomadic,,,4.785011395,0.460079636,0.154765539,0.375052111,0.299324072,0.568824,0.0877228494814746,38.424846040762,0.6449648683721368,0.3520852002230557,0.7952883460304954,1.212305095833792,0.3576470588235294,5,1
Kano,Kunchi,1,Remote Rural / Hard-to-Reach,25.99,2359.0,2.50035769,0.591548047,0.151172937,0.424944206,0.315131045,0.388777,0.0585637339760533,30.9159980320834,0.243106440493935,0.06038478801124975,0.5237920660721628,6.982076773966165,-0.393,0,0
Kano,Kura,1,Remote Rural / Hard-to-Reach,20.5,2417.0,3.491168703,0.528470377,0.147118994,0.395026952,0.300916711,0.41493,0.0779681101044025,34.6030011877506,0.5967726230621337,0.148628568649292,0.5357201576232911,4.338422040636043,0.04555882352941177,0,0
Kano,Madobi,1,Remote Rural / Hard-to-Reach,20.6,2337.0,3.113180772,0.550519979,0.147202052,0.414576909,0.29749368,0.553295,0.0672874400176435,34.9455202985305,0.5326429449993632,0.1472092193105946,0.4525850544805112,4.404243988951805,-0.08744444444444445,1,1
Kano,Makoda,1,Remote Rural / Hard-to-Reach,23.27,4221.0,2.676627745,0.582192602,0.158121825,0.421783014,0.378369784,0.296762,0.048636689633638,32.527690784199,0.3910351552461323,0.1106278896331787,0.7480679562217311,4.944216154706133,-0.3316521739130435,0,0
Kano,Minjibir,1,Remote Rural / Hard-to-Reach,16.52,2990.0,2.821416666,0.564860517,0.166104154,0.420604202,0.336797209,0.0046208,0.0711035428140326,34.4550485395679,0.419922613328503,0.102313426233107,0.7075985323998236,4.434874184617718,-0.1575151515151515,2,2
Kano,Nasarawa,2,Conflict-Affected / Nomadic,,,6.608399663,0.385239459,0.158781858,0.338793448,0.270256892,0.421022,0.07489108616475,45.4403690852394,0.7277516637529645,0.4958812168666294,0.9575307709830148,0.4599983019706531,1.339,4,0
Kano,Rano,1,Remote Rural / Hard-to-Reach,10.11,1235.0,2.559768612,0.550024242,0.137726795,0.38295102,0.288409074,0.432385,0.0780230652837893,33.5585505296658,0.4542207717895508,0.07193896770477295,0.2259085655212402,11.76567849995178,-0.3302738095238095,3,2
Kano,Rimin Gado,1,Remote Rural / Hard-to-Reach,28.75,2449.0,2.705143727,0.555759989,0.147804453,0.423670678,0.336770776,0.537266,0.0715765078748921,34.6519986566218,0.4235105867739077,0.08968687057495117,0.3139529051604094,4.335937823793932,-0.1618444444444444,1,1
Kano,Rogo,1,Remote Rural / Hard-to-Reach,60.26,11301.0,3.219102461,0.583141638,0.131873979,0.398737583,0.292817461,0.572632,0.0483456552223634,33.5565720010805,0.4384653611616655,0.07185730067166415,0.3451485373757102,10.21274789663462,-0.3720352112676056,3,1
Kano,Shanono,1,Remote Rural / Hard-to-Reach,15.86,1818.0,2.57335465,0.559438013,0.13800338,0.407150506,0.300864428,0.521116,0.0566672009763426,31.702232723199,0.3102940718332927,0.05634839667214288,0.4610760476854112,4.566933424314866,-0.3726829268292683,0,0
Kano,Sumaila,1,Remote Rural / Hard-to-Reach,,,2.085680754,0.626886833,0.128461361,0.381356843,0.314278502,0.284742,0.103439695241936,29.595400281225,0.4588071615389078,0.07709874729118725,0.4055236967483369,11.34774590832029,-0.3164078947368421,4,3
Kano,Takai,1,Remote Rural / Hard-to-Reach,66.57,11116.0,1.995428286,0.626700759,0.121455691,0.380844067,0.33837964,0.0250662,0.106503963791093,28.0283512968363,0.4593572421949737,0.08263709593792351,0.68022007844886,5.176666902993267,-0.2264220183486239,4,6
Kano,Tarauni,2,Conflict-Affected / Nomadic,66.86,12224.0,6.927267128,0.369079775,0.156566026,0.343117548,0.258371545,0.370469,0.0669209581105081,41.1093489742998,0.7158575057983398,0.483009139696757,0.9401134649912516,0.4413509368896484,1.1452,2,0
Kano,Tofa,1,Remote Rural / Hard-to-Reach,36.75,2986.0,3.195338532,0.543600036,0.151868829,0.414425122,0.336522274,0.554239,0.0701101647392421,35.6602047487838,0.4448620143689607,0.1032101292359202,0.4647203746594881,4.243277074591431,-0.03491428571428571,1,1
Kano,Tsanyawa,1,Remote Rural / Hard-to-Reach,11.07,1439.0,2.71859052,0.557880188,0.144243904,0.412824979,0.277095111,0.604022,0.0627458407253491,31.9543567179662,0.2904503054735137,0.05954940144608661,0.498662762525605,6.663419990129368,-0.3306734693877551,1,0
Kano,Tudun Wada,1,Remote Rural / Hard-to-Reach,,,2.626759982,0.576290991,0.135200157,0.378671651,0.289196781,0.04821,0.083525984748013,34.0803992991634,0.4772869110107422,0.07803720831871033,0.2982540130615234,13.1714636724198,-0.1498343558282209,5,17
Kano,Ungogo,2,Conflict-Affected / Nomadic,,,5.979216207,0.409682337,0.15847193,0.350092749,0.276846843,0.167775,0.0862215646781968,42.8429610249632,0.5733552345862756,0.2704938008235051,0.8000112680288461,2.019831787851444,0.1712307692307692,4,2
Kano,Warawa,1,Remote Rural / Hard-to-Reach,25.91,2816.0,2.989761877,0.544466023,0.15736576,0.414719168,0.303612062,0.305513,0.0863260442000706,36.4144839337289,0.4731348242078509,0.107748235974993,0.7184678486415318,5.291487381447872,-0.2866904761904762,0,0
Kano,Wudil,1,Remote Rural / Hard-to-Reach,39.7,6173.0,3.005049743,0.5349307,0.137818029,0.377982728,0.263480534,0.637648,0.0830314409029803,32.6463054502777,0.481345205595999,0.0850600257064357,0.6670340913714785,4.030716310952597,-0.1693,1,6
Katsina,Bakori,2,Conflict-Affected / Nomadic,1.0,111.0,2.733628859,0.578550255,0.121595543,0.377648596,0.35879447,0.619954,0.0556149746893936,28.9874544248936,0.3722460516567888,0.07857925316383099,0.2937577346275593,7.999030880811738,-0.3452384615384615,24,80
Katsina,Batagarawa,1,Remote Rural / Hard-to-Reach,65.63,9183.0,3.028303952,0.539691977,0.137611771,0.390381828,0.396099585,0.546717,0.142956031490256,28.2629159376291,0.2832921147346497,0.1287339528401693,0.6873111724853516,5.404344669725529,-0.3105052631578947,14,14
Katsina,Batsari,2,Conflict-Affected / Nomadic,71.75,11037.0,2.087701153,0.572993987,0.138549999,0.395068217,0.342746739,0.619598,0.125939894210687,25.1121090636348,0.274985971585126,0.08280261805359747,0.5458737225599692,19.77319353363669,-0.4595103092783505,112,230
Katsina,Baure,1,Remote Rural / Hard-to-Reach,62.4,9371.0,2.219059492,0.62372343,0.151522134,0.429609174,0.417464723,0.62431,0.0382320177824778,27.9831366144491,0.3996296302945006,0.102384137172325,0.7676058002546722,13.88834464089912,-0.539474358974359,0,0
Katsina,Bindawa,1,Remote Rural / Hard-to-Reach,22.61,2527.0,2.567874785,0.585203534,0.137138386,0.413938565,0.421909755,0.45026,0.0701391403391388,25.886759830858,0.212572408276935,0.06769389329954635,0.7359525103901707,8.233533831120944,-0.3907764705882353,2,2
Katsina,Charanchi,1,Remote Rural / Hard-to-Reach,55.74,5650.0,2.41675239,0.578295041,0.136475587,0.411292913,0.390975505,0.619865,0.0640045111306301,26.4922795039491,0.2648334957304455,0.08264811833699544,0.6596916289556594,10.49573354252049,-0.4974842105263158,4,1
Katsina,Dan Musa,2,Conflict-Affected / Nomadic,35.27,2954.0,2.227433464,0.587029341,0.12859674,0.395927793,0.333667301,0.507003,0.0717222909551162,24.4538768524332,0.2685541855661492,0.05713162924114026,0.2410184458682412,43.05390410370879,-0.5653986928104575,68,219
Katsina,Dandume,2,Conflict-Affected / Nomadic,4.06,437.0,2.553302866,0.59065289,0.122510015,0.377703807,0.333802429,0.485419,0.0578044645807768,28.7494604683375,0.4463183403015137,0.1061760425567627,0.3017813682556152,9.781426933374298,-0.3111827956989248,26,24
Katsina,Danja,1,Remote Rural / Hard-to-Reach,70.82,6577.0,3.098141484,0.593187794,0.127897728,0.394641231,0.337036705,0.675839,0.0472127011813949,33.4541794737728,0.4985653421153193,0.1084886841152025,0.2712648847828741,6.351294084028765,-0.334561797752809,8,6
Katsina,Daura,1,Remote Rural / Hard-to-Reach,60.93,10139.0,3.262290518,0.57155585,0.136523342,0.388272237,0.401113492,0.592654,0.056847714043092,26.4466880864659,0.3681144487290156,0.1127431619734991,0.4827003933134533,9.341321686464905,-0.3741081081081081,5,3
Katsina,Dutsi,1,Remote Rural / Hard-to-Reach,33.09,2961.0,2.243607735,0.615036978,0.142126183,0.425139022,0.46277064,0.143822,0.053185746639156,25.5660935108021,0.3200310389200846,0.09249801635742187,0.6398878733317057,9.494249028996679,-0.4992857142857143,0,0
Katsina,Dutsin-Ma,2,Conflict-Affected / Nomadic,56.08,7048.0,2.98393024,0.512779948,0.134915358,0.367501031,0.320550891,0.614693,0.0941825774858703,25.8813335722464,0.2777884674072266,0.06730585098266602,0.4000563049316406,12.63709840712743,-0.4878761061946903,103,116
Katsina,Faskari,2,Conflict-Affected / Nomadic,64.76,9315.0,2.145488421,0.609047343,0.120194937,0.379579993,0.307999916,0.590062,0.0725509053890686,25.3972568470682,0.3379192352294922,0.06720437911840585,0.2271860929635855,21.22676317713632,-0.4331948051948052,100,271
Katsina,Funtua,2,Conflict-Affected / Nomadic,1.0,167.0,4.071494764,0.51087285,0.119232914,0.329511075,0.327243515,0.626323,0.0638427452054517,30.9588340824867,0.4858278334140778,0.139972060918808,0.3692063093185425,11.04303954170539,-0.2427058823529412,31,36
Katsina,Ingawa,1,Remote Rural / Hard-to-Reach,24.28,3039.0,2.341804878,0.596277594,0.140852263,0.419033812,0.396426671,0.56753,0.0564802711828105,27.426789146428,0.1995211395562864,0.05810669356701421,0.5743644938749426,14.91798135080645,-0.5310975609756098,1,0
Katsina,Jibia,2,Conflict-Affected / Nomadic,57.66,7143.0,2.406676883,0.518002517,0.138719023,0.368151701,0.246091987,0.573031,0.244946006669981,25.9207709249396,0.2792249081739739,0.08892370337870584,0.5409578351832148,17.15836755646817,-0.4972159090909091,116,288
Katsina,Kafur,2,Conflict-Affected / Nomadic,58.24,9023.0,2.976955864,0.573274103,0.125454186,0.384795369,0.343161168,0.71218,0.0519149530536159,31.0903896579086,0.4059362019578072,0.07534851440011639,0.3397172901728382,7.560842757746748,-0.3872650602409639,16,75
Katsina,Kaita,1,Remote Rural / Hard-to-Reach,57.35,7741.0,1.994028143,0.599064724,0.139754597,0.424121544,0.360746546,0.721274,0.144040722213984,26.8316803481573,0.3343203067779541,0.1064325372378031,0.7944495677947998,13.01143297298934,-0.4745294117647059,2,2
Katsina,Kankara,2,Conflict-Affected / Nomadic,70.45,12681.0,2.398147835,0.598042803,0.12529317,0.392790789,0.381380153,0.404326,0.0581957104015946,25.4796581001642,0.2668433305693836,0.04707058173854176,0.2655645230921304,18.53457259896796,-0.469939534883721,105,592
Katsina,Kankia,1,Remote Rural / Hard-to-Reach,25.94,2907.0,2.340962654,0.563791442,0.136474994,0.404167934,0.377544518,0.299927,0.0575475199409061,27.4442583578274,0.2849331905967311,0.07109857860364412,0.540126967848393,16.56345665296891,-0.4928211382113821,15,14
Katsina,Katsina,2,Conflict-Affected / Nomadic,1.0,235.0,4.744921428,0.473923863,0.134774668,0.346447177,0.408694687,0.457288,0.18980188761237,35.5991561288657,0.3655197803790753,0.2296806482168344,0.8987524326031024,2.205859633349868,0.3482608695652174,24,16
Katsina,Kurfi,2,Conflict-Affected / Nomadic,27.59,2383.0,2.237176248,0.573666499,0.139316975,0.405208386,0.352204281,0.53703,0.0885556877622594,25.6792482973447,0.241157054901123,0.08003795665243398,0.4983131574547809,12.99232806581439,-0.4854313725490196,26,85
Katsina,Kusada,1,Remote Rural / Hard-to-Reach,29.53,2150.0,2.433260592,0.577749622,0.142729811,0.417428394,0.331118008,0.551059,0.0551263867162421,29.0361161540846,0.2456091803473395,0.05936234706156963,0.6020999083647857,9.251635136880166,-0.395632911392405,5,1
Katsina,Mai'adua,1,Remote Rural / Hard-to-Reach,32.26,4818.0,2.474387942,0.551926913,0.135120653,0.378771841,0.396252318,0.576939,0.0803964800529161,25.8063668566612,0.3609301090240479,0.1039842367172241,0.5987715244293212,14.27227618243243,-0.5361881188118812,0,0
Katsina,Malumfashi,2,Conflict-Affected / Nomadic,70.83,9587.0,3.106951674,0.544001907,0.123933551,0.365806757,0.339664995,0.647619,0.058398994613257,29.4975910977092,0.3332649649006046,0.05965918710787002,0.3504579622451573,9.569702047636252,-0.3744777070063694,39,83
Katsina,Mani,1,Remote Rural / Hard-to-Reach,43.33,5654.0,2.252690152,0.60194867,0.139210225,0.423057548,0.427072094,0.595057,0.0737912991592165,25.7178416795301,0.2387475638554014,0.07716525834182213,0.6378423756566541,9.162407004135032,-0.4032436974789916,1,0
Katsina,Mashi,1,Remote Rural / Hard-to-Reach,41.05,5195.0,2.188761662,0.621438128,0.137122227,0.431905977,0.417868449,0.416666,0.0841648071785723,25.8915258074253,0.3042207571176382,0.08100533118614783,0.6604945256159855,13.10502189867424,-0.550953488372093,1,5
Katsina,Matazu,2,Conflict-Affected / Nomadic,23.36,1968.0,2.230674675,0.575848397,0.134835149,0.409923939,0.415705024,0.621641,0.0452604234527046,25.3692998458204,0.3148828994396121,0.06397959243419558,0.4423406290453534,12.33070660581683,-0.4899886363636364,28,46
Katsina,Musawa,2,Conflict-Affected / Nomadic,30.47,3833.0,2.471887791,0.585370202,0.13237866,0.409165931,0.378632038,0.686185,0.0400211956470047,27.0946744052417,0.3048445628239558,0.05720197237454928,0.442450266617995,13.09533064378415,-0.5078842975206611,25,51
Katsina,Rimi,1,Remote Rural / Hard-to-Reach,55.77,6359.0,2.12335634,0.579823965,0.136982356,0.412447006,0.396257594,0.498714,0.0881050727435706,26.3689865814356,0.2721943300823833,0.0969850407090298,0.723761935566747,6.379720543806647,-0.3233253012048193,1,6
Katsina,Sabuwa,2,Conflict-Affected / Nomadic,35.13,3657.0,2.555404379,0.57250167,0.118222269,0.36780494,0.31209895,0.38578,0.070528760188814,28.2984466664483,0.4228018744517181,0.09623651181237172,0.255748473991782,19.05348875661376,-0.3810350877192983,37,104
Katsina,Safana,2,Conflict-Affected / Nomadic,71.18,9756.0,2.032323954,0.561161384,0.132592987,0.392186326,0.297561452,0.583704,0.0927711263804769,23.6274114342585,0.2357540344924069,0.05123669377873453,0.331588016467148,34.30308330916473,-0.5419134615384615,93,391
Katsina,Sandamu,1,Remote Rural / Hard-to-Reach,37.7,3820.0,2.92064667,0.598101545,0.143120167,0.401141357,0.412670149,0.558352,0.0493160239788996,26.3343670789207,0.3753549402410334,0.1092579148032449,0.5137542955803148,9.239879072473403,-0.4490727272727273,5,16
Katsina,Zango,1,Remote Rural / Hard-to-Reach,34.36,3968.0,2.367011683,0.603784675,0.143732718,0.403150926,0.364105811,0.264992,0.0521120362697727,26.3825399916968,0.3755004610334124,0.1005853652954102,0.575815691266741,14.64657231812836,-0.5190111111111111,1,0
Kebbi,Aleiro,1,Remote Rural / Hard-to-Reach,91.73,4003.0,3.36713107,0.517641027,0.128570925,0.360199188,0.354683885,0.340692,0.0946194803561048,28.3584065976013,0.2492435073852539,0.08744416236877442,0.2739847373962402,7.553603001644737,-0.299,0,0
Kebbi,Arewa-Dandi,1,Remote Rural / Hard-to-Reach,,,2.438834231,0.540294193,0.133481607,0.360944513,0.303801521,0.262086,0.141259487153951,25.5671627295777,0.20443179243702,0.02838913464950303,0.1759849483683958,20.66304192131398,-0.5729862542955326,3,10
Kebbi,Argungu,1,Remote Rural / Hard-to-Reach,99.0,12896.0,3.047532185,0.550056546,0.131261405,0.383589152,0.330484744,0.332981,0.114044765612442,26.7549944221019,0.2704678853352865,0.05694546381632487,0.3373702239990234,21.73880848246083,-0.4489324324324324,0,0
Kebbi,Augie,2,Conflict-Affected / Nomadic,57.43,4348.0,2.538065619,0.563260964,0.132075823,0.388887187,0.370537297,0.412776,0.125164401657286,24.0225124427595,0.2119956152779715,0.03913369178771973,0.2231261934552874,16.30757623487903,-0.4469344262295082,6,31
Kebbi,Bagudo,2,Conflict-Affected / Nomadic,99.0,15331.0,2.470600655,0.500512157,0.116878927,0.319766779,0.367220452,0.199913,0.101589297014003,22.5712590025859,,,,,,1,1
Kebbi,Birnin Kebbi,1,Remote Rural / Hard-to-Reach,99.0,17299.0,3.584506422,0.514655547,0.128931267,0.349863546,0.330807412,0.302618,0.118647320198066,28.976339047623,0.3427661842023823,0.1169103568708393,0.4435006799832196,13.85192081766917,-0.2946330935251799,8,10
Kebbi,Bunza,1,Remote Rural / Hard-to-Reach,40.96,3292.0,2.561863832,0.54576209,0.128130429,0.36565591,0.351062804,0.351707,0.110280023039253,27.9127130110032,0.2686188933137175,0.07534648845722149,0.3551023408964083,14.09831202307413,-0.4372086330935251,3,4
Kebbi,Dandi,1,Remote Rural / Hard-to-Reach,35.01,3331.0,2.90365675,0.483010996,0.127603607,0.333518445,0.329751191,0.506168,0.140911755083795,25.763281172025,0.225859658759937,0.06861154238382976,0.3186181051689282,26.92697770074503,-0.4593694267515923,1,0
Kebbi,Fakai,1,Remote Rural / Hard-to-Reach,34.75,2707.0,1.801808379,0.555578178,0.113688618,0.32015529,0.349503849,0.391078,0.0645813565336817,20.5350072337628,0.1853160396698982,0.08210283710110572,0.2856686807447864,21.68826747077523,-0.4543620071684588,2,1
Kebbi,Gwandu,1,Remote Rural / Hard-to-Reach,37.66,3701.0,2.754116477,0.555422341,0.133308153,0.381582629,0.374530258,0.309662,0.0848865039311011,26.3300776933215,0.2264682822031518,0.05351603847660431,0.2171155459260287,17.71065226268255,-0.5435763888888889,1,0
Kebbi,Jega,1,Remote Rural / Hard-to-Reach,99.0,12738.0,2.555978625,0.561756297,0.13157242,0.380366674,0.327842599,0.255931,0.0805897598170887,26.8563568178555,0.2002757738714349,0.06508517591920618,0.2394989222696383,13.5977860736706,-0.4095192307692308,1,4
Kebbi,Kalgo,1,Remote Rural / Hard-to-Reach,78.98,4364.0,2.560853813,0.562413703,0.132645724,0.376755641,0.337637558,0.271169,0.104581344884363,27.3967282991091,0.2977135578791301,0.08108268678188324,0.3731106122334798,12.32210030607618,-0.4455342465753425,0,0
Kebbi,Koko/Besse,1,Remote Rural / Hard-to-Reach,66.18,6665.0,2.057378386,0.562071068,0.118517207,0.3313915,0.365354541,0.26285,0.0682194412540062,21.3441233585253,0.150071856850072,0.05092491350675884,0.2163276471589741,26.27950847277368,-0.5417801418439717,0,0
Kebbi,Maiyama,1,Remote Rural / Hard-to-Reach,34.32,3880.0,2.058137579,0.591013379,0.129045411,0.388265073,0.32192548,0.346715,0.0773042492401144,24.786148431669,0.1724974381296258,0.05527797498201069,0.1854279769094367,17.60143891373448,-0.4635166666666667,1,2
Kebbi,Ngaski,2,Conflict-Affected / Nomadic,37.33,3062.0,2.052850669,0.47863451,0.099759021,0.271451423,0.332613243,0.432328,0.0606832937304412,20.6779437886761,0.2925550600903182,0.09971033516576734,0.3105410128663489,20.22114171951571,-0.2952692307692307,6,11
Kebbi,Sakaba,2,Conflict-Affected / Nomadic,46.44,2771.0,2.159595926,0.516550341,0.109762364,0.298952091,0.38256144,0.455213,0.0587654127815151,21.8018456077334,0.2956110493520672,0.09120238229130091,0.3498889408754499,16.55556296341634,-0.337743961352657,15,130
Kebbi,Shanga,2,Conflict-Affected / Nomadic,72.26,5976.0,1.907295659,0.524569575,0.113786341,0.30779277,0.363872443,0.293884,0.0627342636908562,19.4194735125762,0.236714385276617,0.09580491309942202,0.3918140322663063,18.82371537308581,-0.4325723270440252,7,12
Kebbi,Suru,1,Remote Rural / Hard-to-Reach,64.65,6246.0,2.126401429,0.580701827,0.126661141,0.384091065,0.325345392,0.291544,0.0867097570707741,24.5565732213841,0.1827294180326373,0.06362417702362916,0.3211735520407418,23.39507764343291,-0.45555,4,3
Kebbi,Wasagu/Danko,2,Conflict-Affected / Nomadic,,,2.063246864,0.550410735,0.108178532,0.308071802,0.373511138,0.456416,0.0687360752903157,23.3525448442414,0.2471539805254598,0.07321737694928027,0.2537809056559885,26.84343403655454,-0.4242555366269166,47,327
Kebbi,Yauri,2,Conflict-Affected / Nomadic,54.19,3545.0,2.049590942,0.502185607,0.106506521,0.28708645,0.379413513,0.362035,0.0632982136486099,20.372120991112,0.3108576456705729,0.1170009771982829,0.3791578610738118,5.901030594529479,-0.1261627906976744,2,2
Kebbi,Zuru,2,Conflict-Affected / Nomadic,48.82,5252.0,2.815282261,0.531456319,0.108518881,0.304513454,0.384706936,0.204577,0.0718763979515122,23.4601308585087,0.2302368254888625,0.08943326700301397,0.3200427918207078,24.54409911171575,-0.3488846153846153,2,20
Kogi,Adavi,5,Urban Slums (better-off urban core),1.0,119.0,8.829976637,0.243399381,0.068338857,0.126383694,0.24657692,0.26163,0.300092246199027,32.1506027694483,0.7908094817516851,0.7853575313792509,0.866607292025697,15.51325631648936,-0.06389361702127659,14,13
Kogi,Ajaokuta,4,Peri-urban / Migrant Dense (transitional),39.8,2679.0,7.279164008,0.278236434,0.071490006,0.1391327,0.264436254,0.22,0.292393762656827,30.0970387791073,0.6650843987098107,0.6715643956111028,0.6982096158541166,17.0025543078056,-0.215125,14,26
Kogi,Ankpa,4,Peri-urban / Migrant Dense (transitional),18.14,2655.0,7.664670304,0.279383594,0.067482474,0.137528517,0.247137587,0.196281,0.251567689468134,30.375824054934,0.7040864853631883,0.730854352315267,0.5445512135823568,10.738597644081,-0.2861468531468532,5,13
Kogi,Bassa,4,Peri-urban / Migrant Dense (transitional),45.8,3518.0,6.483013088,0.345665097,0.069335459,0.16129301,0.231677468,0.186844,0.254309394178338,30.2546425945552,0.6419796019561531,0.6250134845112645,0.6094482185304627,15.32599720528455,-0.4469562841530055,8,15
Kogi,Dekina,4,Peri-urban / Migrant Dense (transitional),4.21,604.0,7.313333887,0.295165871,0.067918626,0.147284063,0.254083723,0.327671,0.244487463529918,30.104606710402,0.708203019766972,0.738641146955819,0.5664766508957435,11.26725719498196,-0.3137714285714285,25,33
Kogi,Ibaji,2,Conflict-Affected / Nomadic,45.62,3199.0,7.491130564,0.260096267,0.07153496,0.118073674,0.27414722,0.21006,0.258110911744628,25.5889198794467,0.569896091114391,0.4921104257757014,0.3976565274325284,17.22479755760024,-0.4456484375,3,4
Kogi,Idah,4,Peri-urban / Migrant Dense (transitional),35.84,1572.0,8.764610776,0.248155301,0.069223136,0.116924207,0.225760964,0.310747,0.330563255349582,27.3600859263869,0.6822224299112956,0.5962831497192382,0.6436210632324219,7.796073261816897,-0.22512,6,7
Kogi,Igalamela-Odolu,4,Peri-urban / Migrant Dense (transitional),39.49,3192.0,8.14827406,0.252371654,0.069091238,0.117365777,0.247131342,0.112946,0.28379392718123,27.887642464481,0.7114342776211825,0.6711447744658499,0.5768518736868193,18.31678883622332,-0.4337307692307693,8,10
Kogi,Ijumu,4,Peri-urban / Migrant Dense (transitional),34.88,2273.0,7.878330884,0.301726551,0.071718852,0.150795231,0.208816149,0.209393,0.273879489894336,30.9206181317534,0.8009936729173982,0.7288297160287921,0.6782130552141854,15.22708582535885,-0.4066,7,1
Kogi,Kabba/Bunu,4,Peri-urban / Migrant Dense (transitional),31.02,2467.0,7.075428291,0.309701578,0.071941929,0.154851275,0.236088366,0.0736427,0.251718734752961,31.9433322057533,0.581200269783068,0.5300470508119595,0.4814217045622052,43.09352341389728,-0.4139444444444444,0,0
Kogi,Kogi,4,Peri-urban / Migrant Dense (transitional),47.05,2977.0,5.969192735,0.369065685,0.070567397,0.16809783,0.249363889,0.238468,0.231064941098057,30.8475626716819,0.6338848876953125,0.5836409759521485,0.6893263244628907,16.43497747189154,-0.4027517730496454,24,25
Kogi,Lokoja,4,Peri-urban / Migrant Dense (transitional),30.26,3271.0,6.370603596,0.319960293,0.07244368,0.158976448,0.25056416,0.151615,0.23317227535046,31.2480193239471,0.4846297699270897,0.4167798977453732,0.407809803786787,25.16653726708075,-0.3788835978835979,48,25
Kogi,Mopa-Muro,4,Peri-urban / Migrant Dense (transitional),52.82,1271.0,7.391541158,0.321149077,0.073613027,0.163354579,0.219997673,0.24967,0.237700240500591,31.5126478773714,0.6345772483132103,0.5291900287974964,0.5600667086514559,29.04922580240722,-0.3517555555555555,4,0
Kogi,Ofu,4,Peri-urban / Migrant Dense (transitional),32.11,3380.0,7.197064216,0.291375578,0.06832317,0.137899886,0.281740572,0.19422,0.245675828341008,28.8274091182145,0.6998286655970982,0.7285340082077753,0.5935469854445684,10.21228163943286,-0.29505,22,11
Kogi,Ogori/Magongo,4,Peri-urban / Migrant Dense (transitional),54.57,1195.0,7.919427076,0.252971757,0.06928332,0.127921697,0.233521031,0.175664,0.283063567155705,30.6758280225535,0.8479489413174716,0.8462370092218573,0.8761154521595348,8.962428573734504,-0.011375,0,0
Kogi,Okehi,4,Peri-urban / Migrant Dense (transitional),42.33,5202.0,7.814683616,0.270380652,0.071103008,0.139133173,0.234112406,0.29755,0.314711242335436,31.5985916467914,0.7761765819484905,0.7630216954118114,0.8185627824169094,36.51653931150398,-0.2157142857142857,6,5
Kogi,Okene,5,Urban Slums (better-off urban core),1.0,179.0,7.748603712,0.272101591,0.069254381,0.134285158,0.247065794,0.364722,0.315767826582261,30.4833536195903,0.8605195681254069,0.8641869227091471,0.958489179611206,9.350413183022662,0.2018125,18,13
Kogi,Olamaboro,4,Peri-urban / Migrant Dense (transitional),43.23,3767.0,7.426032609,0.283073512,0.066757669,0.126784469,0.246773287,0.222057,0.248766926493846,29.9425576562843,0.7575697898864746,0.7658617973327637,0.6281714916229248,6.220493339989803,-0.3085397727272727,8,4
Kogi,Omala,4,Peri-urban / Migrant Dense (transitional),45.19,2682.0,6.509654462,0.323449571,0.069876586,0.16730837,0.271696036,0.226439,0.215285577938464,28.6842351333157,0.6222263647585499,0.6486740112304688,0.478629715588628,18.17991336473929,-0.3819550561797753,10,48
Kogi,Yagba East,4,Peri-urban / Migrant Dense (transitional),32.02,2599.0,7.380620413,0.317637371,0.074344037,0.164018081,0.227629415,0.22514,0.236123236949456,31.0921446631385,0.6027483893829642,0.4867569266013729,0.558238797974818,20.03023986659825,-0.4278050847457627,6,7
Kogi,Yagba West,4,Peri-urban / Migrant Dense (transitional),25.97,1998.0,7.156350392,0.326628059,0.078114388,0.174988123,0.228422883,0.282319,0.230177942858483,31.8826520544244,0.539155051821754,0.4122615541730608,0.5651798248291016,33.94612964782346,-0.1977777777777778,12,9
Kwara,Asa,4,Peri-urban / Migrant Dense (transitional),27.67,2107.0,8.180039254,0.29293193,0.081219918,0.175371832,0.161826961,0.508373,0.315747106787974,29.2087933448712,0.6665377219518026,0.5280583302179972,0.6744029521942139,6.211289758041356,-0.3647784431137724,20,11
Kwara,Baruten,2,Conflict-Affected / Nomadic,44.46,5611.0,3.609825625,0.38693145,0.079697047,0.205098378,0.217470541,0.198864,0.254308835263251,22.0839582414871,0.3832872365539819,0.2027890377632847,0.2033227928934643,24.98756670575285,-0.4826779835390946,5,7
Kwara,Edu,2,Conflict-Affected / Nomadic,21.92,2698.0,4.530369073,0.371986317,0.080047489,0.209348867,0.247763521,0.123531,0.162486532664081,26.8424800968882,0.4689897882858379,0.2843252348419804,0.4645381645868288,13.50784301757812,-0.4049830508474577,5,7
Kwara,Ekiti,4,Peri-urban / Migrant Dense (transitional),55.55,1846.0,8.695206051,0.296935944,0.077234348,0.158198086,0.220829317,0.237577,0.255325853642747,30.0640729152531,0.7006553543938531,0.5412329037984213,0.7033673392401801,13.91840129138128,-0.199,23,8
Kwara,Ifelodun,4,Peri-urban / Migrant Dense (transitional),44.01,5507.0,5.860586871,0.36346702,0.077928232,0.190709571,0.185680687,0.175634,0.230193946023538,27.4080593132596,0.5547528633704553,0.4091721681448129,0.5400981536278358,30.82130351079311,-0.4090035211267605,24,13
Kwara,Ilorin East,4,Peri-urban / Migrant Dense (transitional),38.21,4840.0,8.328996422,0.292051044,0.0821126,0.176539318,0.146842121,0.173853,0.33533667777441,28.5313411898324,0.716361479325728,0.6007367914373224,0.7999558882279829,10.6671728034898,-0.1396938775510204,24,21
Kwara,Ilorin South,4,Peri-urban / Migrant Dense (transitional),60.48,7726.0,6.831226212,0.325312055,0.077887281,0.180473875,0.15151457,0.0909482,0.315780334258655,29.2986014773489,0.7746278322660006,0.6861559060903696,0.879912596482497,3.425278849774096,0.329775,2,1
Kwara,Ilorin West,5,Urban Slums (better-off urban core),1.0,223.0,8.258393324,0.279425941,0.081988875,0.173863532,0.15993887,0.0983241,0.322966738075167,29.3540612626025,0.8090673685073853,0.7627859711647034,0.9380439519882202,1.573324446244673,0.5200714285714285,67,49
Kwara,Irepodun,4,Peri-urban / Migrant Dense (transitional),30.94,2788.0,7.939377821,0.306870612,0.079682559,0.169722903,0.185427261,0.141478,0.284289376371754,30.6536977109029,0.7781726100988555,0.6512530812045985,0.7429930034436678,6.609702119658644,-0.2023137254901961,9,5
Kwara,Isin,4,Peri-urban / Migrant Dense (transitional),56.82,2064.0,8.077143163,0.307369341,0.079655781,0.169464579,0.182858703,0.409148,0.246488419971833,29.4995950482328,0.7247019977104373,0.5981683033268627,0.7043506343190263,10.93556275406504,-0.2314893617021277,0,0
Kwara,Kaiama,2,Conflict-Affected / Nomadic,30.56,2314.0,3.191083285,0.387759737,0.077416036,0.198859809,0.19784915,0.261293,0.181056754233678,22.4432795199536,0.3869423444880996,0.2089382970055869,0.2574901314668877,44.440625,-0.525863344051447,2,0
Kwara,Moro,4,Peri-urban / Migrant Dense (transitional),34.01,2257.0,4.911039131,0.363249973,0.07600809,0.198565642,0.182277121,0.110692,0.249164003900396,25.0373767339702,0.5663435977438221,0.3822362733923871,0.5529645836871603,19.60613497926387,-0.418959595959596,12,9
Kwara,Offa,4,Peri-urban / Migrant Dense (transitional),47.5,2581.0,9.326549732,0.268248864,0.082495854,0.160487643,0.178942191,0.110866,0.368706795149066,30.2337363528351,0.8390686988830567,0.7394692420959472,0.8887870788574219,1.973393912267203,0.34575,7,3
Kwara,Oke-Ero,4,Peri-urban / Migrant Dense (transitional),54.26,1887.0,8.513058475,0.303872873,0.077686052,0.163090139,0.21165179,0.183168,0.257035097104451,30.8038651107036,0.6482969585217928,0.5049568979363692,0.6701054824026007,19.67242588141026,-0.1917647058823529,6,0
Kwara,Oyun,4,Peri-urban / Migrant Dense (transitional),47.02,2712.0,7.625152596,0.308694594,0.079713887,0.167529785,0.182715895,0.217553,0.34534957827144,29.7931795938952,0.780940823438691,0.6726357995010004,0.7720796073355326,3.850681255102504,-0.2384415584415584,1,1
Kwara,Pategi,2,Conflict-Affected / Nomadic,39.28,2658.0,4.621449534,0.367355979,0.081390287,0.188173807,0.27513667,0.0357773,0.158578581880419,29.0801294845845,0.4021664089626736,0.2835071775648329,0.4072162204318576,29.94721808754253,-0.4934334975369458,4,1
Lagos,Agege,5,Urban Slums (better-off urban core),14.32,2513.0,11.26010915,0.149739627,0.082984494,0.131827766,0.200033131,0.0361784,0.365997171180503,38.9100186493281,0.8358994126319885,0.8166717886924744,0.9942929744720459,0.1957584381103516,1.288333333333333,20,8
Lagos,Ajeromi-Ifelodun,5,Urban Slums (better-off urban core),14.18,3703.0,10.94248852,0.173923226,0.079562022,0.130700159,0.197287398,0.0368805,0.371071237838231,36.5058805268449,0.7941709756851196,0.7288612723350525,0.9807900786399841,0.08601306279500326,1.231,5,7
Lagos,Alimosho,5,Urban Slums (better-off urban core),1.0,502.0,10.56357641,0.185732848,0.083849842,0.138690255,0.202484253,0.146539,0.361479421934428,34.0563029883616,0.8690627041985007,0.8371897304759306,0.9905339409323299,1.341445392623371,1.31715625,55,44
Lagos,Amuwo-Odofin,5,Urban Slums (better-off urban core),14.15,1769.0,10.34295014,0.179180263,0.079864356,0.132709761,0.169810137,0.0656498,0.34821242696865,34.8833390381727,0.7919988632202148,0.7208236547616812,0.9238969362699069,4.639413914535985,0.84465,12,3
Lagos,Apapa,5,Urban Slums (better-off urban core),13.6,1152.0,11.25965938,0.14954428,0.081871323,0.126883216,0.177867335,0.157737,0.358674774443448,39.3665677482031,0.798755305153983,0.7229603358677456,0.960331644330706,1.997566105769231,0.8715,17,14
Lagos,Badagry,5,Urban Slums (better-off urban core),11.76,1062.0,7.653726895,0.206463252,0.080652779,0.149791893,0.267123033,0.193909,0.299717897243308,30.5538041155076,0.7870058579878374,0.6706845832593513,0.7178616957231001,7.171951397746598,0.3488219178082191,17,10
Lagos,Epe,4,Peri-urban / Migrant Dense (transitional),8.92,616.0,8.856429833,0.199342251,0.078834698,0.155483836,0.208459666,0.0420293,0.283816427357402,33.030583563723,0.7437351060950238,0.5461616935310784,0.2806186466426639,24.89272458008398,-0.1241047619047619,12,7
Lagos,Eti-Osa,5,Urban Slums (better-off urban core),13.71,1479.0,10.02482728,0.180365221,0.082174501,0.137367706,0.191354262,0.172544,0.354029478431791,33.6177174244677,0.7820412485223067,0.705335115131579,0.8433279740182977,2.794428235701932,1.054448275862069,25,9
Lagos,Ibeju/Lekki,4,Peri-urban / Migrant Dense (transitional),10.24,458.0,8.514896458,0.205357526,0.080775501,0.152506454,0.203629161,0.0457305,0.287337907998224,33.701996947246,0.7077413286481585,0.4840619768415179,0.3046898978097098,12.82155883114641,0.2922678571428571,14,5
Lagos,Ifako-Ijaye,5,Urban Slums (better-off urban core),14.36,2334.0,10.43525218,0.185092043,0.090171361,0.141656613,0.215890252,0.0337685,0.357885845727775,35.5718121731049,0.8727211952209473,0.8503580093383789,0.9953107833862305,0.3663816123173155,1.2768,0,0
Lagos,Ikeja,5,Urban Slums (better-off urban core),3.25,393.0,11.10698122,0.160650699,0.084123309,0.131785877,0.19585938,0.0527858,0.379551079100181,37.5713769541862,0.8060585021972656,0.794126033782959,0.9921621322631836,0.5387854028920658,1.184666666666667,20,2
Lagos,Ikorodu,5,Urban Slums (better-off urban core),1.0,201.0,10.24596269,0.18894019,0.082334585,0.14186597,0.211299411,0.028668,0.313341857186012,33.3665221263806,0.81016606092453,0.684095025062561,0.8730180859565735,4.275814565940885,0.70975,38,39
Lagos,Kosofe,5,Urban Slums (better-off urban core),14.21,3687.0,10.85726489,0.166741559,0.082599315,0.132571197,0.19438369,0.120465,0.364650567155699,37.2248289681907,0.7780682563781738,0.759819221496582,0.969291877746582,1.851570907904177,1.137181818181818,41,31
Lagos,Lagos Island,5,Urban Slums (better-off urban core),10.14,820.0,10.52045678,0.167723772,0.079159581,0.131685906,0.201597447,0.054809,0.353841818928182,37.8036523214311,0.831367015838623,0.7623448371887207,0.9673969745635986,0.05529412627220154,1.245,19,11
Lagos,Lagos Mainland,5,Urban Slums (better-off urban core),13.76,1708.0,11.73978585,0.135985485,0.081102807,0.128665134,0.199274281,0.0449922,0.29117588169048,38.5820785262851,0.7607691884040833,0.7459746599197388,0.9809556007385254,0.355228328704834,1.299666666666667,19,11
Lagos,Mushin,5,Urban Slums (better-off urban core),14.59,3503.0,11.32305819,0.159362197,0.085971356,0.134196343,0.169343334,0.07139,0.34737042047931,39.937652616609,0.7550992170969645,0.7915067672729492,0.9944645563761393,0.01579837799072266,1.593,13,19
Lagos,Ojo,5,Urban Slums (better-off urban core),1.0,232.0,9.737788957,0.188230067,0.077959679,0.13564923,0.181176035,0.0284404,0.347673188098303,32.9933729178386,0.793814500172933,0.7024934556749132,0.7873333825005425,10.21610770638534,0.7190689655172414,62,62
Lagos,Oshodi-Isolo,5,Urban Slums (better-off urban core),1.0,239.0,10.95306278,0.170192307,0.085400768,0.135493074,0.187171464,0.069984,0.344323795846221,37.5281256351633,0.8166723251342773,0.8106595039367676,0.9919530868530273,0.8201434147822393,1.4264,23,8
Lagos,Shomolu,5,Urban Slums (better-off urban core),14.16,2173.0,11.06447098,0.167081874,0.081888837,0.132006576,0.197737052,0.0538282,0.37465359398566,40.0912968249587,0.7320151329040527,0.7728909850120544,0.9881091713905334,0.09215717845492893,1.3235,10,10
Lagos,Surulere,5,Urban Slums (better-off urban core),1.0,191.0,11.57178441,0.146953258,0.082608364,0.131400717,0.163343617,0.333239,0.341454613421362,37.7151394982461,0.7821173667907715,0.767326295375824,0.9893133044242859,0.0224165594255602,1.247,16,11
Nasarawa,Akwanga,4,Peri-urban / Migrant Dense (transitional),29.33,2139.0,6.515360886,0.382034719,0.071881063,0.189605652,0.240716557,0.399076,0.238589974576266,30.9275326414862,0.7372166881822559,0.5321823538166203,0.5897549145842251,7.354475191488397,-0.3304210526315789,19,10
Nasarawa,Awe,2,Conflict-Affected / Nomadic,18.09,1334.0,4.495958455,0.399577613,0.071024797,0.192097289,0.226936978,0.364976,0.232303833808342,25.6897509983659,0.481013168523341,0.3292832786654248,0.5670125042950666,21.98639028872386,-0.4984006968641115,6,11
Nasarawa,Doma,4,Peri-urban / Migrant Dense (transitional),18.25,1654.0,5.243273258,0.399782986,0.075252283,0.200914583,0.235141281,0.187877,0.209637451932989,29.8885974988924,0.554975177930749,0.4690250728441321,0.6036713641622792,37.14923361350013,-0.4802974137931035,7,48
Nasarawa,Karu,4,Peri-urban / Migrant Dense (transitional),47.86,6744.0,7.255440769,0.339353368,0.072915131,0.153472817,0.261636735,0.38315,0.276090236379233,34.9640897198161,0.6806087493896484,0.5060644407530088,0.749197057775549,10.86021004098361,-0.2778595317725752,14,49
Nasarawa,Keana,4,Peri-urban / Migrant Dense (transitional),32.34,1724.0,5.070941088,0.392464707,0.072750427,0.196156506,0.197924109,0.219204,0.212812545162756,29.4346747727564,0.5006721607152966,0.4094666743624037,0.673634460006935,21.76193227972095,-0.4116851851851852,14,35
Nasarawa,Keffi,4,Peri-urban / Migrant Dense (transitional),15.73,949.0,7.483541901,0.318803216,0.072248934,0.157456907,0.235874125,0.338442,0.277512142712221,33.6909965842396,0.720598061879476,0.5261252721150717,0.8389008310106065,3.922304068038713,-0.11525,10,6
Nasarawa,Kokona,4,Peri-urban / Migrant Dense (transitional),23.86,1688.0,6.048824357,0.388544193,0.070974454,0.176487292,0.262418052,0.424545,0.251241392954814,30.6337708863832,0.646539052327474,0.4498683293660482,0.610085932413737,18.42538187843261,-0.4475753424657534,10,17
Nasarawa,Lafia,4,Peri-urban / Migrant Dense (transitional),,,6.434817309,0.381504789,0.076715255,0.198917342,0.239652636,0.36466,0.177160070865368,30.7048945182567,0.5050800432477679,0.361260484967913,0.554366455078125,22.53350144092219,-0.38692,41,27
Nasarawa,Nasarawa,4,Peri-urban / Migrant Dense (transitional),41.28,5036.0,5.755416924,0.379203102,0.071696808,0.171958038,0.289777037,0.318434,0.24237507983426,30.2752377024317,0.6238119118811748,0.5253593733220575,0.6319013772551546,33.07869998825556,-0.4948091787439614,10,20
Nasarawa,Nasarawa-Eggon,4,Peri-urban / Migrant Dense (transitional),8.16,789.0,5.857411736,0.4173147,0.074641194,0.203457197,0.249021182,0.334119,0.196635671423738,30.2256130428557,,,,,,9,7
Nasarawa,Obi,4,Peri-urban / Migrant Dense (transitional),16.21,1574.0,5.270131646,0.398742304,0.075435778,0.204397674,0.232951034,0.211939,0.199953022798363,30.2806035821481,0.5549239497030934,0.4211773410920174,0.7142058957007623,15.24268288065428,-0.3609375,9,12
Nasarawa,Toto,4,Peri-urban / Migrant Dense (transitional),28.19,2187.0,5.92832749,0.367754173,0.069991072,0.163144976,0.256716791,0.402768,0.238117441363151,31.5316726142723,0.6494978418890035,0.6026500006141903,0.7054352190509532,30.19664460709951,-0.4476082474226804,36,106
Nasarawa,Wamba,2,Conflict-Affected / Nomadic,32.55,1542.0,6.065432724,0.4333928,0.0674135,0.191841216,0.264117927,0.170477,0.20094122422008,30.2654913512796,0.5350787488720085,0.42658677885804,0.4141979941838904,17.39241316086396,-0.3957801418439716,6,3
Niger,Agaie,2,Conflict-Affected / Nomadic,84.19,6333.0,3.908127535,0.418515771,0.092976948,0.234895177,0.331607815,0.355481,0.153531677994268,31.1366892754573,0.4197226257324219,0.3324635620117187,0.68468212890625,8.816225961538462,-0.4607214611872146,7,4
Niger,Agwara,1,Remote Rural / Hard-to-Reach,20.98,685.0,2.203547834,0.47440476,0.099764972,0.258624718,0.375534842,0.0187686,0.0655398303658054,20.8727425491476,0.2657317111366673,0.1037929133365029,0.3967447381270559,6.354556877649708,-0.3318897637795276,1,0
Niger,Bida,2,Conflict-Affected / Nomadic,84.56,8935.0,5.268082282,0.370519155,0.097980944,0.226894026,0.362519047,0.477782,0.133773482608002,35.4202337620613,0.3557286469832711,0.2792440704677416,0.6736801810886549,5.440742143952062,-0.2028348623853211,2,7
Niger,Borgu,2,Conflict-Affected / Nomadic,1.0,98.0,2.383565871,0.461850171,0.098577518,0.258529684,0.34140825,0.173812,0.101598358170377,21.9849803180433,0.2659247469202018,0.09975403042860806,0.2339197926364826,34.56767313387501,-0.3826320346320346,17,96
Niger,Bosso,2,Conflict-Affected / Nomadic,49.04,4136.0,5.116540294,0.366612019,0.096041643,0.225527871,0.314880898,0.167568,0.149182255510775,35.1246201296559,0.396619873046875,0.2648191528320312,0.672753662109375,14.41436128723833,-0.3543763066202091,14,44
Niger,Chanchaga,2,Conflict-Affected / Nomadic,84.55,9731.0,6.652559855,0.318559647,0.094065413,0.203092225,0.291921138,0.0636634,0.155800383151824,37.7161211425496,0.5954403877258301,0.5496123487299139,0.9396652741865679,0.9364303588867188,0.9486923076923077,34,249
Niger,Edati,2,Conflict-Affected / Nomadic,74.96,6820.0,3.520341663,0.436614078,0.091378375,0.253810845,0.32666398,0.0875463,0.119225337558018,27.8897021714011,0.3588826796587776,0.2748159240273869,0.550789384280934,8.040260843261356,-0.3450681818181818,3,4
Niger,Gbako,2,Conflict-Affected / Nomadic,9.84,711.0,3.844340401,0.414625499,0.102130184,0.253462408,0.36201656,0.232443,0.106860174164385,30.8443317503983,0.3237302077443976,0.2484727156789679,0.6694780851665296,11.86270015495868,-0.4251194690265487,3,5
Niger,Gurara,2,Conflict-Affected / Nomadic,47.69,2468.0,5.4194925,0.374747965,0.082847726,0.186966541,0.374068116,0.167227,0.217161306289154,34.6850270351665,0.5261169202399977,0.356466582327178,0.785239653153853,13.38755914510265,-0.3925,19,108
Niger,Katcha,2,Conflict-Affected / Nomadic,31.45,2166.0,3.413368612,0.439651522,0.097472887,0.249817653,0.360022058,0.527461,0.122723556218376,30.4863911200339,0.3477532802483974,0.2657201228997646,0.6270836724175347,8.430437048658872,-0.3707547892720306,4,0
Niger,Kontagora,2,Conflict-Affected / Nomadic,72.25,6252.0,4.051146178,0.389339493,0.097383397,0.226691548,0.286652788,0.231841,0.0661108258501246,25.9599524061053,0.380498570981233,0.1386247717815897,0.5087925123131793,6.180353940812528,-0.1271,28,96
Niger,Lapai,2,Conflict-Affected / Nomadic,54.65,3641.0,4.673251463,0.401179338,0.083247406,0.20734961,0.361076462,0.104131,0.190414867935503,31.1944601828758,0.4874544248476133,0.3795343336168227,0.6755947490314861,16.41517739816032,-0.4492466216216217,30,39
Niger,Lavun,2,Conflict-Affected / Nomadic,1.0,119.0,3.956155074,0.41805755,0.095441991,0.243288686,0.346227767,0.418301,0.114905717219091,30.6035692959272,0.3369493526509155,0.2488873687609702,0.554506511940305,13.8673784196583,-0.3963357933579336,13,52
Niger,Magama,2,Conflict-Affected / Nomadic,84.23,8704.0,2.095857097,0.467168304,0.095131162,0.259376787,0.311617386,0.529302,0.0550531629403172,21.6686413353512,0.3520444346740182,0.1328280710541042,0.4087283379208725,5.81148378121607,-0.1803721461187215,12,59
Niger,Mariga,2,Conflict-Affected / Nomadic,1.0,114.0,2.208670687,0.484845869,0.104195545,0.271487571,0.353470167,0.327244,0.0521076439294684,23.8660853559346,0.3570967034979181,0.116394409766564,0.5240795428936298,8.485692746992578,-0.192874601487779,42,508
Niger,Mashegu,2,Conflict-Affected / Nomadic,70.45,8632.0,2.328329583,0.450255364,0.091833404,0.251278058,0.297372289,0.213771,0.0706601652872872,23.6676375787514,0.3214069422435961,0.1597556987898405,0.3665904878820264,17.07698117286836,-0.4923274336283186,28,143
Niger,Mokwa,2,Conflict-Affected / Nomadic,1.0,138.0,3.469978224,0.428868678,0.083895204,0.241585915,0.304265276,0.434012,0.127786540726151,25.7642209885052,0.4011536885083206,0.2706290144261306,0.4810011328720465,12.33380378733997,-0.3865,7,5
Niger,Muya,2,Conflict-Affected / Nomadic,32.79,1932.0,4.29637001,0.43824062,0.094643197,0.248708261,0.329063889,0.372454,0.16193523065126,32.9306627799448,0.5093427554581517,0.212657839752907,0.6634631489598474,23.49626277043269,-0.4082492012779553,92,333
Niger,Paikoro,2,Conflict-Affected / Nomadic,36.32,3271.0,4.343319691,0.412751335,0.090625899,0.224732048,0.356047771,0.341138,0.165197651775612,33.0723102245504,0.4761124226584363,0.2971227275791453,0.7557944682107043,12.50599290266512,-0.4099538461538462,28,37
Niger,Rafi,2,Conflict-Affected / Nomadic,45.31,4801.0,2.962169321,0.446577892,0.103228575,0.258975177,0.330462986,0.306211,0.0770392932055499,28.3871146706779,0.3394840503561086,0.1493073825178475,0.5874927126128098,18.01644513278963,-0.4084003496503497,87,611
Niger,Rijau,2,Conflict-Affected / Nomadic,84.07,8434.0,2.154486049,0.490910438,0.105120957,0.281112326,0.409712577,0.416056,0.0576059925382722,20.6338372806494,0.2923630009526792,0.1056617550227953,0.422679445017939,7.35940263856132,-0.2138487394957983,16,12
Niger,Shiroro,2,Conflict-Affected / Nomadic,84.92,11395.0,3.390048839,0.458805848,0.101513947,0.277634716,0.327315051,0.0581671,0.103354862522155,30.3364247930423,0.3929664416190906,0.1630234211792439,0.5609099559294872,32.37125586039243,-0.4343233215547703,150,875
Niger,Suleja,4,Peri-urban / Migrant Dense (transitional),84.5,10348.0,7.505474877,0.295967225,0.07793731,0.153085309,0.388487434,0.0619946,0.237415966936291,37.3042432213727,0.7013307718130258,0.6409384654118464,0.9439102319570688,12.68970138035463,0.2524736842105264,26,49
Niger,Tafa,4,Peri-urban / Migrant Dense (transitional),42.9,2049.0,7.953040518,0.294485465,0.081440622,0.157637091,0.373736321,0.11953,0.242623466912438,38.857270735495,0.752951463063558,0.6218398412068685,0.9274218877156576,3.728868599397591,0.08619512195121952,11,10
Niger,Wushishi,2,Conflict-Affected / Nomadic,51.08,2377.0,2.801125704,0.435889397,0.098781301,0.253581715,0.292401652,0.1153,0.087097446390626,28.3254686017244,0.304869016011556,0.1841506481170654,0.5124564488728841,17.30497401385928,-0.4258979591836735,20,93
Ogun,Abeokuta North,4,Peri-urban / Migrant Dense (transitional),18.39,2184.0,6.686178602,0.288605674,0.076239381,0.186448798,0.33728893,0.140876,0.232843623165351,29.9758674283595,0.8482014228557718,0.7361164750724003,0.8547451413910965,9.477501465325766,-0.1617888888888889,25,15
Ogun,Abeokuta South,5,Urban Slums (better-off urban core),11.6,1734.0,9.508371377,0.220983551,0.079614658,0.161989881,0.26047414,0.363582,0.249022411525386,31.5890190363264,0.8785172568427192,0.790486388736301,0.945633782280816,2.161364310128348,0.712,66,60
Ogun,Ado-Odo/Ota,5,Urban Slums (better-off urban core),1.0,315.0,8.508868184,0.215497043,0.081396697,0.149833106,0.254256002,0.333028,0.315276862959383,31.9275446124711,0.8556316028941762,0.747198486328125,0.9227026505903764,4.313387453445065,0.2564850746268657,37,19
Ogun,Ewekoro,4,Peri-urban / Migrant Dense (transitional),30.83,1015.0,6.675735139,0.273285095,0.078545159,0.176609332,0.345574469,0.160514,0.249774787598681,30.3097833230024,0.8711619810624556,0.7384303699840199,0.8408770127729936,7.272691135707777,0.01075862068965517,17,10
Ogun,Ifo,5,Urban Slums (better-off urban core),1.0,322.0,9.256480344,0.207571536,0.080967428,0.14672302,0.234752263,0.266343,0.330986309043732,32.6156754830199,0.8673324584960938,0.761457350195908,0.9120687159096322,5.622265048005908,0.3377530864197531,15,13
Ogun,Ijebu East,4,Peri-urban / Migrant Dense (transitional),25.67,1676.0,7.620204151,0.277294938,0.077594643,0.172891756,0.232747823,0.280032,0.273132846000507,32.0886247359458,0.7557765080378606,0.5816599332369291,0.2237502171443059,26.2201866773132,-0.3640301204819277,3,1
Ogun,Ijebu North,4,Peri-urban / Migrant Dense (transitional),10.4,1743.0,8.537109116,0.248447009,0.081298746,0.172075625,0.219416085,0.245275,0.287708256064401,32.569251679982,0.8253314678485577,0.6709871536646134,0.4459602160331531,11.22426684413028,-0.3470325203252033,15,1
Ogun,Ijebu North East,4,Peri-urban / Migrant Dense (transitional),29.66,1219.0,8.74451305,0.251214324,0.081843987,0.174478718,0.237970981,0.170937,0.279255373829169,32.8200361152268,0.8590770085652669,0.6953292846679687,0.6010627746582031,3.992679811873526,0.09096153846153845,0,0
Ogun,Ijebu Ode,5,Urban Slums (better-off urban core),20.84,1956.0,9.74205154,0.220038755,0.083621297,0.160584699,0.220550894,0.317875,0.335889660985183,31.956123440042,0.8435381253560384,0.6668140093485514,0.6455260912577311,5.375367713341346,0.3997037037037037,18,8
Ogun,Ikenne,5,Urban Slums (better-off urban core),23.28,1657.0,8.76861669,0.228657395,0.079720129,0.158721874,0.198261965,0.385935,0.301319990373453,32.8957733662147,0.8671275774637858,0.7147646480136447,0.8003802829318576,5.3243369140625,0.23256,14,8
Ogun,Imeko Afon,4,Peri-urban / Migrant Dense (transitional),27.43,1359.0,5.50815064,0.317666567,0.070819582,0.18865257,0.38049447,0.183927,0.215815481124632,26.0534389105502,0.7004283558238636,0.6420276988636363,0.6540762467817827,21.79117424630845,-0.4716090534979424,12,10
Ogun,Ipokia,4,Peri-urban / Migrant Dense (transitional),26.15,2350.0,5.841976816,0.272534473,0.079357946,0.170823326,0.320610413,0.30004,0.278768801628855,28.8688448193208,0.8159985928922087,0.681164973490947,0.7390902751200908,7.275313029917636,-0.0745609756097561,4,1
Ogun,Obafemi-Owode,4,Peri-urban / Migrant Dense (transitional),13.45,1888.0,7.667345067,0.258652874,0.078452799,0.170625416,0.261589378,0.322793,0.266003777500949,31.8466297566006,0.8403973946204553,0.7040261488694411,0.6497041262113131,6.912881251530362,-0.07843421052631579,44,25
Ogun,Odeda,4,Peri-urban / Migrant Dense (transitional),24.65,1613.0,7.267977442,0.291544206,0.079159169,0.189484597,0.254294578,0.292542,0.235259743455145,29.8477288481702,0.8004218792093212,0.6673422627065374,0.6906993032871992,8.091628185590482,-0.3919117647058823,16,17
Ogun,Odogbolu,5,Urban Slums (better-off urban core),23.23,1744.0,8.34509195,0.238539856,0.080321776,0.163332815,0.2207489,0.163876,0.293849238801051,33.3705221396397,0.8474782307942709,0.6315108079176682,0.7219070532383063,13.58774717514124,0.232,10,13
Ogun,Ogun Waterside,4,Peri-urban / Migrant Dense (transitional),30.75,1363.0,7.534568741,0.278770443,0.073670112,0.171049254,0.198602952,0.418322,0.243465150753009,31.227399201363,0.7009158833821615,0.5060893393851615,0.2123238847062394,29.41203089461714,-0.2346666666666667,0,0
Ogun,Remo North,4,Peri-urban / Migrant Dense (transitional),30.54,1090.0,8.349929039,0.251630578,0.079858705,0.169854051,0.201524348,0.202764,0.2851021734418,33.2612315013406,0.843382453918457,0.6667623519897461,0.5956697463989258,5.035323563155594,-0.04261538461538462,6,2
Ogun,Sagamu,5,Urban Slums (better-off urban core),10.95,1673.0,8.900086365,0.21530056,0.081374535,0.152872524,0.213246246,0.12273,0.286561424732165,33.1748164155201,0.8373782183672931,0.6593439772322371,0.8345521462930215,7.245473030821918,0.3080886075949367,30,52
Ogun,Yewa North (Egbado North),4,Peri-urban / Migrant Dense (transitional),,,5.714668916,0.313930791,0.075574265,0.195889347,0.399828332,0.201008,0.223033501636875,26.9428905536253,0.7883935110909598,0.6500471569242932,0.7076179867699033,11.94477867407809,-0.3156376146788991,25,37
Ogun,Yewa South (Egbado South),4,Peri-urban / Migrant Dense (transitional),,,6.422596197,0.27352112,0.078986629,0.173095705,0.405584178,0.255025,0.267682159214531,29.4103111528594,0.8426230088719782,0.7059160628408756,0.8002764863787957,7.589628151911534,-0.1524313725490196,8,11
Ondo,Akoko North East,5,Urban Slums (better-off urban core),22.21,2005.0,9.628861207,0.212269475,0.06759825,0.11438259,0.17357195,0.133616,0.30512164132107,28.0304950079153,0.8655414036342076,0.816032246180943,0.8188130514962333,7.025402639794537,-0.253531914893617,20,15
Ondo,Akoko North West,5,Urban Slums (better-off urban core),22.4,2393.0,8.865648695,0.229057218,0.067894359,0.121277844,0.178545072,0.140573,0.308753956719889,29.301816061999,0.8756741417778863,0.805175887213813,0.8121936056349013,7.335103813159879,-0.1592857142857143,11,6
Ondo,Akoko South East,4,Peri-urban / Migrant Dense (transitional),29.94,1244.0,8.631409679,0.227351509,0.066134757,0.115667106,0.169412936,0.159289,0.298339573813108,28.6590739582989,0.8373074531555176,0.8345255851745605,0.7916210492451986,5.125461018880208,-0.128625,5,2
Ondo,Akoko South West,5,Urban Slums (better-off urban core),24.68,2840.0,8.817424671,0.230767662,0.067292071,0.118605492,0.162101857,0.0853471,0.284055296609003,27.3552916031205,0.8500588391278241,0.8165686323836043,0.7442832637477566,7.496889051258993,-0.2293623188405797,14,8
Ondo,Akure North,5,Urban Slums (better-off urban core),17.5,1153.0,9.124202898,0.227251082,0.071308458,0.130430345,0.146486533,0.103371,0.356378616913833,27.6636789732606,0.8455452264523974,0.8233481014476103,0.656639996696921,7.972320847284227,-0.05024657534246576,26,11
Ondo,Akure South,5,Urban Slums (better-off urban core),1.0,182.0,10.49158176,0.21156517,0.073911663,0.130704794,0.160495927,0.216569,0.353629718403918,27.8648729969396,0.8637704849243164,0.8502634366353353,0.689579168955485,5.391442736209426,0.1179230769230769,38,13
Ondo,Ese-Odo,4,Peri-urban / Migrant Dense (transitional),20.69,1650.0,7.477994723,0.285211874,0.072640736,0.170598281,0.226829778,0.179034,0.224169030039607,29.5146294412039,0.6086587385697798,0.4402083657004616,0.2665886098688299,55.34869481646825,-0.3119375,4,7
Ondo,Idanre,4,Peri-urban / Migrant Dense (transitional),22.85,1495.0,7.627543745,0.260341475,0.069339747,0.141479818,0.170932599,0.131991,0.311308410284471,28.3966334914247,0.7136833253970816,0.68148097519047,0.2625902034034414,42.22616616781656,-0.3837012987012987,8,3
Ondo,Ifedore,4,Peri-urban / Migrant Dense (transitional),32.35,2876.0,8.801224175,0.24884528,0.072563663,0.139396102,0.162788474,0.120707,0.364221056610262,29.5668339027107,0.8602045604160854,0.8252828461783273,0.7484888349260602,6.622197855750487,-0.01343859649122807,2,0
Ondo,Ilaje,4,Peri-urban / Migrant Dense (transitional),1.04,152.0,7.477994723,0.285211874,0.072640736,0.170598281,0.213667015,0.179034,0.216446624002159,29.5146294412039,0.5632663683944874,0.4196086412065484,0.2778247233187215,50.3284082326284,-0.2237788461538462,4,7
Ondo,Ile-Oluji-Okeigbo,4,Peri-urban / Migrant Dense (transitional),18.64,1615.0,8.094724462,0.272315506,0.072558601,0.151853913,0.162665481,0.153272,0.35883361817473,29.789161146844,0.8574914009340348,0.8102832917244204,0.5290656551238029,7.762560495022124,-0.2739307692307692,0,0
Ondo,Irele,4,Peri-urban / Migrant Dense (transitional),20.72,1505.0,7.687821532,0.275945581,0.071916436,0.163001296,0.205492926,0.139469,0.23333606888426,28.4933629408872,0.7663966763404108,0.6033830950337071,0.3579035112934728,28.60740589198036,-0.454494623655914,1,0
Ondo,Odigbo,4,Peri-urban / Migrant Dense (transitional),1.0,117.0,7.87370403,0.27401807,0.07132541,0.158726961,0.170831946,0.106396,0.275864017374053,29.9632688019574,0.773378004107559,0.6570505510296738,0.3045889871162281,25.18418046632698,-0.4193413461538462,9,5
Ondo,Okitipupa,4,Peri-urban / Migrant Dense (transitional),11.69,1380.0,8.465113308,0.259929832,0.07060606,0.157922737,0.14920685,0.204754,0.245913620967342,30.3753986708704,0.8117259696677879,0.650197912145544,0.5123220373083044,19.97352920861984,-0.3073777777777778,6,14
Ondo,Ondo East,4,Peri-urban / Migrant Dense (transitional),29.96,1149.0,7.981943129,0.273569948,0.070315429,0.151760064,0.153004782,0.217701,0.334317900353645,29.9482628702203,0.8404526546083647,0.789188187697838,0.5079013232527108,9.981993917540793,-0.4277291666666667,4,4
Ondo,Ondo West,4,Peri-urban / Migrant Dense (transitional),8.71,1269.0,9.757261456,0.22983761,0.073691564,0.145282736,0.170258294,0.160298,0.375061483709602,29.7873389120887,0.8539240801775897,0.7780224129005715,0.5011812492653176,17.437137805334,-0.4286666666666666,5,6
Ondo,Ose,4,Peri-urban / Migrant Dense (transitional),29.35,2132.0,7.834774748,0.237583344,0.067088796,0.125625055,0.181749431,0.184039,0.281741567035175,26.4420526281223,0.7442771148681641,0.7711683654785156,0.3593424606323242,15.41187278775564,-0.4872670807453416,23,26
Ondo,Owo,4,Peri-urban / Migrant Dense (transitional),22.53,2524.0,8.700776854,0.227271694,0.068048739,0.12307045,0.158320444,0.138562,0.301272488577216,27.4336261358955,0.7755881352211113,0.801611999967205,0.4998811180911847,10.90234524779525,-0.323248,20,48
Osun,Aiyedaade,4,Peri-urban / Migrant Dense (transitional),,,8.616588104,0.237107952,0.086973765,0.169261878,0.23504478,0.255867,0.350164065380085,32.3457093154571,0.8565122704756888,0.7707961233038652,0.4575644041362562,10.26564965689556,-0.3691363636363636,6,3
Osun,Aiyedire,4,Peri-urban / Migrant Dense (transitional),,,7.688307389,0.27547168,0.082442119,0.175411266,0.218853609,0.159915,0.315884309775919,31.6509594805881,0.8958288828531901,0.818039337793986,0.729292631149292,5.703994269120066,-0.2593260869565218,0,0
Osun,Atakunmosa East,4,Peri-urban / Migrant Dense (transitional),,,9.181322734,0.238316294,0.074515152,0.14453248,0.196853352,0.192619,0.39355034122889,30.3369582043264,0.881800651550293,0.8341663996378581,0.4993291854858398,6.337802775235356,-0.3774629629629629,4,6
Osun,Atakunmosa West,4,Peri-urban / Migrant Dense (transitional),,,8.072149331,0.264910878,0.078933729,0.156812855,0.217619265,0.196677,0.353134978850899,32.2855834013054,0.9077889498542336,0.8595242780797622,0.7289673861335305,3.73737951208044,-0.268530303030303,11,18
Osun,Boluwaduro,4,Peri-urban / Migrant Dense (transitional),13.64,368.0,8.73616003,0.256690056,0.078432157,0.144652113,0.231634504,0.170254,0.376847397157942,31.4920826656377,0.9071345329284668,0.8452810049057007,0.810746431350708,4.768358971461777,-0.18568,1,0
Osun,Boripe,4,Peri-urban / Migrant Dense (transitional),6.48,342.0,8.054208064,0.2622284,0.080821239,0.148968381,0.232478851,0.4809,0.371158158567761,32.0976233241255,0.9257726669311523,0.8849613070487976,0.9239956736564636,2.997282883216595,0.1792142857142857,8,5
Osun,Ede North,4,Peri-urban / Migrant Dense (transitional),12.22,390.0,8.753762058,0.245302282,0.083326138,0.155256746,0.203809631,0.386285,0.34944548815227,31.7710043597282,0.9203594071524483,0.8626853397914341,0.9264884676252093,1.616067813921578,0.3714736842105263,11,7
Osun,Ede South,4,Peri-urban / Migrant Dense (transitional),14.14,406.0,8.414993837,0.257551796,0.084152074,0.162921832,0.195659167,0.453335,0.324824313546069,32.1400284225586,0.9161854794150904,0.8387700632998818,0.8936800705759149,3.193499695026993,-0.1523055555555556,3,1
Osun,Egbedore,4,Peri-urban / Migrant Dense (transitional),14.89,419.0,9.72472339,0.228207435,0.087547811,0.156159712,0.214385956,0.434318,0.348649630737523,31.3891483296165,0.9183859458336463,0.8673678178053635,0.9033996875469501,2.516480576568449,-0.01026,2,2
Osun,Ejigbo,4,Peri-urban / Migrant Dense (transitional),9.71,490.0,8.315528163,0.255298549,0.084205671,0.171146638,0.169876551,0.175702,0.336743830167833,31.2455041026882,0.8839880999396829,0.8146719091078815,0.8457411597756779,2.606953415068069,-0.1228070175438596,2,3
Osun,Ife Central,4,Peri-urban / Migrant Dense (transitional),8.88,565.0,8.734815157,0.244938737,0.077578611,0.147161769,0.225307778,0.0882916,0.362990104299503,33.633590627832,0.9135733286539713,0.8640139261881511,0.8497079213460287,3.132251848493304,0.2719230769230769,13,8
Osun,Ife East,4,Peri-urban / Migrant Dense (transitional),14.2,1019.0,8.299124083,0.263916715,0.077924982,0.156674905,0.201108026,0.231487,0.378265247334682,32.772817154923,0.90785813331604,0.8515253861745199,0.7101825078328451,4.332028700228459,-0.1314883720930232,1,0
Osun,Ife North,4,Peri-urban / Migrant Dense (transitional),7.29,425.0,9.884861973,0.222538906,0.083473281,0.153922347,0.248176724,0.201104,0.413269312436137,32.2833731921089,0.8907108306884766,0.8208622179533306,0.5840654875102796,6.291484325005333,-0.2481276595744681,4,3
Osun,Ife South,4,Peri-urban / Migrant Dense (transitional),8.42,431.0,7.925357191,0.2661317,0.075656077,0.157931874,0.205198676,0.179594,0.362127908829456,32.1528003252585,0.8220528380511558,0.7506221614471854,0.3657257393614887,19.01337038590604,-0.4263592233009709,1,1
Osun,Ifedayo,4,Peri-urban / Migrant Dense (transitional),19.12,273.0,8.97732817,0.262362825,0.073995379,0.14546372,0.223142896,0.198179,0.3402203494739,31.6839491726226,0.8838553795447717,0.7971449631911057,0.763842876140888,3.621809066480892,-0.1655714285714286,3,1
Osun,Ifelodun,4,Peri-urban / Migrant Dense (transitional),12.98,476.0,9.1526587,0.237279456,0.08257951,0.14731715,0.233244598,0.106733,0.384117784790831,31.9239067870029,0.9144217491149902,0.8624931335449219,0.8936931610107421,4.824452545683263,0.05445833333333334,7,4
Osun,Ila,4,Peri-urban / Migrant Dense (transitional),14.55,344.0,8.463071308,0.254529333,0.076818369,0.145386569,0.225810855,0.111057,0.345205604851439,31.4209618417117,0.8846613810612605,0.8159894209641677,0.7520911143376277,3.540151742788462,-0.193,2,0
Osun,Ilesha East,5,Urban Slums (better-off urban core),,,9.807749988,0.225393164,0.077907181,0.141946827,0.261272809,0.141802,0.417484656643097,30.3702021197766,0.9074005126953125,0.8740486145019531,0.8257452011108398,3.238071564705141,0.3400769230769231,23,25
Osun,Ilesha West,4,Peri-urban / Migrant Dense (transitional),,,10.24000109,0.218527639,0.081290236,0.14330974,0.253917452,0.352868,0.413002205496438,29.811129736037,0.9113047673152044,0.8849391203660232,0.8663876606867864,2.416093475964605,0.5625555555555555,1,0
Osun,Irepodun,4,Peri-urban / Migrant Dense (transitional),10.82,492.0,9.032750634,0.241287264,0.082408899,0.152538898,0.181397097,0.113635,0.352780104919918,31.148900481494,0.910194206237793,0.8686853408813476,0.9023015975952149,3.716330464680989,-0.20125,4,4
Osun,Irewole,4,Peri-urban / Migrant Dense (transitional),8.61,468.0,9.335544056,0.229608533,0.085582354,0.161058298,0.213905577,0.114867,0.376796289526305,34.3986162541306,0.8836042230779474,0.7956343564120206,0.64994816346602,5.076708984375,-0.2756363636363636,6,8
Osun,Isokan,4,Peri-urban / Migrant Dense (transitional),10.25,398.0,7.253301771,0.279884649,0.082855198,0.176067947,0.223192061,0.217143,0.331106530811334,33.3392471263812,0.8738539322562839,0.7618751525878906,0.5733639260996943,5.352094029017858,-0.139225,9,12
Osun,Iwo,4,Peri-urban / Migrant Dense (transitional),5.91,430.0,9.126390778,0.2358831,0.085178308,0.169182075,0.222442724,0.0875569,0.375940181124638,32.0949257158063,0.8984333219982329,0.822260266258603,0.8925887516566685,3.462189592633929,-0.03513157894736842,7,6
Osun,Obokun,4,Peri-urban / Migrant Dense (transitional),13.44,598.0,8.418765551,0.26298136,0.078905838,0.150510021,0.242632437,0.20284,0.368648361702641,30.9785972966863,0.8978169089869449,0.8533727746260794,0.7295170332256117,4.209635538129664,-0.1323896103896104,11,2
Osun,Odo-Otin,4,Peri-urban / Migrant Dense (transitional),6.65,335.0,8.596669531,0.266017735,0.080245528,0.153762762,0.206293547,0.405134,0.337286451077306,31.431947621456,0.8756541338833895,0.8008142818104137,0.806110988963734,2.938900499458772,0.03137142857142857,7,4
Osun,Ola-Oluwa,4,Peri-urban / Migrant Dense (transitional),16.17,469.0,7.745023784,0.269528031,0.081935429,0.175369418,0.197123891,0.256921,0.317316499289775,31.5889757437832,0.895386726625504,0.8214084256079889,0.8467282325990738,4.707901711474501,-0.2663148148148148,1,0
Osun,Olorunda,4,Peri-urban / Migrant Dense (transitional),11.61,582.0,10.13757884,0.222534598,0.088758657,0.1515524,0.221344268,0.132935,0.361531754379678,31.0881221883375,0.9167261123657227,0.8712543249130249,0.8889550566673279,5.00030957471143,-0.01975000000000001,1,0
Osun,Oriade,4,Peri-urban / Migrant Dense (transitional),7.42,419.0,8.741922045,0.255108797,0.077112607,0.149602314,0.247786005,0.324447,0.330199295689469,30.427892113312,0.8839767857601768,0.8435518365157278,0.7021869860197368,4.84556320575105,-0.006599999999999997,5,2
Osun,Orolu,4,Peri-urban / Migrant Dense (transitional),13.43,526.0,9.677601905,0.231426244,0.086479658,0.159682218,0.214573955,0.391907,0.369146479820489,32.1963149639754,0.9189087549845377,0.8761546346876357,0.9255040486653646,3.081542447081998,-0.1306923076923077,6,14
Osun,Osogbo,5,Urban Slums (better-off urban core),3.83,227.0,9.192055042,0.235596882,0.083822654,0.151408489,0.244336762,0.197316,0.428871992939603,31.0509808762687,0.9269905090332031,0.8922340393066406,0.9827643394470215,1.23860252560593,0.7347058823529412,80,35
Oyo,Afijio,4,Peri-urban / Migrant Dense (transitional),14.19,748.0,7.671487659,0.262255308,0.080043672,0.177032844,0.154613468,0.0994799,0.305780342277783,30.2632297355823,0.8321894175970732,0.732979276287022,0.7915230936078883,8.194297847510374,-0.3730526315789474,3,3
Oyo,Akinyele,5,Urban Slums (better-off urban core),18.37,1551.0,9.357417754,0.234180332,0.08069575,0.165907662,0.154126225,0.453231,0.306762747956995,32.5254163317704,0.8862009609446806,0.7699965869679171,0.8145794587976792,3.231872339829749,-0.03523188405797101,39,34
Oyo,Atiba,4,Peri-urban / Migrant Dense (transitional),9.33,625.0,6.555306173,0.292867361,0.079945471,0.180132109,0.182317223,0.31464,0.305230618358072,27.3803895868867,0.6717786577012804,0.5889885796440972,0.7126670837402344,12.15876148105626,-0.5373423423423423,3,0
Oyo,Atisbo,2,Conflict-Affected / Nomadic,20.03,878.0,5.108568722,0.298240679,0.074403723,0.169290724,0.316192061,0.0723158,0.271746897222471,23.9067037700818,0.5276126396365282,0.435836605909394,0.4116842223376763,39.56947293275418,-0.4860761421319797,5,5
Oyo,Egbeda,4,Peri-urban / Migrant Dense (transitional),30.71,3472.0,9.562189043,0.232137507,0.085094145,0.169188964,0.170824533,0.04922,0.31726811081464,34.8486328097994,0.8653712272644043,0.754939874013265,0.8629921277364095,3.060616435701885,0.2999444444444445,9,8
Oyo,Ibadan North,5,Urban Slums (better-off urban core),3.47,426.0,10.61266628,0.210629093,0.084597084,0.159426629,0.162105229,0.0537036,0.315162198851725,35.554613027646,0.8796787943158831,0.7917709350585938,0.9902654375348773,0.3584808461806354,1.319142857142857,12,5
Oyo,Ibadan North East,5,Urban Slums (better-off urban core),31.75,4194.0,10.63238323,0.202945324,0.087615191,0.163242709,0.159578776,0.0642175,0.296679050816683,38.1804745924977,0.8726921081542969,0.7431625366210938,0.9933573722839355,0.05411980432622573,1.366333333333333,2,1
Oyo,Ibadan North West,5,Urban Slums (better-off urban core),6.03,370.0,10.48331672,0.213870522,0.08339641,0.159062557,0.161474301,0.0516213,0.327770801446555,34.3798138773382,0.8802682558695475,0.8192284107208252,0.9916972319285074,0.7541999022165934,1.1716,36,27
Oyo,Ibadan South East,5,Urban Slums (better-off urban core),26.99,2866.0,10.7329032,0.206601759,0.084873911,0.159429305,0.159414472,0.0602261,0.274762874999103,35.9483682798734,0.8654739061991373,0.7792015075683594,0.9928340117136637,0.07672900358835856,1.1105,3,5
Oyo,Ibadan South West,5,Urban Slums (better-off urban core),31.55,3559.0,10.65222989,0.213457139,0.084552373,0.161744324,0.16375939,0.392689,0.279985256796481,35.306938249404,0.8754149675369263,0.7909994721412659,0.9936798810958862,0.2038865498134068,1.537,15,17
Oyo,Ibarapa Central,4,Peri-urban / Migrant Dense (transitional),21.7,893.0,7.706579891,0.268400402,0.078915708,0.1895265,0.257380969,0.350408,0.232326772628922,27.2711165238201,0.7735347202845982,0.654452623639788,0.7818253108433315,10.81565551757813,-0.3380952380952381,9,8
Oyo,Ibarapa East,4,Peri-urban / Migrant Dense (transitional),12.6,589.0,7.105898778,0.286227028,0.074929173,0.181685631,0.222233815,0.373542,0.274135453774719,30.0219611892844,0.7588239599157263,0.647982985885055,0.7931608977141203,8.565052286783855,-0.4771523809523809,5,2
Oyo,Ibarapa North,4,Peri-urban / Migrant Dense (transitional),22.7,907.0,6.12734843,0.308913101,0.07424154,0.189505674,0.320323518,0.271341,0.230915134835561,27.3151285320741,0.7440243697747951,0.6675522036668731,0.7469043731689453,15.19412501950687,-0.5062,24,35
Oyo,Ido,4,Peri-urban / Migrant Dense (transitional),18.03,748.0,7.989251295,0.265774539,0.079457137,0.180017178,0.168004624,0.450977,0.29778013599989,31.6789533749377,0.8244652924714265,0.7146027882893881,0.7870876877396195,8.196674733922102,-0.1524742268041237,4,2
Oyo,Irepo,4,Peri-urban / Migrant Dense (transitional),16.46,795.0,4.657460779,0.304185208,0.073273862,0.169848325,0.192056455,0.368181,0.302873333778978,25.3099321962256,0.5545635223388672,0.366054892539978,0.4698786437511444,22.00681550732218,-0.4787395833333334,0,0
Oyo,Iseyin,4,Peri-urban / Migrant Dense (transitional),30.1,3066.0,7.57405362,0.263716684,0.078068827,0.172209481,0.194867983,0.312545,0.268850645515634,27.5015086110786,0.7098091334512789,0.6316657392946008,0.697406089469178,24.38981041379904,-0.5016633986928105,8,2
Oyo,Itesiwaju,4,Peri-urban / Migrant Dense (transitional),14.37,730.0,6.010158571,0.296482552,0.074304234,0.167674796,0.26695633,0.410102,0.288117397538139,26.2175602234006,0.6155223357371795,0.5375379904722556,0.5479564177684295,21.25002447963294,-0.4808787878787879,2,0
Oyo,Iwajowa,4,Peri-urban / Migrant Dense (transitional),18.89,775.0,5.575865039,0.297399133,0.073686677,0.172631078,0.300983324,0.342715,0.22991238178242,25.4773720502026,0.6481387247175179,0.5732537596017723,0.6211324090125577,21.26594286395423,-0.5071652173913044,9,21
Oyo,Kajola,4,Peri-urban / Migrant Dense (transitional),16.39,1310.0,6.944788778,0.278900599,0.074294697,0.162077831,0.242643595,0.108543,0.288109010331687,27.513588542728,0.7520700295766195,0.6690491040547689,0.7330978711446127,16.00105852817746,-0.43995,2,3
Oyo,Lagelu,4,Peri-urban / Migrant Dense (transitional),9.14,540.0,8.373599561,0.248520824,0.081240442,0.170984977,0.168450137,0.388102,0.309124236337342,34.3199042156812,0.8920673247306578,0.7768114766766948,0.8251689787833921,2.909108631646455,0.0319090909090909,4,3
Oyo,Ogbomosho North,4,Peri-urban / Migrant Dense (transitional),24.63,1952.0,8.684668451,0.238639482,0.082794263,0.160974102,0.136918583,0.459666,0.374501374455165,29.724979733623,0.8609378521259015,0.778084241426908,0.9592657822829026,3.274886942355432,0.06179310344827586,8,5
Oyo,Ogbomosho South,4,Peri-urban / Migrant Dense (transitional),23.61,945.0,8.121208176,0.251904281,0.082117625,0.165124229,0.128450623,0.471935,0.358982175678628,30.0949337270348,0.8669984340667725,0.7984511852264404,0.9708294073740641,2.436519507205848,0.3071428571428571,0,0
Oyo,Ogo Oluwa,4,Peri-urban / Migrant Dense (transitional),25.95,675.0,7.301910477,0.27920468,0.080401055,0.173053857,0.151788136,0.411972,0.34646769810773,30.9818032853797,0.8292858123779296,0.7421875,0.8318525314331054,4.973458482053714,-0.2819722222222222,2,3
Oyo,Olorunsogo,4,Peri-urban / Migrant Dense (transitional),25.87,838.0,5.083832939,0.308618489,0.072678146,0.171137578,0.197052274,0.207546,0.318243891380126,26.1948303891242,0.5731584081109965,0.4788146468828309,0.447102204808649,22.9184336012476,-0.4324779874213836,1,2
Oyo,Oluyole,4,Peri-urban / Migrant Dense (transitional),25.14,2038.0,8.720138908,0.245316257,0.080981518,0.172189314,0.171772216,0.109377,0.275453079517381,31.6910427139089,0.8424141293480283,0.7117735090709868,0.7305828276134673,12.27017208232811,-0.06682105263157895,7,1
Oyo,Ona-Ara,4,Peri-urban / Migrant Dense (transitional),20.76,2198.0,8.744090657,0.245978064,0.083849852,0.174093736,0.165765334,0.388727,0.317583557653754,35.4951511947046,0.8579802677549165,0.7343250143116918,0.6725586858288995,6.074463422521786,-0.09217142857142857,3,0
Oyo,Orelope,4,Peri-urban / Migrant Dense (transitional),16.81,697.0,5.128383983,0.284490592,0.071587501,0.161517115,0.248742292,0.454755,0.341409059558869,25.8272382527083,0.5633691239030394,0.4499120842920591,0.4413064407975706,27.79544213973799,-0.5098558558558559,1,2
Oyo,Ori Ire,4,Peri-urban / Migrant Dense (transitional),15.8,941.0,6.048085496,0.298665197,0.077446584,0.17273654,0.178292535,0.312052,0.335360829820839,26.7092591361825,0.6320744564658717,0.5436023339293057,0.5867440933571723,22.7881842242689,-0.4561942148760331,3,1
Oyo,Oyo East,4,Peri-urban / Migrant Dense (transitional),14.62,723.0,7.60238727,0.261725548,0.082331916,0.175594664,0.13428331,0.277706,0.334650105436542,31.0060435478797,0.8388168471200126,0.7514923640659877,0.8431252070835659,6.21409569717035,-0.05477272727272726,0,0
Oyo,Oyo West,4,Peri-urban / Migrant Dense (transitional),13.9,756.0,8.95409017,0.230621716,0.083105575,0.16589833,0.145633481,0.213408,0.323673993738522,30.6339026524363,0.778114496275436,0.6889455928358921,0.8309332381847293,15.16071802812966,-0.42136,6,5
Oyo,Saki East,4,Peri-urban / Migrant Dense (transitional),19.69,855.0,6.266940227,0.266820537,0.075797901,0.159727949,0.293156634,0.317332,0.323662731101392,24.3082651585186,0.5639335541498094,0.4183870951334636,0.4214019321259998,24.5753495697603,-0.4801008403361344,2,2
Oyo,Saki West,4,Peri-urban / Migrant Dense (transitional),26.04,2835.0,5.721469222,0.275601618,0.075578705,0.160692813,0.280833236,0.465335,0.334992723181113,24.4168329611656,0.4326205586278161,0.2849423903827519,0.3329178566156432,22.293780689836,-0.4011939799331103,6,11
Oyo,Surulere,4,Peri-urban / Migrant Dense (transitional),18.35,1027.0,7.214326464,0.289000339,0.081437734,0.170982782,0.163745572,0.242348,0.333733886830794,29.7679097480214,0.8231808980305989,0.7202854156494141,0.820025889078776,3.688247470101196,-0.4426408450704225,2,0
Plateau,Barkin Ladi,4,Peri-urban / Migrant Dense (transitional),27.7,2792.0,7.086833312,0.408950717,0.065325283,0.174673667,0.22284595,0.476481,0.199895939719093,33.2119179438056,0.5458334946050877,0.5099523590832222,0.4041728042974705,11.1682740083728,-0.1681071428571428,35,120
Plateau,Bassa,4,Peri-urban / Migrant Dense (transitional),26.39,2808.0,6.089707115,0.443424351,0.07993504,0.210607235,0.233577929,0.477561,0.185868878752583,37.4962486546406,0.5727467744246774,0.3752514383067255,0.5996167141458263,16.62347287814844,-0.2881756756756757,66,416
Plateau,Bokkos,4,Peri-urban / Migrant Dense (transitional),32.55,3275.0,6.650564196,0.415741576,0.061077902,0.169682637,0.244974175,0.393694,0.194078934231716,30.6333715602097,0.5119769037986288,0.4324501971809231,0.3265497635821907,16.36290931891824,-0.295012,64,222
Plateau,Jos East,4,Peri-urban / Migrant Dense (transitional),41.5,2054.0,6.378124552,0.440268422,0.069318924,0.197119564,0.20492552,0.3488,0.173784363347651,33.2143249812888,0.6516585946083069,0.5487324595451355,0.7635632753372192,28.58162918410042,-0.4339075630252101,16,18
Plateau,Jos North,4,Peri-urban / Migrant Dense (transitional),1.0,245.0,8.516356684,0.353786688,0.070521056,0.173971252,0.179193742,0.347246,0.199481186712872,36.2868529801861,0.7090694593346637,0.6578637413356615,0.8602560292119565,6.461019802363668,0.435891304347826,66,128
Plateau,Jos South,4,Peri-urban / Migrant Dense (transitional),15.83,2763.0,7.950664057,0.367150378,0.066121593,0.16860237,0.189438442,0.428487,0.202464489475272,34.5353075112421,0.6645233340379668,0.6518309988626619,0.8139503292921113,7.6494140625,0.3651348314606742,48,86
Plateau,Kanam,2,Conflict-Affected / Nomadic,17.41,1636.0,3.894138525,0.451349078,0.083354026,0.229689503,0.275237762,0.479184,0.104304477402387,23.3438149899112,0.4306068420410156,0.1993613185652767,0.3282507011689336,23.22012249707688,-0.4514258555133079,7,111
Plateau,Kanke,2,Conflict-Affected / Nomadic,41.64,2900.0,5.539811372,0.438978321,0.073519233,0.206140501,0.256152481,0.647918,0.137464552560499,27.6582001227304,0.5515575408935547,0.3472204506397247,0.4310048818588257,14.4411667798913,-0.417008547008547,1,0
Plateau,Langtang North,2,Conflict-Affected / Nomadic,31.09,2481.0,5.213644332,0.416238642,0.075496135,0.197503345,0.247465055,0.519485,0.141517505501969,26.5719713864192,0.4088831543922424,0.2705207765102386,0.2821047306060791,15.84558343488858,-0.3691007194244604,0,0
Plateau,Langtang South,2,Conflict-Affected / Nomadic,40.67,2397.0,4.403893369,0.432780472,0.075768166,0.202125137,0.282694822,0.34727,0.175153244973459,23.3319457249467,0.3538400698930789,0.1684176371647761,0.3527605350200946,16.9212452064295,-0.41092,1,0
Plateau,Mangu,4,Peri-urban / Migrant Dense (transitional),21.99,3705.0,6.802654444,0.414959683,0.064744884,0.179587866,0.234887599,0.548764,0.181071093459373,31.6805293895016,0.5753463538917335,0.5103559064435529,0.4776261475709108,13.01664207796853,-0.2625451127819549,64,286
Plateau,Mikang,2,Conflict-Affected / Nomadic,41.14,2223.0,5.162122922,0.431789281,0.0747217,0.20334497,0.254823054,0.413344,0.154262290568995,26.710469965687,0.4744815826416016,0.3348795238294099,0.4119406248393812,24.91080470303181,-0.421421875,3,6
Plateau,Pankshin,4,Peri-urban / Migrant Dense (transitional),36.17,3854.0,6.173196497,0.429013797,0.066770768,0.18856167,0.23423807,0.417112,0.160720495582646,29.6444138577246,0.5863390470805921,0.4615842317280017,0.5195410477487664,22.5275149057127,-0.3804736842105264,10,18
Plateau,Qua'an Pan,2,Conflict-Affected / Nomadic,1.0,111.0,5.175175598,0.419473158,0.073524668,0.200670959,0.229674225,0.302109,0.178360007865881,27.3786384908935,0.5148950884419102,0.3600240891979587,0.4834861509261593,25.10573748464374,-0.4192741514360313,6,2
Plateau,Riyom,4,Peri-urban / Migrant Dense (transitional),39.84,2943.0,6.970481389,0.421927383,0.066181792,0.180593668,0.240716821,0.437681,0.223716143292326,35.5698678510765,0.5973290912175583,0.4782141669321868,0.5982785629013837,21.37128193697381,-0.312816,46,107
Plateau,Shendam,2,Conflict-Affected / Nomadic,5.3,610.0,4.884373046,0.423406486,0.074700241,0.201969739,0.24201647,0.553969,0.183150041164313,26.0797253736976,0.4765714174741275,0.2971540178571428,0.4437940027806666,22.14604612516213,-0.4546298200514139,2,3
Plateau,Wase,2,Conflict-Affected / Nomadic,25.62,2295.0,4.053971149,0.441757838,0.077131,0.208785473,0.280709536,0.0927481,0.13383035091761,22.6505903954278,0.3385905317826705,0.1494008428400213,0.2323181429776278,48.20159079581326,-0.4670118764845606,35,168
Rivers,Abua - Odual,4,Peri-urban / Migrant Dense (transitional),29.87,3615.0,9.519477862,0.212387774,0.064198232,0.112482961,0.147237429,0.0578282,0.285499722240693,27.4589150765868,0.5667407755949059,0.2697222962671397,0.8081921947245695,35.00776832217262,-0.2388947368421053,0,0
Rivers,Ahoada East,4,Peri-urban / Migrant Dense (transitional),3.48,248.0,9.433279585,0.203953266,0.067986043,0.122536205,0.18264059,0.0516619,0.229773906651597,26.9091093011441,0.6992927127414279,0.3521253267923991,0.9306782616509331,9.238912508632596,-0.02901562500000001,0,0
Rivers,Ahoada West,5,Urban Slums (better-off urban core),20.12,2148.0,9.243049983,0.209090284,0.065611648,0.118990606,0.171108801,0.242846,0.235267792636469,27.0463825501184,0.5726168015423942,0.3064999019398409,0.9035900901345646,17.77742442986231,-0.08402173913043477,18,38
Rivers,Akuku Toru,3,Riverine / Geographically Isolated,15.93,1099.0,8.189227777,0.225321088,0.063465439,0.113263175,0.13727058,0.210137,0.245479089640062,26.6398136275179,0.4034522410189168,0.196656730737579,0.4055126918835587,144.0742120343839,-0.1087558139534884,12,4
Rivers,Andoni,4,Peri-urban / Migrant Dense (transitional),28.23,2636.0,8.586427229,0.269057888,0.072807794,0.156489439,0.171292072,0.0842395,0.206263432926207,26.8283414354338,0.6179637908935547,0.1901393890380859,0.507561206817627,27.98331876456876,-0.1054761904761905,6,6
Rivers,Asari-Toru,4,Peri-urban / Migrant Dense (transitional),7.59,715.0,10.56109496,0.209300367,0.062851818,0.105610764,0.108129679,0.172888,0.379578966077221,28.6591069774666,0.761376953125,0.4040549755096435,0.8335342407226562,35.35130186338682,-0.05659259259259259,3,2
Rivers,Bonny,4,Peri-urban / Migrant Dense (transitional),12.51,1153.0,8.79738024,0.247356346,0.070432347,0.1396599,0.15334301,0.237719,0.279908771212591,28.2925031437472,0.573857959948088,0.2202611471477308,0.4243855225412469,29.11388678875448,0.06860869565217391,7,1
Rivers,Degema,3,Riverine / Geographically Isolated,22.94,2452.0,9.159217332,0.221635047,0.065065099,0.116418688,0.127893272,0.425921,0.301876468180828,27.5340084606597,0.5164619757204639,0.270689380412199,0.5002520814233896,111.824498094959,-0.06828301886792454,41,11
Rivers,Eleme,5,Urban Slums (better-off urban core),3.19,260.0,9.864555431,0.243524206,0.072312637,0.136387118,0.153406306,0.135921,0.284697116820341,27.6242762305951,0.8463138580322266,0.6087324778238933,0.9824932098388672,4.498437375438456,0.5266666666666667,11,14
Rivers,Emuoha,4,Peri-urban / Migrant Dense (transitional),,,9.303935329,0.20941963,0.068056828,0.121386955,0.16012373,0.135812,0.251958853655669,27.2171055342892,0.7552371342976888,0.4399879455566406,0.8870536804199218,15.82617751443696,-0.04693150684931507,0,0
Rivers,Etche,5,Urban Slums (better-off urban core),26.61,2849.0,9.239064638,0.219943366,0.073183616,0.138806242,0.205543248,0.377893,0.227034064326483,25.4040239286797,0.8590503268771701,0.7141889642786097,0.9328040370234737,5.968255621097502,0.07969026548672567,9,4
Rivers,Gokana,4,Peri-urban / Migrant Dense (transitional),28.12,2817.0,9.472512876,0.258167105,0.073661606,0.147579362,0.142003266,0.152913,0.287458627904256,27.9206112578436,0.7083475112915039,0.3383040110270182,0.8946617762247722,7.885676558299731,0.2569444444444444,0,0
Rivers,Ikwerre,4,Peri-urban / Migrant Dense (transitional),1.0,81.0,9.318900287,0.211808617,0.071752673,0.129800005,0.179091021,0.437955,0.244599665784069,27.0712949228623,0.822600584763747,0.6066701595599835,0.9224611429067758,8.763251567937935,0.1966944444444444,21,21
Rivers,Khana,5,Urban Slums (better-off urban core),27.98,3511.0,8.763253278,0.267897543,0.076506452,0.158045254,0.161908358,0.0507827,0.235587951855863,26.1475179220643,0.7070788306158942,0.3118229427853146,0.8661623774348078,8.054301715105685,0.06072602739726027,17,31
Rivers,Obio/Akpor,4,Peri-urban / Migrant Dense (transitional),,,10.49426372,0.213566913,0.072630193,0.125319917,0.136013581,0.024444,0.322785748920442,27.8386226688723,0.8766797637939453,0.6802766418457031,0.9750901794433594,2.347995352680092,0.8558913043478261,0,0
Rivers,Ogba - Egbema - Ndoni,4,Peri-urban / Migrant Dense (transitional),25.38,3080.0,9.43621919,0.193199244,0.072778329,0.130754644,0.203725923,0.638137,0.213988470405302,25.0956835031882,0.7083916664123535,0.6212571859359741,0.9268143177032471,21.79963156196213,-0.07815454545454545,0,0
Rivers,Ogu - Bolo,4,Peri-urban / Migrant Dense (transitional),15.44,498.0,9.581943724,0.241495327,0.069432343,0.134634642,0.147611135,0.452848,0.296685182384277,28.3519877784987,0.616280025906033,0.2840202384524875,0.686676820119222,36.1019295766844,0.029,0,0
Rivers,Okrika,3,Riverine / Geographically Isolated,28.12,2678.0,9.814585772,0.237824463,0.069383009,0.129722724,0.134717489,0.129782,0.29280257001253,27.4946853217572,0.5732555804045304,0.3105791515774197,0.5630641513400607,120.6522524350649,0.04205172413793103,6,10
Rivers,Omumma,5,Urban Slums (better-off urban core),11.12,478.0,9.144074429,0.223827875,0.073807572,0.143870189,0.247368739,0.325261,0.225704154719164,24.9933212513763,0.8627562271921259,0.7805069873207494,0.95328772695441,5.285530783913353,0.1682068965517241,4,3
Rivers,Opobo - Nkoro,4,Peri-urban / Migrant Dense (transitional),1.0,65.0,8.233810146,0.275645925,0.075595024,0.162626376,0.166754459,0.355238,0.201338281984836,26.2810048627318,0.6342893013587365,0.2086707628690279,0.5981436509352464,19.40546633873457,0.045,0,0
Rivers,Oyigbo,5,Urban Slums (better-off urban core),9.51,511.0,9.470819625,0.246839246,0.074682995,0.144395796,0.166489858,0.126685,0.249963115093397,26.0266647395227,0.7996283849080403,0.531686560312907,0.9449495951334635,6.006988821677791,0.15075,9,6
Rivers,Port-Harcourt,5,Urban Slums (better-off urban core),,,10.38815454,0.219099587,0.069417274,0.120947364,0.117011401,0.592875,0.354428787438401,28.0298162588853,0.8575646612379286,0.6648761961195204,0.9632105297512479,3.382940564836775,0.9604166666666667,97,54
Rivers,Tai,4,Peri-urban / Migrant Dense (transitional),7.15,369.0,9.328502349,0.260245617,0.075046537,0.149595351,0.154688754,0.202432,0.235679910115778,27.0870197595842,0.7689475377400716,0.4366247177124024,0.9733405431111654,2.50336186019829,0.1017391304347826,3,2
Sokoto,Binji,2,Conflict-Affected / Nomadic,91.77,6106.0,1.716422308,0.581894345,0.137399854,0.388019345,0.504211368,0.11601,0.21143141294739,22.1522217448952,0.1986674007616545,0.03377087492691843,0.1060168366683157,36.15716977745872,-0.550741935483871,12,21
Sokoto,Bodinga,1,Remote Rural / Hard-to-Reach,51.96,5780.0,2.013112486,0.549872701,0.134163625,0.370427075,0.465317942,0.168983,0.183851417305976,23.7539016583436,0.1993269037317347,0.05309731430477566,0.1978793497438784,10.98455265238159,-0.4396699029126214,4,5
Sokoto,Dange Shuni,2,Conflict-Affected / Nomadic,28.77,3551.0,2.146009197,0.544743284,0.133038415,0.360052529,0.454633586,0.294173,0.205597211084033,23.0552753590883,0.19529636995292,0.05394607708777911,0.2090523566728757,33.90141519360269,-0.4430629370629371,6,5
Sokoto,Gada,2,Conflict-Affected / Nomadic,99.0,15733.0,1.587672889,0.553919336,0.139426047,0.373063621,0.471092074,0.219738,0.405907198418125,25.3043555155482,0.283509039109753,0.0354330308975712,0.3206075032552083,7.831935773113709,-0.4134930875576037,10,29
Sokoto,Goronyo,2,Conflict-Affected / Nomadic,99.0,11502.0,1.838517882,0.574771757,0.133674218,0.373585991,0.471281376,0.329715,0.379126350243974,24.4248457483118,0.2392533228947566,0.03223183338458722,0.2729461083045372,27.16270616319444,-0.470179104477612,66,165
Sokoto,Gudu,2,Conflict-Affected / Nomadic,89.99,5479.0,1.830786315,0.559080578,0.135992202,0.361416172,0.372047272,0.149638,0.212629934016861,21.9900497813068,0.161909278916435,0.01891913589524345,0.1251322857441346,36.61620633830455,-0.5959621212121212,9,26
Sokoto,Gwadabawa,2,Conflict-Affected / Nomadic,88.03,13006.0,1.79894476,0.554669715,0.137251618,0.371992006,0.50727075,0.293193,0.329836291803003,23.814159653392,0.3123732232428216,0.04001939451539671,0.1455195538409345,7.490897647218208,-0.3457950310559006,26,76
Sokoto,Illela,2,Conflict-Affected / Nomadic,44.66,4277.0,1.604181679,0.569703248,0.137802989,0.377103269,0.484269306,0.312675,0.437016505207231,25.2799212739981,0.3077705007203868,0.0366947718069587,0.1674954991945079,12.27795592350746,-0.4151428571428571,39,140
Sokoto,Isa,2,Conflict-Affected / Nomadic,64.61,6195.0,1.969360533,0.580034711,0.12847095,0.380100391,0.391389537,0.348485,0.382713957903419,23.5356074546225,0.1784260582377892,0.04141475590130755,0.5257517690876968,27.90138639372163,-0.5484248704663213,44,80
Sokoto,Kebbe,1,Remote Rural / Hard-to-Reach,58.7,4614.0,1.605116191,0.578625654,0.119459552,0.353782946,0.322721341,0.0691704,0.0682985003369818,23.3972432355034,0.1272550174168178,0.0438429525920323,0.1452249254499163,37.38062456186471,-0.5167872340425532,3,0
Sokoto,Kware,2,Conflict-Affected / Nomadic,35.24,3014.0,1.827313736,0.537035365,0.137034312,0.359751459,0.493192614,0.260651,0.270138926635601,23.6364004825371,0.2968312016239873,0.06941348535043222,0.2823369591324418,9.595201265294772,-0.3342702702702703,11,14
Sokoto,Rabah,2,Conflict-Affected / Nomadic,87.99,8372.0,1.52610008,0.596408976,0.128652439,0.374095647,0.420933779,0.238622,0.264023756450351,22.0068974472263,0.1870924349184389,0.03013865859420211,0.2653120252821181,49.54559762773722,-0.5650456852791877,33,215
Sokoto,Sabon Birni,2,Conflict-Affected / Nomadic,89.25,11814.0,1.743874724,0.594494001,0.13245058,0.390939548,0.432206715,0.295899,0.445746089718689,24.3871100829965,0.1915850283494636,0.04057425527430292,0.7221312451718459,18.0557033417129,-0.5197757352941176,146,366
Sokoto,Shagari,1,Remote Rural / Hard-to-Reach,65.67,6574.0,1.663107579,0.583579575,0.125724558,0.380692105,0.459164007,0.193703,0.117178890024271,23.6550723205721,0.1540544665589625,0.04576264595498844,0.1263900484357561,24.98641512388641,-0.5607692307692308,1,0
Sokoto,Silame,1,Remote Rural / Hard-to-Reach,86.53,5774.0,1.727431846,0.583131332,0.135385514,0.389131798,0.446274323,0.0099191,0.146111481475873,22.1347496772037,0.2247380649342257,0.04706949813693177,0.165097479726754,9.626423602059436,-0.5366875,1,10
Sokoto,Sokoto North,2,Conflict-Affected / Nomadic,60.78,9037.0,3.777586292,0.434616356,0.135345502,0.300210387,0.483941816,0.0305739,0.284297145955053,26.8125408549658,0.5726945877075196,0.3118299961090088,0.9385842323303223,1.653080713181269,0.8825000000000001,17,21
Sokoto,Sokoto South,2,Conflict-Affected / Nomadic,46.58,5875.0,3.649044691,0.437881267,0.136023549,0.301051772,0.432580575,0.368417,0.264546915302019,25.908163940753,0.521717643737793,0.2973476409912109,0.7565800666809082,0.6055242220560709,1.2405,3,2
Sokoto,Tambuwal,1,Remote Rural / Hard-to-Reach,46.35,6680.0,1.863793692,0.578972403,0.129371061,0.387227231,0.412086692,0.142696,0.082997840051438,25.2374288078665,0.1469147749773161,0.03727522422009566,0.1341614009827141,22.67053552850603,-0.4978054054054054,5,3
Sokoto,Tangaza,2,Conflict-Affected / Nomadic,58.73,4301.0,1.397299866,0.596748483,0.140342496,0.393626506,0.486791321,0.327561,0.287995128719243,21.9438992426384,0.1829940010519589,0.02033402288661284,0.1483284305123722,24.24272472630859,-0.4995317919075145,25,87
Sokoto,Tureta,2,Conflict-Affected / Nomadic,76.7,3348.0,1.561460645,0.596932262,0.119926592,0.372965796,0.41419339,0.0586992,0.147799321058601,22.2363739544857,0.1528821468353271,0.04632344245910645,0.1590833028157552,65.37640972513638,-0.669423076923077,10,38
Sokoto,Wamakko,2,Conflict-Affected / Nomadic,,,3.962061992,0.439192269,0.132705977,0.299374731,0.464529158,0.118911,0.263548485728513,27.2632559017487,0.3041345977783203,0.09111675262451172,0.2857320594787598,7.388491144190326,-0.258,14,15
Sokoto,Wurno,2,Conflict-Affected / Nomadic,98.88,10246.0,2.175205347,0.548234409,0.135861279,0.361297096,0.4847477,0.248845,0.328740168280189,23.7991446305314,0.2833015918731689,0.04492460829871042,0.2249488660267421,10.3745449240524,-0.3501704545454545,24,34
Sokoto,Yabo,1,Remote Rural / Hard-to-Reach,73.82,5431.0,1.728877558,0.58741057,0.132540253,0.390330781,0.458293476,0.731004,0.120432788454328,23.655375970685,0.1971745100177702,0.03923121045847408,0.05842240130315061,12.10939997146119,-0.4929499999999999,3,3
Taraba,Ardo-Kola,2,Conflict-Affected / Nomadic,25.32,1236.0,5.317279636,0.395713429,0.081312091,0.221132611,0.438889159,0.469564,0.176401329806982,26.842728049605,0.479011362249201,0.2248490362456351,0.4988060575543028,22.616375560164,-0.3409563106796116,13,26
Taraba,Bali,2,Conflict-Affected / Nomadic,33.51,3933.0,3.303177785,0.450044645,0.07515461,0.21649807,0.486376599,0.453901,0.163338791401582,23.705178540729,0.4966714000522305,0.3032374552638742,0.4633247964575241,61.23387760702525,-0.4643142857142857,19,156
Taraba,Donga,2,Conflict-Affected / Nomadic,25.67,1901.0,4.500888006,0.408801406,0.074010895,0.186820969,0.430869309,0.540691,0.218361805188716,25.6712320598586,0.5613472823697235,0.4628874294420812,0.7277052315117801,29.43110887096774,-0.4882250803858521,14,23
Taraba,Gashaka,3,Riverine / Geographically Isolated,25.39,1231.0,4.047517871,0.445854825,0.068366676,0.19147625,0.384217523,0.652584,0.179104066867284,26.0440098398462,0.4116486612955729,0.2335331556532118,0.21360595703125,100.0233210760596,-0.4634398148148148,2,4
Taraba,Gassol,2,Conflict-Affected / Nomadic,37.82,5155.0,3.244908588,0.467132206,0.079380237,0.230509061,0.441101867,0.416199,0.15454212498748,22.589312278411,0.3895429017113858,0.1817094896660476,0.3497237658891522,43.12440558367848,-0.4454959016393442,34,127
Taraba,Ibi,2,Conflict-Affected / Nomadic,26.55,1244.0,3.987629457,0.430763288,0.074055596,0.200997607,0.3288301,0.46063,0.217669139821168,23.5671519364904,0.4332200397144664,0.2374651215293191,0.4127025170759721,30.5152722073678,-0.5132026431718062,4,1
Taraba,Jalingo,2,Conflict-Affected / Nomadic,27.24,2126.0,5.303516445,0.379381938,0.083944626,0.217107039,0.427148598,0.500262,0.209586710571881,30.2775371610543,0.5427896118164063,0.2593540763854981,0.5685792922973633,8.125867073250348,0.02244444444444444,40,26
Taraba,Karim-Lamido,2,Conflict-Affected / Nomadic,37.4,4034.0,3.863274496,0.453106524,0.082353602,0.2244042,0.390935151,0.487367,0.201122498492081,23.7885715718781,0.4398013895208185,0.2356721271168102,0.4015872261740945,40.75952769271735,-0.4406089108910891,28,80
Taraba,Kurmi,3,Riverine / Geographically Isolated,31.7,1609.0,4.686298435,0.428431762,0.06521657,0.177112906,0.422928971,0.50367,0.204348403923991,26.3769975252597,0.5753207524617513,0.3974669774373372,0.2505487759908041,92.25028471209913,-0.4078342541436464,6,17
Taraba,Lau,2,Conflict-Affected / Nomadic,15.7,831.0,4.421575534,0.437890818,0.086136684,0.233798694,0.366510022,0.55223,0.225890817484433,26.7727555017952,0.5143434952716438,0.2494259853752292,0.3660231609733737,15.4851748319545,-0.3748620689655172,12,18
Taraba,Sardauna,2,Conflict-Affected / Nomadic,,,4.867134093,0.437615658,0.05658717,0.174513853,0.427484494,0.531995,0.215158472841081,24.5286624734747,0.526182125776242,0.2632439768212473,0.07645460275503305,37.01520690394511,-0.261229845626072,3,46
Taraba,Takum,4,Peri-urban / Migrant Dense (transitional),15.49,1159.0,5.595359357,0.379703974,0.074664512,0.17518458,0.301764604,0.492803,0.258126486479815,26.7623775184285,0.5452321636739201,0.5342555021116246,0.6623972947684882,34.44815268987342,-0.3815015673981191,53,180
Taraba,Ussa,4,Peri-urban / Migrant Dense (transitional),25.81,1305.0,5.813808043,0.380392826,0.069911484,0.166121214,0.262265504,0.432448,0.248199416057351,27.8767523504546,0.5692182637877383,0.5424689600023173,0.6600659257274563,13.61094106291459,-0.3247684210526316,15,51
Taraba,Wukari,2,Conflict-Affected / Nomadic,37.03,4907.0,5.302336166,0.365735084,0.073257323,0.173292403,0.364495369,0.502966,0.243729233141528,25.3526505784077,0.4867038876991572,0.3631522111066683,0.6486514834907111,15.48344757500932,-0.3467306733167082,42,69
Taraba,Yorro,2,Conflict-Affected / Nomadic,24.85,1242.0,4.322031646,0.425394992,0.079954337,0.224898013,0.429069466,0.494821,0.210521339857725,27.0079116737244,0.5383886292923329,0.2021225330441497,0.3036326031352198,41.09470078074694,-0.3598881578947369,18,13
Taraba,Zing,2,Conflict-Affected / Nomadic,16.5,1172.0,4.358953604,0.434057834,0.085434737,0.237129513,0.378346147,0.41364,0.208047737453199,29.3615793851128,0.6179342437208745,0.2562464998479475,0.3407323067648369,18.14340667040359,-0.3862027027027027,4,5
Yobe,Bade,1,Remote Rural / Hard-to-Reach,33.65,2492.0,2.00828995,0.56531147,0.143062738,0.374717354,0.369829727,0.616003,0.0840000121730093,22.3512149083318,0.2648116715100347,0.05746167533251704,0.5341348453443877,36.79156715511658,-0.4340413793103448,5,5
Yobe,Bursari,1,Remote Rural / Hard-to-Reach,,,2.038660284,0.56248543,0.146595815,0.374687493,0.385677222,0.529983,0.0885360180982959,23.3253349371242,0.2019874607276053,0.03637345344232758,0.3299938564386842,34.75098146128681,-0.5075774193548387,4,15
Yobe,Damaturu,2,Conflict-Affected / Nomadic,24.49,1138.0,3.286225635,0.468680103,0.130969482,0.317996996,0.38263062,0.391469,0.141891576735344,27.619522594263,0.157001584370931,0.03212643305460612,0.1407037353515625,20.17286962310106,-0.3657853403141361,21,44
Yobe,Fika,1,Remote Rural / Hard-to-Reach,58.95,4271.0,2.015666081,0.549011232,0.132797662,0.369543102,0.359840616,0.605258,0.12061442132705,18.980395793145,0.2872778756277902,0.08096646990094866,0.1581509181431362,21.91468967013889,-0.5393279132791328,3,13
Yobe,Fune,1,Remote Rural / Hard-to-Reach,43.05,6886.0,1.869762913,0.565081539,0.139591547,0.374657456,0.389479463,0.568733,0.105157846848477,19.9365055988008,0.2075020926339286,0.03672561882445531,0.1093216179320531,39.14425342759212,-0.6339005602240897,1,1
Yobe,Geidam,2,Conflict-Affected / Nomadic,39.48,3258.0,1.855367071,0.555133621,0.143338538,0.35828746,0.343632946,0.574466,0.094055602201923,25.2328472748646,0.1500986539400541,0.03040866566519452,0.3635179568559695,32.81499797119091,-0.4310710059171597,25,218
Yobe,Gujba,2,Conflict-Affected / Nomadic,21.49,1478.0,2.654973101,0.501541262,0.128431973,0.333144598,0.350261649,0.479101,0.144745861636451,24.8642602388014,0.243688420434693,0.0585601749132626,0.219074460130241,52.74529089175012,-0.5262422535211267,129,283
Yobe,Gulani,1,Remote Rural / Hard-to-Reach,34.37,1884.0,2.481285871,0.517050751,0.126998467,0.336681419,0.317319421,0.370623,0.150737784048079,20.9094613905014,0.2661779774915452,0.08674164586419227,0.2063267855036179,26.47830206262426,-0.4089783393501805,0,0
Yobe,Jakusko,1,Remote Rural / Hard-to-Reach,59.56,7335.0,1.732824595,0.587929912,0.145266203,0.389581555,0.317323931,0.639741,0.0917529235129007,20.5973784936788,0.2320692562362523,0.04640572742351051,0.3206498229387895,33.59513254915731,-0.5683193277310924,2,0
Yobe,Karasuwa,1,Remote Rural / Hard-to-Reach,26.29,1469.0,2.322442313,0.526784169,0.147111512,0.369155952,0.407977273,0.557885,0.0866041620896079,24.2957133734613,0.2771464999359433,0.06480280243524231,0.6609366388604192,30.31414381645216,-0.6065352112676057,2,2
Yobe,Machina,1,Remote Rural / Hard-to-Reach,37.23,1203.0,1.748060919,0.605808784,0.147157298,0.411655457,0.383288967,0.507889,0.0583503550361438,23.4271753727933,0.2765800267049711,0.05809879956180102,0.9415619732582405,34.18745282849338,-0.7158693181818182,0,0
Yobe,Nangere,1,Remote Rural / Hard-to-Reach,21.82,1012.0,2.688264279,0.524147856,0.140351463,0.359641697,0.363581995,0.637587,0.116032155924274,19.7987625109112,0.2960521556712963,0.08402276922155309,0.2274813710907359,9.91060981623754,-0.6359234693877551,0,0
Yobe,Nguru,1,Remote Rural / Hard-to-Reach,50.67,4045.0,2.774635808,0.531857619,0.138660021,0.359012109,0.362982742,0.372808,0.0792857612618622,26.1704267301139,0.3095522763436301,0.08451748730843528,0.8516223305150082,12.10713778409091,-0.5641782178217821,0,0
Yobe,Potiskum,1,Remote Rural / Hard-to-Reach,,,3.035737516,0.505408366,0.139765705,0.348798748,0.367688462,0.556881,0.121914461351125,20.250363216964,0.3578916437485639,0.1007700176799999,0.1751526664285099,13.33247197690217,-0.4027142857142857,3,5
Yobe,Tarmua,2,Conflict-Affected / Nomadic,,,1.829002633,0.565803172,0.144175437,0.368317978,0.33001208,0.463287,0.0974919590981762,23.1085482928361,0.1547239229276583,0.02686434081106475,0.1174407232375372,35.73827338401128,-0.5315641025641026,16,61
Yobe,Yunusari,2,Conflict-Affected / Nomadic,22.78,1520.0,1.522091585,0.590691195,0.145005252,0.388225382,0.450670408,0.588114,0.0901261442971656,25.16576033813,0.1976774055969539,0.02980419215310383,0.602802257819716,30.98465993426633,-0.4932479784366577,13,38
Yobe,Yusufari,1,Remote Rural / Hard-to-Reach,20.56,1206.0,1.642086608,0.586289245,0.149610975,0.401774057,0.463207996,0.50789,0.0768245830198884,23.6688764420896,0.2485264689982438,0.04439857627163414,0.6207011246881565,67.071551685292,-0.6332489177489177,0,0
Zamfara,Anka,2,Conflict-Affected / Nomadic,1.0,83.0,1.585554071,0.582605871,0.106171134,0.335390888,0.315907839,0.545495,0.131391555597222,21.5687347121874,0.2228270180617707,0.05214810673194595,0.2058443238463583,22.12149767950292,-0.5096330935251798,70,291
Zamfara,Bakura,2,Conflict-Affected / Nomadic,1.0,108.0,2.329885274,0.545846728,0.11576285,0.326764333,0.36237268,0.404085,0.230752119967488,21.3970136904824,0.1750467414529915,0.03005190792246762,0.2082705701518263,52.10648224494283,-0.5165567010309279,40,134
Zamfara,Birnin Magaji,2,Conflict-Affected / Nomadic,1.0,106.0,1.998521866,0.563714695,0.123525418,0.352029437,0.381846042,0.539135,0.190348779259211,21.9071446908669,0.2158267009689147,0.04876271787896214,0.4631312726491905,21.18430836681088,-0.4745228758169935,26,170
Zamfara,Bukkuyum,2,Conflict-Affected / Nomadic,99.0,12332.0,1.608292697,0.574784998,0.108407766,0.332494375,0.340087113,0.483281,0.104672541612826,22.3235142161286,0.1517105102539062,0.04497647603352865,0.1498364088270399,33.40494488022048,-0.5276688172043011,88,579
Zamfara,Bungudu,2,Conflict-Affected / Nomadic,99.0,14744.0,2.119506439,0.585618154,0.116677709,0.355449799,0.297636652,0.585332,0.184516174203707,22.1000659410258,0.2492385917985943,0.06250249164205202,0.3431656259885976,13.75489849878595,-0.4487585227272727,79,422
Zamfara,Gummi,2,Conflict-Affected / Nomadic,55.14,6563.0,1.914796464,0.561895304,0.112968014,0.336297256,0.357401051,0.397838,0.0923560190260442,23.9044762960868,0.1219039590018136,0.03833818163190569,0.13886962890625,44.06928241996744,-0.5639183006535947,33,92
Zamfara,Gusau,2,Conflict-Affected / Nomadic,99.0,21873.0,3.366905428,0.511395468,0.114532847,0.320255945,0.308972093,0.507022,0.19248023751825,23.6772434983252,0.2794657425141671,0.06616752248414805,0.2758147817262461,26.77715105162524,-0.3789157088122606,161,367
Zamfara,Kaura Namoda,2,Conflict-Affected / Nomadic,99.0,16266.0,2.263208552,0.573491991,0.125014633,0.353523548,0.381328121,0.549805,0.208487313096849,22.124671904386,0.1901215263034986,0.05149883463762808,0.587829147560009,15.45913106540084,-0.3910136054421769,80,217
Zamfara,Maradun,2,Conflict-Affected / Nomadic,95.06,11360.0,1.540578948,0.608855266,0.120130911,0.364438975,0.346665711,0.442796,0.267369519874924,20.8827860091079,0.1595885640098935,0.03455106417338053,0.3292841003054664,49.40582510964912,-0.5438511326860842,93,692
Zamfara,Maru,2,Conflict-Affected / Nomadic,99.0,16708.0,1.850870962,0.564964603,0.107452599,0.321448564,0.345847747,0.502184,0.0958634439648567,22.4973781363312,0.32912145466565,0.08292910606349439,0.3111300185390803,42.19817114184244,-0.517654501216545,149,1061
Zamfara,Shinkafi,2,Conflict-Affected / Nomadic,1.0,78.0,2.062608114,0.583563439,0.12516572,0.364717715,0.380813286,0.390775,0.323236183678782,23.2262725493577,0.1604240417480469,0.03651049477713449,0.5572208949497768,20.65479423504446,-0.5157751937984496,51,177
Zamfara,Talata Mafara,2,Conflict-Affected / Nomadic,99.0,12293.0,1.8053445,0.584018585,0.114815176,0.345606481,0.319111108,0.554036,0.201534912866907,21.7151827662326,0.1794847176999462,0.03650354365913235,0.2294962357501594,24.7394160812845,-0.4581322314049587,49,166
Zamfara,Tsafe,2,Conflict-Affected / Nomadic,85.09,13078.0,2.209974227,0.596427135,0.119760321,0.37032295,0.303124869,0.565074,0.11050765663646,23.5960423551223,0.2922443237304688,0.05752741241455078,0.2687359619140625,20.96402246014931,-0.4399736842105264,137,348
Zamfara,Zurmi,2,Conflict-Affected / Nomadic,99.0,16756.0,1.770033034,0.600343967,0.128387952,0.371709658,0.400366286,0.486278,0.239659327572133,22.0875011711378,0.1788811623295651,0.04004344759108145,0.489764829225178,29.03882095174891,-0.5202118644067797,102,387
