national_rank,zone,state,lga,rate_2026,rate_lo95,rate_hi95,children_2026,children_lo95,children_hi95,p_top155,rate_capped_99,penta1_doses_best_year,penta1_best_year,pop2022,ihme_zd_2018
1,North West,Zamfara,Bukkuyum,87.79678801098468,70.79844286968554,99.0,13589.0,10987.429818784369,15147.70580373646,1.0,False,12113.0,2024,384900.0,82.73
2,North West,Zamfara,Bakura,99.0,80.5620252802771,99.0,13253.0,10813.55933825454,13257.09918879951,1.0,True,9394.0,2024,332900.0,79.92
3,North West,Sokoto,Tambuwal,83.23751281283207,68.22094356387228,96.70253104294437,12738.0,10527.204560802624,14550.887860663583,1.0,False,8082.0,2024,389900.0,80.37
4,North West,Zamfara,Birnin Magaji,92.81534461165995,74.84535621162622,99.0,12223.0,9883.270023080655,12961.85641723293,1.0,False,10986.0,2024,327500.0,80.8
5,North West,Zamfara,Maradun,81.19295532349453,65.47317890686567,94.21636145746236,12057.0,9749.160771055045,13811.722703684081,1.0,False,13596.0,2024,369300.0,84.25
6,North West,Zamfara,Maru,57.47170331657606,46.34460093657466,66.69020423849155,12052.0,9744.912785573755,13805.704544901533,1.0,False,18923.0,2024,521500.0,80.16
7,North West,Zamfara,Zurmi,56.64344109144244,45.676698645890575,65.72908818016066,11913.0,9632.098007547216,13645.878846303312,1.0,False,19109.0,2024,523000.0,79.03
8,North West,Sokoto,Sokoto North,75.1880870389492,61.62368467320315,87.35098004781678,11869.0,9809.160347708237,13558.3944818764,1.0,False,9128.0,2024,402200.0,63.91
9,North West,Zamfara,Talata Mafara,75.60886483791619,60.97022475354391,87.73657899968322,11666.0,9432.65807915162,13363.330527352526,1.0,False,14850.0,2024,383700.0,82.23
10,North West,Zamfara,Kaura Namoda,55.26300404955305,44.56352816141709,64.12722808294254,11282.0,9122.444454358729,12923.848128286452,1.0,False,19419.0,2024,507700.0,82.67
11,North West,Kaduna,Kaduna North,53.81708260034696,37.5113308762131,70.48405180401647,11187.0,7796.388121570697,14653.33901570045,1.0,False,15502.0,2024,538600.0,21.86
12,North West,Kebbi,Maiyama,79.73250187802263,63.2316505268014,94.73823314424325,10928.0,8721.292789328561,12813.900272760526,1.0,False,8761.0,2024,296900.0,79.9
13,North West,Sokoto,Bodinga,86.8158904274167,71.15375941871085,99.0,10253.0,8473.48653793589,11496.121604212758,1.0,False,7617.0,2024,300900.0,76.76
14,North West,Zamfara,Anka,99.0,82.45441510388201,99.0,10171.0,8494.333671511233,10191.31683142633,1.0,True,8867.0,2024,255500.0,82.49
15,North West,Sokoto,Shagari,95.55020998129532,78.3123529568652,99.0,10156.0,8393.073724142103,10476.8407645001,1.0,False,6482.0,2024,270800.0,82.2
16,North West,Kebbi,Arewa,67.20264420938453,53.29487991767205,79.85024456849759,10058.0,8026.655975591565,11793.29391633762,1.0,False,10645.0,2024,324200.0,64.32
17,North West,Kaduna,Chikun,46.0716572872132,32.11265079807591,60.339894361124145,9780.0,6815.590287252085,12809.926021371477,1.0,False,19485.0,2024,550000.0,33.19
18,North West,Zamfara,Gummi,65.97252368098516,53.19957659741293,76.55456206297346,9757.0,7889.407666075551,11176.993952512563,1.0,False,17014.0,2024,367800.0,81.83
19,North West,Sokoto,Isa,94.87301163702985,77.7573254402506,99.0,9659.0,7982.765851982695,10030.294152955888,1.0,False,6570.0,2024,259400.0,84.06
20,North West,Kebbi,Suru,82.46592624204081,65.39938551637262,97.98609052462089,9658.0,7707.797315008731,11324.805679958963,1.0,False,8350.0,2024,253700.0,76.22
21,North West,Zamfara,Shinkafi,99.0,83.16899873746337,99.0,9630.0,8111.885995316231,9653.368174296864,1.0,True,8668.0,2024,241900.0,84.18
22,North West,Zamfara,Bungudu,51.33989103695775,41.39996946199408,59.57484503246133,9501.0,7681.9439148144065,10883.078212401642,1.0,False,20300.0,2024,460200.0,75.7
23,North West,Sokoto,Dange-Shuni,72.03295838953049,59.03776101624872,83.68545814724096,9440.0,7801.684846842332,10783.62642950161,1.0,False,9538.0,2024,333900.0,75.24
24,North West,Kaduna,Jema'A,59.289246002596094,41.32551258343831,77.65092577948693,9405.0,6554.275616323192,12318.784174250886,1.0,False,12688.0,2024,411000.0,22.159999999999997
25,North West,Zamfara,Tsafe,49.11783270178742,39.608124069244845,56.996367005003776,9380.0,7584.2203132884415,10744.632317664806,1.0,False,20799.0,2024,474900.0,70.86
26,North West,Kebbi,Dandi,80.1248912636116,63.542833895134,95.20447057840938,9240.0,7373.864699045305,10834.169791204815,1.0,False,8702.0,2024,249800.0,64.32
27,North West,Kaduna,Kaduna South,39.60384794965786,27.60448862386443,51.86902625792057,9095.0,6338.132312050059,11912.542070330359,1.0,False,22811.0,2024,595000.0,20.42
28,North West,Sokoto,Sokoto South,67.70812350910776,55.493153466959946,78.66101105425655,9068.0,7493.600433959584,10357.786718913389,1.0,False,10100.0,2024,341200.0,64.42
29,North East,Bauchi,Misau,39.8040326792808,26.468463385307626,54.67975280693327,8906.0,5911.872226578155,12246.068549777721,0.9995,False,12688.0,2024,466800.0,55.06
30,North West,Kebbi,Gwandu,74.71789854354645,59.25483256539826,88.77987678218794,8903.0,7104.735767831605,10438.747762797888,1.0,False,9515.0,2024,258100.0,77.06
31,North West,Sokoto,Wamako,72.19456253986658,59.17021076453175,83.873204390929,8767.0,7245.452783787813,10014.79265912461,1.0,False,9517.0,2024,309400.0,65.11
32,North West,Kebbi,Jega,55.15828527206842,43.74313279817457,65.53912603841515,8604.0,6866.481049531954,10088.68817030926,1.0,False,12456.0,2024,337900.0,77.73
33,North West,Kebbi,Augie,92.86757029392508,73.64838192437597,99.0,8523.0,6801.672872864666,9047.598003252493,1.0,False,6786.0,2024,198800.0,72.53999999999999
34,North East,Bauchi,Shira,41.64714318864627,27.69407545897094,57.21167784729291,8340.0,5536.314707551682,11468.12495659478,0.9985,False,11816.0,2024,417800.0,62.14
35,North West,Kaduna,Zangon Kataf,44.941832505156775,31.32514561971846,58.860166649770775,8175.0,5697.117379785305,10707.752240715086,0.997,False,20066.0,2024,471300.0,18.03
36,North West,Kebbi,Bunza,83.50343038020829,66.22217543942153,99.0,8138.0,6494.2324244246465,9486.19194101124,1.0,False,8194.0,2024,211100.0,77.67
37,North West,Kebbi,Ngaski,81.44172343897804,64.58714418208072,96.76913179815337,8098.0,6462.907376220301,9495.731033397762,1.0,False,8504.0,2024,215400.0,65.87
38,North East,Bauchi,Alkaleri,28.707323763949706,19.089491611531944,39.435938057061534,8066.0,5354.33622297124,11091.168061833429,0.996,False,17938.0,2024,586200.0,45.26
39,North East,Bauchi,Itas/Gadau,40.90102161776782,27.197927452086592,56.18671277934916,8001.0,5310.896871078179,11001.18619811033,0.995,False,12169.0,2024,408100.0,57.46
40,North West,Kebbi,Argungu,50.46956464765767,40.024755261318845,59.9679838165995,7970.0,6360.890363102676,9345.840889379924,1.0,False,13161.0,2024,342100.0,68.49
41,North West,Katsina,Mai'Adua,48.67764362539506,33.52326956149746,64.7719267325682,7812.0,5380.22112360631,10395.384847052397,0.997,False,9991.0,2024,360700.0,44.54
42,North East,Bauchi,Katagum,30.954143111949122,20.58355770591738,42.522447595940335,7763.0,5152.922836153456,10673.9529991119,0.9925,False,16875.0,2024,523200.0,61.45
43,North West,Sokoto,Yabo,99.0,82.56966629453409,99.0,7733.0,6503.029301230598,7743.119410653096,1.0,True,5807.0,2024,199000.0,80.75
44,North West,Kebbi,Zuru,59.022323119987064,46.80749783209397,70.13037941554263,7697.0,6142.851673733093,9025.484023869814,1.0,False,11875.0,2024,282500.0,61.48
45,North West,Kebbi,Koko/Besse,62.919614305667494,49.898234337905976,74.76114443963338,7683.0,6131.221493667869,9008.396193990697,1.0,False,11289.0,2024,264500.0,78.2
46,North West,Kaduna,Kagarko,55.818097575796266,38.906068963183515,73.10477437713627,7609.0,5302.768604441787,9966.57232439626,0.9935,False,14473.0,2024,353200.0,24.680000000000007
47,North West,Sokoto,Kebbe,91.10994356491827,74.67313844451714,99.0,7603.0,6283.039209390531,8183.278849498857,1.0,False,7059.0,2024,212600.0,80.59
48,North West,Kebbi,Fakai,79.97192590990743,63.42152512442808,95.02271700237851,7553.0,6028.072427630196,8856.842762938317,1.0,False,8725.0,2024,204600.0,71.86
49,North West,Kaduna,Kachia,51.99497275389795,36.24129240440427,68.09764067572368,7487.0,5217.87360656573,9807.01187599154,0.993,False,16439.0,2024,373100.0,35.08
50,North East,Bauchi,Gamawa,29.804312702436718,19.818955678310914,40.94289802947743,7256.0,4816.421004644295,9976.910786788563,0.9835,False,17419.0,2024,507900.0,61.22
51,North West,Kebbi,Yauri,91.02533538192256,72.18740238152625,99.0,7219.0,5761.303110168052,7806.418667978448,1.0,False,7063.0,2024,171800.0,64.8
52,North West,Sokoto,Gwadabawa,45.46061881284071,37.259238119995864,52.814611506537815,7132.0,5894.0012478767685,8146.792504422205,1.0,False,12991.0,2024,399700.0,79.58
53,North West,Sokoto,Tangaza,91.12533443637885,74.68575270625837,99.0,7085.0,5855.50482111343,7625.327162524203,1.0,False,7057.0,2024,198100.0,78.19
54,North West,Sokoto,Silame,99.0,89.20476797042694,99.0,7014.0,6372.463831477012,7060.593376150484,1.0,True,4755.0,2024,180500.0,79.57
55,North East,Gombe,Billiri,49.217147887790006,27.944520349013988,73.3744645545947,7005.0,3977.457493135045,10443.686640616901,0.925,False,7561.0,2024,339400.0,26.090000000000003
56,North West,Sokoto,Binji,99.0,91.94206276827626,99.0,6994.0,6549.812282406748,7049.843625001962,1.0,True,4321.0,2024,180000.0,81.05
57,North West,Kaduna,Kauru,55.3902809629694,38.60787423127535,72.54446440037596,6988.0,4870.296926283384,9153.740277565415,0.9835,False,14693.0,2024,326900.0,36.67
58,North West,Sokoto,Kware,76.15771194096568,62.41838316290134,88.47745750994497,6917.0,5716.33897839147,7901.224581293097,1.0,False,9002.0,2024,231400.0,77.25
59,North West,Katsina,Ingawa,51.17279043733143,35.241624702427416,68.09204361689143,6883.0,4740.254758140496,9158.874951762577,0.99,False,9140.0,2024,302300.0,58.31
60,North West,Katsina,Kankara,35.42785697070598,24.39842011160035,47.14136480512206,6852.0,4719.097594250843,9117.996174505617,0.9895,False,14510.0,2024,434700.0,60.43
61,North East,Bauchi,Darazo,31.469875869156894,20.926504203593815,43.230922033839136,6732.0,4468.780613336115,9256.795753941235,0.968,False,16631.0,2024,446300.0,66.31
62,North East,Bauchi,Tafawa-Balewa,35.45623644331202,23.577311968420656,48.70708100874543,6716.0,4458.375960512151,9235.243175191978,0.9675,False,14745.0,2024,395200.0,
63,North West,Sokoto,Illela,66.01512764844406,54.10558467542342,76.69414564419148,6714.0,5548.193669690461,7668.811169254443,0.999,False,10320.0,2024,259100.0,75.57
64,North East,Bauchi,Ningi,20.15757375204221,13.404169549641916,27.690941740255596,6660.0,4420.930153592638,9157.676559936568,0.962,False,21983.0,2024,689300.0,50.52
65,North West,Kebbi,Kalgo,99.0,83.358357875229,99.0,6631.0,5618.918254975913,6653.266395887273,1.0,True,4945.0,2024,145100.0,76.2
66,North West,Kano,Minjibir,44.157529297831246,32.05441030182441,56.252326303731294,6562.0,4760.024469306001,8363.559675055341,0.9965,False,10685.0,2024,361200.0,40.52
67,North West,Kaduna,Kubau,40.774509772029575,28.42045784481311,53.40223810341923,6526.0,4548.097167030215,8548.164691859125,0.9665,False,22209.0,2024,414700.0,49.05
68,North West,Katsina,Musawa,48.237841014595475,33.22038675169782,64.18671224061933,6520.0,4490.555490670276,8676.418948236811,0.98,False,10141.0,2024,303800.0,54.2
69,North West,Katsina,Baure,40.31846200279746,27.766476956572333,53.648949955593444,6507.0,4481.010367508795,8657.976355191562,0.98,False,12842.0,2024,362700.0,37.22
70,North West,Kaduna,Birnin Gwari,43.777004545687255,30.51324269056853,57.334595394864316,6454.0,4497.967937141543,8453.946627198857,0.96,False,20665.0,2024,382000.0,66.02000000000001
71,North West,Sokoto,Gudu,99.0,91.01491453029503,99.0,6400.0,5932.6437456192325,6448.741220953173,1.0,True,4468.0,2024,164700.0,67.06
72,North West,Sokoto,Sabon Birni,45.07584702632623,36.94388157646483,52.36759664061393,6336.0,5235.871138886757,7237.113457308691,0.9955,False,13041.0,2024,358100.0,80.89
73,North West,Katsina,Sandamu,58.121671687965005,40.02717309726171,77.33843258968349,6328.0,4358.09308709108,8420.481946515898,0.972,False,6770.0,2024,244700.0,38.64
74,North West,Kebbi,Sakaba,86.61594279471073,68.69054520856831,99.0,6266.0,5000.369653192062,7083.40172569164,0.99,False,7726.0,2024,156700.0,71.94
75,North West,Katsina,Mani,44.628527588633474,30.73472849260879,59.38405197669232,6257.0,4309.088342380617,8325.797514613712,0.967,False,11372.0,2024,315100.0,62.49
76,North East,Bauchi,Giade,46.59521853546344,30.98439411085835,64.00896743385478,6222.0,4130.375943721911,8555.811933108715,0.93,False,9475.0,2024,278600.0,59.82
77,North West,Kaduna,Sabon Gari,37.301416724262346,25.999658793958726,48.85353983753782,6198.0,4319.221074601502,8117.991267620843,0.9435,False,23995.0,2024,430500.0,39.28
78,North West,Kano,Makoda,41.13730862731318,29.862000669440558,52.40486379011642,6127.0,4444.277038918225,7808.778393294707,0.9895,False,11783.0,2024,362000.0,40.69
79,North West,Katsina,Zango,48.7098958168537,33.54548096754944,64.81484246197779,6045.0,4162.844141446755,8043.232037204831,0.952,False,9980.0,2024,278900.0,32.480000000000004
80,North West,Kaduna,Kaura,60.50657872818529,42.17401213877698,79.2452623497231,6025.0,4198.83930384778,7891.733304233407,0.928,False,12062.0,2024,258000.0,15.069999999999993
81,North West,Katsina,Kaita,41.142358893695366,28.333877420263654,54.745251770510976,5968.0,4109.899711270644,7940.935548911119,0.946,False,12561.0,2024,326000.0,58.91
82,North West,Kano,Gaya,42.32834282616047,30.726584795872444,53.92212359739806,5941.0,4308.932226003321,7570.971964604641,0.9835,False,11350.0,2024,341100.0,49.19
83,North Central,FCT,Bwari,19.752373737344257,8.917430518747437,33.99165815381284,5938.0,2551.634259332643,10402.86306160528,0.717,False,19386.0,2024,500100.0,12.010000000000005
84,North East,Gombe,Shongom,55.94270538974182,31.763158497251368,83.40113618664343,5931.0,3367.423984214758,8841.909923094317,0.8125,False,4917.0,2024,252800.0,21.33
85,North Central,Niger,Rafi,50.59954644638231,35.15995284337305,66.1805774189474,5915.0,4109.869105524595,7735.889514174246,0.913,False,11480.0,2024,319200.0,47.18
86,North West,Kebbi,Shanga,58.96246711201586,46.760029182687305,70.05925845100883,5912.0,4718.13915155041,6932.202142662898,0.971,False,11884.0,2024,217200.0,72.97
87,North West,Kaduna,Jaba,66.23543209813056,46.167110685147094,86.74832231124978,5890.0,4104.684671179539,7714.769339526562,0.91,False,9116.0,2024,230400.0,15.86
88,North West,Katsina,Kankia,48.84770063490424,33.64038424795332,64.9982096694551,5881.0,4050.385444681499,7825.945162666634,0.9345,False,9933.0,2024,270600.0,57.04
89,North West,Katsina,Mashi,43.191839060021465,29.745311313929967,57.47235130299269,5875.0,4045.959871227312,7817.394298646694,0.9325,False,11862.0,2024,305700.0,59.4
90,North West,Kano,Dawakin Tofa,35.11612188071573,25.491158515261855,44.73446721242706,5850.0,4243.37098359349,7455.778152723808,0.9765,False,13972.0,2024,404900.0,40.73
91,North East,Gombe,Funakaye,34.489092692517325,19.582222739976746,51.417418885320046,5757.0,3268.451972647196,8582.037208731652,0.78,False,13351.0,2024,398000.0,70.73
92,North West,Katsina,Kafur,34.18761360825112,23.544290587965364,45.49105993782626,5692.0,3920.098739050134,7574.21193193562,0.903,False,14933.0,2024,374200.0,43.07
93,North West,Katsina,Batagarawa,37.855567382319734,26.070333221694348,50.37174880067979,5691.0,3919.6057641600332,7573.259431362725,0.9,False,13682.0,2024,337900.0,58.12
94,North West,Katsina,Bindawa,47.29373141007901,32.570198319994596,62.93045179790244,5680.0,3911.38801995966,7557.381531258828,0.894,False,10463.0,2024,269900.0,65.22
95,North East,Gombe,Balanga,38.218165044204675,21.699516055149214,56.976836666176126,5675.0,3222.352332496536,8460.992496925264,0.763,False,11885.0,2024,354100.0,33.41
96,North West,Katsina,Sabuwa,50.3840777552975,34.69845486352007,67.0425589613298,5636.0,3881.35193063334,7499.347353727058,0.8855,False,9409.0,2024,251400.0,66.61
97,North West,Sokoto,Gada,33.31722123044381,27.306585606156588,38.70682233798016,5622.0,4645.975869979102,6421.749809928704,0.958,False,14569.0,2024,429900.0,69.44
98,North West,Kano,Ajingi,47.65361351661853,34.59225423876417,60.705991927414786,5566.0,4037.5499541861914,7094.142099604897,0.95,False,9414.0,2024,283900.0,46.99
99,North East,Gombe,Kaltungo,49.209516771108525,27.940187552325366,73.36308784699405,5543.0,3147.2582080040047,8263.816409913628,0.7265,False,7564.0,2024,268600.0,32.14
100,North West,Kano,Gabasawa,38.39490424798122,27.871260775554695,48.91131176272662,5488.0,3980.7057929452867,6994.2645595245,0.9395,False,12780.0,2024,347400.0,42.31
101,North West,Jigawa,Malam Madori,40.961399783998004,25.910114887486174,57.48907146074048,5476.0,3464.1814460442415,7686.28682541248,0.8205,False,9429.0,2024,283400.0,44.86
102,North East,Bauchi,Dambam,42.361559876909496,28.16914068935879,58.193089158808476,5446.0,3614.9128769097974,7488.062866631769,0.81,False,11478.0,2024,268200.0,53.68
103,North West,Kaduna,Igabi,21.993360468929943,15.329709114045096,28.804630123641672,5402.0,3764.68561178331,7075.739906324294,0.8085,False,31867.0,2024,636400.0,37.98
104,North East,Bauchi,Jama'Are,53.650611746773,35.676014640546576,73.70113003101132,5395.0,3581.3542364136497,7418.548270205685,0.7905,False,6137.0,2024,209800.0,51.61
105,North West,Kaduna,Sanga,62.3967503084931,43.491490681571186,81.72081370159138,5390.0,3756.029588664387,7059.470880294358,0.8005,False,11090.0,2024,223800.0,24.019999999999996
106,North West,Kano,Wudil,42.2045632904835,30.63673194208622,53.7644407074958,5388.0,3908.389737232794,6867.202261564456,0.92,False,11395.0,2024,310300.0,47.14
107,North West,Kano,Dawakin Kudu,35.22889879099919,25.573024448711525,44.87813384544911,5376.0,3899.532812991413,6851.6402797074525,0.9155,False,13931.0,2024,370900.0,47.08
108,North Central,Niger,Paikoro,54.037330079277105,37.548755093732794,70.67695183027672,5369.0,3730.4580474282216,7021.73489013912,0.819,False,10476.0,2024,271300.0,39.84
109,North West,Katsina,Dutsi,55.73500952002587,38.383529049415664,74.16266861337432,5359.0,3690.68757385198,7130.955549780269,0.815,False,7584.0,2024,216100.0,54.04
110,North East,Borno,Kukawa,47.248777879083484,28.37172771453002,69.01147225443343,5353.0,3201.6351884036144,7831.332560197792,0.7315,False,6275.0,2024,297900.0,75.3
111,North Central,Niger,Shiroro,36.04032731583589,25.04323255599296,47.138163079333545,5335.0,3706.837256609537,6977.274148612063,0.808,False,15732.0,2024,404200.0,37.74
112,North West,Kano,Kabo,51.40825943215326,37.31779080361293,65.48903958778297,5328.0,3864.717424636653,6790.468203808919,0.9,False,8049.0,2024,251900.0,43.46
113,North West,Kano,Gezawa,27.77186943054888,20.159889190612628,35.378615744893665,5305.0,3848.225173808587,6761.490637650187,0.894,False,16642.0,2024,464300.0,34.599999999999994
114,North West,Katsina,Jibia,39.69394229546204,27.336383366656843,52.817945377026064,5284.0,3639.23632947633,7031.544117822968,0.7855,False,13055.0,2024,299200.0,51.14
115,North West,Katsina,Faskari,34.12310922533385,23.499867775861414,45.40522847900709,5275.0,3632.476777163793,7018.483660628321,0.7755,False,14955.0,2024,347400.0,64.19
116,North East,Gombe,Nafada,53.32523236799129,30.277009233054596,79.49892547961691,5249.0,2980.0469911925893,7824.766701855469,0.6495,False,5946.0,2024,234700.0,67.97999999999999
117,North West,Kebbi,Aleiro,99.0,89.10733874781445,99.0,5237.0,4743.885977031854,5268.060640431782,0.933,True,3855.0,2024,114600.0,75.67
118,North West,Kano,Garko,47.49682610476104,34.4784406239683,60.50626026687195,5206.0,3776.204347959369,6634.947070758705,0.864,False,9471.0,2024,266400.0,46.45
119,North West,Kano,Bagwai,47.57659513886397,34.536345796408305,60.607878129253386,5201.0,3772.6072100209535,6628.626750768474,0.8585,False,9442.0,2024,265700.0,41.71
120,North Central,Niger,Mashegu,38.31734535953612,26.625457154089798,50.116339357753866,5179.0,3598.8019090559055,6773.922292180219,0.7655,False,15067.0,2024,369100.0,68.06
121,North West,Kano,Danbatta,36.26314557798898,26.32379496034752,46.1956619921879,5165.0,3746.702540828871,6583.11117662645,0.851,False,13555.0,2024,346200.0,36.6
122,North West,Kano,Bichi,27.359270978292315,19.860379677991883,34.853006111886174,5152.0,3737.1636086605827,6566.350878661549,0.839,False,16792.0,2024,457700.0,46.94
123,North West,Katsina,Rimi,41.781538688057445,28.77406710383913,55.59576349881,5120.0,3525.92282029363,6812.605618965394,0.72,False,12343.0,2024,275400.0,64.6
124,North West,Kano,Tudun Wada,33.03662568134264,23.981630571653305,42.085394662069284,5112.0,3708.1363407981808,6515.348769631129,0.819,False,14728.0,2024,376100.0,49.16
125,North West,Kano,Albasu,40.262599908529275,29.22704050268459,51.29057136814054,5112.0,3708.125421788507,6515.329584479963,0.813,False,12101.0,2024,308600.0,50.08
126,North East,Bauchi,Kirfi,40.985567971408436,27.2541481894106,56.30285612982438,5110.0,3391.863977601892,7026.0312113133205,0.6815,False,12129.0,2024,260100.0,54.07
127,North Central,Niger,Suleja,37.7831877432696,26.254288676942274,49.417699508981585,5104.0,3546.7104548829325,6675.87203224053,0.7305,False,15223.0,2024,368900.0,16.92
128,North West,Kano,Bebeji,39.26411165406839,28.502227482142395,50.0185960562624,5099.0,3698.1919458709035,6497.876056845112,0.8,False,12464.0,2024,315600.0,52.97
129,North East,Gombe,Dukku,34.934241165604156,19.834969213479603,52.081060162025246,5094.0,2892.2329589047376,7594.191708295836,0.6025,False,13176.0,2024,347700.0,73.03999999999999
130,North East,Bauchi,Warji,51.75043244870011,34.412453569189566,71.09080822908089,5093.0,3380.4152342526822,7002.31586522838,0.669,False,7036.0,2024,205300.0,46.3
131,North West,Kano,Tsanyawa,47.628857609483134,34.57428366800692,60.67445534943433,5083.0,3687.2010142185486,6478.564535790616,0.7845,False,9423.0,2024,259400.0,40.24
132,North West,Kaduna,Kudan,63.95633632434377,44.57854602243638,83.76339825323576,5068.0,3531.6648092891814,6637.776484876627,0.691,False,10288.0,2024,205300.0,46.57
133,North West,Katsina,Dutsin-Ma,37.29262004049625,25.682643225150812,49.62267425098525,5036.0,3468.215124705826,6701.105795725849,0.6745,False,13874.0,2024,303500.0,55.66
134,North West,Jigawa,Kiri Kasamma,32.17805580639989,20.354214631245853,45.16170246810014,5028.0,3180.358842723945,7056.544425762435,0.6985,False,12319.0,2024,331200.0,47.2
135,North West,Jigawa,Jahun,26.905010200471622,17.018752020665588,37.76101554691294,5017.0,3173.8468844650656,7042.09576602782,0.687,False,14054.0,2024,395300.0,41.17
136,North West,Kano,Fagge,37.00582279205079,26.86291208306486,47.14175933160139,5011.0,3634.5832847694664,6386.11301100308,0.74,False,13285.0,2024,329100.0,18.599999999999994
137,North West,Kano,Kura,51.576049469404275,37.43959133874537,65.70278750520603,4993.0,3621.818467016,6363.684698772599,0.727,False,7988.0,2024,235300.0,39.26
138,North Central,Niger,Edati,48.781356098705885,33.896552450005494,63.802514856780185,4896.0,3402.3688101120433,6404.181867037748,0.6435,False,12011.0,2024,274100.0,40.32
139,North West,Jigawa,Babura,28.312168768508965,17.908849535765683,39.73595390109719,4891.0,3093.979802888946,6864.887583816791,0.6315,False,13591.0,2024,366200.0,37.54
140,North East,Bauchi,Zaki,29.880404420713276,19.869554341902518,41.04742704490512,4851.0,3220.0957479888484,6670.224212464698,0.5695,False,17383.0,2024,338700.0,56.99
141,North West,Katsina,Dan Musa,53.87317846764093,37.10132515459719,71.68526059745747,4849.0,3339.588202053332,6452.5795117785365,0.5805,False,8219.0,2024,202300.0,64.32
142,North West,Kano,Karaye,49.69460052711433,36.07382796119478,63.306007578691855,4844.0,3513.4270646271075,6173.236526081881,0.6505,False,8672.0,2024,236900.0,44.23
143,North West,Kano,Kibiya,51.551293562268874,37.421620767988124,65.67125092722559,4836.0,3507.769860683507,6163.296584999358,0.6325,False,7997.0,2024,228000.0,50.11
144,North West,Kano,Madobi,51.61730931462992,37.469542290007446,65.75534846850678,4808.0,3487.614402399226,6127.882611977651,0.6025,False,7973.0,2024,226400.0,41.09
145,North West,Kano,Warawa,53.83983964411861,39.08290019799118,68.58663235830714,4805.0,3485.1380656794213,6123.531586039618,0.588,False,7165.0,2024,216900.0,38.26
146,North West,Katsina,Batsari,29.068311218543858,20.018734681897573,38.67916325154147,4805.0,3309.0479126572764,6393.571144962646,0.5525,False,16679.0,2024,371500.0,57.17
147,North West,Jigawa,Auyo,44.60846302729133,28.217063090769347,62.60770218432816,4786.0,3027.1484304204523,6716.60288634074,0.5905,False,8229.0,2024,227400.0,49.24
148,North West,Kano,Kano Municipal,19.033034211754853,13.816277713305288,24.24620371779494,4782.0,3468.338733843824,6094.014465862176,0.5605,False,19819.0,2024,610600.0,
149,North West,Kano,Rano,47.22726178262008,34.28276107572273,60.162861973307045,4739.0,3437.6467293521246,6040.087345787767,0.5305,False,9569.0,2024,243900.0,53.74
150,North Central,Niger,Magama,41.52913923170276,28.857226587194816,54.31713537152569,4734.0,3289.656362821628,6192.026439036704,0.5565,False,14129.0,2024,311300.0,64.77000000000001
151,North Central,FCT,Gwagwalada,22.75467041055649,10.272851003193795,39.15827982416003,4733.0,2033.709530255271,8291.314349988563,0.483,False,16000.0,2024,346000.0,24.03
152,North West,Kano,Gwarzo,38.03731892269221,27.61168586461672,48.455783414120134,4726.0,3428.258162536074,6023.591245959791,0.5055,False,12910.0,2024,302000.0,42.66
153,North West,Kaduna,Soba,28.342547927474193,19.75519002168204,37.12013955147081,4706.0,3279.56502825833,6163.954055871557,0.528,False,28602.0,2024,430200.0,60.95
154,North West,Kano,Bunkure,39.654704855537936,28.785763154090034,50.5161731755095,4681.0,3395.329665222842,5965.734515586874,0.4615,False,12322.0,2024,286900.0,50.09
155,North Central,Niger,Bida,39.947210906605754,27.757996866411748,52.24808658862315,4656.0,3235.5013453955007,6090.091992783036,0.514,False,14591.0,2024,318300.0,44.0
156,North West,Jigawa,Maigatari,32.3999188203669,20.494553980278912,45.47308583711838,4654.0,2944.131574841121,6532.406021001824,0.5245,False,12246.0,2024,304500.0,40.12
157,North West,Jigawa,Gwiwa,44.36532547773844,28.0632665438838,62.26646013608899,4634.0,2931.21236795582,6503.741030087257,0.5005,False,8309.0,2024,221400.0,42.79
158,North West,Kebbi,Danko/Wasagu,22.03796086133716,17.477146793151118,26.185525663036504,4611.0,3679.5659051720136,5406.261628277931,0.4855,False,17436.0,2024,453200.0,74.41
159,North West,Jigawa,Kaugama,44.052285882689105,27.865253489768666,61.82711099898106,4610.0,2915.788284869187,6469.518248033441,0.481,False,8412.0,2024,221800.0,39.78
160,North West,Katsina,Safana,31.170567698165915,21.466514512739845,41.47648852305706,4591.0,3161.52879617598,6108.542341705523,0.441,False,15962.0,2024,331000.0,59.95
161,North West,Sokoto,Tureta,99.0,84.0707634417418,99.0,4589.0,3929.4972926880932,4602.638626076309,0.33,True,5569.0,2024,118100.0,75.49
162,North West,Jigawa,Kazaure,35.09570640103456,22.199773193872392,49.25660704697028,4588.0,2902.127643353144,6439.208170300256,0.468,False,11359.0,2024,277100.0,32.870000000000005
163,North Central,Niger,Rijau,41.30999764554213,28.70495234015993,54.030513895106296,4572.0,3176.640831362732,5979.300524341152,0.464,False,14193.0,2024,302200.0,66.37
164,North Central,Niger,Bosso,49.06213125597419,34.091653829018945,64.16974862344254,4565.0,3172.2657236827945,5971.065383815844,0.4505,False,11929.0,2024,254100.0,32.150000000000006
165,North West,Kaduna,Makarfi,54.56381705182658,38.03181622645278,71.46204739981627,4561.0,3178.8508189663594,5974.6613437283195,0.462,False,15118.0,2024,216600.0,44.66
166,North East,Borno,Ngala,34.48955964868929,20.710131336113097,50.37538314439294,4545.0,2718.326694958269,6649.139924682093,0.4395,False,12270.0,2024,346500.0,50.77
167,North Central,Kwara,Edu,32.82451172692728,18.07057186954493,48.89497115480684,4531.0,2487.2223039966575,6757.687118283937,0.4395,False,10282.0,2024,302700.0,33.06
168,North West,Katsina,Charanchi,41.541113260820325,28.608491167815323,55.275846243211284,4525.0,3116.1186139124475,6020.803137357019,0.3975,False,12425.0,2024,244800.0,61.67
169,North Central,Niger,Chanchaga,35.60204414351464,24.73868406192319,46.56492012649474,4520.0,3140.850460498729,5911.933329044574,0.411,False,15860.0,2024,346700.0,24.89
170,North West,Kano,Tarauni,30.107176670321035,21.85511303204603,38.353566267716076,4520.0,3278.691631982801,5760.796671742891,0.358,False,15793.0,2024,364900.0,20.700000000000003
171,North East,Gombe,Kwami,32.88147077828377,18.669446904240733,49.020725817447584,4479.0,2542.989236008993,6677.175747868635,0.407,False,13983.0,2024,324800.0,60.33
172,North West,Jigawa,Guri,48.623271814283406,30.756628571216915,68.24246150587763,4471.0,2828.0169869986044,6274.772279619348,0.412,False,6908.0,2024,194900.0,48.07
173,North West,Kano,Shanono,46.83941923749891,34.00122213385924,59.66878891827999,4409.0,3198.336833190254,5619.6099700332425,0.285,False,9710.0,2024,228800.0,41.53
174,North Central,Benue,Konshisha,39.80505493037697,22.280321942507264,59.91574922640523,4385.0,2448.328091929497,6607.4230865266945,0.3945,False,6881.0,2024,327000.0,25.810000000000002
175,North West,Jigawa,Miga,42.079832511941284,26.617579003159676,59.05878488264071,4365.0,2761.3739774098126,6126.905519581967,0.354,False,9061.0,2024,219900.0,38.52
176,North West,Kano,Garum Mallam,54.09840134086606,39.270592825900174,68.91601439499185,4343.0,3149.911693812266,5534.524999236922,0.2345,False,7071.0,2024,195100.0,50.22
177,North West,Kaduna,Zaria,18.66611399371733,13.0105673581594,24.446946622564916,4332.0,3018.9232247381397,5674.076865422566,0.3365,False,33578.0,2024,601300.0,42.94
178,North Central,Niger,Mariga,34.51318438727905,23.982071396968614,45.140769665535856,4327.0,3007.026610042667,5660.040508395404,0.316,False,16178.0,2024,342400.0,76.03999999999999
179,North West,Katsina,Matazu,47.73939805568928,32.877119567258234,63.52346914974397,4320.0,2975.447716303778,5749.006108233756,0.279,False,10311.0,2024,203400.0,58.72
180,North West,Jigawa,Taura,40.3839481038099,25.544848088633007,56.67862159617245,4319.0,2732.0352038580936,6061.808978844518,0.329,False,9619.0,2024,226700.0,32.34
181,North West,Katsina,Malumfashi,29.54916207301807,20.349886553945176,39.31899776273889,4298.0,2959.951034633483,5719.064221810507,0.2555,False,16515.0,2024,326900.0,41.39
182,North West,Kano,Doguwa,42.10553966194193,30.56484965905725,53.63829439557402,4293.0,3113.8466299350066,5471.157191809219,0.2035,False,11431.0,2024,247800.0,46.85
183,North East,Borno,Marte,59.214136493141226,35.55663094046161,86.48805156663488,4270.0,2553.72715809764,6246.52262553476,0.33,False,653.0,2024,189600.0,60.29
184,North West,Katsina,Kurfi,45.8365187596297,31.5666466101918,60.99144111457854,4254.0,2929.883595403855,5660.969471617819,0.2255,False,10960.0,2024,208600.0,60.28
185,North West,Sokoto,Wurno,38.63476732007388,31.664813037755405,44.88456778504817,4251.0,3512.708656070092,4855.327874217842,0.176,False,13878.0,2024,280300.0,82.08
186,North West,Jigawa,Garki,34.59119598571232,21.880645359084888,48.54852979687399,4217.0,2667.375041564338,5918.341738081176,0.2775,False,11525.0,2024,258400.0,34.3
187,North West,Katsina,Kusada,53.893702589478245,37.115459685721184,71.71257060708174,4216.0,2903.229233215108,5609.4692922684935,0.199,False,8212.0,2024,175800.0,54.12
188,North East,Bauchi,Dass,54.59118993102487,36.301470343276144,74.99322480504806,4210.0,2794.767745810192,5789.184218500786,0.263,False,5692.0,2024,160900.0,21.689999999999998
189,North West,Kaduna,Kajuru,67.12217925926262,46.78518703855673,87.90969208126205,4202.0,2928.355840477581,5503.855146770134,0.265,False,8660.0,2024,162200.0,33.260000000000005
190,North Central,Plateau,Pankshin,39.15863566225563,21.651318215336232,60.44952008745398,4174.0,2300.1826602414635,6453.849913203276,0.3435,False,6103.0,2024,279700.0,11.14
191,North West,Jigawa,Sule-Tankarkar,38.159239525400956,24.13760968463026,53.556256854783946,4173.0,2639.606193006735,5856.728529261267,0.249,False,10351.0,2024,231800.0,
192,North West,Kano,Rogo,27.02369090379031,19.616778607727014,34.425510277040075,4162.0,3018.708445431106,5303.995470560585,0.1335,False,16914.0,2024,374300.0,44.85
193,North Central,Niger,Lavun,30.71587158958949,21.343444210067265,40.17415689445595,4047.0,2812.175925164734,5293.278616161254,0.1745,False,17287.0,2024,359800.0,46.35
194,North West,Jigawa,Yankwashi,52.07886423730383,32.94246199382773,73.09236411647696,4042.0,2556.5447705838183,5672.432779511115,0.1925,False,5771.0,2024,164500.0,36.1
195,North West,Jigawa,Gumel,46.79670097326733,29.601232012739256,65.67888061848079,4038.0,2554.2002266590516,5667.230731823599,0.185,False,7509.0,2024,182900.0,32.510000000000005
196,North Central,Kwara,Irepodun,39.74298874481303,21.87933640561996,59.20064567752075,4016.0,2204.6222583178337,5989.8736883217025,0.2635,False,8523.0,2024,221600.0,14.829999999999998
197,North West,Kano,Kunchi,53.87284752029914,39.10686095900084,68.62868112894775,4016.0,2913.2972745933203,5118.783687847246,0.0825,False,7153.0,2024,181200.0,47.27
198,North Central,Plateau,Mangu,23.811714178219194,13.165806014589835,36.75834640787535,4012.0,2210.8204984291815,6203.117660402399,0.275,False,11730.0,2024,442100.0,9.659999999999997
199,North West,Jigawa,Birniwa,34.797862902832264,22.0113724239376,48.83858553787729,4009.0,2535.853898062709,5626.524104303906,0.1725,False,11457.0,2024,244200.0,51.27
200,North West,Jigawa,Ringim,25.351969102702547,16.036376577434176,35.58133196378519,3958.0,2503.424279792583,5554.569632072822,0.15,False,14565.0,2024,330900.0,37.89
201,North West,Jigawa,Hadejia,46.748073463356754,29.57047270336215,65.61063220883295,3954.0,2501.324306360552,5549.910234643519,0.144,False,7525.0,2024,179300.0,36.27
202,North Central,Niger,Katcha,51.42475148176842,35.733360554863786,67.2598864160892,3906.0,2713.9349710420356,5108.362467411245,0.1105,False,11239.0,2024,207400.0,56.26
203,North West,Kano,Tofa,58.37567196259245,42.37550810673522,74.36483425716953,3896.0,2825.7869848381456,4965.0244928539705,0.0475,False,5516.0,2024,162200.0,38.25
204,North West,Kaduna,Giwa,23.368207492878124,16.287998547949947,30.605262639866858,3896.0,2715.289235606504,5103.39571024439,0.1305,False,31160.0,2024,432000.0,58.01
205,North West,Kano,Kiru,21.354588169785117,15.501517904318002,27.203633919517106,3861.0,2800.3217320077947,4920.280991416033,0.037,False,18975.0,2024,439400.0,49.37
206,North Central,Niger,Muya,59.37205806737478,41.25568129498824,77.65439339686148,3859.0,2681.630549701939,5047.5567755778,0.0915,False,8918.0,2024,177500.0,29.709999999999994
207,North West,Kano,Rimin Gado,55.02812318661752,39.94548759433892,70.10038810136872,3849.0,2791.838552044573,4905.375693698734,0.033,False,6733.0,2024,170000.0,42.09
208,North Central,Niger,Gurara,67.25430699458971,46.73279561802422,87.96380962682177,3840.0,2667.9930921536475,5021.887377808902,0.084,False,6616.0,2024,155900.0,23.22
209,North East,Borno,Magumeri,48.22992877219636,28.960884667065493,70.44453932361253,3769.0,2254.442735609086,5514.460505814225,0.144,False,5814.0,2024,205500.0,75.48
210,North West,Zamfara,Gusau,13.64505374794614,11.003233490807046,15.833729797134122,3746.0,3028.828817666824,4290.96870273628,0.0135,False,28765.0,2024,682700.0,68.96000000000001
211,North Central,Kogi,Ofu,34.16689878067382,17.253759821493084,54.876644731759505,3728.0,1878.471209732895,5993.539882810916,0.196,False,7911.0,2024,258100.0,32.099999999999994
212,North Central,Kogi,Bassa,46.08120204473344,23.27030022447495,74.01262167966057,3669.0,1848.3537670267042,5897.44573290191,0.1765,False,4585.0,2024,188300.0,35.379999999999995
213,North Central,Niger,Kontagora,38.42349206533267,26.699214992497314,50.25517163539452,3668.0,2548.9208356501545,4797.761062137137,0.0455,False,15036.0,2024,260700.0,
214,North Central,Kogi,Lokoja,32.562085833500426,16.443353898301307,52.299098828975495,3648.0,1838.0997176646858,5864.728673682083,0.1685,False,8359.0,2024,265000.0,30.159999999999997
215,North Central,Niger,Agaie,43.9328485049021,30.527484734358694,57.46101469100098,3646.0,2533.1899244773194,4768.151216259866,0.039,False,13427.0,2024,226600.0,61.51
216,North West,Kano,Sumaila,21.42060392214616,15.549439426337315,27.287731460798298,3629.0,2632.5384986638046,4625.478917688294,0.009,False,18951.0,2024,411800.0,47.94
217,North Central,Benue,Ukum,33.756096336186594,18.894502097987797,50.81067734936996,3563.0,1989.2815191189752,5368.571589058953,0.1195,False,9185.0,2024,313300.0,28.010000000000005
218,North East,Yobe,Jakusko,24.68627477914314,15.333374334653241,35.00647580610031,3556.0,2203.2831829669753,5048.198652302979,0.082,False,16136.0,2024,365500.0,58.1
219,North Central,Plateau,Bokkos,35.24212966419692,19.48583118489873,54.40357635120466,3547.0,1954.6673231975917,5484.40337031137,0.1335,False,7539.0,2024,264100.0,13.060000000000002
220,North Central,Niger,Wushishi,69.04852873127982,47.97954101562233,90.3105229650056,3545.0,2463.3205302405427,4636.638046287754,0.027,False,6092.0,2024,140200.0,34.209999999999994
221,North Central,Benue,Katsina-Ala,32.288488760599606,18.073029314530164,48.60159090003719,3541.0,1976.8892827467937,5335.128053052013,0.113,False,9744.0,2024,325500.0,
222,North Central,Niger,Lapai,48.01778463442747,33.365971870493325,62.80381814988135,3529.0,2452.268251478405,4615.834656888119,0.0245,False,12234.0,2024,200700.0,51.92
223,North East,Bauchi,Bogoro,48.89487935448824,32.51359816607128,67.16806656678057,3508.0,2328.907807269511,4824.1848877783605,0.0405,False,8387.0,2024,149700.0,16.349999999999994
224,North Central,Kwara,Pategi,46.142284997286104,25.402281203911073,68.73295519909864,3501.0,1922.0130286190144,5222.035305731184,0.104,False,6896.0,2024,166400.0,46.99
225,North West,Jigawa,Gagarawa,52.40709992920024,33.15008733212321,73.55304088159984,3493.0,2209.8270502881037,4903.13940179583,0.0325,False,5663.0,2024,141300.0,33.510000000000005
226,North East,Yobe,Gujba,42.97135991226762,26.690780731347825,60.935717704760926,3456.0,2141.65485608647,4906.9948165423375,0.0585,False,9699.0,2024,204100.0,55.47
227,North Central,Niger,Tafa,64.71705831732373,44.96974535157345,84.64527034515339,3410.0,2369.7255222343356,4460.466829535134,0.012,False,7357.0,2024,143900.0,14.530000000000001
228,North Central,FCT,Kuje,26.63832647336498,12.026171062814301,45.84162386317974,3396.0,1459.4522196851062,5950.101011071575,0.1495,False,11620.0,2024,212100.0,25.010000000000005
229,North East,Borno,Gwoza,22.019791573313224,13.222342648682787,32.16206436278706,3393.0,2029.5203120034682,4964.290921883723,0.053,False,18129.0,2024,405200.0,35.239999999999995
230,North Central,Kwara,Oyun,52.081398298597925,28.67188578007554,77.57978210603325,3368.0,1848.6843923758017,5022.804227855342,0.0705,False,5386.0,2024,141800.0,17.400000000000006
231,North West,Katsina,Danja,33.65398644048095,23.176792778741802,44.78099968759497,3359.0,2313.077718174724,4469.20907322313,0.0065,False,15115.0,2024,224300.0,47.44
232,North Central,Benue,Vandeikya,29.390029434216718,16.450657305697924,44.2387439589578,3353.0,1872.4009512574376,5053.140268803975,0.069,False,10848.0,2024,338700.0,17.209999999999994
233,North East,Yobe,Bade,38.70474536046508,24.040660425640937,54.885426989864506,3352.0,2077.395957781644,4759.763772285891,0.0395,False,11201.0,2024,219800.0,50.14
234,North Central,Kwara,Kaiama,39.45586604878935,21.721269429421284,58.77295139658947,3350.0,1839.0568947779211,4996.646688019051,0.0595,False,8596.0,2024,186200.0,68.05
235,North East,Yobe,Geidam,34.636974363007525,21.514047724061527,49.11710721374489,3343.0,2071.3625160107936,4745.93985130659,0.036,False,12633.0,2024,244900.0,72.58
236,North Central,Kogi,Ibaji,45.92716865917885,23.192515727382883,73.7652233005987,3338.0,1681.7309891512728,5365.811146538915,0.0985,False,4628.0,2024,171900.0,26.489999999999995
237,North East,Taraba,Wukari,22.28389306612824,12.032683090664381,34.90670746444169,3333.0,1799.6393533878224,5220.737883385671,0.084,False,15154.0,2024,374800.0,33.68000000000001
238,North West,Kano,Dala,11.702535043329892,8.494992039076752,14.907872571361796,3316.0,2405.2859317239786,4226.186767581375,0.0005,False,22484.0,2024,688700.0,19.900000000000006
239,North East,Gombe,Yamaltu/Deba,18.38998020013723,10.441465992550727,27.416358083793416,3302.0,1875.0169184791464,4923.267986207103,0.059,False,19680.0,2024,428200.0,
240,North Central,Niger,Borgu,30.370038773929746,21.10313641396534,39.72183237698158,3298.0,2291.334676814205,4312.913974803659,0.0045,False,17388.0,2024,296500.0,67.63
241,North East,Borno,Abadam,58.97363746728057,35.412217197215384,86.13677916139142,3288.0,1966.5393802671001,4810.236948724918,0.034,False,766.0,2024,146600.0,76.74
242,North West,Jigawa,Buji,41.3443414245438,26.152344448830906,58.0265276867172,3263.0,2064.1346074222256,4579.878648395947,0.011,False,9303.0,2024,167300.0,57.94
243,North Central,Kwara,Ifelodun,23.196068441091956,12.769914914279632,34.55256567919364,3255.0,1786.675926348183,4854.3296160661,0.043,False,12730.0,2024,307700.0,23.17
244,North West,Kano,Takai,23.634882282589732,17.156807144068647,30.10850315793853,3241.0,2350.9610562778266,4130.735716738333,0.0005,False,18146.0,2024,333300.0,50.72
245,North Central,Niger,Gbako,40.46424808645348,28.117268918009678,52.92433413455018,3224.0,2240.520125529257,4217.2671927871015,0.0015,False,14440.0,2024,217600.0,42.67
246,North Central,Kwara,Offa,52.447184746956864,28.873258777150568,78.12465290228818,3195.0,1754.0119478201966,4765.582845592152,0.035,False,5293.0,2024,133600.0,15.879999999999995
247,North Central,Plateau,Riyom,43.132416469478144,23.84847323159489,66.5838794354451,3187.0,1756.401930833448,4928.110556084946,0.0575,False,4646.0,2024,193900.0,11.439999999999998
248,North Central,Kwara,Ilorin South,22.24030385021859,12.243746760631968,33.12887101801144,3186.0,1748.688930049283,4751.120411509321,0.0335,False,12973.0,2024,314100.0,14.36
249,North Central,Kwara,Asa,37.23754823293513,20.500039640708195,55.46857366446289,3179.0,1744.9815168333616,4741.047512721329,0.0325,False,9160.0,2024,187200.0,20.11
250,North East,Yobe,Karasuwa,48.61567623346048,30.19663229422373,68.93966420975373,3178.0,1969.4732963008769,4512.489595978465,0.02,False,7712.0,2024,165900.0,52.0
251,North Central,Plateau,Kanke,45.082487352912665,24.926692748839194,69.59422050189237,3141.0,1730.7182282411748,4856.047252326071,0.045,False,3931.0,2024,182800.0,13.260000000000005
252,North West,Kebbi,Birnin Kebbi,14.821986567031262,11.754537392458262,17.611498272015268,3140.0,2505.8770024900195,3681.8002538570086,0.0,False,18521.0,2024,458900.0,69.12
253,North East,Yobe,Yusufari,45.73812593986795,28.409300823064548,64.85914191002664,3138.0,1944.4846390526295,4455.23517366059,0.015,False,8725.0,2024,174100.0,62.22
254,North Central,Kwara,Moro,42.102901314870714,23.178517031910474,62.71594113722987,3134.0,1720.030256831036,4673.255901158614,0.027,False,7923.0,2024,163200.0,28.75
255,North Central,Nasarawa,Toto,37.38363618249742,19.915378066315867,59.0348910669718,3119.0,1650.6422582853995,4939.730009878039,0.0475,False,5732.0,2024,183800.0,40.55
256,North West,Jigawa,Roni,49.27366475933738,31.168034334135744,69.15528398491743,3094.0,1957.1265827296465,4342.450446894784,0.0035,False,6694.0,2024,133100.0,41.53
257,North Central,Kogi,Kogi,47.17018225888681,23.820218529497946,75.76167068512115,3093.0,1558.440872629963,4972.435817336001,0.0555,False,4281.0,2024,155100.0,
258,North Central,Nasarawa,Doma,31.625669786724924,16.847937619775262,49.94211803434582,3081.0,1630.4044816714445,4879.166219043674,0.043,False,8126.0,2024,214600.0,31.879999999999995
259,North East,Borno,Mobbar,47.289215768387486,28.396009671359028,69.07053575620004,3074.0,1838.293858275095,4496.543078882012,0.012,False,6256.0,2024,170900.0,83.83
260,North Central,FCT,Kwali,27.11624670575169,12.241933508507326,46.66407190816412,3065.0,1316.8299676793183,5368.638463401432,0.0815,False,11081.0,2024,188000.0,27.319999999999993
261,North Central,Benue,Guma,32.43288664370745,18.153854006999165,48.818942876268494,3063.0,1709.9851440368664,4614.82076506445,0.0235,False,9689.0,2024,280300.0,43.64
262,North East,Yobe,Busari,44.90866425602884,27.894097674418468,63.682920279700575,3053.0,1891.67540264234,4334.237782977212,0.01,False,9017.0,2024,172500.0,
263,North Central,Kwara,Ilorin East,21.465465889716324,11.81718245499992,31.974682342073613,3049.0,1673.795045290196,4547.636613755709,0.021,False,13170.0,2024,311500.0,13.75
264,North Central,Plateau,Bassa,28.57370545441034,15.79877283572067,44.10947298412278,3042.0,1676.022351642488,4702.5816234694685,0.032,False,9984.0,2024,279300.0,15.030000000000001
265,North East,Yobe,Yunusari,38.98028571434315,24.211806677074733,55.276158147883784,3041.0,1884.6798523931034,4318.20946323451,0.0085,False,11104.0,2024,198000.0,67.8
266,North Central,Kogi,Igalamela-Odolu,36.25888708681057,18.31018182851095,58.23665992646013,3038.0,1530.8375190164718,4884.363240059016,0.0465,False,7327.0,2024,198200.0,28.900000000000006
267,North Central,Plateau,Barkin Ladi,29.99466619604585,16.58444048395043,46.303022208764766,3024.0,1666.1420159654208,4674.859388773043,0.0285,False,9463.0,2024,264500.0,9.89
268,North East,Yobe,Nguru,32.1287049560557,19.956087517710536,45.56024522888901,2999.0,1858.5988352939692,4258.452208067136,0.0075,False,13516.0,2024,236900.0,44.06
269,North Central,Plateau,Jos South,17.137835224702727,9.475731666762144,26.455822506341867,2992.0,1648.764247780245,4626.100866403436,0.027,False,14177.0,2024,458100.0,6.959999999999994
270,North Central,Nasarawa,Akwanga,38.04265155110296,20.26645521015552,60.075584388166256,2984.0,1579.2119742682685,4725.9669635229475,0.03,False,5458.0,2024,172800.0,23.67
271,North Central,Niger,Mokwa,19.481441211573774,13.537009764419556,25.480327767392673,2972.0,2065.1843795602063,3887.2377140188796,0.0,False,20568.0,2024,416600.0,45.46
272,North East,Taraba,Jalingo,33.68928224664069,18.191276345781063,52.772732151457,2967.0,1602.0974349016278,4647.67052105215,0.0315,False,10377.0,2024,220700.0,19.700000000000003
273,North East,Bauchi,Ganjuwa,12.394104828992477,8.241700344865139,17.02607858286915,2954.0,1961.1045255411157,4062.3037055989257,0.0025,False,25656.0,2024,497300.0,46.32
274,North West,Katsina,Bakori,24.614576779846637,16.951541427993227,32.75289116307263,2926.0,2015.3629153320023,3893.979936889795,0.0,False,18198.0,2024,267200.0,49.38
275,South West,Ondo,Ifedore,32.872834147492576,13.53662617005971,61.72983383476529,2922.0,1191.6684801659844,5500.034650918663,0.084,False,2488.0,2024,270900.0,6.079999999999998
276,North West,Jigawa,Kiyawa,20.692845809395312,13.08925024773991,29.042281214401903,2903.0,1836.4841386171859,4074.770348952441,0.0005,False,16098.0,2024,297400.0,54.65
277,South West,Ondo,Akoko South West,25.07120294162364,10.324011015653397,47.07963982296777,2886.0,1176.9121753853099,5431.928303420136,0.0765,False,6840.0,2024,350800.0,11.629999999999995
278,North East,Taraba,Takum,34.03786646693687,18.379502139217745,53.3187735172314,2875.0,1552.6659239087423,4504.270143866724,0.0205,False,10231.0,2024,211700.0,31.39
279,North Central,Kogi,Yagba East,34.091673173775064,17.215772043843472,54.755822267566515,2868.0,1445.1481471153686,4610.95864095669,0.028,False,7932.0,2024,199000.0,21.92
280,North Central,Kogi,Ajaokuta,40.86555996641991,20.636480974101655,65.63559749561249,2851.0,1436.3238638595194,4582.803461703944,0.0245,False,6041.0,2024,165000.0,26.25
281,North East,Borno,Dikwa,48.544918646774896,29.150028330786213,70.90461291632079,2841.0,1699.390394309909,4156.779440596534,0.003,False,5666.0,2024,153900.0,53.81
282,North West,Jigawa,Dutse,13.769504085876813,8.709893575174014,19.325413890791285,2805.0,1774.2995123089258,3936.79579958749,0.0,False,18376.0,2024,431800.0,53.04
283,North Central,Kogi,Omala,45.55104062468508,23.002576839134807,73.1611109796337,2802.0,1411.7970625639207,4504.547079066145,0.02,False,4733.0,2024,145500.0,38.47
284,North Central,Benue,Gwer East,34.084273343249876,19.07819458087188,51.30465911353203,2796.0,1561.1212684098641,4213.074523696724,0.0055,False,9060.0,2024,243500.0,25.950000000000003
285,North East,Taraba,Zing,34.6801209550168,18.726301717536018,54.32483603362391,2780.0,1501.25813504325,4355.136602012389,0.014,False,9962.0,2024,200900.0,25.42
286,North East,Borno,Hawul,40.744662631029335,24.46616665824276,59.51157428607918,2741.0,1639.4920712792268,4010.265656280801,0.002,False,9331.0,2024,176900.0,21.349999999999994
287,North Central,Kogi,Kabba/Bunu,33.22478760856086,16.77800812997648,53.36348720400906,2738.0,1379.3835108615265,4401.12685422305,0.0145,False,8174.0,2024,194900.0,23.980000000000004
288,North East,Borno,Gubio,31.916432902976776,19.16503208315129,46.61707926882348,2691.0,1609.4993358861975,3936.9021806095016,0.001,False,13479.0,2024,221700.0,84.55
289,North Central,Plateau,Langtang North,33.665708726259645,18.61420757515439,51.970041894692045,2687.0,1480.4943209163896,4153.969295438975,0.0055,False,8117.0,2024,209400.0,25.060000000000002
290,North Central,Nasarawa,Nasarawa Eggon,25.773901933377193,13.73052633889252,40.70121712023597,2680.0,1418.5059824486684,4245.036461123782,0.0085,False,10559.0,2024,229100.0,22.849999999999994
291,North Central,Nasarawa,Kokona,34.87504848375443,18.578978573524786,55.07341977497979,2653.0,1404.154011876819,4202.086597591089,0.006,False,6775.0,2024,167600.0,28.689999999999998
292,North Central,Kwara,Baruten,18.696501807515318,10.292810520152381,27.850069002681582,2646.0,1452.2655638075075,3945.749552462416,0.0035,False,13874.0,2024,310300.0,64.86
293,North Central,Nasarawa,Obi,25.20387769118919,13.426857422505671,39.80105537891084,2631.0,1392.583067429058,4167.459263143339,0.005,False,10796.0,2024,230000.0,33.81999999999999
294,South South,Bayelsa,Southern Ijaw,17.975272546730864,7.104932987653843,34.4991975665323,2624.0,1037.2198267847268,5036.395387029102,0.0465,False,10479.0,2024,479000.0,39.73
295,North Central,Plateau,Langtang South,44.02972181304452,24.344605009459755,67.96905735273343,2596.0,1430.4693673088796,4013.609337041614,0.001,False,4317.0,2024,154700.0,25.019999999999996
296,North Central,Benue,Ogbadibo,40.731826798323674,22.79906951417192,61.310753728398915,2595.0,1448.802052774961,3909.953148382293,0.001,False,6528.0,2024,189100.0,16.510000000000005
297,North East,Borno,Damboa,19.789322731703038,11.883001029903651,28.904245949555648,2572.0,1538.1074355883547,3762.2746292376473,0.0005,False,19177.0,2024,341700.0,53.58
298,South West,Ondo,Owo,22.889542744578023,9.42563035321946,42.98283694788559,2564.0,1045.706800851982,4826.362142754756,0.033,False,8057.0,2024,341400.0,9.060000000000002
299,North East,Taraba,Kurmi,44.285287518383264,23.91282477915092,69.37089366725645,2538.0,1370.2781796686202,3975.1649072941013,0.0045,False,5939.0,2024,143600.0,43.47
300,North East,Taraba,Sardauna,18.017317712229193,9.728850947709912,28.223310747737408,2537.0,1370.0506678050524,3974.5048973855546,0.0045,False,16941.0,2024,352900.0,41.01
301,North East,Taraba,Donga,30.353856522299914,16.39023913049992,47.54793908305416,2536.0,1369.5736375290494,3973.12103676439,0.0045,False,11774.0,2024,209400.0,43.13
302,North East,Yobe,Nangere,46.371584691566994,28.802760761927825,65.75742075784416,2514.0,1558.108694830621,3569.964257973185,0.0005,False,8502.0,2024,137600.0,50.86
303,North Central,Nasarawa,Awe,31.531868329149688,16.797966785433125,49.79399015286195,2499.0,1322.573615456389,3957.948214247903,0.0025,False,8165.0,2024,174600.0,39.02
304,North Central,Kogi,Okehi,19.60178841637243,9.898602491810506,31.483114283724138,2497.0,1258.0728971570038,4014.0674211696637,0.005,False,11977.0,2024,301300.0,17.78
305,North Central,Plateau,Wase,27.733674920007783,15.334309043676972,42.812710678576266,2486.0,1369.8942567881675,3843.6477602791233,0.0,False,10292.0,2024,235200.0,43.88
306,North Central,Kogi,Ijumu,36.57770037319099,18.471177648073606,58.74871703661141,2471.0,1245.0997636524037,3972.6747223292546,0.004,False,7238.0,2024,159800.0,17.090000000000003
307,North Central,Benue,Buruku,24.59601971503632,13.767277515727198,37.022658348078274,2467.0,1377.2960519104208,3716.9763972291357,0.0,False,12674.0,2024,297700.0,28.730000000000004
308,North West,Kano,Gwale,10.140162237451705,7.360849351286206,12.91756409437342,2455.0,1780.9349162223843,3129.176235387554,0.0,False,23052.0,2024,588500.0,18.560000000000002
309,South West,Ogun,Ipokia,27.154748245512888,12.729184940623968,45.24278689911918,2441.0,1125.1026804946225,4091.1188981149103,0.009,False,6147.0,2024,255800.0,38.97
310,North East,Yobe,Gulani,38.0173147868724,23.613676994228772,53.91061317295044,2437.0,1510.4152829570392,3460.688328575981,0.0005,False,11443.0,2024,162700.0,59.83
311,North Central,Nasarawa,Nasarawa,18.563215527977896,9.889178611771085,29.314361000013466,2435.0,1288.7745777252326,3856.800845611513,0.0015,False,13557.0,2024,289000.0,43.91
312,South West,Ondo,Akoko North West,22.762264294298454,9.373218662970649,42.743828727564456,2431.0,991.46126879169,4575.996952305504,0.0255,False,8128.0,2024,325500.0,12.879999999999995
313,North Central,Benue,Logo,29.4661664998554,16.49327396172703,44.35334772824339,2430.0,1356.8089117008742,3661.686747266092,0.0,False,10819.0,2024,244800.0,36.49
314,North Central,Kwara,Isin,59.59771983423162,32.80977607481083,88.77599814520681,2427.0,1332.247798295312,3619.6659102146996,0.0,False,3475.0,2024,89300.0,17.11
315,North East,Borno,Kaga,48.03412425556646,28.84330887610397,70.15854763084793,2410.0,1441.1375505267793,3525.0822654755516,0.0,False,5906.0,2024,131900.0,69.2
316,North Central,Plateau,Mikang,44.54246772365387,24.62810888252539,68.76058759118389,2407.0,1326.455887391139,3721.7684324290144,0.0,False,4129.0,2024,141800.0,19.400000000000006
317,North West,Katsina,Dandume,20.79415810070083,14.320499420200365,27.669327943010153,2403.0,1654.7703374584396,3197.261617350948,0.0,False,19501.0,2024,259700.0,59.36
318,North East,Borno,Biu,24.320494643714582,14.603858192480736,35.52246675277102,2382.0,1424.4932597715535,3484.3696394384197,0.0,False,17048.0,2024,257500.0,38.23
319,North Central,Benue,Okpokwu,27.670381917205127,15.488108695385312,41.65027951474854,2363.0,1319.4008288848843,3560.731719696122,0.0,False,11503.0,2024,253500.0,17.099999999999994
320,North East,Yobe,Fika,27.6376812500638,17.166580058774052,39.19173016880163,2342.0,1451.000102861513,3324.555291114737,0.0,False,15097.0,2024,215000.0,58.94
321,North Central,Benue,Oju,28.444879653874473,15.921622954991756,42.816076478171034,2331.0,1301.7567701763523,3513.114833203221,0.0,False,11208.0,2024,243300.0,15.379999999999995
322,South West,Ogun,Yewa South,23.069443315696162,10.814138573030672,38.43622111229916,2321.0,1069.8042066002567,3890.0415782326954,0.006,False,8489.0,2024,286300.0,
323,North East,Taraba,Ussa,40.565464126455616,21.904223503984124,63.543959092759934,2315.0,1249.9346867662377,3626.04949634708,0.0005,False,7497.0,2024,143000.0,23.97
324,North West,Katsina,Daura,12.895303210740133,8.880724156198854,17.15887566760854,2306.0,1588.0859391969689,3068.4174737189023,0.0,False,22195.0,2024,401900.0,40.75
325,North East,Borno,Nganzai,41.719428594252115,25.051489617594715,60.93531553918988,2304.0,1377.8937478494677,3370.3852990842906,0.0,False,8873.0,2024,145200.0,72.66
326,North Central,Kogi,Yagba West,28.829462862619447,14.55843655016327,46.30400322473229,2299.0,1158.2150847176836,3695.4563195651726,0.0015,False,9401.0,2024,188600.0,30.89
327,North East,Yobe,Tarmuwa,47.66122717260451,29.603795794411795,67.58620370362509,2293.0,1421.0464165911205,3255.9249126728346,0.0,False,8048.0,2024,122100.0,68.76
328,North Central,Nasarawa,Keana,39.7912069269286,21.197962814430795,62.83684002505809,2281.0,1207.3032604994603,3612.988893854941,0.0,False,4731.0,2024,126300.0,41.06
329,South West,Ogun,Abeokuta North,19.094033437364686,8.950607116265033,31.81275252640554,2268.0,1045.6556489706077,3802.232152307728,0.005,False,10768.0,2024,338100.0,33.64
330,North East,Taraba,Yorro,39.954247959360956,21.574183756588297,62.58651669797746,2254.0,1217.3268566835425,3531.454469022711,0.0,False,7753.0,2024,141400.0,26.319999999999993
331,North East,Borno,Askira/Uba,28.18124891726505,16.92214607078737,41.161476868803284,2251.0,1346.1401953513878,3292.7147916883005,0.0,False,15234.0,2024,210000.0,30.17
332,North Central,Kwara,Oke-Ero,57.63112602585022,31.727125552902066,85.84658526211588,2247.0,1233.4658439471468,3351.279148265494,0.0,False,3975.0,2024,85500.0,15.480000000000004
333,North Central,Plateau,Jos East,44.93520927220572,24.845260785299065,69.36686607169915,2225.0,1225.852526688728,3439.4956364637355,0.0,False,3985.0,2024,129900.0,8.469999999999999
334,South West,Oyo,Ibadan North,14.69942584982496,6.998588483214104,25.13048140496751,2222.0,1055.4416960123888,3801.5283054797296,0.0015,False,9752.0,2024,440400.0,15.060000000000002
335,North East,Yobe,Damaturu,40.874980725030426,25.3886577049752,57.96293837879984,2221.0,1376.4143970790244,3153.6632957856605,0.0,False,10437.0,2024,137900.0,56.66
336,North Central,Benue,Agatu,39.46112542697466,22.08781222044474,59.39805633756338,2219.0,1238.823511618181,3343.273762115438,0.0,False,7012.0,2024,166900.0,29.049999999999997
337,North East,Taraba,Ardo-Kola,40.25508091660286,21.736625194759682,63.05775787665946,2218.0,1197.8686972237763,3475.0065201371044,0.0,False,7627.0,2024,138100.0,27.450000000000003
338,North East,Taraba,Gashaka,40.2980570533517,21.75983111449845,63.125078045042606,2205.0,1190.4643535223647,3453.526584398427,0.0,False,7609.0,2024,137100.0,41.78
339,North Central,Benue,Otukpo,17.00594189567678,9.518837771584069,25.59784810653793,2203.0,1230.2506586513246,3320.1377834051805,0.0,False,15565.0,2024,384600.0,17.269999999999996
340,North Central,FCT,Abaji,28.626261837021755,12.923646764565255,49.26264151968252,2201.0,945.7524161297615,3855.777072750787,0.0045,False,9378.0,2024,127900.0,30.980000000000004
341,North Central,Kwara,Ekiti,58.61835611765769,32.270616114900264,87.31715052942752,2184.0,1198.8355130957327,3257.189874331085,0.0,False,3724.0,2024,81700.0,14.909999999999997
342,South West,Ondo,Ose,29.81994399501215,12.279483796908526,55.997002860020075,2167.0,883.4739301116231,4077.591469164649,0.006,False,4191.0,2024,221400.0,11.0
343,North Central,Kogi,Olamaboro,23.846661948516342,12.042198516324492,38.30095333461493,2154.0,1085.0251906553747,3461.933150932991,0.0,False,10792.0,2024,213600.0,21.569999999999993
344,North East,Adamawa,Guyuk,20.82872414713828,9.637441898856569,35.85149608029032,2152.0,995.8237120076157,3704.486136714039,0.0015,False,11470.0,2024,272200.0,27.709999999999994
345,North West,Katsina,Katsina,8.25391965810175,5.684300903446665,10.982912062574846,2088.0,1438.1080876175513,2778.638029736288,0.0,False,23778.0,2024,568600.0,47.66
346,North Central,Benue,Ado,23.136288387618855,12.950213351858784,34.82542746108539,2075.0,1158.4715575325517,3126.424003203221,0.0,False,13230.0,2024,266200.0,15.829999999999998
347,North East,Borno,Shani,36.413551855574426,21.865441282082887,53.18556238634067,2050.0,1225.8448873012403,2998.467475134451,0.0,False,11366.0,2024,148000.0,30.930000000000007
348,North West,Jigawa,Kafin Hausa,9.438616484465978,5.970392583775239,13.247039906530901,2047.0,1294.5366663787474,2872.3033936812103,0.0,False,19801.0,2024,459600.0,56.08
349,North East,Yobe,Machina,54.11512082220198,33.61249974552103,76.73817474506627,2045.0,1267.256767562245,2903.5595404104,0.0,False,5776.0,2024,95900.0,51.36
350,North Central,Benue,Ushongo,21.876088680495858,12.244834217583898,32.92853748670304,2042.0,1140.2231032366988,3077.176004699547,0.0,False,13710.0,2024,277100.0,23.200000000000003
351,North East,Taraba,Lau,34.171570003488824,18.451698333960582,53.52821404109006,2041.0,1102.253703402494,3197.6282668094336,0.0,False,10175.0,2024,149700.0,20.269999999999996
352,South South,Rivers,Bonny,20.245850083909875,8.981177338882695,35.65854086475357,2038.0,893.230037738905,3603.378773116894,0.0025,False,8442.0,2024,309200.0,14.450000000000003
353,South West,Ondo,Akoko North East,22.568657637535164,9.293493838366814,42.38026692763933,2037.0,830.8174650726432,3834.560469243482,0.005,False,8236.0,2024,275100.0,12.879999999999995
354,North Central,Nasarawa,Wamba,39.90906004029237,21.260746683219637,63.022949414614764,2033.0,1075.697766509407,3219.1448583806678,0.0,False,4682.0,2024,112200.0,23.849999999999994
355,South West,Ogun,Ijebu Ode,21.63557454869815,10.14199164127931,36.04723858592595,2032.0,936.7274130699277,3406.145313161921,0.002,False,9311.0,2024,267300.0,18.620000000000005
356,South South,Bayelsa,Yenagoa,12.611823308075929,4.984968056704478,24.205351148271685,2016.0,796.7101922307581,3868.560389352117,0.0045,False,13595.0,2024,524400.0,24.700000000000003
357,North Central,Benue,Obi,41.296291250472514,23.115020584732548,62.16040236275767,1982.0,1106.9029628766027,2987.2533079060377,0.0,False,6313.0,2024,142500.0,14.989999999999995
358,North Central,Benue,Apa,42.10229397981993,23.566169322695863,63.373621575539715,1981.0,1106.3328321155366,2985.7146680622095,0.0,False,6006.0,2024,139700.0,23.709999999999994
359,South West,Ogun,Obafemi Owode,13.960364603696608,6.544124853315809,23.25949756884305,1961.0,904.0353008623515,3287.269658174672,0.0005,False,13711.0,2024,399800.0,23.67
360,North Central,Nasarawa,Keffi,30.160923949203855,16.067623821971075,47.6290441927129,1956.0,1035.387174884052,3098.5109426013983,0.0,False,8735.0,2024,142900.0,24.549999999999997
361,North East,Adamawa,Shelleng,22.396319117276743,10.362767431948567,38.5497230350663,1947.0,900.8319965078955,3351.114863336783,0.0005,False,10539.0,2024,229000.0,24.86
362,South South,Rivers,Asari-Toru,18.72233333340305,8.30533641057638,32.975206547798436,1926.0,844.4467844557587,3406.5822795629497,0.0025,False,9862.0,2024,316100.0,12.219999999999999
363,North Central,Niger,Agwara,53.11967468722949,36.911106684274216,69.4767243977705,1914.0,1330.0531275668284,2503.521104603537,0.0,False,10744.0,2024,98400.0,60.44
364,North East,Adamawa,Mubi South,25.157710901408954,11.64046224856605,43.30277588773292,1914.0,885.5243614015582,3294.170123666967,0.0005,False,8899.0,2024,200400.0,35.349999999999994
365,North Central,Benue,Gwer West,32.133589213265736,17.98632646260888,48.368431507352696,1912.0,1067.4156652391116,2880.687001333584,0.0,False,9803.0,2024,176600.0,22.909999999999997
366,North East,Borno,Kala/Balge,55.92589759973687,33.582124450944654,81.68525629140342,1895.0,1133.4475520795568,2772.45975807226,0.0,False,2198.0,2024,89100.0,50.38
367,South West,Ogun,Yewa North,17.157787292148384,8.042963449301512,28.586754224368715,1885.0,869.0304604772138,3159.984418784632,0.0,False,11878.0,2024,312700.0,
368,North East,Adamawa,Gombi,21.571269132993343,9.98101715137383,37.1296035851842,1866.0,863.478834386828,3212.1602777294984,0.0005,False,11029.0,2024,227900.0,39.98
369,North East,Borno,Mafa,32.159060238800784,19.310723824125358,46.971460279423084,1857.0,1110.4164384618398,2716.124698217431,0.0,False,13365.0,2024,151800.0,55.75
370,North West,Jigawa,Birnin Kudu,7.20479024794882,4.557386809264297,10.111878588333452,1836.0,1161.2387376438817,2576.543448814718,0.0,False,20536.0,2024,540100.0,56.51
371,South West,Oyo,Ogbomosho North,18.796780759323493,8.949392628506532,32.13541495915332,1833.0,870.9517873392659,3137.0258393122235,0.0,False,8084.0,2024,284200.0,22.78
372,South South,Rivers,Emohua,19.458342129774657,8.63183421115253,34.27152157697535,1832.0,802.9563576081271,3239.2057728695895,0.0015,False,9176.0,2024,289200.0,18.430000000000007
373,South South,Edo,Orhionmwon,17.41763001194593,6.6282014024726745,34.557865033984946,1821.0,675.0864686946886,3641.778545809187,0.003,False,1708.0,2024,271800.0,13.620000000000005
374,South West,Ogun,Odogbolu,24.123040317237283,11.308027559378386,40.19162919737144,1811.0,834.9921706423619,3036.213768143523,0.0,False,7885.0,2024,213700.0,18.959999999999994
375,South West,Ogun,Ijebu North,10.80306233086643,5.0640932882671885,17.999085923179404,1811.0,834.8378614298451,3035.652666169076,0.0,False,15521.0,2024,477100.0,23.14
376,South West,Ogun,Abeokuta South,12.043306483342816,5.645475853322201,20.06546861934894,1801.0,830.4150801315828,3019.570468103745,0.0,False,14810.0,2024,425700.0,21.459999999999994
377,North East,Adamawa,Demsa,17.247333705157057,7.980334048280112,29.687018386618423,1801.0,833.3822202019884,3100.200210234221,0.0,False,13597.0,2024,275100.0,26.159999999999997
378,North East,Adamawa,Ganye,18.092588995178016,8.371433315317903,31.14191627200784,1800.0,832.9125628077375,3098.453074385748,0.0,False,13095.0,2024,262100.0,23.72
379,North East,Adamawa,Mayo-Belwa,20.07439273293631,9.288413070902523,34.55310115468382,1795.0,830.7098816153211,3090.2590518469033,0.0,False,11918.0,2024,235600.0,23.97
380,North East,Adamawa,Hong,17.991562466490247,8.324688383002627,30.968024094471254,1782.0,824.4695759711672,3067.044977439072,0.0,False,13155.0,2024,260900.0,31.89
381,North East,Adamawa,Jada,17.981459813621477,8.320013889771102,30.9506348767176,1773.0,820.2166301280777,3051.2239252528802,0.0,False,13161.0,2024,259700.0,24.549999999999997
382,North Central,Plateau,Kanam,18.85062475588718,10.422755242747348,29.099870324144504,1772.0,976.2501811449226,2739.161656920513,0.0,False,13549.0,2024,246600.0,36.07
383,South West,Oyo,Kajola,17.954219168221574,8.548238059060907,30.694952004065954,1766.0,838.93685492278,3021.7132907942773,0.0,False,8427.0,2024,286600.0,30.569999999999993
384,South West,Oyo,Akinyele,16.974096501021386,8.081588866032321,29.019311423658195,1763.0,837.6944788114449,3017.238455309631,0.0,False,8826.0,2024,302700.0,17.060000000000002
385,North East,Borno,Bayo,39.769896667806556,23.88084369889081,58.08783303296851,1753.0,1048.4522600440334,2564.55774587792,0.0,False,9789.0,2024,115900.0,54.08
386,South West,Ogun,Ijebu East,26.65237086729461,12.493688205411813,44.40577112345559,1741.0,802.5296304175589,2918.172886989351,0.0,False,6435.0,2024,185900.0,24.08
387,North East,Adamawa,Fufore,14.189597436874083,6.565520763537824,24.423881813177836,1740.0,805.0155528669706,2994.6755831137248,0.0,False,15413.0,2024,323000.0,43.12
388,South West,Ogun,Sagamu,11.364748149568815,5.327391721386335,18.934916061247744,1738.0,801.1144052328432,2913.026819347121,0.0,False,15199.0,2024,435200.0,15.709999999999994
389,North East,Adamawa,Michika,19.12811091422759,8.850568871549457,32.92431109175782,1738.0,804.3182103190447,2992.081453479952,0.0,False,12480.0,2024,239400.0,21.480000000000004
390,South West,Ogun,Ikenne,24.17362692823843,11.331740772299055,40.27591203589313,1721.0,793.2810772513803,2884.543129195387,0.0,False,7856.0,2024,202600.0,16.53
391,North Central,Benue,Tarka,44.591188401387846,24.959293112888766,67.11997927494485,1720.0,960.3690798312402,2591.7951317801017,0.0,False,5058.0,2024,114500.0,27.939999999999998
392,North East,Taraba,Bali,12.962846517934679,6.999576942878007,20.30571094400882,1717.0,927.3278355529352,2690.1698677990266,0.0,False,19058.0,2024,332000.0,52.32
393,South West,Oyo,Surulere,24.726645718274,11.772678723671948,42.27325045064286,1702.0,808.6911683034147,2912.7732761666607,0.0,False,5670.0,2024,200600.0,19.5
394,North Central,Kogi,Idah,37.41592856434852,18.89447002759788,60.09502449476199,1701.0,856.7931183234631,2733.7250096687935,0.0,False,7004.0,2024,107500.0,23.069999999999993
395,South South,Bayelsa,Ogbia,20.85666344066808,8.243835842085565,40.0293320030433,1700.0,671.8402956871873,3262.2335966216433,0.001,False,8805.0,2024,267400.0,27.239999999999995
396,South South,Bayelsa,Sagbama,19.96332898788826,7.890735136320891,38.31479211502108,1693.0,669.0366387976245,3248.6199688633137,0.001,False,9324.0,2024,278200.0,30.409999999999997
397,North East,Adamawa,Madagali,21.35237832083652,9.879736464690737,36.7528372005216,1689.0,781.5839714612542,2907.5095843208587,0.0,False,11159.0,2024,208400.0,21.700000000000003
398,North East,Adamawa,Lamurde,25.895204560829626,11.981700254467551,44.57218878374997,1687.0,780.4917264592748,2903.4464088622517,0.0,False,8461.0,2024,171600.0,17.83
399,South West,Oyo,Ori Ire,23.007132267045606,10.95399592888496,39.33353013413802,1686.0,800.8421700825181,2884.5024687699743,0.0,False,6370.0,2024,213500.0,38.77
400,South West,Ondo,Ese Odo,21.016219074970248,8.654218855895335,39.4650399023138,1677.0,683.6736542876041,3155.4319436041956,0.0,False,9102.0,2024,243100.0,40.79
401,South West,Ogun,Odeda,25.593540768063715,11.997346128072303,42.641644124053464,1675.0,772.30539097196,2808.2709559738805,0.0,False,7042.0,2024,186300.0,22.430000000000007
402,North East,Adamawa,Girei,22.020837185653892,10.1890321001768,37.903423775222,1673.0,774.3362183086301,2880.547782997518,0.0,False,10762.0,2024,200200.0,26.22
403,North East,Adamawa,Maiha,25.790810481185606,11.933397157741767,44.39250020029551,1663.0,769.644274800599,2863.093649831011,0.0,False,8523.0,2024,169900.0,40.54
404,South South,Rivers,Etche,14.149637283642416,6.27686173702602,24.921424252824657,1656.0,725.8251610888783,2928.050858077294,0.0,False,14124.0,2024,359500.0,15.019999999999996
405,South South,Rivers,Degema,14.048784766355343,6.232122971349405,24.743795079730447,1641.0,719.2485758234976,2901.520259302476,0.0,False,14218.0,2024,358800.0,15.36
406,South West,Ondo,Ile-Oluji/Okeigbo,18.942118131682022,7.800129762685754,35.570215804967816,1641.0,669.1781721331705,3088.529398594317,0.0,False,10259.0,2024,264000.0,7.420000000000002
407,South South,Rivers,Akuku Toru,21.7522004484955,9.64940315813767,38.3116404288416,1641.0,719.1459644794961,2901.106314939619,0.0,False,7038.0,2024,231700.0,19.549999999999997
408,North East,Adamawa,Numan,30.207353560319,13.976929782124484,51.994486561603146,1619.0,749.1677084306313,2786.9203720405835,0.0,False,5900.0,2024,141200.0,16.53
409,North East,Adamawa,Song,14.150870600877107,6.547601872816971,24.357223145122145,1617.0,748.1373368795507,2783.0873671817744,0.0,False,15436.0,2024,301000.0,37.46
410,South South,Rivers,Ikwerre,18.273861501211606,8.106391686610156,32.185323629145444,1616.0,708.4476837834654,2857.9483870372983,0.0,False,10280.0,2024,271700.0,16.180000000000007
411,South South,Rivers,Khana,11.746343254673896,5.210746469838594,20.688558851430646,1611.0,706.1256120293959,2848.5809187315435,0.0,False,16364.0,2024,421300.0,11.709999999999994
412,North West,Jigawa,Gwaram,7.238221661012331,4.578533834461052,10.158799369966324,1593.0,1007.8655692235953,2236.240787951855,0.0,False,20525.0,2024,466600.0,55.26
413,North West,Kebbi,Bagudo,8.470599054531595,6.717586260972844,10.064773702038043,1590.0,1269.1810387923015,1864.764737524107,0.0,False,19476.0,2024,406700.0,67.4
414,South West,Oyo,Iseyin,12.373169795091682,5.891027616552277,21.15345977678168,1551.0,736.9146833670859,2654.24612096311,0.0,False,10699.0,2024,365300.0,32.56999999999999
415,South West,Oyo,Ona Ara,11.884336685385321,5.658287793462833,20.317739286803874,1548.0,735.3147747353647,2648.483511836856,0.0,False,10898.0,2024,379500.0,18.659999999999997
416,South South,Rivers,Andoni,15.163526952113507,6.726629115370715,26.70716434403775,1547.0,678.0895272078598,2735.480565341101,0.0,False,13179.0,2024,313400.0,13.430000000000007
417,South West,Oyo,Atiba,18.644480996500405,8.876880723825398,31.875039731120044,1539.0,731.0581858469202,2633.1519750922416,0.0,False,8146.0,2024,240500.0,43.18
418,South West,Ondo,Irele,21.052072159556044,8.668982712303453,39.532366161559196,1530.0,623.7086471694053,2878.66904982795,0.0,False,9082.0,2024,221400.0,26.75
419,South South,Delta,Burutu,15.546743597156146,6.463092668181206,27.889326606750178,1521.0,629.1832890471139,2728.021628890056,0.0,False,6861.0,2024,285000.0,37.16
420,South South,Rivers,Ahoada East,19.525934774339397,8.661818703042176,34.39057091638956,1520.0,666.4396487730061,2688.4837975568366,0.0,False,9113.0,2024,239200.0,21.049999999999997
421,South South,Rivers,Eleme,17.067922890247043,7.571430275753609,30.06133224023167,1520.0,666.0791204770397,2687.029390568822,0.0,False,11404.0,2024,273500.0,9.079999999999998
422,South West,Ondo,Idanre,23.214013160079467,9.559243253712925,43.5921395940564,1519.0,619.4192228448793,2858.871612193197,0.0,False,7876.0,2024,199400.0,11.969999999999999
423,North Central,Benue,Kwande,12.51910585510762,7.007394145592851,18.84412942691412,1514.0,845.37888374634,2281.4654505416606,0.0,False,17274.0,2024,359000.0,17.560000000000002
424,South West,Lagos,Mushin,5.514687636234177,2.3710407860616276,10.342406720858857,1463.0,614.4489855932444,2768.1280061430143,0.0005,False,28275.0,2024,935400.0,5.8799999999999955
425,North East,Taraba,Ibi,27.57234544938867,14.888300436296253,43.19082818492293,1459.0,787.792911333351,2285.380283954254,0.0,False,12939.0,2024,132600.0,33.86
426,North Central,Benue,Ohimini,42.30707643222742,23.68079343201553,63.68186619637685,1455.0,812.4981721032141,2192.728661576012,0.0,False,5928.0,2024,102100.0,16.409999999999997
427,South West,Oyo,Oyo West,21.72732296977418,10.344662020193502,37.145538298568,1454.0,690.760343209339,2488.0057391463633,0.0,False,6891.0,2024,195000.0,24.069999999999993
428,South West,Lagos,Surulere,6.865098220173387,2.951650021553275,12.875006284156903,1450.0,608.7243400421737,2742.338148812774,0.0005,False,23834.0,2024,744400.0,5.920000000000002
429,North East,Borno,Chibok,39.15268677842969,23.510224357816426,57.1863374796888,1447.0,865.6425518436068,2117.397611789033,0.0,False,10079.0,2024,97200.0,46.22
430,North East,Adamawa,Mubi North,16.16803362367612,7.480942354711937,27.829270289935927,1434.0,663.378995263912,2467.784469992272,0.0,False,14238.0,2024,233600.0,32.05
431,South West,Oyo,Afijio,21.92383879277171,10.438225768169158,37.48150633473998,1421.0,675.2041814207497,2431.974989567894,0.0,False,6811.0,2024,188900.0,20.78
432,South West,Oyo,Ibadan South East,10.847715719073348,5.16473902289125,18.545507895996682,1418.0,673.4754982106958,2425.7485554796294,0.0,False,11320.0,2024,380800.0,15.030000000000001
433,South West,Ogun,Ogun Waterside,31.925588972689983,14.96558622814219,53.19153046314685,1416.0,652.5955550164599,2372.97986596201,0.0,False,3412.0,2024,126200.0,32.980000000000004
434,South West,Ogun,Imeko Afon,28.48395505871543,13.352270052539469,47.45739113889582,1412.0,650.9882413857347,2367.135322807098,0.0,False,5385.0,2024,141100.0,46.24
435,South West,Ondo,Okitipupa,11.879060468280453,4.891650050286656,22.306942733625373,1402.0,571.7837775560859,2639.014660313584,0.0,False,14199.0,2024,359700.0,22.060000000000002
436,South West,Oyo,Irepo,23.449292868790053,11.164514361830188,40.08945821552499,1395.0,662.5442338940638,2386.3759299036647,0.0,False,6190.0,2024,173300.0,62.68
437,South West,Oyo,Atisbo,25.856611700509813,12.310670274531972,44.20506665863176,1395.0,662.6904627516884,2386.9026223239453,0.0,False,5210.0,2024,157200.0,54.45
438,South West,Oyo,Ogbomosho South,28.271299875591975,13.460334827782845,48.333273903094984,1392.0,661.4305398621123,2382.3645862149488,0.0,False,4227.0,2024,143500.0,22.689999999999998
439,South West,Oyo,Ibadan South West,9.983046097884205,4.75305853179836,17.067248536839955,1386.0,658.5299327949378,2371.9170741348416,0.0,False,11672.0,2024,404600.0,14.489999999999995
440,South West,Lagos,Kosofe,4.787332960084079,2.058314532673648,8.97830445663708,1373.0,576.4032421452983,2596.729744575197,0.0,False,30667.0,2024,1010800.0,7.760000000000005
441,South West,Oyo,Saki East,25.628162056275176,12.201902417510272,43.814503816581826,1370.0,650.5679128270316,2343.2391808972075,0.0,False,5303.0,2024,155700.0,61.61
442,South South,Rivers,Ahoada West,11.724885272272392,5.20122758352442,20.65076541034677,1368.0,599.6038601739048,2418.8615818371654,0.0,False,16384.0,2024,358400.0,22.67
443,South West,Oyo,Ibarapa Central,26.97920833938321,12.845153184842909,46.124284065264206,1367.0,649.2352991579,2338.439324493379,0.0,False,4753.0,2024,147600.0,30.260000000000005
444,South East,Anambra,Orumba South,14.30423264221377,5.360255285310383,29.47402041402345,1361.0,496.4462673036637,2821.9116449568605,0.0,False,6139.0,2024,263000.0,9.64
445,South West,Oyo,Ibarapa North,27.654731480937222,13.166778568509224,47.27917418960539,1360.0,646.1036605093855,2327.159674456962,0.0,False,4478.0,2024,143300.0,32.09
446,South West,Oyo,Oyo East,22.211243183905605,10.575062749583555,37.97285958764151,1352.0,642.4111168973006,2313.8597365128826,0.0,False,6694.0,2024,177400.0,20.72
447,South West,Oyo,Lagelu,18.51920215933948,8.817233834490919,31.660860108060405,1346.0,639.1895935845544,2302.256336622166,0.0,False,8197.0,2024,211700.0,16.989999999999995
448,North Central,Kogi,Adavi,10.864871500845851,5.486593459076665,17.450448085308437,1345.0,677.6518749774228,2162.148409991496,0.0,False,14416.0,2024,292800.0,18.120000000000005
449,South West,Lagos,Lagos Mainland,9.758400788554736,4.195625899892168,18.301190667129415,1339.0,562.1244701285548,2532.403055721251,0.0,False,14319.0,2024,483600.0,8.310000000000002
450,North East,Borno,Monguno,21.760137757782267,13.06642692588598,31.78281450933837,1332.0,796.3948559691852,1948.0148734357504,0.0,False,18251.0,2024,160900.0,70.19
451,North East,Adamawa,Yola South,11.556172589079708,5.347036194519687,19.891092385390888,1327.0,614.0038190311145,2284.107727164509,0.0,False,16977.0,2024,302500.0,33.17
452,South South,Rivers,Opobo/Nkoro,18.474493636665667,8.195393273647676,32.538692303279674,1322.0,579.4127519709197,2337.4086440379447,0.0,False,10093.0,2024,219800.0,14.489999999999995
453,South South,Delta,Ughelli South,13.162683436310227,5.47199111371261,23.612557516139095,1316.0,544.6617376997028,2361.5519145842563,0.0,False,8445.0,2024,291400.0,19.42
454,South South,Bayelsa,Nembe,21.94794290706963,8.675176588626611,42.12377957338259,1304.0,515.5707204881302,2503.440381006727,0.0005,False,8171.0,2024,195000.0,26.370000000000005
455,North Central,Kogi,Mopa-Muro,52.195969234074916,26.358163864850788,83.8337619833488,1302.0,655.994133834507,2093.0461875889932,0.0,False,2878.0,2024,59000.0,23.480000000000004
456,South East,Anambra,Nnewi South,10.818131511481738,4.053901251610823,22.290872707846017,1301.0,474.6744355792133,2698.1556827880736,0.0,False,10221.0,2024,332500.0,10.739999999999995
457,South South,Edo,Owan East,14.799442910799272,5.631861980642382,29.363188352192342,1300.0,482.2280426114096,2601.396741317334,0.0,False,3463.0,2024,228500.0,11.61
458,South West,Ondo,Ondo West,8.851267475010085,3.6448423766211535,16.62124014035193,1289.0,525.6565270680853,2426.118640776113,0.0,False,15888.0,2024,443800.0,10.86
459,South South,Edo,Esan South-East,13.540326151045551,5.152710714531404,26.865007657358746,1279.0,474.4114604022539,2559.229903866278,0.0,False,4307.0,2024,245700.0,
460,South South,Rivers,Oyigbo,21.65778532592888,9.607520058355307,38.145349288072545,1271.0,557.1826552358751,2247.730223793406,0.0,False,7126.0,2024,180300.0,10.099999999999994
461,South West,Oyo,Iwajowa,25.090199990819436,11.945771657426913,42.89479131756102,1266.0,601.3232872849522,2165.868096735712,0.0,False,5522.0,2024,147000.0,34.269999999999996
462,South West,Ogun,Ijebu North East,30.79349550580226,14.434900876917574,51.305338663127124,1266.0,583.5669536536035,2121.9768060262977,0.0,False,4061.0,2024,117000.0,21.61
463,South West,Ondo,Akoko South East,30.416897853365633,12.525302006103681,57.11798507645587,1264.0,515.2973673920709,2378.306906119387,0.0,False,3858.0,2024,126600.0,12.409999999999997
464,South West,Lagos,Amuwo Odofin,9.094294345113342,3.9100932337553167,17.055705991100833,1256.0,527.5522936294068,2376.653412960895,0.0,False,16503.0,2024,487000.0,7.450000000000003
465,South West,Lagos,Shomolu,7.412438695537174,3.186979141995735,13.901504643521124,1256.0,527.4652835530867,2376.2614275646692,0.0,False,22034.0,2024,597400.0,6.230000000000004
466,South West,Lagos,Oshodi/Isolo,4.739592707510681,2.0377886038350552,8.888770988625867,1252.0,525.7728709558891,2368.637011513711,0.0,False,30824.0,2024,931300.0,6.609999999999999
467,South West,Oyo,Ido,24.510478312976716,11.669758600898726,41.90368561085368,1252.0,594.6224237765974,2141.7326827242987,0.0,False,5758.0,2024,148800.0,17.120000000000005
468,South East,Anambra,Ayamelum,15.323930033221625,5.742368640586542,31.575117513772557,1249.0,455.8017711756624,2590.8792362533923,0.0,False,4945.0,2024,225400.0,18.200000000000003
469,South West,Lagos,Agege,6.439997117640845,2.768877738009631,12.077759225050697,1249.0,524.3910549956566,2362.4118511691763,0.0,False,25232.0,2024,683600.0,7.709999999999994
470,South South,Bayelsa,Brass,14.92691933695619,5.900036359697706,28.648619258849525,1247.0,492.87754650860415,2393.2498564948446,0.0,False,12250.0,2024,274100.0,24.739999999999995
471,South South,Rivers,Okrika,11.954485683968493,5.303079667086077,21.055155229944237,1244.0,545.3324608969205,2199.9253617375,0.0,False,16170.0,2024,319700.0,11.349999999999994
472,South West,Oyo,Ibadan North West,16.423852196628303,7.819610371700486,28.07860092237665,1241.0,589.3613284579608,2122.7830781680377,0.0,False,9050.0,2024,220100.0,14.75
473,South West,Oyo,Itesiwaju,19.533715095564236,9.300256683415242,33.39529509479826,1221.0,579.9377244062063,2088.84079819395,0.0,False,7784.0,2024,182100.0,46.56
474,North Central,Kogi,Ogori/Magongo,53.71839223083539,27.126964126807284,86.2789785205881,1220.0,614.4807317518137,1960.5915458757627,0.0,False,2453.0,2024,53700.0,15.909999999999997
475,South East,Anambra,Ogbaru,10.570466316010819,3.9610931502455906,21.78055599182655,1217.0,443.860254960223,2523.0009866095543,0.0,False,10511.0,2024,318200.0,14.489999999999995
476,South East,Anambra,Idemili South,11.339936457801498,4.249438320349291,23.366057237114607,1209.0,441.004167149548,2506.766344549021,0.0,False,9610.0,2024,294700.0,7.069999999999993
477,South West,Oyo,Orelope,23.68511185638709,11.276790859400974,40.49261985893136,1208.0,573.8267828732176,2066.83018661914,0.0,False,6094.0,2024,148600.0,60.15
478,South West,Oyo,Oluyole,12.075939612807918,5.749512447739098,20.645308122071565,1205.0,572.5348141713866,2062.1767267374994,0.0,False,10820.0,2024,290800.0,19.25
479,South East,Anambra,Orumba North,13.483521425498072,5.052708439062151,27.78293639990377,1201.0,438.0698000507875,2490.086745502896,0.0,False,7100.0,2024,246200.0,8.400000000000006
480,South West,Oyo,Ibarapa East,20.850371109647696,9.927133794852136,35.646280937150536,1199.0,569.3969884483957,2050.874791871103,0.0,False,7248.0,2024,167500.0,23.629999999999995
481,South West,Lagos,Ojo,4.675128162634501,2.0100720629829434,8.767872292967413,1196.0,502.19374586889813,2262.411697380218,0.0,False,31036.0,2024,901800.0,11.540000000000006
482,South South,Rivers,Gokana,10.877294967412961,4.825231574114571,19.15792448753371,1191.0,521.9580384610805,2105.630617852283,0.0,False,17174.0,2024,336300.0,10.040000000000006
483,South West,Oyo,Olorunsogo,29.791841056035373,14.184284327744482,50.932826582975686,1188.0,564.4039383182429,2032.8906422281907,0.0,False,3608.0,2024,116200.0,54.33
484,South South,Rivers,Ogba/Egbema/Ndoni,8.910670880315061,3.9528256434205744,15.694155612196555,1182.0,517.9874588585474,2089.6129049986534,0.0,False,19007.0,2024,407400.0,
485,South South,Delta,Isoko South,10.680792523914446,4.440219356566956,19.160289693905717,1181.0,488.8286679321667,2119.4701165062393,0.0,False,10094.0,2024,322300.0,18.049999999999997
486,South West,Lagos,Ikorodu,5.319165455312557,2.286975994703571,9.975718695819308,1179.0,495.1537012601819,2230.6958916700523,0.0,False,28918.0,2024,781500.0,10.620000000000005
487,North West,Kano,Kumbotso,5.893148835557469,4.27789810137669,7.50728893861628,1174.0,851.5867050098627,1496.2730279561245,0.0,False,24596.0,2024,484200.0,28.89
488,South South,Rivers,Tai,20.824142709630426,9.23771132504967,36.677074101963996,1173.0,514.0448965002861,2073.7082164937633,0.0,False,7903.0,2024,173000.0,9.700000000000003
489,South West,Ondo,Akure North,17.776892882643693,7.3203044294219435,33.38211237949254,1172.0,477.9088698332401,2205.74378513232,0.0,False,10909.0,2024,200900.0,6.8799999999999955
490,South West,Ondo,Ondo East,30.43840970411712,12.534160319948553,57.158380832003125,1168.0,476.1521703664452,2197.635902697369,0.0,False,3846.0,2024,116900.0,9.689999999999998
491,North East,Gombe,Akko,4.931234079552126,2.799856899387334,7.351638112095282,1168.0,663.4089594136444,1741.9256644859383,0.0,False,24971.0,2024,565000.0,39.14
492,South South,Edo,Etsako East,13.889417764531773,5.285555970775443,27.557631214931096,1163.0,431.1847173856223,2326.041664102623,0.0,False,4073.0,2024,217700.0,18.409999999999997
493,South South,Delta,Sapele,14.076272146937418,5.851788237173745,25.251445671442706,1154.0,477.3257465825588,2069.5955906193926,0.0,False,7838.0,2024,238800.0,15.819999999999993
494,South West,Ekiti,Ikole,12.812639156135571,4.588382074039678,27.786989715268316,1152.0,407.15978858993435,2509.7538486121116,0.0,False,7049.0,2024,255200.0,10.11
495,North Central,Kogi,Dekina,7.726889041640728,3.90196044854987,12.410425293257523,1149.0,578.8793023349789,1846.9999262707881,0.0,False,15292.0,2024,351700.0,31.11
496,South South,Rivers,Abua/Odual,8.664976981817833,3.8438343951232885,15.261420711786183,1146.0,502.22132524596094,2026.010754608,0.0,False,19236.0,2024,406200.0,20.239999999999995
497,South West,Lagos,Eti-Osa,9.50540785771992,4.086851550887653,17.826720314356624,1133.0,475.65381649296216,2142.847789701771,0.0,False,15151.0,2024,420100.0,8.799999999999997
498,South West,Ogun,Remo North,31.712776333305854,14.86582719447593,52.83696128040047,1132.0,521.8837939721792,1897.6833751750137,0.0,False,3534.0,2024,101600.0,17.650000000000006
499,South East,Anambra,Anambra West,13.071884790267097,4.898454974034424,26.934754823623148,1127.0,411.24099280991766,2337.5858031864045,0.0,False,7582.0,2024,238400.0,20.319999999999993
500,South West,Lagos,Ikeja,8.389137366019662,3.60691088358528,15.733233938119934,1119.0,469.858922492651,2116.741459068962,0.0,False,18822.0,2024,470200.0,7.6200000000000045
501,South West,Oyo,Egbeda,8.035083002421175,3.825607879989671,13.73696537828519,1118.0,531.0808931169593,1912.8664854831327,0.0,False,12465.0,2024,405400.0,17.239999999999995
502,South South,Akwa Ibom,Ibiono Ibom,15.971525442419903,6.593744724607784,30.074651418140988,1107.0,453.1896071668297,2090.478462259413,0.0,False,6056.0,2024,240700.0,14.319999999999993
503,South West,Lagos,Ifako/Ijaye,6.120107017594901,2.631340940951038,11.477827961688947,1099.0,461.60177535361044,2079.5425364857406,0.0,False,26284.0,2024,633200.0,9.480000000000004
504,South East,Abia,Obi Nwga,10.232501266900462,3.5874161298809457,21.558860123745372,1095.0,374.7474681930368,2323.15757767836,0.0,False,7213.0,2024,264900.0,
505,North East,Taraba,Karim-Lamido,8.989941431819393,4.8543185848051245,14.08233537792268,1094.0,591.0087401968302,1714.51113999545,0.0,False,20722.0,2024,305100.0,30.959999999999994
506,South South,Delta,Uvwie,12.191901363238498,5.068417564071042,21.871070102348593,1083.0,447.87905417695833,1941.9202133800977,0.0,False,9090.0,2024,258700.0,10.989999999999995
507,South East,Anambra,Oyi,12.423685192465623,4.655553770806112,25.599132797903234,1077.0,392.9799639938593,2233.786030162011,0.0,False,8341.0,2024,239700.0,5.8799999999999955
508,South East,Enugu,Udi,9.12180929507428,3.4301770147671276,18.14597446459712,1074.0,403.7296730283183,2135.76975935435,0.0,False,11925.0,2024,342000.0,5.849999999999994
509,South South,Delta,Ndokwa West,15.214119041886608,6.324813979079212,27.292630919234366,1074.0,444.1838904709345,1925.8986713464735,0.0,False,7082.0,2024,205600.0,15.61
510,South South,Delta,Udu,15.93656151487022,6.625147783463636,28.588621552752876,1068.0,441.96690491655386,1916.286234639124,0.0,False,6602.0,2024,195300.0,13.430000000000007
511,South West,Ogun,Ewekoro,32.01280726751955,15.006471078005411,53.33684570197733,1054.0,485.85781119597436,1766.6850391883825,0.0,False,3362.0,2024,93700.0,35.61
512,South South,Bayelsa,Kolokuma/Opokuma,29.23576193032541,11.555770785558453,56.110989372777794,1051.0,415.58152886478166,2017.926037335086,0.0,False,3937.0,2024,118000.0,28.700000000000003
513,South South,Edo,Egor,5.4261839042440245,2.0649100790129093,10.765949838401506,1049.0,388.97732362508174,2098.3523410313687,0.0,False,9746.0,2024,502700.0,7.25
514,South South,Rivers,Omumma,22.227494758688827,9.860246489996612,39.14876514884943,1045.0,457.97896050053976,1847.532656849777,0.0,False,6595.0,2024,144400.0,12.769999999999996
515,North West,Katsina,Funtua,5.829141263893321,4.0144070120846544,7.756429496963431,1044.0,718.7651111621507,1388.7607541596083,0.0,False,24605.0,2024,402400.0,49.94
516,South South,Delta,Warri South West,18.921151981383762,7.865901812826785,33.94268285747622,1037.0,429.0870163826325,1860.4414353415389,0.0,False,4619.0,2024,159700.0,42.75
517,North East,Adamawa,Yola North,8.852029171203903,4.0958301728808575,15.236578433328335,1035.0,478.72289639405494,1780.8597160677018,0.0,False,18583.0,2024,307900.0,27.650000000000006
518,South South,Edo,Ovia South-West,13.168856870028161,5.01134973673326,26.127985153788174,1033.0,383.0885173185583,2066.584960907473,0.0,False,4556.0,2024,204000.0,24.489999999999995
519,South West,Lagos,Badagry,10.29357814224377,4.425725484324794,19.304877951841092,1028.0,431.47255903402095,1943.8086847700067,0.0,False,12559.0,2024,351900.0,23.42
520,North East,Borno,Kwaya Kusar,32.52087293257343,19.527983437858616,47.49992318996635,1028.0,614.7152395430494,1503.6189907331773,0.0,False,13195.0,2024,83100.0,38.56
521,South East,Enugu,Enugu South,10.417472201770183,3.9173997770139297,20.72343089446629,1019.0,383.15103177808743,2026.906719040337,0.0,False,10474.0,2024,284200.0,3.200000000000003
522,North Central,FCT,Abuja Municipal Area Council,1.0,1.0,1.0,1018.0,968.9054019929629,1036.2945573766715,0.0,False,57523.0,2024,1693400.0,
523,South West,Ekiti,Ekiti West,10.646087850539628,3.812510292126326,23.088352837059908,1009.0,356.4728536261277,2197.3169782121095,0.0,False,8639.0,2024,268900.0,9.670000000000002
524,North West,Kaduna,Ikara,9.081077245428034,6.329649932817146,11.893456279603278,1008.0,702.7230234962865,1320.770405072469,0.0,False,38507.0,2024,287700.0,46.17
525,South West,Oyo,Saki West,7.337451830779942,3.493456574676094,12.544278849874665,983.0,467.14624965859554,1682.5843602591633,0.0,False,12749.0,2024,390500.0,58.62
526,South South,Delta,Warri North,15.355597359512565,6.383629349104495,27.54642908496507,983.0,406.88458675421504,1764.1758331003182,0.0,False,6988.0,2024,186600.0,42.04
527,South West,Lagos,Lagos Island,10.986267921620831,4.723547560084753,20.60396865330314,981.0,412.0884046148223,1856.481954673156,0.0,False,10281.0,2024,314900.0,8.310000000000002
528,South West,Lagos,Apapa,10.45473950443422,4.4950168364550755,19.607124690987224,979.0,411.0799437430715,1851.9387804672494,0.0,False,12029.0,2024,330100.0,7.319999999999993
529,South East,Anambra,Nnewi North,12.060727578413415,4.519541898115687,24.85125485201264,966.0,352.5325113964764,2003.8736609678253,0.0,False,8766.0,2024,221500.0,8.349999999999994
530,South East,Anambra,Njikoka,12.611569133857357,4.7259599166693915,25.986269616952487,965.0,351.9908977004311,2000.7950075533483,0.0,False,8121.0,2024,211500.0,5.400000000000006
531,South South,Delta,Ika South,12.178355566870055,5.062786305238832,21.84677027797012,957.0,396.0199051751257,1717.0685960603023,0.0,False,9099.0,2024,229000.0,7.109999999999999
532,South West,Oyo,Ogo Oluwa,29.8458829073597,14.210014358437787,51.02521779292299,955.0,453.5100423580535,1633.4689726179008,0.0,False,3586.0,2024,93200.0,18.909999999999997
533,South East,Enugu,Aninri,14.094618893550834,5.300158794885971,28.038362374963338,948.0,356.6019179857522,1886.4592905667064,0.0,False,6356.0,2024,195500.0,8.980000000000004
534,South East,Abia,Isiala-Ngwa North,10.407195509697422,3.648662244399824,21.92692347860329,943.0,322.8728356383541,2001.5731616720743,0.0,False,7048.0,2024,224400.0,10.25
535,South East,Anambra,Anambra East,12.018026682642565,4.503540501328578,24.763269211319628,943.0,343.8304836258007,1954.4093883604785,0.0,False,8816.0,2024,216800.0,9.469999999999999
536,North East,Adamawa,Toungo,30.838769364617523,14.269085609094947,53.08131267120679,942.0,436.03825551998733,1622.071912100054,0.0,False,5525.0,2024,80500.0,25.92
537,South South,Delta,Ndokwa East,19.178522112384176,7.972895730638734,34.40437952066719,931.0,385.3580722276823,1670.8408729300722,0.0,False,4448.0,2024,141500.0,20.680000000000007
538,South South,Akwa Ibom,Ibesikpo Asutan,18.446135515464913,7.6153720684345965,34.7343838657996,930.0,380.54051136123445,1755.3618406897788,0.0,False,4593.0,2024,175000.0,14.39
539,South South,Delta,Aniocha South,13.836963077761597,5.752302664471405,24.8221487740897,925.0,382.5600511771988,1658.7091744620957,0.0,False,7997.0,2024,194700.0,
540,North East,Gombe,Gombe,4.938865196233606,2.8041896960759507,7.363014819695932,925.0,525.4333118567124,1379.6403529250056,0.0,False,24968.0,2024,446800.0,39.41
541,South South,Cross River,Akpabuyo,8.469631338974533,3.2896350337717526,16.63293787235491,924.0,358.6809423849436,1813.5500654144655,0.0,False,8491.0,2024,414700.0,19.540000000000006
542,South West,Ekiti,Aiyekire (Gbonyin),11.81248276726298,4.230212333206722,25.61793344570544,923.0,325.9541831196765,2009.198325770152,0.0,False,7783.0,2024,221600.0,
543,South South,Delta,Okpe,15.197563068547398,6.317931329395402,27.262931133882894,918.0,379.8214657689439,1646.8351778758285,0.0,False,7093.0,2024,176000.0,14.599999999999994
544,South East,Enugu,Isi-Uzo,12.461422851961029,4.686009634204096,24.789452788312268,915.0,343.9870270614884,1819.7252743337538,0.0,False,8185.0,2024,213300.0,9.659999999999997
545,South East,Enugu,Igbo-Eze South,12.561432669707372,4.723617455962637,24.988401871803205,914.0,343.82157236324105,1818.8500026738602,0.0,False,8073.0,2024,211500.0,15.680000000000007
546,South West,Ekiti,Irepodun/Ifelodun,13.127402270344794,4.701103068770485,28.469621865498596,910.0,321.5353809784545,1981.9606024217965,0.0,False,6818.0,2024,196700.0,7.060000000000002
547,South West,Ekiti,Ikere,11.553586699298684,4.137498095116447,25.056461114347204,906.0,319.9611326504816,1972.2568548747117,0.0,False,7973.0,2024,222400.0,6.290000000000006
548,South South,Akwa Ibom,Ukanafun,19.63523386225278,8.106283908974756,36.973476080908284,905.0,370.5824634984354,1709.4272379228041,0.0,False,3890.0,2024,160100.0,11.829999999999998
549,South East,Enugu,Nkanu East,11.867614559092129,4.462713192512764,23.608192605084845,900.0,338.4999418591561,1790.6980528411186,0.0,False,8850.0,2024,220400.0,6.709999999999994
550,South East,Enugu,Nkanu West,12.346232972592475,4.642693482357205,24.560306076077175,899.0,337.93129693211375,1787.6898651350295,0.0,False,8314.0,2024,211500.0,3.700000000000003
551,South South,Delta,Ukwuani,16.04041262036161,6.668320767843896,28.774920206321156,898.0,371.50304699311147,1610.7680624045897,0.0,False,6533.0,2024,163100.0,11.480000000000004
552,South East,Enugu,Igbo-Eze North,7.00374422637498,2.633697075380899,13.932517089235532,896.0,336.72291397703043,1781.2974002120832,0.0,False,14297.0,2024,371500.0,16.569999999999993
553,South East,Ebonyi,Ohaukwu,8.270515231518427,3.3613355512600163,15.366282704002758,894.0,360.59440668210203,1666.1540682025525,0.0,False,7475.0,2024,291300.0,8.790000000000006
554,South East,Abia,Osisioma Ngwa,6.879430558185448,2.4118619196913147,14.494274397472436,893.0,305.5893106474734,1894.4280694179095,0.0,False,10380.0,2024,321300.0,8.950000000000003
555,South East,Enugu,Igbo-Etiti,8.67533689442097,3.262284953345073,17.257808913298305,893.0,335.6920937920078,1775.8442598422173,0.0,False,12425.0,2024,299000.0,8.310000000000002
556,South South,Edo,Esan West,12.26032356826274,4.665611441636595,24.325387946260147,890.0,329.90942434636645,1779.7084067881406,0.0,False,5165.0,2024,188700.0,5.030000000000001
557,South South,Edo,Esan North-East,12.843634768575185,4.887587916813599,25.482720471947275,890.0,330.03775447746165,1780.4006883548373,0.0,False,4774.0,2024,180200.0,
558,South East,Enugu,Uzo-Uwani,14.15355325043707,5.322320546993683,28.155600227734784,889.0,334.2811807787975,1768.3803909517012,0.0,False,6290.0,2024,182500.0,18.200000000000003
559,South South,Edo,Esan Central,14.657717683101875,5.577929077466384,29.081995027536905,877.0,325.0256502495548,1753.362709528445,0.0,False,3558.0,2024,155500.0,14.420000000000002
560,South South,Edo,Ovia North-East,9.933046145021265,3.7799764000096685,19.7078975624445,877.0,325.07684246423054,1753.6388677952216,0.0,False,6725.0,2024,229500.0,
561,South South,Delta,Ika North East,10.16454717342824,4.225605825517253,18.23419638703728,874.0,361.71122436337544,1568.3125420734157,0.0,False,10437.0,2024,250600.0,
562,South East,Abia,Arochukwu,8.737542049753129,3.06329786502848,18.409130080961226,870.0,297.89093879950474,1846.7038486763256,0.0,False,8625.0,2024,246600.0,15.269999999999996
563,South South,Edo,Owan West,15.442427891194832,5.876547046630335,30.638918067208078,869.0,322.16681083715264,1737.9405961832754,0.0,False,3032.0,2024,146300.0,8.670000000000002
564,South West,Ekiti,Ido-Osi,10.222315865608596,3.66075172346277,22.169311284152474,863.0,304.98727876011156,1879.9572504367095,0.0,False,8950.0,2024,239600.0,7.159999999999997
565,North East,Taraba,Gassol,5.6067644444243445,3.0274970142586866,8.782742122427452,862.0,465.7271180559734,1351.070259703792,0.0,False,22139.0,2024,385500.0,51.42
566,South East,Anambra,Ekwusigo,10.482502470722869,3.928130272864146,21.59930557199894,856.0,312.3495232294274,1775.4645667598509,0.0,False,10614.0,2024,225800.0,8.780000000000001
567,South South,Edo,Etsako West,7.49388038412395,2.8517627506122167,14.868412448637716,847.0,314.17742572691714,1694.8415671878927,0.0,False,8360.0,2024,294000.0,8.61
568,South East,Abia,Umunneochi,8.831771065564824,3.09633364801139,18.60766122388459,847.0,289.99222815381216,1797.7376753252163,0.0,False,8536.0,2024,237500.0,11.700000000000003
569,South East,Enugu,Awgu,8.67533689442097,3.262284953345073,17.257808913298305,846.0,317.9531804745706,1682.0036601582472,0.0,False,12425.0,2024,283200.0,6.760000000000005
570,South South,Akwa Ibom,Nsit Ubium,18.087545402351083,7.46733037541253,34.05915264303568,845.0,345.85012582532147,1595.3416136954618,0.0,False,4805.0,2024,162200.0,17.180000000000007
571,South West,Ekiti,Oye,11.58220152786316,4.147745458273794,25.118518582549957,842.0,297.53356105658867,1834.0121516889415,0.0,False,7952.0,2024,206300.0,8.310000000000002
572,South South,Rivers,Ogu/Bolo,23.752084408315728,10.536563362618635,41.83398913785875,837.0,367.0438924338047,1480.6915519166332,0.0,False,5174.0,2024,108300.0,11.329999999999998
573,South West,Lagos,Epe,10.953427493099005,4.709427812858205,20.542378751741285,836.0,350.9698949148997,1581.1395546352844,0.0,False,10389.0,2024,269000.0,18.620000000000005
574,South South,Delta,Isoko North,12.38304760088208,5.147880883147753,22.2139676241337,836.0,345.8794705872123,1499.6690045280297,0.0,False,8963.0,2024,196700.0,15.959999999999994
575,South East,Anambra,Anaocha,5.686337857741214,2.1308533857360867,11.716758409359922,833.0,303.9062415437776,1727.471064784717,0.0,False,16230.0,2024,405000.0,6.829999999999998
576,South East,Enugu,Ezeagu,9.849559308139172,3.703841074885076,19.59368431321419,830.0,312.1685594553889,1651.402444871237,0.0,False,11110.0,2024,244900.0,7.549999999999997
577,South East,Abia,Umuahia South,10.01545690463757,3.511322472448399,21.101569288921894,819.0,280.3953041779375,1738.2438333402138,0.0,False,7418.0,2024,202500.0,9.170000000000002
578,South South,Akwa Ibom,Abak,15.979982756408434,6.59723627397151,30.090576682828807,817.0,334.37370517016143,1542.403042677858,0.0,False,6051.0,2024,177500.0,9.060000000000002
579,South East,Abia,Ikwuano,10.06310078903674,3.5280259582262747,21.201950203883143,816.0,279.3640209602982,1731.8506389222675,0.0,False,7373.0,2024,200800.0,11.89
580,South South,Cross River,Obudu,12.589315459218009,4.889735046113842,24.723307722388217,814.0,316.1334163111175,1598.4227486929674,0.0,False,5990.0,2024,245900.0,12.159999999999997
581,South South,Cross River,Boki,10.879506536062182,4.225639159344114,21.365529272034525,813.0,315.74976119080526,1596.4829250605421,0.0,False,7028.0,2024,284200.0,13.900000000000006
582,South West,Ekiti,Ijero,6.932973191578025,2.4827929300421223,15.035657558369396,812.0,286.7905018281235,1767.7913828407118,0.0,False,11364.0,2024,332200.0,9.0
583,South West,Ekiti,Ekiti East,11.116188605527427,3.9808598297112985,24.107868386105128,811.0,286.66958685927045,1767.0460567625034,0.0,False,8294.0,2024,207100.0,8.590000000000003
584,South South,Cross River,Ogoja,11.77559136669491,4.573681705011485,23.12528984717172,809.0,314.21860482196206,1588.7411456551142,0.0,False,6484.0,2024,261300.0,11.030000000000001
585,South East,Anambra,Awka South,8.203982672390415,3.0742957403040205,16.904391784619865,802.0,292.6326070754362,1663.3892044053744,0.0,False,13282.0,2024,270300.0,5.700000000000003
586,South East,Abia,Umuahia North,6.098070854039039,2.137924752934148,12.848027392107921,800.0,273.91582246228023,1698.075831352797,0.0,False,11118.0,2024,324900.0,9.549999999999997
587,South South,Bayelsa,Ekeremor,6.532329498406727,2.5819782825988407,12.537229983542387,799.0,315.7890415282881,1533.3668244248709,0.0,False,17127.0,2024,401300.0,39.82
588,South South,Akwa Ibom,Uruan,18.535783043743375,7.652382491690113,34.90319167149059,798.0,326.6702493643845,1506.8684492267435,0.0,False,4540.0,2024,149500.0,17.510000000000005
589,South East,Abia,Bende,7.01812719943637,2.4604876227335764,14.786494394359636,795.0,272.1629746026749,1687.2094689803048,0.0,False,10249.0,2024,280500.0,12.819999999999993
590,South East,Imo,Aboh-Mbaise,9.52879287624469,3.6608080908083216,19.26375446219015,795.0,305.1763570111278,1607.7216601745697,0.0,False,7225.0,2024,270700.0,8.530000000000001
591,South West,Lagos,Ajeromi/Ifelodun,2.7481856113121057,1.181582820625239,5.154027791139062,793.0,333.07959448656607,1500.5427226522856,0.0,False,37373.0,2024,1017500.0,6.079999999999998
592,South South,Delta,Aniocha North,16.196941822841396,6.733393092127187,29.055718176916834,793.0,327.9785421022586,1422.0539105891455,0.0,False,6429.0,2024,142600.0,
593,North East,Borno,Konduga,9.000919527388088,5.404830547469064,13.14672539929789,789.0,471.920203344302,1154.3364052380252,0.0,False,24246.0,2024,230500.0,45.19
594,South West,Ekiti,Moba,10.28227074450559,3.6822223891257817,22.29933645562491,789.0,278.73601008931587,1718.1430820836688,0.0,False,8906.0,2024,217700.0,8.25
595,South East,Anambra,Onitsha North,12.063289632159664,4.520501981922914,24.856533990454217,783.0,285.58811513955624,1623.3467362957183,0.0,False,8763.0,2024,179400.0,6.150000000000006
596,South South,Delta,Bomadi,19.30645463364169,8.02607984183181,34.63387786201942,781.0,323.2281802820786,1401.4572259408117,0.0,False,4363.0,2024,117900.0,27.42
597,South South,Akwa Ibom,Obot Akara,14.417071131327376,5.951997951554574,27.147587768518104,781.0,319.51580406075925,1473.8663380129792,0.0,False,6975.0,2024,188000.0,12.200000000000003
598,South South,Cross River,Ikom,11.909015762432501,4.625504216406811,23.38731302104325,781.0,303.1851378353619,1532.9541148687886,0.0,False,6403.0,2024,249300.0,10.430000000000007
599,South East,Enugu,Oji River,12.15782161951678,4.571843032437099,24.185500213429073,773.0,290.7644517696224,1538.1726057605072,0.0,False,8525.0,2024,184800.0,7.859999999999999
600,South South,Akwa Ibom,Eket,12.12175611483928,5.004391454238794,22.82547093224145,770.0,315.2306981984256,1454.099950231689,0.0,False,8332.0,2024,220600.0,18.209999999999994
601,South South,Delta,Oshimili North,13.724081441357908,5.705375507536338,24.61965023760244,765.0,316.6864889879075,1373.0936701206194,0.0,False,8072.0,2024,162500.0,14.200000000000003
602,South East,Enugu,Enugu North,6.351001576619844,2.388238881581856,12.634019053236663,760.0,285.6147322980051,1510.93008223198,0.0,False,15028.0,2024,347500.0,3.469999999999999
603,South South,Akwa Ibom,Etim Ekpo,19.474544896470636,8.039944471063924,36.67089605183955,758.0,310.3855273960865,1431.750088169364,0.0,False,3985.0,2024,135200.0,10.400000000000006
604,South East,Anambra,Dunukofia,15.219739847540756,5.703325232425995,31.360432550481615,757.0,276.16069281947847,1569.7591587892068,0.0,False,5067.0,2024,137500.0,5.609999999999999
605,South East,Enugu,Udenu,8.553003456641964,3.2162825285154293,17.01445155224243,755.0,283.9158200904937,1501.9426692202387,0.0,False,12562.0,2024,256500.0,11.439999999999998
606,South South,Cross River,Obubra,10.930570193690151,4.245472466174424,21.46580974598536,755.0,293.344492058964,1483.1981850643174,0.0,False,6997.0,2024,262800.0,8.790000000000006
607,South East,Imo,Ahiazu-Mbaise,10.300749902583432,3.957381493597083,20.82437088064803,754.0,289.31723048753446,1524.1730475849633,0.0,False,6488.0,2024,237400.0,
608,South East,Abia,Isuikwuato,11.060446102459395,3.877685593843147,23.303257357072003,753.0,257.81320397798726,1598.251487421595,0.0,False,6431.0,2024,168600.0,14.019999999999996
609,South East,Enugu,Enugu East,5.50181107057725,2.068908180757108,10.944728174666313,753.0,283.16843422781824,1497.9889243490775,0.0,False,15979.0,2024,397700.0,4.900000000000006
610,South West,Ekiti,Ise/Orun,12.388867171204542,4.436623505376122,26.867948162360882,745.0,263.18203359370887,1622.2675721118649,0.0,False,7360.0,2024,170600.0,7.609999999999999
611,South West,Ekiti,Ekiti South West,8.521777482348384,3.0517655701119133,18.48132460238889,742.0,262.31569192625045,1616.9273975783065,0.0,False,10198.0,2024,247200.0,7.459999999999994
612,South South,Akwa Ibom,Essien Udim,10.425218928739381,4.303986651874954,19.630862835863052,740.0,303.06494837984883,1397.981633370974,0.0,False,9335.0,2024,246600.0,8.780000000000001
613,South East,Abia,Isiala-Ngwa South,9.195982092971821,3.2240225170689305,19.375017551588375,739.0,253.00327058504442,1568.4334521888993,0.0,False,8192.0,2024,199000.0,11.469999999999999
614,South South,Delta,Oshimili South,10.464059782019362,4.350119215251629,18.771492503850162,738.0,305.503511001938,1324.6063591061625,0.0,False,10238.0,2024,205600.0,8.519999999999996
615,South South,Cross River,Biase,10.915745260830418,4.239714409352722,21.436696059999637,735.0,285.3665843806085,1442.8605666345522,0.0,False,7006.0,2024,256000.0,18.0
616,South South,Cross River,Abi,12.648615190656939,4.912767273400653,24.83976246633112,731.0,283.9098289480316,1435.4949706469981,0.0,False,5954.0,2024,219800.0,7.269999999999996
617,South East,Imo,Isu,10.368832951039359,3.983537899541818,20.96201004916874,730.0,280.1887663104109,1476.0827245814878,0.0,False,6423.0,2024,228400.0,10.469999999999999
618,South East,Imo,Orsu,14.0893096912771,5.412884882860247,28.4834612274081,726.0,278.5421393302657,1467.4080097767935,0.0,False,2871.0,2024,167100.0,11.670000000000002
619,South South,Cross River,Calabar Municipal,9.825289088258973,3.8161773409119117,19.295222713049593,723.0,280.73903795474365,1419.4629278653065,0.0,False,7668.0,2024,279800.0,
620,South South,Akwa Ibom,Onna,15.89033522812998,6.560225850715994,29.921768877137836,719.0,294.4713551139946,1358.34100315442,0.0,False,6104.0,2024,157200.0,17.92
621,South East,Ebonyi,Ezza North,8.901071559974861,3.617608751245825,16.53783085216821,719.0,290.0324939777454,1340.1173473496867,0.0,False,6538.0,2024,217700.0,7.079999999999998
622,South South,Cross River,Yakurr,9.141694961949081,3.550666943022281,17.952758303707803,718.0,279.0373896608124,1410.8591131372311,0.0,False,8083.0,2024,298900.0,8.439999999999998
623,South South,Akwa Ibom,Ikot Ekpene,13.77938965659192,5.6887351295294835,25.946822811055835,716.0,293.20045606279245,1352.4785847489022,0.0,False,7352.0,2024,180500.0,10.129999999999995
624,South East,Imo,Ezinihitte-Mbaise,9.853496645803725,3.78555402685244,19.920187419750448,713.0,273.49105247862394,1440.7980134509266,0.0,False,6915.0,2024,234600.0,
625,South East,Anambra,Awka North,12.310100809715168,4.612990055352402,25.365090993659827,712.0,259.753859742007,1476.4990491510769,0.0,False,8474.0,2024,159900.0,7.540000000000006
626,South East,Ebonyi,Ikwo,5.983823231417081,2.4319691333819184,11.117701479385678,711.0,286.77812345594714,1325.0802791538044,0.0,False,10873.0,2024,320200.0,6.900000000000006
627,South West,Ekiti,Efon,15.43566510787909,5.527723696796409,33.475590967187294,710.0,251.02336057818798,1547.3208871742397,0.0,False,5124.0,2024,130600.0,9.849999999999994
628,South West,Ekiti,Emure,14.221578810214949,5.092942717120437,30.842581244870516,708.0,250.05072837761278,1541.325532335464,0.0,False,6015.0,2024,141200.0,
629,South West,Osun,Obokun,15.149994439169589,6.047771681097377,29.847536829861085,700.0,277.72109600965933,1378.9779489566708,0.0,False,4503.0,2024,151700.0,11.400000000000006
630,South East,Abia,Aba North,11.10491372789862,3.893275513902498,23.396946211035836,698.0,238.89096436692742,1480.9475745998666,0.0,False,6389.0,2024,155600.0,6.219999999999999
631,South West,Osun,Olorunda,13.375940888219878,5.339581927677772,26.35241154036165,696.0,276.2340557120515,1371.594297483756,0.0,False,5392.0,2024,170900.0,9.349999999999994
632,South South,Akwa Ibom,Ikot Abasi,14.269913867926887,5.891244992625707,26.870488162949894,695.0,284.6290113761675,1312.9401217645977,0.0,False,7062.0,2024,169200.0,15.260000000000005
633,South South,Edo,Akoko-Edo,4.6340144736406765,1.7634535359975902,9.194227150064258,689.0,255.33796538049847,1377.429955085966,0.0,False,10277.0,2024,386400.0,15.560000000000002
634,South East,Abia,Ugwunagbo,13.710504828039966,4.806770591665895,28.886666915916692,688.0,235.61314520152834,1460.6275162174209,0.0,False,3928.0,2024,124300.0,8.599999999999994
635,South East,Abia,Ukwa West,13.231948478074957,4.6389933567414525,27.87839639230591,680.0,232.6943586365431,1442.5331948367666,0.0,False,4380.0,2024,127200.0,9.900000000000006
636,South South,Akwa Ibom,Itu,14.432294296506734,5.958282740409285,27.176253244956197,678.0,277.6597859387884,1280.7923949741457,0.0,False,6966.0,2024,163200.0,14.120000000000005
637,South South,Akwa Ibom,Ini,18.616973258033298,7.685901365581903,35.05607421249374,678.0,277.40456445156235,1279.6151062329336,0.0,False,4492.0,2024,126400.0,16.409999999999997
638,South East,Imo,Ideato North,10.117449387509781,3.886960400668951,20.45380388847689,677.0,259.86967641143667,1369.0382560467772,0.0,False,6663.0,2024,217100.0,11.650000000000006
639,South East,Imo,Ideato South,9.848259488230191,3.783541995625922,19.9095997914027,674.0,258.54820504190275,1362.0765170545835,0.0,False,6920.0,2024,221900.0,11.650000000000006
640,South South,Akwa Ibom,Okobo,17.547968769882615,7.244569526006683,33.043120755952216,663.0,271.1983221948992,1250.9868774210966,0.0,False,5124.0,2024,131100.0,22.409999999999997
641,North Central,Plateau,Shendam,5.742875572969262,3.1753104876758766,8.865326036947973,661.0,363.9912544835449,1021.2862512009257,0.0,False,18355.0,2024,301800.0,21.36
642,South South,Cross River,Odukpani,8.537167144224428,3.3158661815150654,16.76556688628988,660.0,256.1387793332038,1295.0799586011462,0.0,False,8450.0,2024,293800.0,24.450000000000003
643,South South,Edo,Uhunmwonde,9.534723662966474,3.628396556346598,18.917596323676047,660.0,244.6020902097577,1319.5148854166143,0.0,False,6992.0,2024,179900.0,8.430000000000007
644,South South,Edo,Igueben,16.435996329578696,6.2546450836325995,32.61023126952938,656.0,243.28440959969666,1312.4066093683218,0.0,False,2366.0,2024,103800.0,6.790000000000006
645,South South,Akwa Ibom,Ikono,13.53751047651985,5.588876817726861,25.49136024098394,655.0,268.1053876447448,1236.7197517853233,0.0,False,7495.0,2024,168000.0,12.069999999999993
646,South West,Osun,Ilesa West,15.469284167124542,6.175229904434988,30.47658075148077,653.0,259.27312055046934,1287.3775926040803,0.0,False,4343.0,2024,138700.0,7.75
647,South East,Enugu,Nsukka,4.256153072754518,1.6004893293895754,8.466746286542614,651.0,244.61415676151736,1294.0329968874207,0.0,False,17374.0,2024,444100.0,11.349999999999994
648,South East,Ebonyi,Ezza South,8.741581858967203,3.552788315390289,16.24150544009221,646.0,260.36885947613,1203.0542526741444,0.0,False,6775.0,2024,199000.0,6.510000000000005
649,South East,Imo,Nwangele,11.809051283760894,4.536846486834285,23.873607844799125,646.0,247.99224931234284,1306.4659224578381,0.0,False,5048.0,2024,177500.0,11.010000000000005
650,South East,Imo,Njaba,10.446342883127645,4.0133159616942855,21.118706948715396,642.0,246.4416865950763,1298.2972907511635,0.0,False,6349.0,2024,199400.0,10.629999999999995
651,South South,Delta,Patani,20.259175644888828,8.422145046363768,36.342965509971954,642.0,265.81936991165355,1152.5433099076101,0.0,False,3730.0,2024,92400.0,26.049999999999997
652,South East,Ebonyi,Ishielu,7.586795669392774,3.083455539322362,14.095959418478639,640.0,258.10936290943187,1192.6140757692021,0.0,False,8491.0,2024,227300.0,7.560000000000002
653,South South,Akwa Ibom,Oron,19.93969716584,8.231979686068962,37.54678560967012,639.0,261.62014160048767,1206.8045309515373,0.0,False,3710.0,2024,111300.0,26.400000000000006
654,South South,Cross River,Bekwarra,15.063432032031166,5.8506907512469155,29.582058428005983,637.0,247.20062742590548,1249.8871868068522,0.0,False,4488.0,2024,160700.0,12.920000000000002
655,South East,Ebonyi,Afikpo South,7.218690747657802,2.933848879351992,13.412035366134456,629.0,253.581438944636,1171.6924563689674,0.0,False,9038.0,2024,234700.0,9.849999999999994
656,South South,Cross River,Yala,7.403883387835979,2.875694726700448,14.539987335381078,627.0,243.60986200288812,1231.7316839677515,0.0,False,9138.0,2024,322200.0,
657,South East,Ebonyi,Afikpo North,7.146684848890632,2.9045839568349354,13.27825131933221,619.0,249.55444252163824,1153.085411033597,0.0,False,9145.0,2024,233300.0,
658,South West,Osun,Orolu,15.14600331757015,6.046178453305656,29.83967378084083,615.0,244.33750204431516,1213.2172609982322,0.0,False,4505.0,2024,133500.0,10.189999999999998
659,South South,Delta,Ethiope West,6.4439684375626385,2.6788867329374733,11.559844624416948,614.0,254.20174603060815,1102.1714551944945,0.0,False,12909.0,2024,277800.0,14.840000000000003
660,South West,Osun,Ejigbo,11.520069344481712,4.598731004527903,22.69609374594718,603.0,239.438705849341,1188.8931026020434,0.0,False,6322.0,2024,172000.0,13.920000000000002
661,South West,Osun,Irepodun,12.601663297929115,5.030495736084062,24.826980030433894,595.0,236.3362851496797,1173.4885481958818,0.0,False,5780.0,2024,155200.0,10.75
662,South East,Imo,Ohaji/Egbema,7.589997142522825,2.9159541307513352,15.344214447854263,595.0,228.26635305898992,1202.5465003129718,0.0,False,9076.0,2024,254200.0,17.730000000000004
663,South West,Osun,Irewole,10.450448755832618,4.171745956346904,20.588796608521207,590.0,234.1291487488036,1162.5293791918755,0.0,False,6858.0,2024,185400.0,15.39
664,South South,Edo,Etsako Central,10.84605498029292,4.127417839417154,21.51937455917217,581.0,215.2939999947292,1161.4113251866113,0.0,False,6113.0,2024,139200.0,14.420000000000002
665,South East,Abia,Ohafia,4.018679988261874,1.4089103958730695,8.466958125799097,581.0,199.0141462145263,1233.7407483305756,0.0,False,13082.0,2024,358200.0,
666,South South,Cross River,Obanliku,13.19878492122924,5.126455159894958,25.92020370180138,580.0,225.09206365936083,1138.1026381256838,0.0,False,5620.0,2024,167000.0,12.510000000000005
667,South East,Anambra,Onitsha South,8.186048296166659,3.067575153653435,16.8674378155288,579.0,211.18983002656412,1200.4502398320744,0.0,False,13303.0,2024,195500.0,7.650000000000006
668,South South,Akwa Ibom,Mbo,15.308472025718848,6.320007254491507,28.826110666615232,575.0,235.32436214145605,1085.5070436788578,0.0,False,6448.0,2024,130400.0,31.069999999999993
669,South South,Cross River,Akamkpa,9.535379290113093,3.7035753408430576,18.725888409328743,572.0,222.01513382314832,1122.5451728512946,0.0,False,7844.0,2024,228000.0,27.14
670,South South,Akwa Ibom,Nsit Ibom,14.31896628906038,5.91149597893533,26.962854698139292,569.0,232.7734195814181,1073.7400252038353,0.0,False,7033.0,2024,137900.0,13.879999999999995
671,South East,Imo,Oru East,11.878181763731527,4.563405299024322,24.01336453898938,569.0,218.24593536612292,1149.7572124185908,0.0,False,4982.0,2024,155300.0,11.989999999999995
672,South East,Ebonyi,Ivo,8.468363215046914,3.441745712194731,15.73387625316033,568.0,229.1626515352119,1058.8635793014057,0.0,False,7181.0,2024,180800.0,10.439999999999998
673,South East,Ebonyi,Ohaozara,6.894327727043073,2.802019976050861,12.809381996427147,565.0,227.94683970399296,1053.2458276357784,0.0,False,9520.0,2024,220900.0,7.700000000000003
674,South West,Osun,Ifelodun,14.702988820032656,5.869330168424721,28.96687533959351,560.0,222.44403901981707,1104.5089087309238,0.0,False,4727.0,2024,125200.0,11.829999999999998
675,South West,Lagos,Ibeju/Lekki,11.314064050755364,4.864483555549738,21.21872711518904,560.0,235.03506597662778,1058.8464849159443,0.0,False,9203.0,2024,174400.0,16.39
676,South East,Ebonyi,Abakaliki,6.742240501609611,2.7402080836316585,12.526810084489695,558.0,225.037574706305,1039.8033459401308,0.0,False,9746.0,2024,223000.0,6.109999999999999
677,South West,Osun,Ayedire,18.466616488301664,7.371743976016818,36.38173056568565,557.0,221.1422890624554,1098.045285649894,0.0,False,2841.0,2024,99100.0,14.780000000000001
678,South West,Osun,Ife North,9.167303161613646,3.659523221308877,18.060826348512055,555.0,220.4476564970043,1094.5962030841565,0.0,False,7501.0,2024,199000.0,10.680000000000007
679,South West,Lagos,Alimosho,1.0,1.0,1.0,554.0,541.2063159257124,558.9598407390249,0.0,False,60370.0,2024,1953500.0,8.409999999999997
680,South East,Imo,Owerri North,7.224443543890232,2.775514351140375,14.605197989181534,546.0,209.49441745813715,1103.6527073452792,0.0,False,9425.0,2024,245100.0,8.239999999999995
681,South West,Osun,Ife South,10.264861601458799,4.0976608640319165,20.223164829079757,546.0,216.5749156479139,1075.366751992211,0.0,False,6951.0,2024,174600.0,11.989999999999995
682,South West,Osun,Oriade,9.289032370396475,3.7081166689563414,18.30064934362957,545.0,216.190982581721,1073.4603961562216,0.0,False,7440.0,2024,192600.0,9.049999999999997
683,South East,Imo,Orlu,8.888812220758973,3.414937874927814,17.96994627809548,544.0,208.7512018067659,1099.7373191658246,0.0,False,7836.0,2024,198500.0,10.519999999999996
684,South East,Ebonyi,Onicha,4.148682241341635,1.6861238651201258,7.708083763220057,543.0,218.8225161817872,1011.0861921161909,0.0,False,13600.0,2024,352400.0,6.730000000000004
685,South West,Osun,Ilesa East,13.020731065869992,5.197784654214678,25.652600177559744,542.0,215.2446088324395,1068.761334577964,0.0,False,5570.0,2024,136800.0,8.010000000000005
686,South East,Imo,Okigwe,9.438713765979925,3.62620115371221,19.0816472546089,537.0,206.03164414777754,1085.4102205751242,0.0,False,7311.0,2024,184500.0,12.760000000000005
687,South West,Osun,Ola-Oluwa,17.810076985194293,7.109658004278855,35.08825900185516,537.0,213.06484949273525,1057.9381018215297,0.0,False,3170.0,2024,99000.0,13.930000000000007
688,South South,Akwa Ibom,Ika,19.938005703042293,8.231281376196218,37.54360055673255,533.0,218.35084842291002,1007.2114157642859,0.0,False,3711.0,2024,92900.0,9.659999999999997
689,South South,Akwa Ibom,Mkpat Enin,7.992895425637038,3.2998170548667805,15.05075671164358,521.0,213.13471148227165,983.150356644309,0.0,False,10773.0,2024,226200.0,16.189999999999998
690,South South,Cross River,Calabar South,6.639575738178652,2.578834908337101,13.039015080117,509.0,197.7818879401476,1000.0178805895428,0.0,False,9602.0,2024,291700.0,27.989999999999995
691,South South,Akwa Ibom,Nsit Atai,18.510411101777773,7.64190784359893,34.8554158774271,500.0,204.462237426511,943.1458641728008,0.0,False,4555.0,2024,93700.0,19.230000000000004
692,South East,Imo,Ehime-Mbano,8.879385337126616,3.411316218720082,17.950888547069535,497.0,190.67083762550504,1004.4868436612704,0.0,False,7845.0,2024,181500.0,11.019999999999996
693,South East,Imo,Obowo,9.786461028862504,3.75980002715301,19.78466577689929,492.0,188.96029884248895,995.4754304608589,0.0,False,6979.0,2024,163200.0,8.810000000000002
694,South South,Akwa Ibom,Ibeno,17.82367720590882,7.358394035264215,33.562284384775424,490.0,200.65876445258644,925.6011583630577,0.0,False,4961.0,2024,95500.0,26.22
695,South South,Akwa Ibom,Urue-Offong/Oruko,18.593292778865404,7.676125027363463,35.01148347136781,484.0,197.9253912663567,912.9926217047421,0.0,False,4506.0,2024,90300.0,
696,South West,Osun,Egbedore,16.57083372856913,6.61496077494975,32.646782281068724,484.0,192.23232070966372,954.4976422179077,0.0,False,3791.0,2024,96000.0,10.25
697,South South,Cross River,Etung,14.941538139628918,5.803346728490691,29.342679232123345,479.0,185.99821359479068,940.4376775328944,0.0,False,4562.0,2024,121900.0,11.049999999999997
698,South East,Imo,Oru West,9.617824554994746,3.6950126216591275,19.44374414410184,477.0,182.97326453376073,963.9347015766759,0.0,False,7140.0,2024,160800.0,13.209999999999994
699,South East,Imo,Oguta,7.781677109714129,2.9895944736418962,15.731721645381796,475.0,182.19805742174805,959.8507768673354,0.0,False,8893.0,2024,197900.0,16.060000000000002
700,South East,Abia,Ukwa East,13.814262620731494,4.84314707180438,29.105274241832305,473.0,161.7655580994926,1002.8270075266332,0.0,False,3830.0,2024,84700.0,11.61
701,South West,Osun,Ede South,15.840458475872174,6.323400089064961,31.207844310363665,472.0,187.58782127657565,931.4361521323743,0.0,False,4157.0,2024,98000.0,10.579999999999998
702,South South,Akwa Ibom,Eastern Obolo,21.32838812275726,8.805292091593103,40.161714071411545,470.0,192.34323858998215,887.2432008035054,0.0,False,2889.0,2024,76500.0,20.290000000000006
703,South East,Imo,Owerri Municipal,8.700274548111791,3.342504750773164,17.588791657576593,467.0,179.310552982212,944.6389056832155,0.0,False,8016.0,2024,174200.0,7.400000000000006
704,South West,Osun,Ede North,13.964631324136825,5.5745830269564935,27.512211270847967,462.0,183.59852429679466,911.6279609434482,0.0,False,5097.0,2024,108800.0,9.379999999999995
705,South West,Osun,Boripe,8.37107440252598,3.3416742768607066,16.49214806897294,459.0,182.18211142507104,904.5949982164924,0.0,False,7900.0,2024,180100.0,12.0
706,South West,Osun,Atakumosa West,16.874158970126334,6.73604608712048,33.24437400660743,456.0,180.8658494302062,898.0593180249335,0.0,False,3639.0,2024,88700.0,9.959999999999994
707,South South,Akwa Ibom,Esit Eket,19.442407103314206,8.026676583481757,36.610380046025796,453.0,185.41975719531712,855.3064826826217,0.0,False,4004.0,2024,80900.0,22.370000000000005
708,South West,Osun,Atakumosa East,14.83669139361379,5.922703299447345,29.23028748177175,446.0,177.13518051412788,879.5353015060329,0.0,False,4660.0,2024,98800.0,8.25
709,South West,Osun,Odo Otin,8.544688192101486,3.410979685800534,16.834190701353652,446.0,177.08067142119484,879.2646456637065,0.0,False,7813.0,2024,171500.0,14.489999999999995
710,South West,Osun,Iwo,5.8167565788863556,2.3220084901598144,11.459796696015394,440.0,174.59962134146468,866.9454038078916,0.0,False,9180.0,2024,248400.0,12.159999999999997
711,South East,Imo,Onuimo,10.187627298995123,3.913921619104293,20.5956781083367,434.0,166.45293938305923,876.9027806309094,0.0,False,6596.0,2024,138100.0,13.25
712,South East,Imo,Mbaitoli,4.242406021520624,1.6298637707609913,8.576602407974478,432.0,165.68473463668238,872.8557455909241,0.0,False,12272.0,2024,330100.0,9.64
713,South East,Imo,Owerri West,9.894346474877283,3.801247870419282,20.002770920862876,431.0,165.5241114872249,872.0095551486588,0.0,False,6876.0,2024,141400.0,9.310000000000002
714,South West,Osun,Boluwaduro,15.345559397541997,6.125839842891664,30.232826231853142,430.0,170.78635552087124,848.0112660860468,0.0,False,4405.0,2024,92100.0,14.450000000000003
715,North East,Bauchi,Bauchi,1.0,1.0,1.0,423.0,421.8295929752431,422.97127824035783,0.0,False,36148.0,2024,881600.0,39.29
716,South West,Ekiti,Ilejemeje,18.340751512615288,6.568075042104123,39.77590154853342,421.0,148.6769798264776,916.4525397063047,0.0,False,2992.0,2024,65100.0,8.159999999999997
717,South East,Imo,Ihitte/Uboma,8.211124030743822,3.154581034216377,16.59990716989704,420.0,161.26326260642253,849.562668687704,0.0,False,8483.0,2024,166000.0,10.019999999999996
718,South South,Akwa Ibom,Udung Uko,21.431567353417375,8.847888993830582,40.35600230060306,418.0,171.04093265131334,788.9796681518077,0.0,False,2828.0,2024,67700.0,30.069999999999993
719,South West,Osun,Ayedaade,7.024070862716022,2.8039598971551585,13.83836902463986,415.0,164.83480785232499,818.4598452000932,0.0,False,8575.0,2024,194200.0,16.269999999999996
720,South East,Ebonyi,Ebonyi,5.889609905927326,2.393678580555864,10.942656932167786,414.0,167.04815385225842,771.8587864066307,0.0,False,11013.0,2024,189500.0,6.790000000000006
721,North West,Kano,Nasarawa,1.0,1.0,1.0,404.0,403.27229470509894,403.76406634299946,0.0,False,28172.0,2024,980900.0,17.950000000000003
722,South West,Osun,Ila,16.231588392616995,6.4795364126535375,31.978423114347795,398.0,158.09090268183857,784.9741048167549,0.0,False,3961.0,2024,80600.0,13.260000000000005
723,South East,Imo,Nkwerre,11.290572683981141,4.337655395408996,22.82543263837218,388.0,149.0750306066238,785.3529613000682,0.0,False,5543.0,2024,111600.0,10.739999999999995
724,North Central,Kogi,Ankpa,2.500500448055952,1.2627143727980572,4.016140757181879,379.0,191.1130522901374,609.774424591549,0.0,False,16751.0,2024,358800.0,27.709999999999994
725,South South,Delta,Warri South,2.4870908094919835,1.0339334585069544,4.461595925416608,365.0,151.01574256338884,654.7761505868096,0.0,False,15538.0,2024,427600.0,15.480000000000004
726,South West,Osun,Osogbo,5.7908142884900125,2.311652509513632,11.408686877383788,356.0,141.28197995122892,701.5121924007782,0.0,False,9193.0,2024,201900.0,8.799999999999997
727,South West,Ogun,Ifo,1.0,1.0,1.0,322.0,316.8548493717281,324.161585468423,0.0,False,29727.0,2024,917000.0,17.090000000000003
728,South West,Ogun,Ado Odo/Ota,1.0,1.0,1.0,315.0,309.84050537800283,316.9854893015648,0.0,False,32606.0,2024,896700.0,20.439999999999998
729,South South,Delta,Ethiope East,3.3359607152477295,1.3868256786586528,5.9843849198008625,315.0,130.46011195336604,565.6507623640185,0.0,False,14974.0,2024,275400.0,14.840000000000003
730,South West,Osun,Ifedayo,20.689671219188032,8.25917185600494,40.76144886996277,307.0,121.75683962302448,604.5633529005116,0.0,False,1727.0,2024,48700.0,11.64
731,South West,Osun,Isokan,7.463094238654083,2.9792149542443744,14.703304416866942,301.0,119.49386821177863,593.3269444314958,0.0,False,8355.0,2024,132500.0,20.319999999999993
732,North East,Borno,Maiduguri,1.0,1.0,1.0,301.0,299.71041611309886,301.3884343188372,0.0,False,40905.0,2024,791200.0,40.55
733,North East,Bauchi,Toro,1.0,1.0,1.0,296.0,295.606082736054,296.406143031866,0.0,False,33410.0,2024,617800.0,35.36
734,South East,Imo,Isiala Mbano,3.3164765625200134,1.2741366499125977,6.704709716092834,281.0,107.9424483634316,568.6594269156838,0.0,False,13156.0,2024,275100.0,10.680000000000007
735,South East,Imo,Ikeduru,4.0758644106822794,1.5658811777577168,8.23991582651613,261.0,100.34980896237508,528.6600936038691,0.0,False,12431.0,2024,208100.0,8.689999999999998
736,South South,Rivers,Port-Harcourt,1.0,1.0,1.0,252.0,249.15410909271657,253.15374426718358,0.0,False,32991.0,2024,774600.0,9.870000000000005
737,South East,Abia,Aba South,1.0,1.0,1.0,251.0,245.4395659382821,253.18647331510692,0.0,False,19267.0,2024,622400.0,7.170000000000002
738,North Central,Kwara,Ilorin West,1.0,1.0,1.0,250.0,249.30832454661817,250.3365606069741,0.0,False,23039.0,2024,548300.0,13.75
739,North West,Kano,Ungogo,1.0,1.0,1.0,247.0,247.2915539454756,247.59311439016636,0.0,False,27859.0,2024,601500.0,22.909999999999997
740,North Central,Plateau,Jos North,1.0,1.0,1.0,245.0,244.30454781220826,245.5158718929473,0.0,False,23232.0,2024,643200.0,6.510000000000005
741,North Central,Nasarawa,Lafia,1.0,1.0,1.0,231.0,229.66381417107885,231.85828234368074,0.0,False,24486.0,2024,509300.0,24.86
742,South South,Cross River,Bakassi,17.70227008106357,6.875624865510019,34.76429453346513,224.0,87.13362061622378,440.56197220191393,0.0,False,2886.0,2024,48200.0,24.78
743,South East,Anambra,Idemili North,1.0,1.0,1.0,222.0,216.29218990748728,223.59294456887832,0.0,False,23814.0,2024,614200.0,5.849999999999994
744,South South,Rivers,Obio/Akpor,1.0,1.0,1.0,216.0,213.90070042170996,217.33441768354902,0.0,False,33034.0,2024,665000.0,9.810000000000002
745,South South,Edo,Oredo,1.0,1.0,1.0,213.0,207.33609910816674,214.5249656154692,0.0,False,16173.0,2024,553300.0,
746,South South,Edo,Ikpoba-Okha,1.0,1.0,1.0,211.0,205.9870841853592,213.12917693624325,0.0,False,19060.0,2024,549700.0,9.560000000000002
747,North West,Kaduna,Lere,1.0,1.0,1.0,194.0,193.67857220990334,193.72981857962586,0.0,False,63454.0,2024,501900.0,32.599999999999994
748,South East,Anambra,Aguata,1.0,1.0,1.8166141185823006,191.0,185.65490478545635,348.6473511526246,0.0,False,21856.0,2024,527200.0,8.879999999999995
749,North East,Yobe,Fune,1.0,1.0,1.0,187.0,186.62268426609415,187.29228798495737,0.0,False,24796.0,2024,474700.0,62.34
750,North Central,Kogi,Okene,1.0,1.0,1.0,186.0,185.12248621882713,185.72271553290867,0.0,False,21040.0,2024,438900.0,16.909999999999997
751,North West,Sokoto,Rabah,1.827498222098998,1.4978060835771716,2.123125710769795,185.0,152.58303103196258,210.90295730103713,0.0,False,18661.0,2024,257400.0,84.45
752,South West,Ondo,Akure South,1.0,1.0,1.0,182.0,179.8353919182581,182.01218675572557,0.0,False,22601.0,2024,553400.0,6.010000000000005
753,North Central,Benue,Gboko,1.0,1.0,1.0,176.0,175.31587263376014,175.93984541431692,0.0,False,23433.0,2024,521700.0,25.159999999999997
754,South South,Delta,Ughelli North,1.1355213496184782,1.0,2.0370134485423987,171.0,150.1242363455504,307.26825685826657,0.0,False,16436.0,2024,439500.0,15.700000000000003
755,South West,Ekiti,Ado Ekiti,1.0,1.0,1.0,166.0,163.32218153208197,166.23769891252675,0.0,False,16198.0,2024,469700.0,6.260000000000005
756,South West,Oyo,Ibadan North East,1.0,1.0,1.0,163.0,162.21083651414938,162.70971890065303,0.0,False,16338.0,2024,473700.0,15.319999999999993
757,South East,Anambra,Ihiala,1.0,1.0,1.0,156.0,151.70738425943588,156.82813500532853,0.0,False,28770.0,2024,430800.0,13.670000000000002
758,South West,Ondo,Ilaje,1.0568068860583022,1.0,1.9845113804034675,154.0,144.6742256631885,290.58290561382387,0.0,False,20236.0,2024,445200.0,
759,North Central,Nasarawa,Karu,1.0,1.0,1.0,152.0,150.52381930160243,151.9620943379553,0.0,False,26485.0,2024,333800.0,20.950000000000003
760,North East,Borno,Bama,1.0,1.0,1.2252238585130137,151.0,149.93096903129998,184.72901141671394,0.0,False,28081.0,2024,395800.0,51.44
761,North Central,Benue,Makurdi,1.0,1.0,1.0,146.0,145.74371087073368,146.26243234845552,0.0,False,22014.0,2024,433700.0,28.209999999999994
762,South East,Ebonyi,Izzi,1.0,1.0,1.0,131.0,129.81526154299235,131.20940787789235,0.0,False,19076.0,2024,352500.0,8.409999999999997
763,North East,Yobe,Potiskum,1.0,1.0,1.0,127.0,126.62980114200322,127.084149905108,0.0,False,27181.0,2024,322100.0,49.27
764,North West,Sokoto,Goronyo,1.0,1.0,1.0,123.0,121.29497199405365,124.39129187027709,0.0,False,18798.0,2024,314300.0,82.67
765,South West,Ondo,Odigbo,1.0,1.0,1.0,117.0,115.94735785405582,117.3508280347721,0.0,False,21632.0,2024,356800.0,18.409999999999997
766,North East,Borno,Jere,1.0,1.0,1.0,117.0,116.06581331781283,116.71564241063157,0.0,False,53820.0,2024,306400.0,47.25
767,South South,Akwa Ibom,Uyo,1.0,1.0,1.0,112.0,111.47602820083992,112.74020316644018,0.0,False,34310.0,2024,390400.0,11.129999999999995
768,North Central,Plateau,Qua'An Pan,1.0,1.0,1.0,111.0,110.2257148244758,110.77224195169978,0.0,False,20365.0,2024,290200.0,24.5
769,South West,Osun,Ife Central,1.4584517923012374,1.0,2.8733471659065604,96.0,65.71851268488027,189.9814374082161,0.0,False,11364.0,2024,217100.0,8.459999999999994
770,South West,Osun,Ife East,1.0,1.0,1.5523549305052036,75.0,74.13387266940201,115.78253512272494,0.0,False,11700.0,2024,244900.0,10.040000000000006
771,South East,Imo,Ngor-Okpala,1.0,1.0,1.0,68.0,67.56507896838286,67.64228910496094,0.0,False,22586.0,2024,219400.0,11.939999999999998
772,South South,Akwa Ibom,Oruk Anam,1.0,1.0,1.0,63.0,62.61960293146566,63.329729903689376,0.0,False,23582.0,2024,219300.0,14.900000000000006
773,South South,Akwa Ibom,Etinan,1.0,1.0,1.0,62.0,61.56309344288188,62.26123924867957,0.0,False,23755.0,2024,215600.0,15.120000000000005
