state,zone,lga,antigen,baseline_2024_doses_per_month,min_forecast_pct_6_12m,min_forecast_when,crosses_80_in_6_12m,first_month_below_80,months_observed,last_observed
Borno,North East,bo Askira/Uba Local Government Area,BCG,970.2,-270.7,2026-10,True,2026-04,60,2025-12
Kano,North West,kn Madobi Local Government Area,BCG,643.6,-148.0,2026-06,True,2026-02,60,2025-12
Katsina,North West,kt Musawa Local Government Area,BCG,790.3,-45.9,2026-09,True,2026-03,36,2025-12
Lagos,South West,la Surulere Local Government Area,BCG,1293.8,5.5,2026-12,True,2026-01,36,2025-12
Kogi,North Central,ko Ofu Local Government Area,BCG,479.1,12.2,2026-09,True,2026-02,36,2025-12
Katsina,North West,kt Sabuwa Local Government Area,BCG,900.8,14.0,2026-06,True,2026-03,36,2025-12
Niger,North Central,ni Paikoro Local Government Area,BCG,866.3,17.0,2026-11,True,2026-01,36,2025-12
Lagos,South West,la Ikeja Local Government Area,BCG,1550.2,21.1,2026-12,True,2026-01,36,2025-12
Sokoto,North West,so Binji Local Government Area,BCG,308.7,25.6,2026-11,True,2026-01,60,2025-12
Abia,South East,ab Ukwa West Local Government Area,BCG,744.3,26.3,2026-10,True,2026-01,60,2025-12
Niger,North Central,ni Kontagora Local Government Area,BCG,1289.7,29.2,2026-11,True,2026-02,36,2025-12
Niger,North Central,ni Mariga Local Government Area,BCG,1451.3,30.7,2026-09,True,2026-01,36,2025-12
Kogi,North Central,ko Yagba East Local Government Area,BCG,655.1,32.1,2026-08,True,2026-01,36,2025-12
Kogi,North Central,ko Adavi Local Government Area,BCG,1088.7,32.9,2026-06,True,2026-03,36,2025-12
Lagos,South West,la Shomolu Local Government Area,BCG,1692.1,33.2,2026-12,True,2026-02,36,2025-12
Sokoto,North West,so Sokoto North Local Government Area,BCG,562.6,35.8,2026-06,True,2026-01,60,2025-12
Sokoto,North West,so Shagari Local Government Area,BCG,464.8,37.4,2026-12,True,2026-01,60,2025-12
Kwara,North Central,kw Isin Local Government Area,BCG,272.4,40.8,2026-06,True,2026-01,36,2025-12
Benue,North Central,be Okpokwu Local Government Area,BCG,333.2,41.5,2026-12,True,2026-12,60,2025-12
Anambra,South East,an Awka South Local Government Area,BCG,1521.3,42.7,2026-12,True,2026-06,60,2025-12
Sokoto,North West,so Yabo Local Government Area,BCG,444.4,43.3,2026-06,True,2026-01,60,2025-12
Osun,South West,os Ife North Local Government Area,BCG,725.2,43.8,2026-12,True,2026-01,60,2025-12
Edo,South South,ed Egor Local Government Area,BCG,1112.3,44.1,2026-12,True,2026-06,60,2025-12
Kogi,North Central,ko Igalamela-Odolu Local Government Area,BCG,460.5,44.1,2026-09,True,2026-01,36,2025-12
Oyo,South West,oy Lagelu Local Government Area,BCG,565.1,44.9,2026-12,True,2026-01,60,2025-12
Borno,North East,bo Marte Local Government Area,BCG,45.2,46.1,2026-09,True,2026-03,60,2025-12
Osun,South West,os Orolu Local Government Area,BCG,385.1,47.2,2026-10,True,2026-02,60,2025-12
FCT,North Central,fc Abaji Local Government Area,BCG,616.9,47.6,2026-06,True,2026-03,60,2025-12
Plateau,North Central,pl Kanke Local Government Area,BCG,273.9,48.1,2026-06,True,2026-05,60,2025-12
Katsina,North West,kt Danja Local Government Area,BCG,1153.2,48.5,2026-07,True,2026-01,36,2025-12
Lagos,South West,la Ajeromi/Ifelodun Local Government Area,BCG,3402.9,49.0,2026-09,True,2026-02,36,2025-12
Zamfara,North West,za Gummi Local Government Area,BCG,1301.8,50.0,2026-12,True,2026-06,60,2025-12
Niger,North Central,ni Mashegu Local Government Area,BCG,1132.5,51.0,2026-08,True,2026-08,36,2025-12
Imo,South East,im Isu Local Government Area,BCG,393.1,52.0,2026-09,True,2026-09,60,2025-12
Enugu,South East,en Igbo-Eze North Local Government Area,BCG,547.2,52.2,2026-12,True,2026-05,60,2025-12
Sokoto,North West,so Bodinga Local Government Area,BCG,606.7,52.7,2026-06,True,2026-01,60,2025-12
Cross River,South South,cr Akamkpa Local Government Area,BCG,1197.7,52.8,2026-12,True,2026-01,60,2025-12
Benue,North Central,be Apa Local Government Area,BCG,807.9,53.1,2026-08,True,2026-02,60,2025-12
Katsina,North West,kt Kusada Local Government Area,BCG,526.7,53.1,2026-10,True,2026-02,36,2025-12
Imo,South East,im Owerri West Local Government Area,BCG,762.5,54.2,2026-10,True,2026-04,60,2025-12
Kogi,North Central,ko Ogori/Magongo Local Government Area,BCG,202.8,54.5,2026-09,True,2026-03,36,2025-12
Akwa Ibom,South South,ak Eastern Obolo Local Government Area,BCG,271.2,54.6,2026-10,True,2026-02,60,2025-12
Kogi,North Central,ko Omala Local Government Area,BCG,332.3,54.6,2026-09,True,2026-09,36,2025-12
Lagos,South West,la Eti-Osa Local Government Area,BCG,1319.2,54.6,2026-11,True,2026-01,36,2025-12
Sokoto,North West,so Isa Local Government Area,BCG,329.0,54.8,2026-07,True,2026-06,60,2025-12
Lagos,South West,la Mushin Local Government Area,BCG,2419.2,55.0,2026-12,True,2026-06,36,2025-12
FCT,North Central,fc Gwagwalada Local Government Area,BCG,1272.0,55.2,2026-06,True,2026-03,60,2025-12
Lagos,South West,la Ifako/Ijaye Local Government Area,BCG,2305.6,55.2,2026-11,True,2026-02,36,2025-12
Bauchi,North East,ba Alkaleri Local Government Area,BCG,1380.4,55.3,2026-06,True,2026-06,60,2025-12
FCT,North Central,fc Abuja Municipal Area Council,BCG,4523.8,55.5,2026-06,True,2026-02,60,2025-12
Kano,North West,kn Tsanyawa Local Government Area,BCG,754.7,55.5,2026-12,True,2026-06,60,2025-12
Anambra,South East,an Oyi Local Government Area,BCG,1169.8,55.6,2026-12,True,2026-05,60,2025-12
Bauchi,North East,ba Bogoro Local Government Area,BCG,340.5,55.8,2026-12,True,2026-06,60,2025-12
Imo,South East,im Ihitte/Uboma Local Government Area,BCG,386.1,56.1,2026-10,True,2026-02,60,2025-12
Bauchi,North East,ba Warji Local Government Area,BCG,500.8,56.3,2026-12,True,2026-06,60,2025-12
Plateau,North Central,pl Mangu Local Government Area,BCG,776.8,56.3,2026-06,True,2026-05,60,2025-12
Ogun,South West,og Ijebu North Local Government Area,BCG,1665.6,56.4,2026-09,True,2026-01,60,2025-12
Ogun,South West,og Ikenne Local Government Area,BCG,650.0,56.4,2026-07,True,2026-01,60,2025-12
Borno,North East,bo Bama Local Government Area,BCG,1773.5,56.7,2026-09,True,2026-02,60,2025-12
Katsina,North West,kt Kurfi Local Government Area,BCG,709.7,56.7,2026-09,True,2026-03,36,2025-12
Imo,South East,im Ideato North Local Government Area,BCG,343.0,56.9,2026-09,True,2026-09,60,2025-12
Rivers,South South,ri Khana Local Government Area,BCG,1704.9,57.1,2026-09,True,2026-02,60,2025-12
Sokoto,North West,so Sabon Birni Local Government Area,BCG,1241.6,57.1,2026-08,True,2026-01,60,2025-12
Anambra,South East,an Ogbaru Local Government Area,BCG,1654.7,57.2,2026-12,True,2026-04,60,2025-12
Anambra,South East,an Njikoka Local Government Area,BCG,1032.7,57.4,2026-12,True,2026-06,60,2025-12
Lagos,South West,la Lagos Island Local Government Area,BCG,701.8,57.8,2026-09,True,2026-03,36,2025-12
Bayelsa,South South,by Yenagoa Local Government Area,BCG,935.0,58.5,2026-12,True,2026-12,60,2025-12
Niger,North Central,ni Suleja Local Government Area,BCG,1177.6,58.6,2026-09,True,2026-03,36,2025-12
Rivers,South South,ri Okrika Local Government Area,BCG,958.8,58.7,2026-09,True,2026-02,60,2025-12
Kano,North West,kn Ajingi Local Government Area,BCG,706.7,59.1,2026-12,True,2026-06,60,2025-12
Kogi,North Central,ko Okene Local Government Area,BCG,1706.6,59.4,2026-06,True,2026-03,36,2025-12
Katsina,North West,kt Funtua Local Government Area,BCG,1921.3,59.5,2026-10,True,2026-02,36,2025-12
Ondo,South West,on Akure South Local Government Area,BCG,2093.3,60.0,2026-12,True,2026-01,60,2025-12
Abia,South East,ab Obi Nwga Local Government Area,BCG,982.0,60.1,2026-11,True,2026-05,60,2025-12
Sokoto,North West,so Kware Local Government Area,BCG,698.8,60.1,2026-07,True,2026-01,60,2025-12
Akwa Ibom,South South,ak Etinan Local Government Area,BCG,584.4,60.5,2026-09,True,2026-03,60,2025-12
Katsina,North West,kt Bindawa Local Government Area,BCG,637.7,60.5,2026-11,True,2026-02,36,2025-12
Katsina,North West,kt Kafur Local Government Area,BCG,1109.1,60.5,2026-07,True,2026-02,36,2025-12
Bauchi,North East,ba Zaki Local Government Area,BCG,1304.9,60.9,2026-12,True,2026-03,60,2025-12
Kano,North West,kn Gwarzo Local Government Area,BCG,1050.8,60.9,2026-07,True,2026-06,60,2025-12
Katsina,North West,kt Katsina Local Government Area,BCG,1949.6,60.9,2026-08,True,2026-02,36,2025-12
Osun,South West,os Ila Local Government Area,BCG,185.1,61.1,2026-12,True,2026-08,60,2025-12
Niger,North Central,ni Chanchaga Local Government Area,BCG,1390.0,61.2,2026-08,True,2026-02,36,2025-12
Osun,South West,os Atakumosa West Local Government Area,BCG,177.1,61.3,2026-12,True,2026-03,60,2025-12
Kogi,North Central,ko Lokoja Local Government Area,BCG,648.9,61.4,2026-06,True,2026-05,36,2025-12
Kano,North West,kn Gwale Local Government Area,BCG,1968.0,62.0,2026-06,True,2026-03,60,2025-12
Niger,North Central,ni Rafi Local Government Area,BCG,1130.8,62.2,2026-11,True,2026-05,36,2025-12
Imo,South East,im Ideato South Local Government Area,BCG,357.4,62.3,2026-09,True,2026-02,60,2025-12
Oyo,South West,oy Ibadan North Local Government Area,BCG,837.7,62.3,2026-12,True,2026-06,60,2025-12
Lagos,South West,la Lagos Mainland Local Government Area,BCG,821.0,62.4,2026-12,True,2026-01,36,2025-12
Sokoto,North West,so Sokoto South Local Government Area,BCG,708.7,62.4,2026-12,True,2026-02,60,2025-12
Abia,South East,ab Osisioma Ngwa Local Government Area,BCG,1095.9,62.5,2026-12,True,2026-02,60,2025-12
Jigawa,North West,ji Babura Local Government Area,BCG,1059.2,62.9,2026-11,True,2026-05,60,2025-12
Lagos,South West,la Kosofe Local Government Area,BCG,2518.4,62.9,2026-11,True,2026-03,36,2025-12
Katsina,North West,kt Dutsin-Ma Local Government Area,BCG,1284.1,63.1,2026-08,True,2026-02,36,2025-12
Lagos,South West,la Epe Local Government Area,BCG,745.4,63.1,2026-08,True,2026-02,36,2025-12
Enugu,South East,en Udenu Local Government Area,BCG,780.9,63.2,2026-12,True,2026-01,60,2025-12
Nasarawa,North Central,na Keffi Local Government Area,BCG,738.3,63.4,2026-11,True,2026-05,60,2025-12
Akwa Ibom,South South,ak Uruan Local Government Area,BCG,440.8,63.7,2026-09,True,2026-02,60,2025-12
Katsina,North West,kt Kaita Local Government Area,BCG,991.4,63.7,2026-11,True,2026-02,36,2025-12
Ebonyi,South East,eb Ivo Local Government Area,BCG,457.9,64.1,2026-12,True,2026-01,60,2025-12
Katsina,North West,kt Sandamu Local Government Area,BCG,459.8,64.2,2026-07,True,2026-01,36,2025-12
Rivers,South South,ri Ogu/Bolo Local Government Area,BCG,377.0,64.2,2026-11,True,2026-03,60,2025-12
Delta,South South,de Warri South West Local Government Area,BCG,569.4,64.3,2026-10,True,2026-06,60,2025-12
Lagos,South West,la Oshodi/Isolo Local Government Area,BCG,2783.3,64.3,2026-11,True,2026-01,36,2025-12
Lagos,South West,la Agege Local Government Area,BCG,1997.9,64.4,2026-09,True,2026-01,36,2025-12
Katsina,North West,kt Kankara Local Government Area,BCG,1221.5,64.5,2026-06,True,2026-01,36,2025-12
Enugu,South East,en Nsukka Local Government Area,BCG,1162.0,64.8,2026-12,True,2026-06,60,2025-12
Imo,South East,im Aboh-Mbaise Local Government Area,BCG,700.8,64.8,2026-08,True,2026-07,60,2025-12
Cross River,South South,cr Obubra Local Government Area,BCG,766.0,64.9,2026-07,True,2026-01,60,2025-12
Katsina,North West,kt Mani Local Government Area,BCG,804.1,65.2,2026-09,True,2026-02,36,2025-12
Gombe,North East,go Shongom Local Government Area,BCG,322.5,65.5,2026-09,True,2026-09,60,2025-12
Adamawa,North East,ad Mubi South Local Government Area,BCG,931.4,65.8,2026-12,True,2026-02,60,2025-12
Lagos,South West,la Badagry Local Government Area,BCG,1224.1,65.8,2026-10,True,2026-02,36,2025-12
Osun,South West,os Ifelodun Local Government Area,BCG,463.5,65.9,2026-09,True,2026-03,60,2025-12
Kano,North West,kn Fagge Local Government Area,BCG,1082.2,66.4,2026-06,True,2026-06,60,2025-12
Kano,North West,kn Karaye Local Government Area,BCG,677.2,66.7,2026-06,True,2026-06,60,2025-12
Kano,North West,kn Kura Local Government Area,BCG,660.9,66.7,2026-06,True,2026-06,60,2025-12
Kano,North West,kn Dawakin Tofa Local Government Area,BCG,980.5,67.0,2026-06,True,2026-06,60,2025-12
FCT,North Central,fc Bwari Local Government Area,BCG,1567.2,67.1,2026-06,True,2026-03,60,2025-12
Kano,North West,kn Makoda Local Government Area,BCG,792.8,67.2,2026-06,True,2026-06,60,2025-12
Enugu,South East,en Igbo-Etiti Local Government Area,BCG,880.1,67.4,2026-08,True,2026-05,60,2025-12
Akwa Ibom,South South,ak Nsit Atai Local Government Area,BCG,340.2,67.6,2026-07,True,2026-03,60,2025-12
Kano,North West,kn Rimin Gado Local Government Area,BCG,448.3,67.7,2026-07,True,2026-06,60,2025-12
Borno,North East,bo Ngala Local Government Area,BCG,875.1,67.9,2026-11,True,2026-04,60,2025-12
Kano,North West,kn Garko Local Government Area,BCG,740.8,67.9,2026-07,True,2026-07,60,2025-12
Plateau,North Central,pl Kanam Local Government Area,BCG,957.5,68.0,2026-06,True,2026-05,60,2025-12
Kaduna,North West,kd Makarfi Local Government Area,BCG,1137.8,68.1,2026-06,True,2026-06,60,2025-12
Kano,North West,kn Wudil Local Government Area,BCG,887.0,68.1,2026-06,True,2026-02,60,2025-12
Jigawa,North West,ji Miga Local Government Area,BCG,631.8,68.3,2026-06,True,2026-06,60,2025-12
Ekiti,South West,ek Irepodun/Ifelodun Local Government Area,BCG,497.9,68.4,2026-11,True,2026-10,60,2025-12
Anambra,South East,an Dunukofia Local Government Area,BCG,444.2,68.5,2026-12,True,2026-06,60,2025-12
Katsina,North West,kt Rimi Local Government Area,BCG,960.7,68.5,2026-09,True,2026-02,36,2025-12
Oyo,South West,oy Saki East Local Government Area,BCG,703.3,68.5,2026-06,True,2026-06,60,2025-12
Abia,South East,ab Umuahia North Local Government Area,BCG,787.3,68.6,2026-09,True,2026-02,60,2025-12
Kogi,North Central,ko Bassa Local Government Area,BCG,174.5,68.7,2026-07,True,2026-07,36,2025-12
Bauchi,North East,ba Dambam Local Government Area,BCG,794.8,68.8,2026-07,True,2026-07,60,2025-12
Kano,North West,kn Kano Municipal Local Government Area,BCG,2097.8,69.1,2026-06,True,2026-02,60,2025-12
Bauchi,North East,ba Darazo Local Government Area,BCG,1277.2,69.2,2026-06,True,2026-06,60,2025-12
Katsina,North West,kt Baure Local Government Area,BCG,952.6,69.2,2026-06,True,2026-02,36,2025-12
Lagos,South West,la Ikorodu Local Government Area,BCG,2796.7,69.2,2026-08,True,2026-02,36,2025-12
Sokoto,North West,so Rabah Local Government Area,BCG,665.2,69.2,2026-06,True,2026-06,60,2025-12
Ekiti,South West,ek Oye Local Government Area,BCG,701.4,69.4,2026-12,True,2026-12,60,2025-12
Kano,North West,kn Dawakin Kudu Local Government Area,BCG,1116.2,69.4,2026-06,True,2026-06,60,2025-12
Anambra,South East,an Anambra East Local Government Area,BCG,1091.5,69.5,2026-09,True,2026-03,60,2025-12
Bauchi,North East,ba Itas/Gadau Local Government Area,BCG,912.1,69.5,2026-06,True,2026-06,60,2025-12
Ekiti,South West,ek Ikole Local Government Area,BCG,642.2,69.6,2026-12,True,2026-12,60,2025-12
Osun,South West,os Osogbo Local Government Area,BCG,697.7,69.6,2026-12,True,2026-02,60,2025-12
Anambra,South East,an Ekwusigo Local Government Area,BCG,987.9,69.7,2026-11,True,2026-01,60,2025-12
Katsina,North West,kt Bakori Local Government Area,BCG,1472.8,69.7,2026-11,True,2026-02,36,2025-12
Akwa Ibom,South South,ak Okobo Local Government Area,BCG,457.8,69.8,2026-12,True,2026-02,60,2025-12
Delta,South South,de Warri North Local Government Area,BCG,789.8,69.9,2026-07,True,2026-06,60,2025-12
Oyo,South West,oy Oyo East Local Government Area,BCG,770.8,69.9,2026-09,True,2026-09,60,2025-12
Oyo,South West,oy Surulere Local Government Area,BCG,521.4,69.9,2026-06,True,2026-06,60,2025-12
Taraba,North East,ta Donga Local Government Area,BCG,854.9,70.0,2026-08,True,2026-02,60,2025-12
Anambra,South East,an Awka North Local Government Area,BCG,734.8,70.1,2026-09,True,2026-06,60,2025-12
Ogun,South West,og Yewa North Local Government Area,BCG,1136.3,70.1,2026-12,True,2026-03,60,2025-12
Oyo,South West,oy Ibadan North West Local Government Area,BCG,594.8,70.2,2026-12,True,2026-09,60,2025-12
Kwara,North Central,kw Moro Local Government Area,BCG,535.2,70.3,2026-11,True,2026-01,36,2025-12
Niger,North Central,ni Lavun Local Government Area,BCG,1236.5,70.3,2026-09,True,2026-09,36,2025-12
Osun,South West,os Ayedaade Local Government Area,BCG,473.7,70.5,2026-12,True,2026-02,60,2025-12
Bauchi,North East,ba Shira Local Government Area,BCG,925.4,70.6,2026-11,True,2026-06,60,2025-12
Gombe,North East,go Gombe Local Government Area,BCG,2135.4,70.6,2026-09,True,2026-02,60,2025-12
Kano,North West,kn Dala Local Government Area,BCG,1618.8,70.7,2026-06,True,2026-06,60,2025-12
Imo,South East,im Orsu Local Government Area,BCG,221.5,71.0,2026-09,True,2026-03,60,2025-12
Jigawa,North West,ji Kaugama Local Government Area,BCG,626.4,71.0,2026-07,True,2026-06,60,2025-12
Osun,South West,os Ilesa East Local Government Area,BCG,304.9,71.0,2026-06,True,2026-06,60,2025-12
Imo,South East,im Onuimo Local Government Area,BCG,608.2,71.2,2026-09,True,2026-03,60,2025-12
FCT,North Central,fc Kwali Local Government Area,BCG,714.4,71.3,2026-06,True,2026-04,60,2025-12
Gombe,North East,go Funakaye Local Government Area,BCG,958.9,71.3,2026-06,True,2026-06,60,2025-12
Kwara,North Central,kw Ifelodun Local Government Area,BCG,744.9,71.3,2026-11,True,2026-01,36,2025-12
Rivers,South South,ri Obio/Akpor Local Government Area,BCG,2653.8,71.3,2026-09,True,2026-01,60,2025-12
Benue,North Central,be Kwande Local Government Area,BCG,1326.7,71.7,2026-07,True,2026-01,60,2025-12
Benue,North Central,be Oju Local Government Area,BCG,656.7,71.7,2026-06,True,2026-06,60,2025-12
Ebonyi,South East,eb Onicha Local Government Area,BCG,1107.8,71.7,2026-12,True,2026-03,60,2025-12
Sokoto,North West,so Wamako Local Government Area,BCG,818.5,71.7,2026-06,True,2026-03,60,2025-12
Cross River,South South,cr Calabar Municipal Local Government Area,BCG,871.9,71.8,2026-12,True,2026-12,60,2025-12
Enugu,South East,en Enugu East Local Government Area,BCG,1530.6,72.0,2026-11,True,2026-11,60,2025-12
Kwara,North Central,kw Ekiti Local Government Area,BCG,344.2,72.1,2026-07,True,2026-07,36,2025-12
Sokoto,North West,so Kebbe Local Government Area,BCG,467.6,72.1,2026-08,True,2026-02,60,2025-12
Bauchi,North East,ba Bauchi Local Government Area,BCG,3149.4,72.2,2026-06,True,2026-05,60,2025-12
Edo,South South,ed Oredo Local Government Area,BCG,1362.7,72.2,2026-12,True,2026-02,60,2025-12
Cross River,South South,cr Etung Local Government Area,BCG,584.4,72.6,2026-12,True,2026-06,60,2025-12
Niger,North Central,ni Bida Local Government Area,BCG,1126.9,72.6,2026-11,True,2026-01,36,2025-12
Sokoto,North West,so Tureta Local Government Area,BCG,415.7,72.6,2026-12,True,2026-06,60,2025-12
Cross River,South South,cr Yakurr Local Government Area,BCG,1228.8,72.8,2026-12,True,2026-02,60,2025-12
Osun,South West,os Boripe Local Government Area,BCG,727.2,72.9,2026-11,True,2026-08,60,2025-12
Ogun,South West,og Yewa South Local Government Area,BCG,856.6,73.0,2026-10,True,2026-02,60,2025-12
Kano,North West,kn Gabasawa Local Government Area,BCG,874.3,73.1,2026-06,True,2026-02,60,2025-12
Kwara,North Central,kw Baruten Local Government Area,BCG,898.2,73.1,2026-07,True,2026-01,36,2025-12
Gombe,North East,go Balanga Local Government Area,BCG,893.2,73.2,2026-06,True,2026-06,60,2025-12
Ekiti,South West,ek Ekiti East Local Government Area,BCG,729.7,73.3,2026-12,True,2026-12,60,2025-12
Jigawa,North West,ji Birnin Kudu Local Government Area,BCG,1467.0,73.4,2026-07,True,2026-02,60,2025-12
Osun,South West,os Ife Central Local Government Area,BCG,832.1,73.4,2026-12,True,2026-02,60,2025-12
Katsina,North West,kt Charanchi Local Government Area,BCG,777.3,73.5,2026-07,True,2026-01,36,2025-12
Ogun,South West,og Sagamu Local Government Area,BCG,1468.1,73.6,2026-12,True,2026-09,60,2025-12
Osun,South West,os Ayedire Local Government Area,BCG,165.2,73.7,2026-08,True,2026-02,60,2025-12
Delta,South South,de Ughelli North Local Government Area,BCG,1680.6,73.8,2026-07,True,2026-07,60,2025-12
Kogi,North Central,ko Kabba/Bunu Local Government Area,BCG,476.0,73.8,2026-09,True,2026-09,36,2025-12
Plateau,North Central,pl Pankshin Local Government Area,BCG,376.8,73.8,2026-06,True,2026-05,60,2025-12
Delta,South South,de Bomadi Local Government Area,BCG,267.6,73.9,2026-08,True,2026-02,60,2025-12
Imo,South East,im Nkwerre Local Government Area,BCG,300.0,73.9,2026-07,True,2026-07,60,2025-12
Rivers,South South,ri Emohua Local Government Area,BCG,694.1,74.0,2026-12,True,2026-06,60,2025-12
Borno,North East,bo Monguno Local Government Area,BCG,1271.9,74.1,2026-11,True,2026-03,60,2025-12
Enugu,South East,en Enugu North Local Government Area,BCG,1218.7,74.1,2026-12,True,2026-09,60,2025-12
Kano,North West,kn Kumbotso Local Government Area,BCG,1892.8,74.2,2026-06,True,2026-06,60,2025-12
Osun,South West,os Ilesa West Local Government Area,BCG,346.4,74.2,2026-12,True,2026-01,60,2025-12
Plateau,North Central,pl Langtang South Local Government Area,BCG,325.3,74.4,2026-06,True,2026-06,60,2025-12
Katsina,North West,kt Dandume Local Government Area,BCG,1559.2,74.5,2026-11,True,2026-11,36,2025-12
Sokoto,North West,so Tambuwal Local Government Area,BCG,683.0,74.6,2026-07,True,2026-07,60,2025-12
Oyo,South West,oy Ogbomosho South Local Government Area,BCG,465.9,74.7,2026-09,True,2026-09,60,2025-12
Sokoto,North West,so Dange-Shuni Local Government Area,BCG,747.2,74.7,2026-06,True,2026-06,60,2025-12
Delta,South South,de Sapele Local Government Area,BCG,606.6,74.8,2026-09,True,2026-01,60,2025-12
Cross River,South South,cr Ogoja Local Government Area,BCG,785.3,74.9,2026-09,True,2026-03,60,2025-12
Kano,North West,kn Bebeji Local Government Area,BCG,958.0,75.0,2026-06,True,2026-06,60,2025-12
Oyo,South West,oy Ona Ara Local Government Area,BCG,959.4,75.1,2026-09,True,2026-09,60,2025-12
Rivers,South South,ri Oyigbo Local Government Area,BCG,795.0,75.1,2026-12,True,2026-05,60,2025-12
Bauchi,North East,ba Kirfi Local Government Area,BCG,703.5,75.2,2026-09,True,2026-09,60,2025-12
Osun,South West,os Ife South Local Government Area,BCG,474.8,75.2,2026-12,True,2026-12,60,2025-12
Kano,North West,kn Rano Local Government Area,BCG,796.6,75.3,2026-11,True,2026-09,60,2025-12
Borno,North East,bo Biu Local Government Area,BCG,1314.8,75.4,2026-08,True,2026-08,60,2025-12
Kwara,North Central,kw Asa Local Government Area,BCG,621.0,75.4,2026-07,True,2026-07,36,2025-12
Imo,South East,im Owerri North Local Government Area,BCG,899.3,75.5,2026-09,True,2026-09,60,2025-12
Kwara,North Central,kw Oyun Local Government Area,BCG,452.3,75.6,2026-11,True,2026-05,36,2025-12
Kano,North West,kn Danbatta Local Government Area,BCG,1007.9,75.7,2026-12,True,2026-06,60,2025-12
Zamfara,North West,za Bungudu Local Government Area,BCG,1627.8,75.7,2026-07,True,2026-07,60,2025-12
Lagos,South West,la Alimosho Local Government Area,BCG,4678.4,75.8,2026-09,True,2026-01,36,2025-12
FCT,North Central,fc Kuje Local Government Area,BCG,843.5,75.9,2026-06,True,2026-02,60,2025-12
Oyo,South West,oy Afijio Local Government Area,BCG,635.2,75.9,2026-10,True,2026-01,60,2025-12
Benue,North Central,be Katsina-Ala Local Government Area,BCG,1019.2,76.0,2026-08,True,2026-08,60,2025-12
Jigawa,North West,ji Ringim Local Government Area,BCG,1183.1,76.1,2026-06,True,2026-06,60,2025-12
Niger,North Central,ni Edati Local Government Area,BCG,972.1,76.1,2026-11,True,2026-11,36,2025-12
Imo,South East,im Obowo Local Government Area,BCG,469.7,76.3,2026-09,True,2026-03,60,2025-12
Kano,North West,kn Minjibir Local Government Area,BCG,890.9,76.3,2026-06,True,2026-06,60,2025-12
Kwara,North Central,kw Irepodun Local Government Area,BCG,609.1,76.3,2026-11,True,2026-01,36,2025-12
Osun,South West,os Olorunda Local Government Area,BCG,460.3,76.4,2026-12,True,2026-12,60,2025-12
Kano,North West,kn Ungogo Local Government Area,BCG,2248.7,76.5,2026-09,True,2026-06,60,2025-12
Plateau,North Central,pl Jos North Local Government Area,BCG,1670.9,76.6,2026-09,True,2026-09,60,2025-12
Rivers,South South,ri Opobo/Nkoro Local Government Area,BCG,570.4,76.6,2026-12,True,2026-01,60,2025-12
Jigawa,North West,ji Taura Local Government Area,BCG,736.8,76.7,2026-07,True,2026-02,60,2025-12
Niger,North Central,ni Katcha Local Government Area,BCG,905.0,76.8,2026-11,True,2026-11,36,2025-12
Ogun,South West,og Odogbolu Local Government Area,BCG,751.8,76.9,2026-10,True,2026-10,60,2025-12
Enugu,South East,en Udi Local Government Area,BCG,839.3,77.0,2026-12,True,2026-12,60,2025-12
Kwara,North Central,kw Kaiama Local Government Area,BCG,644.3,77.1,2026-07,True,2026-01,36,2025-12
Oyo,South West,oy Akinyele Local Government Area,BCG,1133.5,77.1,2026-08,True,2026-08,60,2025-12
Sokoto,North West,so Gada Local Government Area,BCG,1107.3,77.1,2026-07,True,2026-01,60,2025-12
Enugu,South East,en Ezeagu Local Government Area,BCG,858.0,77.2,2026-09,True,2026-03,60,2025-12
Katsina,North West,kt Matazu Local Government Area,BCG,648.8,77.2,2026-09,True,2026-04,36,2025-12
Zamfara,North West,za Gusau Local Government Area,BCG,2224.9,77.2,2026-06,True,2026-06,60,2025-12
Kano,North West,kn Bichi Local Government Area,BCG,1309.5,77.4,2026-06,True,2026-06,60,2025-12
Akwa Ibom,South South,ak Mkpat Enin Local Government Area,BCG,652.6,77.5,2026-12,True,2026-03,60,2025-12
Niger,North Central,ni Lapai Local Government Area,BCG,919.9,77.5,2026-08,True,2026-02,36,2025-12
Bauchi,North East,ba Toro Local Government Area,BCG,2614.2,77.6,2026-09,True,2026-09,60,2025-12
Osun,South West,os Ede South Local Government Area,BCG,284.7,77.7,2026-12,True,2026-12,60,2025-12
Plateau,North Central,pl Mikang Local Government Area,BCG,291.2,77.7,2026-06,True,2026-03,60,2025-12
Osun,South West,os Ife East Local Government Area,BCG,914.0,77.8,2026-12,True,2026-12,60,2025-12
Cross River,South South,cr Odukpani Local Government Area,BCG,1361.2,77.9,2026-08,True,2026-01,60,2025-12
Kaduna,North West,kd Kudan Local Government Area,BCG,835.5,77.9,2026-06,True,2026-06,60,2025-12
Ondo,South West,on Akure North Local Government Area,BCG,878.7,77.9,2026-12,True,2026-12,60,2025-12
Kaduna,North West,kd Kubau Local Government Area,BCG,2041.3,78.1,2026-06,True,2026-06,60,2025-12
Kano,North West,kn Kiru Local Government Area,BCG,1525.8,78.3,2026-06,True,2026-06,60,2025-12
Gombe,North East,go Akko Local Government Area,BCG,1786.4,78.5,2026-12,True,2026-04,60,2025-12
Kaduna,North West,kd Giwa Local Government Area,BCG,2243.3,78.5,2026-06,True,2026-06,60,2025-12
Anambra,South East,an Onitsha South Local Government Area,BCG,1501.2,78.6,2026-11,True,2026-05,60,2025-12
Nasarawa,North Central,na Lafia Local Government Area,BCG,1727.1,78.8,2026-06,True,2026-06,60,2025-12
Plateau,North Central,pl Barkin Ladi Local Government Area,BCG,647.2,78.8,2026-06,True,2026-06,60,2025-12
Enugu,South East,en Igbo-Eze South Local Government Area,BCG,606.0,78.9,2026-12,True,2026-12,60,2025-12
Imo,South East,im Ohaji/Egbema Local Government Area,BCG,472.2,78.9,2026-07,True,2026-01,60,2025-12
Plateau,North Central,pl Bokkos Local Government Area,BCG,530.1,78.9,2026-06,True,2026-06,60,2025-12
Ogun,South West,og Obafemi Owode Local Government Area,BCG,1159.9,79.0,2026-11,True,2026-11,60,2025-12
Osun,South West,os Iwo Local Government Area,BCG,951.8,79.2,2026-06,True,2026-06,60,2025-12
Abia,South East,ab Umuahia South Local Government Area,BCG,622.8,79.3,2026-09,True,2026-02,60,2025-12
Kano,North West,kn Garum Mallam Local Government Area,BCG,466.2,79.4,2026-06,True,2026-06,60,2025-12
Enugu,South East,en Nkanu West Local Government Area,BCG,559.8,79.6,2026-10,True,2026-10,60,2025-12
Kano,North West,kn Kabo Local Government Area,BCG,621.4,79.7,2026-06,True,2026-06,60,2025-12
Kano,North West,kn Tofa Local Government Area,BCG,428.1,79.7,2026-07,True,2026-07,60,2025-12
Osun,South West,os Egbedore Local Government Area,BCG,259.0,79.8,2026-08,True,2026-01,60,2025-12
Borno,North East,bo Marte Local Government Area,Measles1,36.8,-1410.8,2026-11,True,2026-01,60,2025-12
Niger,North Central,ni Paikoro Local Government Area,Measles1,832.8,-180.0,2026-11,True,2026-01,36,2025-12
Oyo,South West,oy Oyo West Local Government Area,Measles1,609.0,-178.6,2026-11,True,2026-01,60,2025-12
Borno,North East,bo Askira/Uba Local Government Area,Measles1,853.6,-162.6,2026-11,True,2026-01,60,2025-12
Kaduna,North West,kd Kaura Local Government Area,Measles1,827.8,-153.5,2026-11,True,2026-01,60,2025-12
Kaduna,North West,kd Jema'a Local Government Area,Measles1,805.9,-132.4,2026-11,True,2026-01,60,2025-12
Oyo,South West,oy Ibarapa North Local Government Area,Measles1,360.8,-88.9,2026-09,True,2026-01,60,2025-12
Kogi,North Central,ko Bassa Local Government Area,Measles1,624.6,-74.8,2026-11,True,2026-01,36,2025-12
Gombe,North East,go Gombe Local Government Area,Measles1,1841.4,-74.7,2026-12,True,2026-03,60,2025-12
Niger,North Central,ni Bosso Local Government Area,Measles1,1071.2,-63.1,2026-06,True,2026-01,36,2025-12
Delta,South South,de Okpe Local Government Area,Measles1,614.6,-59.6,2026-06,True,2026-06,60,2025-12
Osun,South West,os Odo Otin Local Government Area,Measles1,239.2,-54.2,2026-12,True,2026-12,60,2025-12
Kwara,North Central,kw Ifelodun Local Government Area,Measles1,924.8,-48.4,2026-07,True,2026-01,36,2025-12
Kogi,North Central,ko Ajaokuta Local Government Area,Measles1,424.7,-43.9,2026-11,True,2026-03,36,2025-12
Benue,North Central,be Okpokwu Local Government Area,Measles1,366.2,-36.9,2026-12,True,2026-01,60,2025-12
Kaduna,North West,kd Giwa Local Government Area,Measles1,1802.0,-30.7,2026-11,True,2026-05,60,2025-12
Osun,South West,os Ife South Local Government Area,Measles1,433.2,-29.1,2026-06,True,2026-01,60,2025-12
Kogi,North Central,ko Ibaji Local Government Area,Measles1,382.6,-26.4,2026-11,True,2026-01,36,2025-12
Bauchi,North East,ba Warji Local Government Area,Measles1,558.8,-25.1,2026-11,True,2026-05,60,2025-12
Katsina,North West,kt Musawa Local Government Area,Measles1,679.1,-25.1,2026-09,True,2026-03,36,2025-12
Delta,South South,de Patani Local Government Area,Measles1,225.5,-19.9,2026-06,True,2026-06,60,2025-12
Kogi,North Central,ko Dekina Local Government Area,Measles1,1247.6,-15.6,2026-11,True,2026-05,36,2025-12
Kogi,North Central,ko Yagba West Local Government Area,Measles1,778.7,-15.5,2026-11,True,2026-01,36,2025-12
Lagos,South West,la Surulere Local Government Area,Measles1,1581.2,-15.0,2026-09,True,2026-01,36,2025-12
Ogun,South West,og Obafemi Owode Local Government Area,Measles1,971.8,-10.8,2026-07,True,2026-01,60,2025-12
Abia,South East,ab Ukwa West Local Government Area,Measles1,471.9,-9.2,2026-11,True,2026-05,60,2025-12
Katsina,North West,kt Kankara Local Government Area,Measles1,1015.8,0.5,2026-06,True,2026-01,36,2025-12
Kogi,North Central,ko Mopa-Muro Local Government Area,Measles1,208.5,2.5,2026-10,True,2026-01,36,2025-12
Niger,North Central,ni Borgu Local Government Area,Measles1,1389.9,4.2,2026-11,True,2026-03,36,2025-12
Katsina,North West,kt Sabuwa Local Government Area,Measles1,736.6,4.3,2026-06,True,2026-02,36,2025-12
Kogi,North Central,ko Ijumu Local Government Area,Measles1,641.8,4.7,2026-11,True,2026-02,36,2025-12
Oyo,South West,oy Ibadan South East Local Government Area,Measles1,1699.2,5.0,2026-09,True,2026-01,60,2025-12
Kaduna,North West,kd Zangon Kataf Local Government Area,Measles1,1265.2,6.4,2026-11,True,2026-05,60,2025-12
Borno,North East,bo Gubio Local Government Area,Measles1,1095.6,7.0,2026-06,True,2026-06,60,2025-12
Osun,South West,os Ife East Local Government Area,Measles1,778.8,9.8,2026-09,True,2026-01,60,2025-12
Kogi,North Central,ko Ofu Local Government Area,Measles1,487.6,11.2,2026-09,True,2026-01,36,2025-12
Niger,North Central,ni Magama Local Government Area,Measles1,1103.7,11.8,2026-06,True,2026-02,36,2025-12
Katsina,North West,kt Funtua Local Government Area,Measles1,1801.0,12.6,2026-09,True,2026-02,36,2025-12
Oyo,South West,oy Akinyele Local Government Area,Measles1,1097.8,13.2,2026-10,True,2026-04,60,2025-12
Ogun,South West,og Odeda Local Government Area,Measles1,550.3,14.1,2026-09,True,2026-03,60,2025-12
Nasarawa,North Central,na Karu Local Government Area,Measles1,3712.0,14.4,2026-11,True,2026-01,60,2025-12
FCT,North Central,fc Kuje Local Government Area,Measles1,1094.4,14.9,2026-09,True,2026-01,60,2025-12
Kogi,North Central,ko Omala Local Government Area,Measles1,367.2,15.4,2026-09,True,2026-03,36,2025-12
Kogi,North Central,ko Idah Local Government Area,Measles1,464.6,16.0,2026-10,True,2026-02,36,2025-12
Jigawa,North West,ji Birnin Kudu Local Government Area,Measles1,1465.9,17.0,2026-11,True,2026-05,60,2025-12
Katsina,North West,kt Kusada Local Government Area,Measles1,604.6,19.5,2026-09,True,2026-01,36,2025-12
Sokoto,North West,so Tangaza Local Government Area,Measles1,419.9,20.2,2026-11,True,2026-01,60,2025-12
Oyo,South West,oy Ido Local Government Area,Measles1,616.8,20.7,2026-10,True,2026-04,60,2025-12
Kwara,North Central,kw Oyun Local Government Area,Measles1,432.8,21.4,2026-12,True,2026-03,36,2025-12
Lagos,South West,la Shomolu Local Government Area,Measles1,1488.9,21.5,2026-09,True,2026-02,36,2025-12
Lagos,South West,la Lagos Island Local Government Area,Measles1,818.4,22.9,2026-09,True,2026-03,36,2025-12
Oyo,South West,oy Orelope Local Government Area,Measles1,524.5,24.3,2026-10,True,2026-04,60,2025-12
Oyo,South West,oy Ibadan North Local Government Area,Measles1,1427.8,24.5,2026-06,True,2026-01,60,2025-12
Imo,South East,im Aboh-Mbaise Local Government Area,Measles1,527.3,25.7,2026-08,True,2026-01,60,2025-12
Benue,North Central,be Gwer East Local Government Area,Measles1,487.8,25.9,2026-12,True,2026-06,60,2025-12
Akwa Ibom,South South,ak Udung Uko Local Government Area,Measles1,164.0,26.0,2026-07,True,2026-02,60,2025-12
Lagos,South West,la Ikeja Local Government Area,Measles1,1483.0,27.0,2026-12,True,2026-02,36,2025-12
Oyo,South West,oy Ori Ire Local Government Area,Measles1,727.8,27.3,2026-10,True,2026-04,60,2025-12
Ebonyi,South East,eb Ivo Local Government Area,Measles1,563.6,28.9,2026-07,True,2026-02,60,2025-12
Borno,North East,bo Damboa Local Government Area,Measles1,1109.5,29.1,2026-07,True,2026-02,60,2025-12
Benue,North Central,be Ukum Local Government Area,Measles1,696.2,29.5,2026-11,True,2026-01,60,2025-12
Lagos,South West,la Alimosho Local Government Area,Measles1,9717.8,31.6,2026-10,True,2026-01,36,2025-12
Rivers,South South,ri Ogu/Bolo Local Government Area,Measles1,375.8,32.1,2026-11,True,2026-05,60,2025-12
Jigawa,North West,ji Gwiwa Local Government Area,Measles1,606.4,33.3,2026-11,True,2026-02,60,2025-12
Lagos,South West,la Ojo Local Government Area,Measles1,2293.0,33.7,2026-09,True,2026-02,36,2025-12
Akwa Ibom,South South,ak Oruk Anam Local Government Area,Measles1,541.0,33.9,2026-09,True,2026-01,60,2025-12
Abia,South East,ab Obi Nwga Local Government Area,Measles1,568.2,34.1,2026-11,True,2026-05,60,2025-12
Osun,South West,os Ife North Local Government Area,Measles1,662.8,34.4,2026-12,True,2026-01,60,2025-12
Katsina,North West,kt Matazu Local Government Area,Measles1,679.9,34.6,2026-09,True,2026-03,36,2025-12
Kogi,North Central,ko Okene Local Government Area,Measles1,1462.7,34.7,2026-08,True,2026-02,36,2025-12
Sokoto,North West,so Shagari Local Government Area,Measles1,338.2,34.7,2026-12,True,2026-03,60,2025-12
Kwara,North Central,kw Pategi Local Government Area,Measles1,425.1,34.9,2026-10,True,2026-04,36,2025-12
Oyo,South West,oy Irepo Local Government Area,Measles1,635.7,34.9,2026-10,True,2026-04,60,2025-12
Oyo,South West,oy Ogbomosho North Local Government Area,Measles1,986.3,34.9,2026-10,True,2026-04,60,2025-12
Oyo,South West,oy Oyo East Local Government Area,Measles1,666.8,35.5,2026-10,True,2026-04,60,2025-12
Kano,North West,kn Makoda Local Government Area,Measles1,783.8,35.8,2026-12,True,2026-02,60,2025-12
Osun,South West,os Ejigbo Local Government Area,Measles1,417.8,36.8,2026-12,True,2026-05,60,2025-12
Kaduna,North West,kd Sanga Local Government Area,Measles1,656.9,37.1,2026-11,True,2026-05,60,2025-12
Benue,North Central,be Apa Local Government Area,Measles1,730.2,37.6,2026-12,True,2026-04,60,2025-12
Delta,South South,de Uvwie Local Government Area,Measles1,806.9,37.6,2026-06,True,2026-06,60,2025-12
Kano,North West,kn Ajingi Local Government Area,Measles1,614.0,37.9,2026-12,True,2026-04,60,2025-12
Kano,North West,kn Dawakin Kudu Local Government Area,Measles1,967.2,38.6,2026-12,True,2026-04,60,2025-12
Niger,North Central,ni Suleja Local Government Area,Measles1,1043.8,38.7,2026-09,True,2026-03,36,2025-12
Kogi,North Central,ko Yagba East Local Government Area,Measles1,517.0,38.8,2026-08,True,2026-02,36,2025-12
Oyo,South West,oy Saki East Local Government Area,Measles1,1177.2,39.0,2026-10,True,2026-01,60,2025-12
Kogi,North Central,ko Adavi Local Government Area,Measles1,925.9,39.1,2026-09,True,2026-03,36,2025-12
Ogun,South West,og Ijebu North Local Government Area,Measles1,1580.2,39.1,2026-09,True,2026-02,60,2025-12
Kogi,North Central,ko Lokoja Local Government Area,Measles1,582.2,39.6,2026-09,True,2026-03,36,2025-12
Oyo,South West,oy Ibarapa East Local Government Area,Measles1,1090.2,39.7,2026-07,True,2026-01,60,2025-12
Benue,North Central,be Agatu Local Government Area,Measles1,591.9,40.1,2026-07,True,2026-01,60,2025-12
Osun,South West,os Boripe Local Government Area,Measles1,599.6,40.9,2026-12,True,2026-08,60,2025-12
Osun,South West,os Orolu Local Government Area,Measles1,287.6,41.3,2026-10,True,2026-01,60,2025-12
Oyo,South West,oy Egbeda Local Government Area,Measles1,1130.2,41.5,2026-10,True,2026-04,60,2025-12
Kwara,North Central,kw Baruten Local Government Area,Measles1,849.7,41.9,2026-07,True,2026-01,36,2025-12
Zamfara,North West,za Anka Local Government Area,Measles1,652.2,41.9,2026-11,True,2026-11,60,2025-12
FCT,North Central,fc Abuja Municipal Area Council,Measles1,4040.2,42.2,2026-06,True,2026-03,60,2025-12
Osun,South West,os Ilesa West Local Government Area,Measles1,274.5,43.1,2026-11,True,2026-04,60,2025-12
Sokoto,North West,so Isa Local Government Area,Measles1,374.0,43.2,2026-10,True,2026-02,60,2025-12
Plateau,North Central,pl Mangu Local Government Area,Measles1,1000.1,43.3,2026-06,True,2026-01,60,2025-12
Kano,North West,kn Gezawa Local Government Area,Measles1,1038.2,43.8,2026-11,True,2026-05,60,2025-12
Niger,North Central,ni Katcha Local Government Area,Measles1,878.1,43.8,2026-07,True,2026-01,36,2025-12
Kano,North West,kn Kano Municipal Local Government Area,Measles1,1162.9,44.1,2026-12,True,2026-03,60,2025-12
Enugu,South East,en Nsukka Local Government Area,Measles1,1023.2,44.2,2026-12,True,2026-06,60,2025-12
Osun,South West,os Oriade Local Government Area,Measles1,627.5,44.2,2026-07,True,2026-01,60,2025-12
Oyo,South West,oy Afijio Local Government Area,Measles1,620.8,44.8,2026-10,True,2026-01,60,2025-12
Oyo,South West,oy Iwajowa Local Government Area,Measles1,534.5,44.8,2026-10,True,2026-01,60,2025-12
Lagos,South West,la Mushin Local Government Area,Measles1,2446.1,45.6,2026-06,True,2026-02,36,2025-12
Kaduna,North West,kd Kagarko Local Government Area,Measles1,943.3,45.9,2026-06,True,2026-06,60,2025-12
Kano,North West,kn Minjibir Local Government Area,Measles1,809.6,46.0,2026-11,True,2026-03,60,2025-12
Cross River,South South,cr Obubra Local Government Area,Measles1,905.2,46.2,2026-11,True,2026-01,60,2025-12
Benue,North Central,be Vandeikya Local Government Area,Measles1,579.8,46.6,2026-11,True,2026-01,60,2025-12
Benue,North Central,be Otukpo Local Government Area,Measles1,915.3,46.7,2026-12,True,2026-11,60,2025-12
FCT,North Central,fc Abaji Local Government Area,Measles1,627.1,47.0,2026-06,True,2026-03,60,2025-12
Akwa Ibom,South South,ak Mkpat Enin Local Government Area,Measles1,731.1,47.2,2026-09,True,2026-01,60,2025-12
Katsina,North West,kt Mani Local Government Area,Measles1,858.8,47.4,2026-09,True,2026-02,36,2025-12
Kaduna,North West,kd Kudan Local Government Area,Measles1,727.8,47.9,2026-11,True,2026-05,60,2025-12
Kano,North West,kn Kabo Local Government Area,Measles1,579.2,47.9,2026-06,True,2026-04,60,2025-12
Kano,North West,kn Dala Local Government Area,Measles1,1372.4,48.5,2026-11,True,2026-04,60,2025-12
FCT,North Central,fc Kwali Local Government Area,Measles1,813.0,48.8,2026-06,True,2026-03,60,2025-12
Kogi,North Central,ko Igalamela-Odolu Local Government Area,Measles1,655.8,48.8,2026-07,True,2026-01,36,2025-12
Kaduna,North West,kd Lere Local Government Area,Measles1,3797.8,48.9,2026-11,True,2026-05,60,2025-12
Benue,North Central,be Ushongo Local Government Area,Measles1,699.2,49.2,2026-11,True,2026-01,60,2025-12
Lagos,South West,la Agege Local Government Area,Measles1,1676.5,49.8,2026-09,True,2026-02,36,2025-12
Borno,North East,bo Dikwa Local Government Area,Measles1,376.0,49.9,2026-06,True,2026-06,60,2025-12
Osun,South West,os Ife Central Local Government Area,Measles1,591.5,50.3,2026-09,True,2026-03,60,2025-12
Rivers,South South,ri Opobo/Nkoro Local Government Area,Measles1,577.0,50.3,2026-09,True,2026-01,60,2025-12
Ogun,South West,og Ikenne Local Government Area,Measles1,663.5,50.6,2026-07,True,2026-01,60,2025-12
Oyo,South West,oy Saki West Local Government Area,Measles1,2332.6,50.6,2026-10,True,2026-01,60,2025-12
Borno,North East,bo Monguno Local Government Area,Measles1,1181.6,50.9,2026-09,True,2026-03,60,2025-12
Plateau,North Central,pl Jos East Local Government Area,Measles1,323.9,51.1,2026-11,True,2026-05,60,2025-12
Plateau,North Central,pl Mikang Local Government Area,Measles1,235.1,51.1,2026-11,True,2026-03,60,2025-12
Oyo,South West,oy Lagelu Local Government Area,Measles1,446.2,51.3,2026-12,True,2026-02,60,2025-12
Kwara,North Central,kw Irepodun Local Government Area,Measles1,581.2,51.5,2026-06,True,2026-01,36,2025-12
Kano,North West,kn Gaya Local Government Area,Measles1,828.3,51.9,2026-11,True,2026-04,60,2025-12
Kano,North West,kn Nasarawa Local Government Area,Measles1,1852.8,51.9,2026-11,True,2026-05,60,2025-12
FCT,North Central,fc Bwari Local Government Area,Measles1,1548.2,52.4,2026-06,True,2026-03,60,2025-12
Osun,South West,os Isokan Local Government Area,Measles1,591.5,52.6,2026-07,True,2026-01,60,2025-12
Sokoto,North West,so Tambuwal Local Government Area,Measles1,553.7,52.7,2026-06,True,2026-03,60,2025-12
Cross River,South South,cr Obanliku Local Government Area,Measles1,381.8,52.8,2026-09,True,2026-03,60,2025-12
Kano,North West,kn Wudil Local Government Area,Measles1,797.7,53.1,2026-11,True,2026-04,60,2025-12
Lagos,South West,la Ifako/Ijaye Local Government Area,Measles1,2105.1,53.2,2026-12,True,2026-02,36,2025-12
Niger,North Central,ni Bida Local Government Area,Measles1,975.5,53.3,2026-10,True,2026-03,36,2025-12
FCT,North Central,fc Gwagwalada Local Government Area,Measles1,1138.7,53.4,2026-12,True,2026-03,60,2025-12
Bauchi,North East,ba Gamawa Local Government Area,Measles1,1157.8,53.7,2026-08,True,2026-02,60,2025-12
Borno,North East,bo Mobbar Local Government Area,Measles1,512.1,54.6,2026-06,True,2026-04,60,2025-12
Yobe,North East,yo Tarmuwa Local Government Area,Measles1,607.4,54.6,2026-08,True,2026-01,60,2025-12
Kano,North West,kn Warawa Local Government Area,Measles1,544.1,54.7,2026-12,True,2026-05,60,2025-12
Niger,North Central,ni Lapai Local Government Area,Measles1,892.8,55.0,2026-09,True,2026-03,36,2025-12
Katsina,North West,kt Bakori Local Government Area,Measles1,1359.9,55.1,2026-06,True,2026-03,36,2025-12
Anambra,South East,an Onitsha South Local Government Area,Measles1,1218.2,55.2,2026-11,True,2026-02,60,2025-12
Enugu,South East,en Udenu Local Government Area,Measles1,675.4,55.2,2026-12,True,2026-03,60,2025-12
Anambra,South East,an Ekwusigo Local Government Area,Measles1,949.8,55.4,2026-10,True,2026-01,60,2025-12
Imo,South East,im Ihitte/Uboma Local Government Area,Measles1,562.6,55.6,2026-12,True,2026-02,60,2025-12
Katsina,North West,kt Danja Local Government Area,Measles1,1033.8,55.6,2026-06,True,2026-03,36,2025-12
Sokoto,North West,so Bodinga Local Government Area,Measles1,452.2,55.6,2026-06,True,2026-06,60,2025-12
Gombe,North East,go Shongom Local Government Area,Measles1,403.6,55.7,2026-09,True,2026-05,60,2025-12
Kano,North West,kn Gabasawa Local Government Area,Measles1,833.3,55.8,2026-10,True,2026-02,60,2025-12
Kano,North West,kn Sumaila Local Government Area,Measles1,1186.6,55.9,2026-11,True,2026-04,60,2025-12
Niger,North Central,ni Mariga Local Government Area,Measles1,1179.6,56.0,2026-06,True,2026-02,36,2025-12
Lagos,South West,la Eti-Osa Local Government Area,Measles1,1307.5,56.3,2026-12,True,2026-04,36,2025-12
Kano,North West,kn Kibiya Local Government Area,Measles1,524.2,56.5,2026-12,True,2026-04,60,2025-12
Imo,South East,im Ahiazu-Mbaise Local Government Area,Measles1,494.8,56.6,2026-10,True,2026-01,60,2025-12
Ekiti,South West,ek Ekiti East Local Government Area,Measles1,1118.0,57.3,2026-07,True,2026-01,60,2025-12
Gombe,North East,go Funakaye Local Government Area,Measles1,950.5,57.3,2026-11,True,2026-05,60,2025-12
Enugu,South East,en Igbo-Eze South Local Government Area,Measles1,552.2,57.6,2026-08,True,2026-02,60,2025-12
Lagos,South West,la Lagos Mainland Local Government Area,Measles1,903.4,57.6,2026-12,True,2026-06,36,2025-12
Delta,South South,de Ethiope West Local Government Area,Measles1,1484.8,57.8,2026-07,True,2026-01,60,2025-12
Cross River,South South,cr Akamkpa Local Government Area,Measles1,925.0,57.9,2026-08,True,2026-01,60,2025-12
Ondo,South West,on Akure South Local Government Area,Measles1,1829.5,58.0,2026-12,True,2026-02,60,2025-12
Gombe,North East,go Billiri Local Government Area,Measles1,524.7,58.1,2026-12,True,2026-01,60,2025-12
Kebbi,North West,ke Yauri Local Government Area,Measles1,537.8,58.1,2026-12,True,2026-06,60,2025-12
Lagos,South West,la Ikorodu Local Government Area,Measles1,2601.5,58.1,2026-09,True,2026-02,36,2025-12
Osun,South West,os Ilesa East Local Government Area,Measles1,270.2,58.2,2026-06,True,2026-06,60,2025-12
Akwa Ibom,South South,ak Etinan Local Government Area,Measles1,386.4,58.3,2026-09,True,2026-05,60,2025-12
Osun,South West,os Ifelodun Local Government Area,Measles1,299.8,58.3,2026-09,True,2026-03,60,2025-12
Kogi,North Central,ko Kabba/Bunu Local Government Area,Measles1,582.1,58.5,2026-09,True,2026-09,36,2025-12
Oyo,South West,oy Itesiwaju Local Government Area,Measles1,1088.7,58.6,2026-10,True,2026-01,60,2025-12
Kano,North West,kn Kura Local Government Area,Measles1,573.6,58.7,2026-11,True,2026-04,60,2025-12
Enugu,South East,en Enugu North Local Government Area,Measles1,1063.8,58.9,2026-09,True,2026-05,60,2025-12
Kano,North West,kn Doguwa Local Government Area,Measles1,713.1,59.0,2026-10,True,2026-04,60,2025-12
Abia,South East,ab Bende Local Government Area,Measles1,448.2,59.1,2026-11,True,2026-05,60,2025-12
Nasarawa,North Central,na Nasarawa Eggon Local Government Area,Measles1,757.2,59.1,2026-10,True,2026-04,60,2025-12
Oyo,South West,oy Ibadan North West Local Government Area,Measles1,714.2,59.1,2026-09,True,2026-01,60,2025-12
Gombe,North East,go Dukku Local Government Area,Measles1,1126.2,59.2,2026-06,True,2026-03,60,2025-12
Kogi,North Central,ko Okehi Local Government Area,Measles1,868.3,59.2,2026-06,True,2026-02,36,2025-12
Osun,South West,os Ila Local Government Area,Measles1,236.1,59.3,2026-12,True,2026-02,60,2025-12
Osun,South West,os Atakumosa West Local Government Area,Measles1,185.9,59.5,2026-12,True,2026-05,60,2025-12
Kano,North West,kn Karaye Local Government Area,Measles1,639.4,59.7,2026-10,True,2026-04,60,2025-12
Bayelsa,South South,by Brass Local Government Area,Measles1,896.9,59.8,2026-11,True,2026-05,60,2025-12
Sokoto,North West,so Sabon Birni Local Government Area,Measles1,893.2,59.8,2026-06,True,2026-05,60,2025-12
Kano,North West,kn Garum Mallam Local Government Area,Measles1,461.8,60.1,2026-11,True,2026-10,60,2025-12
Abia,South East,ab Umuahia North Local Government Area,Measles1,678.6,60.2,2026-09,True,2026-05,60,2025-12
Lagos,South West,la Ibeju/Lekki Local Government Area,Measles1,675.2,60.2,2026-10,True,2026-04,36,2025-12
Kano,North West,kn Tofa Local Government Area,Measles1,404.5,60.4,2026-11,True,2026-06,60,2025-12
Niger,North Central,ni Lavun Local Government Area,Measles1,1292.6,60.4,2026-06,True,2026-04,36,2025-12
Bauchi,North East,ba Bogoro Local Government Area,Measles1,349.5,60.5,2026-12,True,2026-02,60,2025-12
Sokoto,North West,so Sokoto North Local Government Area,Measles1,427.1,60.5,2026-06,True,2026-03,60,2025-12
Katsina,North West,kt Baure Local Government Area,Measles1,997.6,60.6,2026-06,True,2026-02,36,2025-12
Lagos,South West,la Epe Local Government Area,Measles1,764.1,60.8,2026-09,True,2026-03,36,2025-12
Imo,South East,im Owerri West Local Government Area,Measles1,582.8,60.9,2026-10,True,2026-04,60,2025-12
Osun,South West,os Osogbo Local Government Area,Measles1,587.2,60.9,2026-12,True,2026-02,60,2025-12
Imo,South East,im Onuimo Local Government Area,Measles1,560.2,61.0,2026-09,True,2026-03,60,2025-12
Lagos,South West,la Oshodi/Isolo Local Government Area,Measles1,2692.1,61.0,2026-10,True,2026-02,36,2025-12
Katsina,North West,kt Dan Musa Local Government Area,Measles1,604.8,61.1,2026-06,True,2026-06,36,2025-12
Kebbi,North West,ke Zuru Local Government Area,Measles1,769.3,61.2,2026-12,True,2026-02,60,2025-12
Plateau,North Central,pl Jos North Local Government Area,Measles1,1511.6,61.2,2026-09,True,2026-01,60,2025-12
Oyo,South West,oy Surulere Local Government Area,Measles1,514.8,61.4,2026-12,True,2026-01,60,2025-12
Kano,North West,kn Gwale Local Government Area,Measles1,1467.7,61.5,2026-10,True,2026-04,60,2025-12
Edo,South South,ed Etsako Central Local Government Area,Measles1,731.6,61.6,2026-07,True,2026-01,60,2025-12
Kano,North West,kn Tudun Wada Local Government Area,Measles1,921.0,61.8,2026-11,True,2026-04,60,2025-12
Sokoto,North West,so Kebbe Local Government Area,Measles1,390.9,62.1,2026-08,True,2026-02,60,2025-12
Osun,South West,os Ola-Oluwa Local Government Area,Measles1,148.3,62.2,2026-12,True,2026-12,60,2025-12
Anambra,South East,an Orumba South Local Government Area,Measles1,485.2,62.3,2026-08,True,2026-04,60,2025-12
Kano,North West,kn Kiru Local Government Area,Measles1,1319.4,62.4,2026-10,True,2026-04,60,2025-12
Kano,North West,kn Tarauni Local Government Area,Measles1,1012.8,62.4,2026-10,True,2026-04,60,2025-12
Bayelsa,South South,by Yenagoa Local Government Area,Measles1,1007.9,62.5,2026-09,True,2026-06,60,2025-12
Ogun,South West,og Yewa South Local Government Area,Measles1,766.2,63.0,2026-10,True,2026-02,60,2025-12
Oyo,South West,oy Ibadan North East Local Government Area,Measles1,1181.1,63.0,2026-09,True,2026-03,60,2025-12
Kano,North West,kn Rogo Local Government Area,Measles1,1065.4,63.1,2026-10,True,2026-04,60,2025-12
Ondo,South West,on Odigbo Local Government Area,Measles1,2207.5,63.1,2026-06,True,2026-01,60,2025-12
Akwa Ibom,South South,ak Uruan Local Government Area,Measles1,356.9,63.4,2026-09,True,2026-03,60,2025-12
Kano,North West,kn Bunkure Local Government Area,Measles1,811.8,63.4,2026-09,True,2026-04,60,2025-12
Kwara,North Central,kw Kaiama Local Government Area,Measles1,582.8,63.4,2026-07,True,2026-01,36,2025-12
Delta,South South,de Bomadi Local Government Area,Measles1,375.7,63.6,2026-07,True,2026-01,60,2025-12
Kano,North West,kn Garko Local Government Area,Measles1,595.8,63.6,2026-11,True,2026-04,60,2025-12
Borno,North East,bo Bama Local Government Area,Measles1,2058.5,63.8,2026-11,True,2026-03,60,2025-12
Anambra,South East,an Ogbaru Local Government Area,Measles1,1321.9,63.9,2026-11,True,2026-04,60,2025-12
Enugu,South East,en Enugu East Local Government Area,Measles1,1194.2,64.2,2026-12,True,2026-12,60,2025-12
Kano,North West,kn Dawakin Tofa Local Government Area,Measles1,997.0,64.2,2026-10,True,2026-04,60,2025-12
Akwa Ibom,South South,ak Nsit Atai Local Government Area,Measles1,378.3,64.6,2026-09,True,2026-01,60,2025-12
Akwa Ibom,South South,ak Onna Local Government Area,Measles1,512.0,64.6,2026-06,True,2026-06,60,2025-12
Sokoto,North West,so Dange-Shuni Local Government Area,Measles1,537.4,64.6,2026-06,True,2026-06,60,2025-12
Benue,North Central,be Kwande Local Government Area,Measles1,890.9,64.7,2026-08,True,2026-01,60,2025-12
Katsina,North West,kt Dandume Local Government Area,Measles1,1353.8,64.7,2026-09,True,2026-03,36,2025-12
Lagos,South West,la Ajeromi/Ifelodun Local Government Area,Measles1,3290.6,64.7,2026-09,True,2026-09,36,2025-12
Rivers,South South,ri Tai Local Government Area,Measles1,633.7,64.7,2026-08,True,2026-08,60,2025-12
Sokoto,North West,so Yabo Local Government Area,Measles1,396.8,64.8,2026-06,True,2026-01,60,2025-12
Kwara,North Central,kw Asa Local Government Area,Measles1,577.5,64.9,2026-07,True,2026-07,36,2025-12
Niger,North Central,ni Chanchaga Local Government Area,Measles1,856.9,64.9,2026-09,True,2026-03,36,2025-12
Taraba,North East,ta Sardauna Local Government Area,Measles1,1143.1,65.0,2026-11,True,2026-05,60,2025-12
Kano,North West,kn Bebeji Local Government Area,Measles1,724.3,65.1,2026-11,True,2026-04,60,2025-12
Kwara,North Central,kw Moro Local Government Area,Measles1,540.9,65.1,2026-11,True,2026-01,36,2025-12
Benue,North Central,be Oju Local Government Area,Measles1,688.5,65.2,2026-06,True,2026-06,60,2025-12
Benue,North Central,be Obi Local Government Area,Measles1,609.4,65.4,2026-10,True,2026-10,60,2025-12
Oyo,South West,oy Kajola Local Government Area,Measles1,745.3,65.6,2026-10,True,2026-04,60,2025-12
Akwa Ibom,South South,ak Ini Local Government Area,Measles1,316.8,65.7,2026-12,True,2026-03,60,2025-12
Kaduna,North West,kd Igabi Local Government Area,Measles1,1884.5,65.7,2026-06,True,2026-04,60,2025-12
Kano,North West,kn Rimin Gado Local Government Area,Measles1,442.6,65.8,2026-11,True,2026-09,60,2025-12
Taraba,North East,ta Donga Local Government Area,Measles1,716.0,66.0,2026-11,True,2026-02,60,2025-12
Lagos,South West,la Amuwo Odofin Local Government Area,Measles1,1533.8,66.1,2026-09,True,2026-09,36,2025-12
Kano,North West,kn Kunchi Local Government Area,Measles1,449.9,66.2,2026-10,True,2026-02,60,2025-12
Borno,North East,bo Shani Local Government Area,Measles1,632.2,66.3,2026-11,True,2026-05,60,2025-12
Katsina,North West,kt Charanchi Local Government Area,Measles1,760.4,66.5,2026-09,True,2026-02,36,2025-12
Oyo,South West,oy Ogo Oluwa Local Government Area,Measles1,387.2,66.5,2026-07,True,2026-02,60,2025-12
Imo,South East,im Oguta Local Government Area,Measles1,531.3,66.7,2026-11,True,2026-08,60,2025-12
Benue,North Central,be Tarka Local Government Area,Measles1,297.3,66.8,2026-10,True,2026-04,60,2025-12
Osun,South West,os Olorunda Local Government Area,Measles1,434.1,66.9,2026-06,True,2026-06,60,2025-12
Plateau,North Central,pl Kanam Local Government Area,Measles1,1035.5,66.9,2026-06,True,2026-05,60,2025-12
Ebonyi,South East,eb Ezza North Local Government Area,Measles1,534.5,67.0,2026-09,True,2026-09,60,2025-12
Rivers,South South,ri Emohua Local Government Area,Measles1,549.4,67.0,2026-09,True,2026-01,60,2025-12
Kano,North West,kn Kumbotso Local Government Area,Measles1,1530.6,67.2,2026-06,True,2026-06,60,2025-12
Bauchi,North East,ba Dambam Local Government Area,Measles1,794.1,67.3,2026-09,True,2026-02,60,2025-12
Plateau,North Central,pl Kanke Local Government Area,Measles1,249.1,67.3,2026-11,True,2026-05,60,2025-12
Bauchi,North East,ba Dass Local Government Area,Measles1,445.6,67.4,2026-06,True,2026-06,60,2025-12
Benue,North Central,be Katsina-Ala Local Government Area,Measles1,664.5,67.4,2026-11,True,2026-01,60,2025-12
Oyo,South West,oy Oluyole Local Government Area,Measles1,1140.5,67.4,2026-10,True,2026-10,60,2025-12
Kebbi,North West,ke Argungu Local Government Area,Measles1,854.4,67.6,2026-11,True,2026-04,60,2025-12
Niger,North Central,ni Kontagora Local Government Area,Measles1,1004.7,67.6,2026-11,True,2026-05,36,2025-12
Delta,South South,de Ika North East Local Government Area,Measles1,1012.2,67.8,2026-06,True,2026-06,60,2025-12
Gombe,North East,go Kaltungo Local Government Area,Measles1,508.1,67.8,2026-12,True,2026-05,60,2025-12
Anambra,South East,an Idemili North Local Government Area,Measles1,2266.9,68.0,2026-11,True,2026-11,60,2025-12
Imo,South East,im Ohaji/Egbema Local Government Area,Measles1,483.1,68.0,2026-07,True,2026-01,60,2025-12
Anambra,South East,an Awka North Local Government Area,Measles1,776.8,68.1,2026-11,True,2026-05,60,2025-12
Kano,North West,kn Madobi Local Government Area,Measles1,623.4,68.3,2026-09,True,2026-04,60,2025-12
Jigawa,North West,ji Taura Local Government Area,Measles1,718.7,68.4,2026-11,True,2026-11,60,2025-12
Kano,North West,kn Tsanyawa Local Government Area,Measles1,767.7,68.4,2026-11,True,2026-09,60,2025-12
Imo,South East,im Orsu Local Government Area,Measles1,212.5,68.7,2026-09,True,2026-03,60,2025-12
Sokoto,North West,so Gada Local Government Area,Measles1,908.0,68.7,2026-11,True,2026-05,60,2025-12
Delta,South South,de Sapele Local Government Area,Measles1,545.1,68.8,2026-11,True,2026-05,60,2025-12
Oyo,South West,oy Iseyin Local Government Area,Measles1,776.3,68.9,2026-10,True,2026-10,60,2025-12
Bauchi,North East,ba Toro Local Government Area,Measles1,2852.2,69.0,2026-09,True,2026-03,60,2025-12
Katsina,North West,kt Rimi Local Government Area,Measles1,956.5,69.0,2026-09,True,2026-03,36,2025-12
Gombe,North East,go Nafada Local Government Area,Measles1,460.7,69.1,2026-12,True,2026-05,60,2025-12
Imo,South East,im Ideato North Local Government Area,Measles1,370.2,69.2,2026-09,True,2026-09,60,2025-12
Oyo,South West,oy Atiba Local Government Area,Measles1,613.0,69.4,2026-10,True,2026-10,60,2025-12
Jigawa,North West,ji Dutse Local Government Area,Measles1,1450.1,69.5,2026-09,True,2026-09,60,2025-12
Sokoto,North West,so Tureta Local Government Area,Measles1,260.2,69.6,2026-06,True,2026-01,60,2025-12
Osun,South West,os Ayedire Local Government Area,Measles1,160.5,69.7,2026-10,True,2026-02,60,2025-12
Kebbi,North West,ke Suru Local Government Area,Measles1,660.5,70.0,2026-11,True,2026-03,60,2025-12
Imo,South East,im Owerri North Local Government Area,Measles1,796.1,70.2,2026-12,True,2026-09,60,2025-12
Katsina,North West,kt Kurfi Local Government Area,Measles1,629.3,70.2,2026-09,True,2026-03,36,2025-12
Edo,South South,ed Egor Local Government Area,Measles1,775.9,70.3,2026-12,True,2026-06,60,2025-12
Kano,North West,kn Gwarzo Local Government Area,Measles1,962.0,70.3,2026-11,True,2026-04,60,2025-12
Anambra,South East,an Oyi Local Government Area,Measles1,927.7,70.4,2026-12,True,2026-12,60,2025-12
Cross River,South South,cr Bekwarra Local Government Area,Measles1,390.2,70.4,2026-09,True,2026-09,60,2025-12
Jigawa,North West,ji Babura Local Government Area,Measles1,1039.7,70.4,2026-09,True,2026-09,60,2025-12
Nasarawa,North Central,na Nasarawa Local Government Area,Measles1,951.8,70.4,2026-06,True,2026-06,60,2025-12
Nasarawa,North Central,na Awe Local Government Area,Measles1,522.2,70.7,2026-06,True,2026-03,60,2025-12
Ebonyi,South East,eb Ohaukwu Local Government Area,Measles1,582.2,70.8,2026-11,True,2026-05,60,2025-12
Sokoto,North West,so Silame Local Government Area,Measles1,288.2,70.9,2026-11,True,2026-11,60,2025-12
Edo,South South,ed Owan West Local Government Area,Measles1,259.0,71.0,2026-06,True,2026-06,60,2025-12
Imo,South East,im Ideato South Local Government Area,Measles1,490.4,71.0,2026-09,True,2026-02,60,2025-12
Borno,North East,bo Ngala Local Government Area,Measles1,731.0,71.1,2026-10,True,2026-04,60,2025-12
Jigawa,North West,ji Garki Local Government Area,Measles1,840.4,71.1,2026-11,True,2026-03,60,2025-12
Ogun,South West,og Abeokuta South Local Government Area,Measles1,1096.7,71.3,2026-12,True,2026-06,60,2025-12
Katsina,North West,kt Zango Local Government Area,Measles1,550.1,71.4,2026-09,True,2026-03,36,2025-12
Kaduna,North West,kd Sabon Gari Local Government Area,Measles1,1641.4,71.5,2026-06,True,2026-06,60,2025-12
Jigawa,North West,ji Kaugama Local Government Area,Measles1,699.8,71.6,2026-11,True,2026-03,60,2025-12
Katsina,North West,kt Kaita Local Government Area,Measles1,958.9,71.7,2026-11,True,2026-04,36,2025-12
Oyo,South West,oy Ogbomosho South Local Government Area,Measles1,383.1,71.7,2026-10,True,2026-09,60,2025-12
Plateau,North Central,pl Langtang South Local Government Area,Measles1,250.1,71.9,2026-06,True,2026-06,60,2025-12
Rivers,South South,ri Ahoada East Local Government Area,Measles1,1118.8,72.1,2026-07,True,2026-01,60,2025-12
Osun,South West,os Ayedaade Local Government Area,Measles1,473.2,72.2,2026-12,True,2026-08,60,2025-12
Ebonyi,South East,eb Onicha Local Government Area,Measles1,1120.2,72.3,2026-10,True,2026-03,60,2025-12
Kaduna,North West,kd Kubau Local Government Area,Measles1,1021.8,72.3,2026-06,True,2026-06,60,2025-12
Sokoto,North West,so Sokoto South Local Government Area,Measles1,467.0,72.4,2026-06,True,2026-06,60,2025-12
Anambra,South East,an Anambra East Local Government Area,Measles1,830.6,72.5,2026-10,True,2026-03,60,2025-12
Jigawa,North West,ji Roni Local Government Area,Measles1,496.1,72.5,2026-09,True,2026-02,60,2025-12
Cross River,South South,cr Calabar Municipal Local Government Area,Measles1,672.1,72.6,2026-08,True,2026-08,60,2025-12
Cross River,South South,cr Bakassi Local Government Area,Measles1,208.3,72.7,2026-08,True,2026-03,60,2025-12
Kano,North West,kn Shanono Local Government Area,Measles1,750.0,72.7,2026-11,True,2026-09,60,2025-12
Sokoto,North West,so Binji Local Government Area,Measles1,238.3,72.7,2026-06,True,2026-06,60,2025-12
Borno,North East,bo Biu Local Government Area,Measles1,1009.1,72.8,2026-11,True,2026-01,60,2025-12
Rivers,South South,ri Etche Local Government Area,Measles1,1205.4,72.8,2026-09,True,2026-03,60,2025-12
Ogun,South West,og Ijebu East Local Government Area,Measles1,538.5,72.9,2026-06,True,2026-04,60,2025-12
Jigawa,North West,ji Kiyawa Local Government Area,Measles1,1223.6,73.1,2026-09,True,2026-02,60,2025-12
Sokoto,North West,so Wamako Local Government Area,Measles1,589.0,73.6,2026-09,True,2026-03,60,2025-12
Taraba,North East,ta Ussa Local Government Area,Measles1,533.9,73.9,2026-09,True,2026-01,60,2025-12
Lagos,South West,la Badagry Local Government Area,Measles1,943.8,74.0,2026-10,True,2026-09,36,2025-12
Gombe,North East,go Kwami Local Government Area,Measles1,1115.9,74.2,2026-11,True,2026-05,60,2025-12
Kano,North West,kn Bichi Local Government Area,Measles1,1243.5,74.2,2026-10,True,2026-04,60,2025-12
Bauchi,North East,ba Alkaleri Local Government Area,Measles1,1132.8,74.3,2026-09,True,2026-09,60,2025-12
Cross River,South South,cr Abi Local Government Area,Measles1,750.2,74.3,2026-07,True,2026-07,60,2025-12
Ogun,South West,og Ipokia Local Government Area,Measles1,505.6,74.4,2026-09,True,2026-09,60,2025-12
Taraba,North East,ta Takum Local Government Area,Measles1,684.0,74.4,2026-07,True,2026-01,60,2025-12
Ogun,South West,og Ijebu Ode Local Government Area,Measles1,959.7,74.5,2026-07,True,2026-02,60,2025-12
Anambra,South East,an Ihiala Local Government Area,Measles1,2010.2,74.6,2026-09,True,2026-03,60,2025-12
Ogun,South West,og Odogbolu Local Government Area,Measles1,686.9,74.6,2026-10,True,2026-09,60,2025-12
Kwara,North Central,kw Offa Local Government Area,Measles1,362.8,74.8,2026-11,True,2026-01,36,2025-12
Oyo,South West,oy Ibadan South West Local Government Area,Measles1,1481.3,75.0,2026-12,True,2026-12,60,2025-12
Oyo,South West,oy Ona Ara Local Government Area,Measles1,742.4,75.0,2026-10,True,2026-10,60,2025-12
Cross River,South South,cr Ogoja Local Government Area,Measles1,644.4,75.4,2026-09,True,2026-03,60,2025-12
Kano,North West,kn Rano Local Government Area,Measles1,657.9,75.4,2026-11,True,2026-11,60,2025-12
Katsina,North West,kt Dutsi Local Government Area,Measles1,459.7,75.6,2026-06,True,2026-06,36,2025-12
Taraba,North East,ta Bali Local Government Area,Measles1,1226.5,75.7,2026-08,True,2026-04,60,2025-12
Plateau,North Central,pl Wase Local Government Area,Measles1,743.1,75.8,2026-06,True,2026-05,60,2025-12
Abia,South East,ab Aba North Local Government Area,Measles1,649.8,76.0,2026-12,True,2026-05,60,2025-12
Adamawa,North East,ad Yola North Local Government Area,Measles1,1498.1,76.1,2026-06,True,2026-02,60,2025-12
Akwa Ibom,South South,ak Okobo Local Government Area,Measles1,423.1,76.2,2026-12,True,2026-02,60,2025-12
Anambra,South East,an Anaocha Local Government Area,Measles1,1555.8,76.6,2026-12,True,2026-01,60,2025-12
Kano,North West,kn Danbatta Local Government Area,Measles1,901.7,76.6,2026-10,True,2026-04,60,2025-12
Enugu,South East,en Udi Local Government Area,Measles1,750.2,77.0,2026-12,True,2026-12,60,2025-12
Kebbi,North West,ke Aleiro Local Government Area,Measles1,300.2,77.0,2026-09,True,2026-03,60,2025-12
Delta,South South,de Aniocha North Local Government Area,Measles1,538.1,77.1,2026-07,True,2026-05,60,2025-12
Enugu,South East,en Igbo-Etiti Local Government Area,Measles1,729.5,77.1,2026-08,True,2026-08,60,2025-12
Taraba,North East,ta Jalingo Local Government Area,Measles1,684.9,77.3,2026-11,True,2026-04,60,2025-12
Osun,South West,os Ede South Local Government Area,Measles1,231.1,77.4,2026-11,True,2026-11,60,2025-12
Akwa Ibom,South South,ak Nsit Ibom Local Government Area,Measles1,621.2,77.6,2026-10,True,2026-05,60,2025-12
Kaduna,North West,kd Chikun Local Government Area,Measles1,1388.4,77.6,2026-11,True,2026-11,60,2025-12
Cross River,South South,cr Ikom Local Government Area,Measles1,480.3,77.7,2026-11,True,2026-05,60,2025-12
Niger,North Central,ni Mokwa Local Government Area,Measles1,1603.3,77.8,2026-10,True,2026-10,36,2025-12
Bauchi,North East,ba Giade Local Government Area,Measles1,562.3,78.0,2026-09,True,2026-09,60,2025-12
Bauchi,North East,ba Zaki Local Government Area,Measles1,1208.7,78.0,2026-09,True,2026-09,60,2025-12
Nasarawa,North Central,na Keffi Local Government Area,Measles1,512.2,78.0,2026-11,True,2026-02,60,2025-12
Kano,North West,kn Bagwai Local Government Area,Measles1,701.9,78.2,2026-09,True,2026-04,60,2025-12
Plateau,North Central,pl Bokkos Local Government Area,Measles1,519.4,78.2,2026-07,True,2026-05,60,2025-12
Benue,North Central,be Logo Local Government Area,Measles1,811.0,78.5,2026-10,True,2026-04,60,2025-12
Ebonyi,South East,eb Ebonyi Local Government Area,Measles1,871.1,78.5,2026-12,True,2026-12,60,2025-12
Imo,South East,im Obowo Local Government Area,Measles1,619.3,78.5,2026-10,True,2026-10,60,2025-12
Katsina,North West,kt Katsina Local Government Area,Measles1,1517.8,78.6,2026-06,True,2026-06,36,2025-12
Osun,South West,os Ifedayo Local Government Area,Measles1,150.8,78.6,2026-11,True,2026-11,60,2025-12
Osun,South West,os Irepodun Local Government Area,Measles1,305.7,78.6,2026-09,True,2026-09,60,2025-12
Benue,North Central,be Guma Local Government Area,Measles1,594.7,78.7,2026-08,True,2026-01,60,2025-12
Ekiti,South West,ek Ado Ekiti Local Government Area,Measles1,1329.3,78.8,2026-09,True,2026-09,60,2025-12
Ogun,South West,og Imeko Afon Local Government Area,Measles1,482.0,78.8,2026-06,True,2026-02,60,2025-12
Kaduna,North West,kd Makarfi Local Government Area,Measles1,1027.2,78.9,2026-06,True,2026-06,60,2025-12
Ondo,South West,on Akoko North East Local Government Area,Measles1,990.2,78.9,2026-07,True,2026-01,60,2025-12
Osun,South West,os Irewole Local Government Area,Measles1,406.3,78.9,2026-10,True,2026-10,60,2025-12
Cross River,South South,cr Yakurr Local Government Area,Measles1,1012.7,79.0,2026-07,True,2026-03,60,2025-12
Niger,North Central,ni Gurara Local Government Area,Measles1,440.0,79.0,2026-10,True,2026-10,36,2025-12
Ogun,South West,og Ijebu North East Local Government Area,Measles1,457.1,79.0,2026-09,True,2026-04,60,2025-12
Yobe,North East,yo Karasuwa Local Government Area,Measles1,557.0,79.0,2026-08,True,2026-08,60,2025-12
Katsina,North West,kt Sandamu Local Government Area,Measles1,478.8,79.1,2026-11,True,2026-11,36,2025-12
Rivers,South South,ri Oyigbo Local Government Area,Measles1,566.1,79.1,2026-09,True,2026-03,60,2025-12
Delta,South South,de Warri South West Local Government Area,Measles1,542.1,79.2,2026-07,True,2026-07,60,2025-12
Imo,South East,im Isu Local Government Area,Measles1,395.3,79.2,2026-09,True,2026-09,60,2025-12
Plateau,North Central,pl Barkin Ladi Local Government Area,Measles1,632.3,79.3,2026-11,True,2026-11,60,2025-12
Edo,South South,ed Oredo Local Government Area,Measles1,1083.4,79.4,2026-12,True,2026-12,60,2025-12
Imo,South East,im Nkwerre Local Government Area,Measles1,401.6,79.5,2026-09,True,2026-09,60,2025-12
Akwa Ibom,South South,ak Oron Local Government Area,Measles1,323.4,79.6,2026-09,True,2026-05,60,2025-12
Katsina,North West,kt Dutsin-Ma Local Government Area,Measles1,1092.5,79.9,2026-08,True,2026-02,36,2025-12
Rivers,South South,ri Khana Local Government Area,Measles1,1417.8,79.9,2026-12,True,2026-02,60,2025-12
Taraba,North East,ta Karim-Lamido Local Government Area,Measles1,1426.0,80.0,2026-09,True,2026-09,60,2025-12
Katsina,North West,kt Daura Local Government Area,Penta1,1849.6,-164.2,2026-06,True,2026-02,36,2025-12
Katsina,North West,kt Musawa Local Government Area,Penta1,845.1,-47.5,2026-09,True,2026-03,36,2025-12
Gombe,North East,go Dukku Local Government Area,Penta1,1098.0,-33.8,2026-07,True,2026-03,60,2025-12
Kogi,North Central,ko Yagba East Local Government Area,Penta1,661.0,-13.8,2026-07,True,2026-01,36,2025-12
Akwa Ibom,South South,ak Etinan Local Government Area,Penta1,1979.6,1.8,2026-07,True,2026-01,60,2025-12
Lagos,South West,la Surulere Local Government Area,Penta1,1986.2,3.6,2026-09,True,2026-01,36,2025-12
FCT,North Central,fc Bwari Local Government Area,Penta1,1615.5,7.1,2026-12,True,2026-04,60,2025-12
Katsina,North West,kt Mai'Adua Local Government Area,Penta1,832.6,9.5,2026-06,True,2026-06,36,2025-12
Katsina,North West,kt Zango Local Government Area,Penta1,831.7,11.6,2026-06,True,2026-06,36,2025-12
Akwa Ibom,South South,ak Oruk Anam Local Government Area,Penta1,1965.2,13.2,2026-07,True,2026-01,60,2025-12
Lagos,South West,la Ojo Local Government Area,Penta1,2586.3,15.7,2026-09,True,2026-01,36,2025-12
Osun,South West,os Ife North Local Government Area,Penta1,625.1,16.3,2026-12,True,2026-02,60,2025-12
Niger,North Central,ni Kontagora Local Government Area,Penta1,1253.0,18.9,2026-11,True,2026-05,36,2025-12
Lagos,South West,la Shomolu Local Government Area,Penta1,1836.2,22.1,2026-09,True,2026-01,36,2025-12
FCT,North Central,fc Gwagwalada Local Government Area,Penta1,1333.3,22.4,2026-09,True,2026-06,60,2025-12
Lagos,South West,la Ajeromi/Ifelodun Local Government Area,Penta1,3114.4,23.3,2026-11,True,2026-01,36,2025-12
Gombe,North East,go Billiri Local Government Area,Penta1,630.1,26.7,2026-09,True,2026-02,60,2025-12
Oyo,South West,oy Olorunsogo Local Government Area,Penta1,300.7,27.3,2026-07,True,2026-01,60,2025-12
Oyo,South West,oy Surulere Local Government Area,Penta1,472.5,27.7,2026-12,True,2026-01,60,2025-12
Oyo,South West,oy Oyo East Local Government Area,Penta1,557.8,28.7,2026-07,True,2026-01,60,2025-12
Lagos,South West,la Ikeja Local Government Area,Penta1,1568.5,29.1,2026-12,True,2026-01,36,2025-12
Kogi,North Central,ko Idah Local Government Area,Penta1,583.7,29.6,2026-09,True,2026-01,36,2025-12
Kano,North West,kn Kano Municipal Local Government Area,Penta1,1651.6,30.5,2026-09,True,2026-01,60,2025-12
Oyo,South West,oy Irepo Local Government Area,Penta1,515.8,30.6,2026-07,True,2026-01,60,2025-12
Oyo,South West,oy Iseyin Local Government Area,Penta1,891.6,31.2,2026-11,True,2026-01,60,2025-12
Oyo,South West,oy Ibadan North East Local Government Area,Penta1,1361.5,31.7,2026-12,True,2026-01,60,2025-12
Akwa Ibom,South South,ak Uyo Local Government Area,Penta1,2859.2,32.3,2026-07,True,2026-01,60,2025-12
Imo,South East,im Ngor-Okpala Local Government Area,Penta1,1882.2,33.2,2026-07,True,2026-01,60,2025-12
Katsina,North West,kt Funtua Local Government Area,Penta1,2050.4,33.4,2026-09,True,2026-02,36,2025-12
Oyo,South West,oy Atiba Local Government Area,Penta1,678.8,33.4,2026-07,True,2026-01,60,2025-12
Kogi,North Central,ko Ofu Local Government Area,Penta1,659.2,34.3,2026-09,True,2026-02,36,2025-12
Akwa Ibom,South South,ak Onna Local Government Area,Penta1,508.7,34.6,2026-11,True,2026-01,60,2025-12
Oyo,South West,oy Afijio Local Government Area,Penta1,567.6,35.0,2026-07,True,2026-01,60,2025-12
Kwara,North Central,kw Baruten Local Government Area,Penta1,1156.2,35.7,2026-06,True,2026-01,36,2025-12
Kogi,North Central,ko Mopa-Muro Local Government Area,Penta1,239.8,36.2,2026-09,True,2026-03,36,2025-12
Lagos,South West,la Lagos Island Local Government Area,Penta1,856.8,36.4,2026-09,True,2026-03,36,2025-12
Kogi,North Central,ko Adavi Local Government Area,Penta1,1201.3,37.0,2026-06,True,2026-03,36,2025-12
Oyo,South West,oy Orelope Local Government Area,Penta1,507.8,37.2,2026-07,True,2026-01,60,2025-12
Oyo,South West,oy Oluyole Local Government Area,Penta1,901.7,37.5,2026-07,True,2026-01,60,2025-12
Oyo,South West,oy Atisbo Local Government Area,Penta1,434.2,38.5,2026-07,True,2026-01,60,2025-12
Katsina,North West,kt Kusada Local Government Area,Penta1,684.3,39.5,2026-11,True,2026-01,36,2025-12
Kogi,North Central,ko Omala Local Government Area,Penta1,394.4,39.9,2026-09,True,2026-03,36,2025-12
FCT,North Central,fc Abuja Municipal Area Council,Penta1,4793.6,40.2,2026-06,True,2026-02,60,2025-12
Oyo,South West,oy Ibadan North West Local Government Area,Penta1,754.2,41.0,2026-07,True,2026-01,60,2025-12
Niger,North Central,ni Mashegu Local Government Area,Penta1,1255.6,43.4,2026-08,True,2026-08,36,2025-12
Benue,North Central,be Obi Local Government Area,Penta1,526.1,43.5,2026-06,True,2026-03,60,2025-12
Benue,North Central,be Ukum Local Government Area,Penta1,765.4,43.7,2026-07,True,2026-01,60,2025-12
Osun,South West,os Boluwaduro Local Government Area,Penta1,367.1,44.8,2026-12,True,2026-01,60,2025-12
Oyo,South West,oy Oyo West Local Government Area,Penta1,574.2,46.1,2026-07,True,2026-01,60,2025-12
Kwara,North Central,kw Ilorin East Local Government Area,Penta1,1097.5,46.4,2026-06,True,2026-06,36,2025-12
Imo,South East,im Ikeduru Local Government Area,Penta1,1035.9,46.5,2026-07,True,2026-01,60,2025-12
Imo,South East,im Mbaitoli Local Government Area,Penta1,1022.7,46.6,2026-07,True,2026-01,60,2025-12
Kogi,North Central,ko Ogori/Magongo Local Government Area,Penta1,204.4,46.7,2026-09,True,2026-09,36,2025-12
Cross River,South South,cr Yakurr Local Government Area,Penta1,673.6,47.0,2026-07,True,2026-01,60,2025-12
Osun,South West,os Odo Otin Local Government Area,Penta1,651.1,47.1,2026-12,True,2026-02,60,2025-12
Ebonyi,South East,eb Onicha Local Government Area,Penta1,1133.3,47.3,2026-07,True,2026-01,60,2025-12
Oyo,South West,oy Saki East Local Government Area,Penta1,441.9,47.5,2026-06,True,2026-01,60,2025-12
Borno,North East,bo Marte Local Government Area,Penta1,54.4,47.7,2026-11,True,2026-03,60,2025-12
Imo,South East,im Ahiazu-Mbaise Local Government Area,Penta1,540.7,48.1,2026-10,True,2026-01,60,2025-12
Niger,North Central,ni Suleja Local Government Area,Penta1,1268.6,48.2,2026-09,True,2026-09,36,2025-12
Kogi,North Central,ko Okene Local Government Area,Penta1,1753.3,48.5,2026-09,True,2026-02,36,2025-12
Benue,North Central,be Okpokwu Local Government Area,Penta1,958.6,48.6,2026-07,True,2026-01,60,2025-12
Oyo,South West,oy Ibadan South West Local Government Area,Penta1,972.7,48.8,2026-07,True,2026-01,60,2025-12
Gombe,North East,go Gombe Local Government Area,Penta1,2080.7,48.9,2026-09,True,2026-03,60,2025-12
Sokoto,North West,so Shagari Local Government Area,Penta1,540.2,49.3,2026-12,True,2026-01,60,2025-12
Lagos,South West,la Agege Local Government Area,Penta1,2102.7,49.4,2026-09,True,2026-01,36,2025-12
Osun,South West,os Ayedaade Local Government Area,Penta1,714.6,49.4,2026-12,True,2026-01,60,2025-12
Sokoto,North West,so Bodinga Local Government Area,Penta1,634.8,49.4,2026-06,True,2026-06,60,2025-12
Plateau,North Central,pl Jos North Local Government Area,Penta1,1936.0,50.0,2026-09,True,2026-09,60,2025-12
Enugu,South East,en Igbo-Eze North Local Government Area,Penta1,1191.4,50.3,2026-12,True,2026-12,60,2025-12
Lagos,South West,la Ifako/Ijaye Local Government Area,Penta1,2190.3,50.6,2026-11,True,2026-02,36,2025-12
Delta,South South,de Ika North East Local Government Area,Penta1,869.8,50.7,2026-06,True,2026-02,60,2025-12
Oyo,South West,oy Ido Local Government Area,Penta1,479.8,51.7,2026-07,True,2026-04,60,2025-12
Delta,South South,de Isoko South Local Government Area,Penta1,841.2,51.8,2026-07,True,2026-02,60,2025-12
Ogun,South West,og Imeko Afon Local Government Area,Penta1,448.8,52.2,2026-12,True,2026-01,60,2025-12
Gombe,North East,go Shongom Local Government Area,Penta1,409.8,52.8,2026-09,True,2026-09,60,2025-12
Anambra,South East,an Idemili North Local Government Area,Penta1,1984.5,52.9,2026-11,True,2026-05,60,2025-12
Delta,South South,de Warri South West Local Government Area,Penta1,384.9,53.0,2026-06,True,2026-06,60,2025-12
Sokoto,North West,so Binji Local Government Area,Penta1,360.1,53.3,2026-11,True,2026-01,60,2025-12
Anambra,South East,an Awka South Local Government Area,Penta1,1106.8,53.4,2026-12,True,2026-07,60,2025-12
Lagos,South West,la Oshodi/Isolo Local Government Area,Penta1,2568.7,53.4,2026-08,True,2026-01,36,2025-12
Niger,North Central,ni Bosso Local Government Area,Penta1,994.1,53.6,2026-09,True,2026-08,36,2025-12
Bauchi,North East,ba Bogoro Local Government Area,Penta1,698.9,54.0,2026-07,True,2026-01,60,2025-12
Oyo,South West,oy Egbeda Local Government Area,Penta1,1038.8,54.1,2026-07,True,2026-01,60,2025-12
Imo,South East,im Owerri North Local Government Area,Penta1,785.4,54.2,2026-09,True,2026-03,60,2025-12
Kogi,North Central,ko Dekina Local Government Area,Penta1,1274.3,54.2,2026-11,True,2026-05,36,2025-12
Abia,South East,ab Arochukwu Local Government Area,Penta1,718.8,54.5,2026-06,True,2026-01,60,2025-12
Enugu,South East,en Igbo-Eze South Local Government Area,Penta1,672.8,54.6,2026-12,True,2026-02,60,2025-12
Oyo,South West,oy Iwajowa Local Government Area,Penta1,460.2,55.0,2026-12,True,2026-01,60,2025-12
Katsina,North West,kt Kankara Local Government Area,Penta1,1209.2,55.1,2026-09,True,2026-02,36,2025-12
Cross River,South South,cr Abi Local Government Area,Penta1,496.2,55.5,2026-07,True,2026-01,60,2025-12
Cross River,South South,cr Bekwarra Local Government Area,Penta1,374.0,55.5,2026-07,True,2026-02,60,2025-12
Imo,South East,im Owerri West Local Government Area,Penta1,573.0,55.5,2026-10,True,2026-03,60,2025-12
Sokoto,North West,so Tureta Local Government Area,Penta1,464.1,55.6,2026-12,True,2026-02,60,2025-12
Benue,North Central,be Logo Local Government Area,Penta1,901.6,56.1,2026-10,True,2026-01,60,2025-12
Enugu,South East,en Nsukka Local Government Area,Penta1,1447.8,56.1,2026-12,True,2026-06,60,2025-12
Anambra,South East,an Ihiala Local Government Area,Penta1,2397.5,56.2,2026-07,True,2026-02,60,2025-12
Osun,South West,os Boripe Local Government Area,Penta1,658.3,56.3,2026-12,True,2026-02,60,2025-12
Katsina,North West,kt Sabuwa Local Government Area,Penta1,784.1,56.4,2026-11,True,2026-04,36,2025-12
Oyo,South West,oy Ibadan South East Local Government Area,Penta1,943.3,56.4,2026-07,True,2026-01,60,2025-12
Oyo,South West,oy Ogbomosho North Local Government Area,Penta1,673.7,56.4,2026-07,True,2026-07,60,2025-12
Osun,South West,os Ila Local Government Area,Penta1,330.1,56.6,2026-12,True,2026-02,60,2025-12
Akwa Ibom,South South,ak Eastern Obolo Local Government Area,Penta1,240.8,57.0,2026-10,True,2026-01,60,2025-12
Benue,North Central,be Katsina-Ala Local Government Area,Penta1,812.0,57.0,2026-07,True,2026-01,60,2025-12
Anambra,South East,an Anaocha Local Government Area,Penta1,1352.5,57.2,2026-12,True,2026-01,60,2025-12
Borno,North East,bo Dikwa Local Government Area,Penta1,472.2,57.4,2026-06,True,2026-06,60,2025-12
Imo,South East,im Okigwe Local Government Area,Penta1,609.2,57.5,2026-07,True,2026-01,60,2025-12
Kogi,North Central,ko Igalamela-Odolu Local Government Area,Penta1,610.6,57.7,2026-09,True,2026-01,36,2025-12
Ekiti,South West,ek Ijero Local Government Area,Penta1,947.0,58.4,2026-10,True,2026-01,60,2025-12
Katsina,North West,kt Danja Local Government Area,Penta1,1259.6,58.4,2026-09,True,2026-01,36,2025-12
FCT,North Central,fc Kuje Local Government Area,Penta1,968.3,58.6,2026-09,True,2026-03,60,2025-12
Imo,South East,im Ihitte/Uboma Local Government Area,Penta1,706.9,58.6,2026-12,True,2026-04,60,2025-12
Ebonyi,South East,eb Afikpo South Local Government Area,Penta1,753.2,58.7,2026-07,True,2026-01,60,2025-12
FCT,North Central,fc Abaji Local Government Area,Penta1,781.5,58.7,2026-06,True,2026-03,60,2025-12
Sokoto,North West,so Sokoto North Local Government Area,Penta1,760.7,58.8,2026-06,True,2026-01,60,2025-12
Imo,South East,im Oru West Local Government Area,Penta1,595.0,58.9,2026-07,True,2026-07,60,2025-12
Kwara,North Central,kw Ifelodun Local Government Area,Penta1,1060.8,59.3,2026-06,True,2026-01,36,2025-12
Ondo,South West,on Odigbo Local Government Area,Penta1,1802.7,59.4,2026-12,True,2026-01,60,2025-12
Kogi,North Central,ko Lokoja Local Government Area,Penta1,696.6,59.8,2026-09,True,2026-03,36,2025-12
Katsina,North West,kt Katsina Local Government Area,Penta1,1981.5,59.9,2026-09,True,2026-02,36,2025-12
Niger,North Central,ni Chanchaga Local Government Area,Penta1,1321.7,60.1,2026-09,True,2026-03,36,2025-12
Cross River,South South,cr Calabar South Local Government Area,Penta1,800.2,60.5,2026-07,True,2026-02,60,2025-12
Anambra,South East,an Onitsha South Local Government Area,Penta1,1108.6,60.6,2026-11,True,2026-11,60,2025-12
Niger,North Central,ni Mariga Local Government Area,Penta1,1348.2,60.7,2026-06,True,2026-06,36,2025-12
Plateau,North Central,pl Mangu Local Government Area,Penta1,977.5,61.3,2026-06,True,2026-05,60,2025-12
Sokoto,North West,so Isa Local Government Area,Penta1,547.5,61.4,2026-08,True,2026-06,60,2025-12
Enugu,South East,en Enugu East Local Government Area,Penta1,1331.6,61.9,2026-12,True,2026-12,60,2025-12
Sokoto,North West,so Yabo Local Government Area,Penta1,483.9,62.0,2026-08,True,2026-01,60,2025-12
Kano,North West,kn Tsanyawa Local Government Area,Penta1,785.2,62.1,2026-12,True,2026-06,60,2025-12
Kano,North West,kn Gwale Local Government Area,Penta1,1921.0,62.3,2026-06,True,2026-06,60,2025-12
Oyo,South West,oy Ogo Oluwa Local Government Area,Penta1,298.8,62.3,2026-12,True,2026-07,60,2025-12
Benue,North Central,be Oju Local Government Area,Penta1,934.0,62.4,2026-06,True,2026-06,60,2025-12
Anambra,South East,an Njikoka Local Government Area,Penta1,676.8,62.5,2026-12,True,2026-06,60,2025-12
Oyo,South West,oy Lagelu Local Government Area,Penta1,683.1,62.7,2026-12,True,2026-01,60,2025-12
Imo,South East,im Ideato South Local Government Area,Penta1,576.7,62.8,2026-09,True,2026-03,60,2025-12
Anambra,South East,an Orumba South Local Government Area,Penta1,511.6,63.0,2026-08,True,2026-04,60,2025-12
Imo,South East,im Onuimo Local Government Area,Penta1,549.7,63.7,2026-09,True,2026-03,60,2025-12
Katsina,North West,kt Bakori Local Government Area,Penta1,1516.5,63.7,2026-09,True,2026-01,36,2025-12
Lagos,South West,la Badagry Local Government Area,Penta1,1046.6,63.8,2026-10,True,2026-02,36,2025-12
Oyo,South West,oy Ori Ire Local Government Area,Penta1,530.8,64.0,2026-07,True,2026-07,60,2025-12
Enugu,South East,en Awgu Local Government Area,Penta1,1035.4,64.2,2026-06,True,2026-06,60,2025-12
Kano,North West,kn Gwarzo Local Government Area,Penta1,1075.8,64.4,2026-06,True,2026-06,60,2025-12
Katsina,North West,kt Dan Musa Local Government Area,Penta1,684.9,64.5,2026-06,True,2026-06,36,2025-12
Cross River,South South,cr Obudu Local Government Area,Penta1,499.2,65.0,2026-07,True,2026-02,60,2025-12
Cross River,South South,cr Ogoja Local Government Area,Penta1,540.3,65.0,2026-07,True,2026-01,60,2025-12
Katsina,North West,kt Kurfi Local Government Area,Penta1,913.3,65.2,2026-09,True,2026-09,36,2025-12
Katsina,North West,kt Batagarawa Local Government Area,Penta1,1140.2,65.3,2026-09,True,2026-04,36,2025-12
Cross River,South South,cr Calabar Municipal Local Government Area,Penta1,639.0,65.4,2026-10,True,2026-02,60,2025-12
Imo,South East,im Aboh-Mbaise Local Government Area,Penta1,602.1,65.4,2026-08,True,2026-01,60,2025-12
Lagos,South West,la Eti-Osa Local Government Area,Penta1,1262.6,65.4,2026-08,True,2026-01,36,2025-12
Osun,South West,os Orolu Local Government Area,Penta1,375.4,65.4,2026-10,True,2026-03,60,2025-12
Anambra,South East,an Idemili South Local Government Area,Penta1,800.8,65.5,2026-10,True,2026-04,60,2025-12
Edo,South South,ed Egor Local Government Area,Penta1,812.2,65.5,2026-12,True,2026-03,60,2025-12
Akwa Ibom,South South,ak Eket Local Government Area,Penta1,694.3,65.7,2026-08,True,2026-02,60,2025-12
Cross River,South South,cr Akpabuyo Local Government Area,Penta1,707.6,65.8,2026-07,True,2026-01,60,2025-12
Osun,South West,os Ifelodun Local Government Area,Penta1,393.9,65.8,2026-09,True,2026-03,60,2025-12
Abia,South East,ab Ohafia Local Government Area,Penta1,1090.2,66.0,2026-09,True,2026-01,60,2025-12
Akwa Ibom,South South,ak Nsit Atai Local Government Area,Penta1,379.6,66.1,2026-07,True,2026-01,60,2025-12
Imo,South East,im Ohaji/Egbema Local Government Area,Penta1,756.3,66.3,2026-07,True,2026-01,60,2025-12
Kano,North West,kn Wudil Local Government Area,Penta1,949.6,66.3,2026-06,True,2026-02,60,2025-12
Lagos,South West,la Epe Local Government Area,Penta1,865.8,66.4,2026-09,True,2026-01,36,2025-12
Kwara,North Central,kw Asa Local Government Area,Penta1,763.3,66.5,2026-07,True,2026-07,36,2025-12
Delta,South South,de Warri North Local Government Area,Penta1,582.3,66.6,2026-07,True,2026-07,60,2025-12
Akwa Ibom,South South,ak Urue-Offong/Oruko Local Government Area,Penta1,375.5,66.7,2026-09,True,2026-03,60,2025-12
Akwa Ibom,South South,ak Uruan Local Government Area,Penta1,378.3,66.8,2026-09,True,2026-02,60,2025-12
Cross River,South South,cr Obubra Local Government Area,Penta1,583.1,66.9,2026-07,True,2026-01,60,2025-12
Cross River,South South,cr Yala Local Government Area,Penta1,761.5,66.9,2026-07,True,2026-02,60,2025-12
Delta,South South,de Ughelli South Local Government Area,Penta1,703.8,66.9,2026-07,True,2026-05,60,2025-12
Imo,South East,im Ezinihitte-Mbaise Local Government Area,Penta1,576.2,67.0,2026-07,True,2026-05,60,2025-12
Ogun,South West,og Yewa South Local Government Area,Penta1,707.4,67.1,2026-12,True,2026-02,60,2025-12
FCT,North Central,fc Kwali Local Government Area,Penta1,923.4,67.4,2026-06,True,2026-03,60,2025-12
Katsina,North West,kt Rimi Local Government Area,Penta1,1028.6,67.6,2026-09,True,2026-01,36,2025-12
Osun,South West,os Ilesa West Local Government Area,Penta1,361.9,67.6,2026-12,True,2026-06,60,2025-12
Plateau,North Central,pl Barkin Ladi Local Government Area,Penta1,788.6,67.9,2026-06,True,2026-06,60,2025-12
Bauchi,North East,ba Dambam Local Government Area,Penta1,956.5,68.2,2026-07,True,2026-02,60,2025-12
Katsina,North West,kt Kafur Local Government Area,Penta1,1244.4,68.3,2026-12,True,2026-04,36,2025-12
Kano,North West,kn Garko Local Government Area,Penta1,789.2,68.5,2026-07,True,2026-02,60,2025-12
Lagos,South West,la Ikorodu Local Government Area,Penta1,2409.8,68.5,2026-11,True,2026-02,36,2025-12
Katsina,North West,kt Matazu Local Government Area,Penta1,859.2,68.6,2026-09,True,2026-03,36,2025-12
Rivers,South South,ri Opobo/Nkoro Local Government Area,Penta1,841.1,68.6,2026-08,True,2026-01,60,2025-12
Sokoto,North West,so Tambuwal Local Government Area,Penta1,673.5,68.6,2026-07,True,2026-06,60,2025-12
Enugu,South East,en Udenu Local Government Area,Penta1,1046.8,69.0,2026-12,True,2026-08,60,2025-12
Kano,North West,kn Kura Local Government Area,Penta1,665.7,69.1,2026-09,True,2026-06,60,2025-12
Delta,South South,de Okpe Local Government Area,Penta1,591.1,69.2,2026-11,True,2026-02,60,2025-12
Katsina,North West,kt Bindawa Local Government Area,Penta1,871.9,69.2,2026-11,True,2026-11,36,2025-12
Abia,South East,ab Umuahia North Local Government Area,Penta1,926.5,69.3,2026-09,True,2026-05,60,2025-12
Ogun,South West,og Ijebu North Local Government Area,Penta1,1293.4,69.3,2026-10,True,2026-04,60,2025-12
Katsina,North West,kt Charanchi Local Government Area,Penta1,1035.4,69.4,2026-11,True,2026-03,36,2025-12
Niger,North Central,ni Lapai Local Government Area,Penta1,1019.5,69.4,2026-09,True,2026-02,36,2025-12
Oyo,South West,oy Saki West Local Government Area,Penta1,1062.4,69.4,2026-07,True,2026-01,60,2025-12
Akwa Ibom,South South,ak Abak Local Government Area,Penta1,504.2,69.5,2026-10,True,2026-01,60,2025-12
Anambra,South East,an Oyi Local Government Area,Penta1,695.1,69.5,2026-06,True,2026-01,60,2025-12
Niger,North Central,ni Katcha Local Government Area,Penta1,936.6,69.5,2026-08,True,2026-08,36,2025-12
Benue,North Central,be Gboko Local Government Area,Penta1,1952.8,69.6,2026-07,True,2026-01,60,2025-12
Kano,North West,kn Garum Mallam Local Government Area,Penta1,589.2,69.6,2026-07,True,2026-06,60,2025-12
Ondo,South West,on Akure South Local Government Area,Penta1,1883.4,69.6,2026-12,True,2026-01,60,2025-12
Plateau,North Central,pl Langtang South Local Government Area,Penta1,359.8,69.7,2026-06,True,2026-03,60,2025-12
Plateau,North Central,pl Kanke Local Government Area,Penta1,327.6,70.0,2026-06,True,2026-05,60,2025-12
Ogun,South West,og Ikenne Local Government Area,Penta1,654.7,70.1,2026-12,True,2026-01,60,2025-12
Bauchi,North East,ba Alkaleri Local Government Area,Penta1,1494.8,70.2,2026-06,True,2026-06,60,2025-12
Kwara,North Central,kw Kaiama Local Government Area,Penta1,716.3,70.2,2026-07,True,2026-01,36,2025-12
Kwara,North Central,kw Moro Local Government Area,Penta1,660.2,70.2,2026-07,True,2026-01,36,2025-12
Taraba,North East,ta Donga Local Government Area,Penta1,981.2,70.2,2026-09,True,2026-02,60,2025-12
Kano,North West,kn Fagge Local Government Area,Penta1,1107.1,70.7,2026-09,True,2026-08,60,2025-12
Lagos,South West,la Alimosho Local Government Area,Penta1,5030.8,70.7,2026-09,True,2026-01,36,2025-12
Gombe,North East,go Akko Local Government Area,Penta1,2080.9,70.8,2026-09,True,2026-09,60,2025-12
Akwa Ibom,South South,ak Essien Udim Local Government Area,Penta1,777.9,71.0,2026-08,True,2026-01,60,2025-12
Sokoto,North West,so Sokoto South Local Government Area,Penta1,841.7,71.0,2026-08,True,2026-02,60,2025-12
Rivers,South South,ri Ahoada West Local Government Area,Penta1,1365.3,71.5,2026-07,True,2026-01,60,2025-12
Ebonyi,South East,eb Ohaozara Local Government Area,Penta1,793.3,71.6,2026-07,True,2026-01,60,2025-12
Osun,South West,os Ife Central Local Government Area,Penta1,947.0,71.6,2026-12,True,2026-01,60,2025-12
Ogun,South West,og Odogbolu Local Government Area,Penta1,657.1,71.7,2026-07,True,2026-07,60,2025-12
Oyo,South West,oy Ibarapa East Local Government Area,Penta1,604.0,71.8,2026-07,True,2026-01,60,2025-12
Bayelsa,South South,by Yenagoa Local Government Area,Penta1,1132.9,71.9,2026-12,True,2026-12,60,2025-12
Niger,North Central,ni Bida Local Government Area,Penta1,1215.9,72.0,2026-09,True,2026-04,36,2025-12
Delta,South South,de Aniocha South Local Government Area,Penta1,666.4,72.2,2026-07,True,2026-03,60,2025-12
Imo,South East,im Obowo Local Government Area,Penta1,581.6,72.2,2026-12,True,2026-12,60,2025-12
Kano,North West,kn Minjibir Local Government Area,Penta1,890.4,72.4,2026-12,True,2026-02,60,2025-12
Anambra,South East,an Ekwusigo Local Government Area,Penta1,884.5,72.5,2026-11,True,2026-01,60,2025-12
Bauchi,North East,ba Shira Local Government Area,Penta1,984.7,72.6,2026-06,True,2026-06,60,2025-12
Imo,South East,im Owerri Municipal Local Government Area,Penta1,668.0,72.7,2026-07,True,2026-07,60,2025-12
Lagos,South West,la Lagos Mainland Local Government Area,Penta1,1193.2,72.7,2026-11,True,2026-01,36,2025-12
Kano,North West,kn Karaye Local Government Area,Penta1,722.7,72.8,2026-08,True,2026-06,60,2025-12
Katsina,North West,kt Kaita Local Government Area,Penta1,1046.8,72.9,2026-11,True,2026-11,36,2025-12
Sokoto,North West,so Dange-Shuni Local Government Area,Penta1,794.8,73.0,2026-06,True,2026-06,60,2025-12
Delta,South South,de Aniocha North Local Government Area,Penta1,535.8,73.1,2026-07,True,2026-05,60,2025-12
Taraba,North East,ta Wukari Local Government Area,Penta1,1262.8,73.2,2026-12,True,2026-02,60,2025-12
Ondo,South West,on Okitipupa Local Government Area,Penta1,1183.2,73.4,2026-10,True,2026-07,60,2025-12
Oyo,South West,oy Ibadan North Local Government Area,Penta1,812.7,73.6,2026-12,True,2026-02,60,2025-12
Abia,South East,ab Umuahia South Local Government Area,Penta1,618.2,73.7,2026-09,True,2026-02,60,2025-12
Sokoto,North West,so Kware Local Government Area,Penta1,750.2,73.7,2026-06,True,2026-03,60,2025-12
Anambra,South East,an Ayamelum Local Government Area,Penta1,412.1,73.8,2026-12,True,2026-05,60,2025-12
Borno,North East,bo Ngala Local Government Area,Penta1,1022.5,73.9,2026-06,True,2026-04,60,2025-12
Osun,South West,os Ifedayo Local Government Area,Penta1,143.9,73.9,2026-12,True,2026-01,60,2025-12
Gombe,North East,go Funakaye Local Government Area,Penta1,1112.6,74.1,2026-11,True,2026-06,60,2025-12
Katsina,North West,kt Dutsi Local Government Area,Penta1,632.0,74.1,2026-11,True,2026-11,36,2025-12
Osun,South West,os Irewole Local Government Area,Penta1,571.5,74.1,2026-12,True,2026-03,60,2025-12
Ogun,South West,og Ifo Local Government Area,Penta1,2477.2,74.3,2026-07,True,2026-01,60,2025-12
Sokoto,North West,so Sabon Birni Local Government Area,Penta1,1086.8,74.4,2026-06,True,2026-05,60,2025-12
Edo,South South,ed Esan Central Local Government Area,Penta1,296.5,74.6,2026-06,True,2026-06,60,2025-12
Benue,North Central,be Ado Local Government Area,Penta1,1102.5,74.9,2026-11,True,2026-01,60,2025-12
Plateau,North Central,pl Kanam Local Government Area,Penta1,1129.1,74.9,2026-06,True,2026-05,60,2025-12
Akwa Ibom,South South,ak Ukanafun Local Government Area,Penta1,324.2,75.1,2026-07,True,2026-02,60,2025-12
Lagos,South West,la Amuwo Odofin Local Government Area,Penta1,1375.2,75.1,2026-09,True,2026-09,36,2025-12
Zamfara,North West,za Gummi Local Government Area,Penta1,1417.8,75.1,2026-12,True,2026-12,60,2025-12
Borno,North East,bo Monguno Local Government Area,Penta1,1520.9,75.2,2026-11,True,2026-03,60,2025-12
Gombe,North East,go Kwami Local Government Area,Penta1,1165.2,75.2,2026-12,True,2026-12,60,2025-12
Bauchi,North East,ba Itas/Gadau Local Government Area,Penta1,1014.1,75.3,2026-06,True,2026-06,60,2025-12
Borno,North East,bo Mobbar Local Government Area,Penta1,521.3,75.3,2026-06,True,2026-03,60,2025-12
Imo,South East,im Nkwerre Local Government Area,Penta1,461.9,75.3,2026-09,True,2026-09,60,2025-12
Kano,North West,kn Shanono Local Government Area,Penta1,809.2,75.4,2026-07,True,2026-07,60,2025-12
Kogi,North Central,ko Yagba West Local Government Area,Penta1,783.4,75.4,2026-11,True,2026-11,36,2025-12
Ogun,South West,og Ado Odo/Ota Local Government Area,Penta1,2717.2,75.5,2026-07,True,2026-01,60,2025-12
Taraba,North East,ta Ussa Local Government Area,Penta1,624.8,75.5,2026-09,True,2026-03,60,2025-12
Katsina,North West,kt Dandume Local Government Area,Penta1,1625.1,75.6,2026-09,True,2026-09,36,2025-12
Cross River,South South,cr Biase Local Government Area,Penta1,583.8,75.7,2026-08,True,2026-02,60,2025-12
Nasarawa,North Central,na Obi Local Government Area,Penta1,899.7,75.7,2026-07,True,2026-07,60,2025-12
Anambra,South East,an Awka North Local Government Area,Penta1,706.2,75.8,2026-12,True,2026-05,60,2025-12
Kano,North West,kn Ungogo Local Government Area,Penta1,2321.6,75.8,2026-09,True,2026-09,60,2025-12
Oyo,South West,oy Ona Ara Local Government Area,Penta1,908.2,75.8,2026-07,True,2026-07,60,2025-12
Kano,North West,kn Tofa Local Government Area,Penta1,459.7,75.9,2026-07,True,2026-07,60,2025-12
Ogun,South West,og Sagamu Local Government Area,Penta1,1266.6,75.9,2026-12,True,2026-12,60,2025-12
Kano,North West,kn Dawakin Tofa Local Government Area,Penta1,1164.3,76.0,2026-06,True,2026-06,60,2025-12
Ebonyi,South East,eb Ishielu Local Government Area,Penta1,707.6,76.1,2026-11,True,2026-01,60,2025-12
Kogi,North Central,ko Bassa Local Government Area,Penta1,382.1,76.1,2026-07,True,2026-03,36,2025-12
Kano,North West,kn Makoda Local Government Area,Penta1,981.9,76.2,2026-12,True,2026-02,60,2025-12
Plateau,North Central,pl Pankshin Local Government Area,Penta1,508.6,76.2,2026-06,True,2026-05,60,2025-12
Taraba,North East,ta Sardauna Local Government Area,Penta1,1411.8,76.3,2026-09,True,2026-03,60,2025-12
Lagos,South West,la Mushin Local Government Area,Penta1,2356.2,76.6,2026-12,True,2026-01,36,2025-12
Kano,North West,kn Dawakin Kudu Local Government Area,Penta1,1160.9,76.9,2026-06,True,2026-06,60,2025-12
Lagos,South West,la Kosofe Local Government Area,Penta1,2555.6,76.9,2026-11,True,2026-03,36,2025-12
Rivers,South South,ri Khana Local Government Area,Penta1,1363.7,77.0,2026-11,True,2026-02,60,2025-12
Bauchi,North East,ba Giade Local Government Area,Penta1,789.6,77.1,2026-06,True,2026-06,60,2025-12
Abia,South East,ab Isiala-Ngwa South Local Government Area,Penta1,682.7,77.2,2026-09,True,2026-01,60,2025-12
Anambra,South East,an Ogbaru Local Government Area,Penta1,875.9,77.2,2026-12,True,2026-12,60,2025-12
Bauchi,North East,ba Darazo Local Government Area,Penta1,1385.9,77.2,2026-06,True,2026-06,60,2025-12
Bauchi,North East,ba Warji Local Government Area,Penta1,586.3,77.2,2026-09,True,2026-06,60,2025-12
Delta,South South,de Burutu Local Government Area,Penta1,571.8,77.2,2026-09,True,2026-06,60,2025-12
Nasarawa,North Central,na Keffi Local Government Area,Penta1,727.9,77.2,2026-09,True,2026-09,60,2025-12
Ogun,South West,og Ijebu East Local Government Area,Penta1,536.2,77.2,2026-06,True,2026-05,60,2025-12
Oyo,South West,oy Ibarapa North Local Government Area,Penta1,373.2,77.3,2026-07,True,2026-01,60,2025-12
Kano,North West,kn Doguwa Local Government Area,Penta1,952.6,77.4,2026-09,True,2026-09,60,2025-12
Kano,North West,kn Sumaila Local Government Area,Penta1,1579.2,77.5,2026-12,True,2026-12,60,2025-12
Kogi,North Central,ko Olamaboro Local Government Area,Penta1,899.3,77.5,2026-08,True,2026-02,36,2025-12
Rivers,South South,ri Okrika Local Government Area,Penta1,1347.5,77.6,2026-09,True,2026-09,60,2025-12
Cross River,South South,cr Odukpani Local Government Area,Penta1,704.2,77.7,2026-07,True,2026-02,60,2025-12
Delta,South South,de Ndokwa West Local Government Area,Penta1,590.2,77.7,2026-11,True,2026-05,60,2025-12
Osun,South West,os Ife South Local Government Area,Penta1,579.2,77.7,2026-12,True,2026-12,60,2025-12
Imo,South East,im Njaba Local Government Area,Penta1,529.1,77.9,2026-07,True,2026-01,60,2025-12
Oyo,South West,oy Kajola Local Government Area,Penta1,702.2,77.9,2026-10,True,2026-05,60,2025-12
Katsina,North West,kt Mani Local Government Area,Penta1,947.7,78.0,2026-09,True,2026-02,36,2025-12
Niger,North Central,ni Magama Local Government Area,Penta1,1177.4,78.0,2026-09,True,2026-09,36,2025-12
Rivers,South South,ri Emohua Local Government Area,Penta1,764.7,78.0,2026-07,True,2026-07,60,2025-12
Bauchi,North East,ba Bauchi Local Government Area,Penta1,3012.3,78.1,2026-06,True,2026-02,60,2025-12
Bauchi,North East,ba Kirfi Local Government Area,Penta1,1010.8,78.1,2026-09,True,2026-01,60,2025-12
Sokoto,North West,so Kebbe Local Government Area,Penta1,588.2,78.1,2026-09,True,2026-02,60,2025-12
Borno,North East,bo Biu Local Government Area,Penta1,1420.7,78.2,2026-08,True,2026-01,60,2025-12
Osun,South West,os Atakumosa West Local Government Area,Penta1,303.2,78.4,2026-12,True,2026-12,60,2025-12
Ebonyi,South East,eb Ivo Local Government Area,Penta1,598.4,78.5,2026-07,True,2026-01,60,2025-12
Kaduna,North West,kd Kudan Local Government Area,Penta1,857.3,78.5,2026-06,True,2026-06,60,2025-12
Kaduna,North West,kd Zangon Kataf Local Government Area,Penta1,1672.2,78.6,2026-09,True,2026-09,60,2025-12
Niger,North Central,ni Paikoro Local Government Area,Penta1,873.0,78.7,2026-07,True,2026-07,36,2025-12
Adamawa,North East,ad Michika Local Government Area,Penta1,1040.0,78.8,2026-07,True,2026-07,60,2025-12
Nasarawa,North Central,na Kokona Local Government Area,Penta1,564.6,78.8,2026-09,True,2026-09,60,2025-12
Kano,North West,kn Ajingi Local Government Area,Penta1,784.5,79.0,2026-12,True,2026-12,60,2025-12
Plateau,North Central,pl Bokkos Local Government Area,Penta1,628.2,79.0,2026-07,True,2026-07,60,2025-12
Benue,North Central,be Agatu Local Government Area,Penta1,584.3,79.1,2026-06,True,2026-04,60,2025-12
Delta,South South,de Sapele Local Government Area,Penta1,653.2,79.1,2026-11,True,2026-05,60,2025-12
Katsina,North West,kt Sandamu Local Government Area,Penta1,564.2,79.1,2026-09,True,2026-03,36,2025-12
Delta,South South,de Ndokwa East Local Government Area,Penta1,370.7,79.3,2026-10,True,2026-10,60,2025-12
Kano,North West,kn Kumbotso Local Government Area,Penta1,2049.7,79.3,2026-06,True,2026-06,60,2025-12
Gombe,North East,go Balanga Local Government Area,Penta1,990.4,79.5,2026-06,True,2026-03,60,2025-12
Osun,South West,os Osogbo Local Government Area,Penta1,766.1,79.5,2026-12,True,2026-12,60,2025-12
Sokoto,North West,so Gwadabawa Local Government Area,Penta1,1082.6,79.5,2026-07,True,2026-07,60,2025-12
Kano,North West,kn Rano Local Government Area,Penta1,797.4,79.6,2026-11,True,2026-11,60,2025-12
Sokoto,North West,so Wurno Local Government Area,Penta1,1156.5,79.6,2026-12,True,2026-12,60,2025-12
Zamfara,North West,za Bungudu Local Government Area,Penta1,1691.7,79.6,2026-07,True,2026-07,60,2025-12
Kaduna,North West,kd Makarfi Local Government Area,Penta1,1259.8,79.7,2026-06,True,2026-06,60,2025-12
Kaduna,North West,kd Soba Local Government Area,Penta1,2383.5,79.7,2026-06,True,2026-06,60,2025-12
Kwara,North Central,kw Oyun Local Government Area,Penta1,448.8,79.8,2026-12,True,2026-03,36,2025-12
Katsina,North West,kt Musawa Local Government Area,Penta3,832.9,-53.7,2026-09,True,2026-03,36,2025-12
Katsina,North West,kt Daura Local Government Area,Penta3,1251.8,-27.7,2026-06,True,2026-06,36,2025-12
Kogi,North Central,ko Yagba East Local Government Area,Penta3,615.6,-18.8,2026-07,True,2026-01,36,2025-12
Katsina,North West,kt Zango Local Government Area,Penta3,683.5,-8.4,2026-06,True,2026-04,36,2025-12
Osun,South West,os Ife North Local Government Area,Penta3,599.3,5.5,2026-12,True,2026-05,60,2025-12
Lagos,South West,la Ojo Local Government Area,Penta3,2843.7,15.7,2026-09,True,2026-01,36,2025-12
Kogi,North Central,ko Lokoja Local Government Area,Penta3,583.4,19.2,2026-06,True,2026-05,36,2025-12
Lagos,South West,la Surulere Local Government Area,Penta3,2006.4,19.2,2026-10,True,2026-01,36,2025-12
Lagos,South West,la Ajeromi/Ifelodun Local Government Area,Penta3,3161.8,19.3,2026-11,True,2026-01,36,2025-12
Katsina,North West,kt Mai'Adua Local Government Area,Penta3,714.2,22.6,2026-09,True,2026-03,36,2025-12
Kogi,North Central,ko Idah Local Government Area,Penta3,555.5,24.0,2026-07,True,2026-01,36,2025-12
Oyo,South West,oy Iseyin Local Government Area,Penta3,827.9,24.2,2026-11,True,2026-01,60,2025-12
Oyo,South West,oy Surulere Local Government Area,Penta3,434.4,25.4,2026-12,True,2026-01,60,2025-12
Oyo,South West,oy Atisbo Local Government Area,Penta3,394.3,25.5,2026-12,True,2026-01,60,2025-12
Kano,North West,kn Kano Municipal Local Government Area,Penta3,1670.7,26.7,2026-09,True,2026-02,60,2025-12
Lagos,South West,la Shomolu Local Government Area,Penta3,1791.6,28.1,2026-11,True,2026-01,36,2025-12
Katsina,North West,kt Matazu Local Government Area,Penta3,799.0,28.7,2026-09,True,2026-03,36,2025-12
Lagos,South West,la Ikeja Local Government Area,Penta3,1489.6,30.6,2026-12,True,2026-01,36,2025-12
Osun,South West,os Ilesa West Local Government Area,Penta3,346.9,30.6,2026-06,True,2026-05,60,2025-12
Kogi,North Central,ko Ofu Local Government Area,Penta3,647.9,31.0,2026-09,True,2026-03,36,2025-12
Oyo,South West,oy Olorunsogo Local Government Area,Penta3,315.9,31.7,2026-07,True,2026-01,60,2025-12
Cross River,South South,cr Obubra Local Government Area,Penta3,566.2,31.8,2026-07,True,2026-01,60,2025-12
Oyo,South West,oy Afijio Local Government Area,Penta3,548.2,32.2,2026-07,True,2026-01,60,2025-12
Oyo,South West,oy Atiba Local Government Area,Penta3,627.7,32.5,2026-07,True,2026-01,60,2025-12
Oyo,South West,oy Irepo Local Government Area,Penta3,506.0,33.2,2026-07,True,2026-01,60,2025-12
Oyo,South West,oy Oluyole Local Government Area,Penta3,846.2,33.8,2026-07,True,2026-01,60,2025-12
Akwa Ibom,South South,ak Eastern Obolo Local Government Area,Penta3,197.2,34.9,2026-10,True,2026-01,60,2025-12
FCT,North Central,fc Bwari Local Government Area,Penta3,1602.9,35.5,2026-06,True,2026-04,60,2025-12
Lagos,South West,la Mushin Local Government Area,Penta3,2619.2,36.5,2026-12,True,2026-01,36,2025-12
Oyo,South West,oy Ibadan North East Local Government Area,Penta3,1295.4,36.6,2026-12,True,2026-01,60,2025-12
Imo,South East,im Ikeduru Local Government Area,Penta3,902.6,37.1,2026-07,True,2026-01,60,2025-12
FCT,North Central,fc Gwagwalada Local Government Area,Penta3,1279.7,37.5,2026-11,True,2026-04,60,2025-12
Benue,North Central,be Ukum Local Government Area,Penta3,691.8,38.1,2026-07,True,2026-01,60,2025-12
Anambra,South East,an Dunukofia Local Government Area,Penta3,606.2,38.4,2026-12,True,2026-02,60,2025-12
Oyo,South West,oy Oyo East Local Government Area,Penta3,506.9,39.3,2026-07,True,2026-01,60,2025-12
Enugu,South East,en Nsukka Local Government Area,Penta3,1185.1,39.6,2026-12,True,2026-06,60,2025-12
Oyo,South West,oy Orelope Local Government Area,Penta3,486.3,39.8,2026-07,True,2026-01,60,2025-12
Kogi,North Central,ko Ogori/Magongo Local Government Area,Penta3,195.8,40.7,2026-09,True,2026-09,36,2025-12
Kogi,North Central,ko Adavi Local Government Area,Penta3,1125.3,41.6,2026-06,True,2026-03,36,2025-12
Kogi,North Central,ko Omala Local Government Area,Penta3,368.2,41.7,2026-09,True,2026-03,36,2025-12
Lagos,South West,la Agege Local Government Area,Penta3,1994.8,41.9,2026-10,True,2026-01,36,2025-12
Lagos,South West,la Ifako/Ijaye Local Government Area,Penta3,2203.2,41.9,2026-11,True,2026-01,36,2025-12
Imo,South East,im Owerri West Local Government Area,Penta3,528.5,42.0,2026-07,True,2026-01,60,2025-12
Katsina,North West,kt Sabuwa Local Government Area,Penta3,719.2,42.1,2026-06,True,2026-04,36,2025-12
Kogi,North Central,ko Mopa-Muro Local Government Area,Penta3,241.9,42.2,2026-09,True,2026-01,36,2025-12
Anambra,South East,an Idemili North Local Government Area,Penta3,2051.9,43.1,2026-11,True,2026-05,60,2025-12
Lagos,South West,la Ikorodu Local Government Area,Penta3,2561.7,43.1,2026-11,True,2026-05,36,2025-12
Katsina,North West,kt Kankara Local Government Area,Penta3,1074.4,43.6,2026-09,True,2026-02,36,2025-12
Lagos,South West,la Lagos Island Local Government Area,Penta3,881.6,43.9,2026-09,True,2026-03,36,2025-12
Osun,South West,os Odo Otin Local Government Area,Penta3,613.6,43.9,2026-12,True,2026-02,60,2025-12
Niger,North Central,ni Kontagora Local Government Area,Penta3,1131.2,44.0,2026-11,True,2026-02,36,2025-12
Niger,North Central,ni Suleja Local Government Area,Penta3,1298.3,44.4,2026-09,True,2026-02,36,2025-12
Delta,South South,de Warri South West Local Government Area,Penta3,342.2,44.8,2026-06,True,2026-02,60,2025-12
Kogi,North Central,ko Dekina Local Government Area,Penta3,1193.4,44.8,2026-06,True,2026-03,36,2025-12
Cross River,South South,cr Yakurr Local Government Area,Penta3,637.4,44.9,2026-07,True,2026-01,60,2025-12
Oyo,South West,oy Ibadan North West Local Government Area,Penta3,709.2,44.9,2026-07,True,2026-01,60,2025-12
Lagos,South West,la Alimosho Local Government Area,Penta3,4976.8,45.1,2026-10,True,2026-01,36,2025-12
Imo,South East,im Mbaitoli Local Government Area,Penta3,863.5,45.8,2026-07,True,2026-02,60,2025-12
Borno,North East,bo Dikwa Local Government Area,Penta3,450.2,46.0,2026-06,True,2026-06,60,2025-12
Anambra,South East,an Onitsha South Local Government Area,Penta3,863.4,46.5,2026-11,True,2026-05,60,2025-12
Gombe,North East,go Gombe Local Government Area,Penta3,2020.7,47.2,2026-09,True,2026-03,60,2025-12
Osun,South West,os Ayedaade Local Government Area,Penta3,712.1,47.8,2026-12,True,2026-01,60,2025-12
Oyo,South West,oy Ibadan South West Local Government Area,Penta3,923.5,47.8,2026-07,True,2026-01,60,2025-12
Delta,South South,de Isoko South Local Government Area,Penta3,795.0,48.1,2026-07,True,2026-02,60,2025-12
Ebonyi,South East,eb Onicha Local Government Area,Penta3,1070.9,48.3,2026-07,True,2026-01,60,2025-12
Ogun,South West,og Imeko Afon Local Government Area,Penta3,409.4,48.5,2026-12,True,2026-01,60,2025-12
Imo,South East,im Oru West Local Government Area,Penta3,573.2,49.2,2026-07,True,2026-07,60,2025-12
Imo,South East,im Ihitte/Uboma Local Government Area,Penta3,681.2,49.4,2026-10,True,2026-01,60,2025-12
Cross River,South South,cr Obudu Local Government Area,Penta3,478.1,49.6,2026-07,True,2026-01,60,2025-12
Niger,North Central,ni Katcha Local Government Area,Penta3,937.2,49.6,2026-11,True,2026-05,36,2025-12
Niger,North Central,ni Mariga Local Government Area,Penta3,1244.5,49.6,2026-09,True,2026-03,36,2025-12
Oyo,South West,oy Oyo West Local Government Area,Penta3,552.8,50.2,2026-07,True,2026-01,60,2025-12
Benue,North Central,be Obi Local Government Area,Penta3,518.6,50.8,2026-06,True,2026-04,60,2025-12
Kogi,North Central,ko Okene Local Government Area,Penta3,1690.7,51.4,2026-09,True,2026-02,36,2025-12
Sokoto,North West,so Bodinga Local Government Area,Penta3,599.1,51.4,2026-06,True,2026-05,60,2025-12
Enugu,South East,en Igbo-Eze South Local Government Area,Penta3,589.2,51.5,2026-09,True,2026-03,60,2025-12
Lagos,South West,la Eti-Osa Local Government Area,Penta3,1320.8,51.7,2026-11,True,2026-01,36,2025-12
Sokoto,North West,so Shagari Local Government Area,Penta3,524.1,52.3,2026-06,True,2026-01,60,2025-12
Abia,South East,ab Arochukwu Local Government Area,Penta3,679.4,52.5,2026-06,True,2026-01,60,2025-12
Cross River,South South,cr Abi Local Government Area,Penta3,455.1,52.5,2026-07,True,2026-01,60,2025-12
Kano,North West,kn Wudil Local Government Area,Penta3,926.1,52.5,2026-09,True,2026-02,60,2025-12
Katsina,North West,kt Danja Local Government Area,Penta3,1230.9,52.8,2026-11,True,2026-03,36,2025-12
Imo,South East,im Aboh-Mbaise Local Government Area,Penta3,542.0,53.4,2026-09,True,2026-01,60,2025-12
Borno,North East,bo Marte Local Government Area,Penta3,50.8,53.8,2026-11,True,2026-03,60,2025-12
Osun,South West,os Ifelodun Local Government Area,Penta3,306.8,53.9,2026-09,True,2026-03,60,2025-12
Lagos,South West,la Oshodi/Isolo Local Government Area,Penta3,2544.7,54.2,2026-08,True,2026-01,36,2025-12
Lagos,South West,la Epe Local Government Area,Penta3,857.9,54.3,2026-07,True,2026-01,36,2025-12
Akwa Ibom,South South,ak Nsit Atai Local Government Area,Penta3,338.8,54.4,2026-07,True,2026-01,60,2025-12
Imo,South East,im Ohaji/Egbema Local Government Area,Penta3,683.3,54.4,2026-07,True,2026-01,60,2025-12
Osun,South West,os Boluwaduro Local Government Area,Penta3,343.8,54.5,2026-12,True,2026-01,60,2025-12
Akwa Ibom,South South,ak Urue-Offong/Oruko Local Government Area,Penta3,319.4,55.1,2026-09,True,2026-01,60,2025-12
Cross River,South South,cr Calabar South Local Government Area,Penta3,747.2,55.1,2026-07,True,2026-02,60,2025-12
Delta,South South,de Ika North East Local Government Area,Penta3,842.7,55.3,2026-06,True,2026-02,60,2025-12
Enugu,South East,en Enugu East Local Government Area,Penta3,1295.7,55.6,2026-12,True,2026-12,60,2025-12
Katsina,North West,kt Rimi Local Government Area,Penta3,1033.3,55.7,2026-09,True,2026-03,36,2025-12
Cross River,South South,cr Ogoja Local Government Area,Penta3,471.8,55.9,2026-07,True,2026-01,60,2025-12
Kwara,North Central,kw Ifelodun Local Government Area,Penta3,873.8,55.9,2026-11,True,2026-11,36,2025-12
Oyo,South West,oy Egbeda Local Government Area,Penta3,1007.2,56.0,2026-07,True,2026-01,60,2025-12
Cross River,South South,cr Bekwarra Local Government Area,Penta3,350.9,56.1,2026-07,True,2026-02,60,2025-12
Anambra,South East,an Ihiala Local Government Area,Penta3,1984.2,56.8,2026-12,True,2026-02,60,2025-12
Imo,South East,im Okigwe Local Government Area,Penta3,526.2,56.8,2026-07,True,2026-01,60,2025-12
Imo,South East,im Onuimo Local Government Area,Penta3,532.1,56.9,2026-09,True,2026-03,60,2025-12
Plateau,North Central,pl Kanke Local Government Area,Penta3,308.1,56.9,2026-06,True,2026-03,60,2025-12
Oyo,South West,oy Saki East Local Government Area,Penta3,402.7,57.1,2026-06,True,2026-01,60,2025-12
Oyo,South West,oy Lagelu Local Government Area,Penta3,650.6,57.4,2026-12,True,2026-01,60,2025-12
Oyo,South West,oy Iwajowa Local Government Area,Penta3,433.8,57.5,2026-12,True,2026-01,60,2025-12
Akwa Ibom,South South,ak Essien Udim Local Government Area,Penta3,680.1,57.7,2026-08,True,2026-01,60,2025-12
Benue,North Central,be Katsina-Ala Local Government Area,Penta3,724.2,57.9,2026-07,True,2026-01,60,2025-12
Katsina,North West,kt Funtua Local Government Area,Penta3,1955.2,58.2,2026-09,True,2026-02,36,2025-12
Sokoto,North West,so Sokoto North Local Government Area,Penta3,677.3,58.2,2026-06,True,2026-06,60,2025-12
Katsina,North West,kt Mani Local Government Area,Penta3,889.5,58.4,2026-09,True,2026-03,36,2025-12
Anambra,South East,an Anaocha Local Government Area,Penta3,1339.4,58.5,2026-12,True,2026-05,60,2025-12
Gombe,North East,go Shongom Local Government Area,Penta3,393.8,58.6,2026-09,True,2026-09,60,2025-12
Oyo,South West,oy Ogbomosho North Local Government Area,Penta3,647.1,58.7,2026-07,True,2026-07,60,2025-12
Borno,North East,bo Mobbar Local Government Area,Penta3,453.9,58.9,2026-06,True,2026-03,60,2025-12
Ondo,South West,on Odigbo Local Government Area,Penta3,1744.2,59.1,2026-12,True,2026-01,60,2025-12
Benue,North Central,be Logo Local Government Area,Penta3,794.5,59.2,2026-10,True,2026-01,60,2025-12
Delta,South South,de Ughelli South Local Government Area,Penta3,629.3,59.7,2026-07,True,2026-05,60,2025-12
Akwa Ibom,South South,ak Onna Local Government Area,Penta3,450.0,59.8,2026-11,True,2026-02,60,2025-12
Ebonyi,South East,eb Afikpo South Local Government Area,Penta3,707.3,59.8,2026-07,True,2026-01,60,2025-12
Lagos,South West,la Lagos Mainland Local Government Area,Penta3,1331.3,59.8,2026-12,True,2026-01,36,2025-12
Oyo,South West,oy Ori Ire Local Government Area,Penta3,500.2,60.0,2026-07,True,2026-07,60,2025-12
Akwa Ibom,South South,ak Abak Local Government Area,Penta3,452.8,60.1,2026-09,True,2026-01,60,2025-12
Cross River,South South,cr Yala Local Government Area,Penta3,710.6,60.4,2026-07,True,2026-01,60,2025-12
FCT,North Central,fc Kuje Local Government Area,Penta3,991.8,60.5,2026-06,True,2026-03,60,2025-12
Katsina,North West,kt Katsina Local Government Area,Penta3,1826.2,60.9,2026-09,True,2026-02,36,2025-12
Sokoto,North West,so Dange-Shuni Local Government Area,Penta3,710.2,61.1,2026-06,True,2026-05,60,2025-12
Abia,South East,ab Ohafia Local Government Area,Penta3,1013.3,61.3,2026-09,True,2026-01,60,2025-12
Anambra,South East,an Njikoka Local Government Area,Penta3,652.7,61.4,2026-12,True,2026-06,60,2025-12
Anambra,South East,an Orumba South Local Government Area,Penta3,492.6,61.7,2026-08,True,2026-04,60,2025-12
Ogun,South West,og Ifo Local Government Area,Penta3,2510.8,61.9,2026-07,True,2026-01,60,2025-12
Ekiti,South West,ek Ijero Local Government Area,Penta3,913.2,62.0,2026-10,True,2026-01,60,2025-12
Katsina,North West,kt Dan Musa Local Government Area,Penta3,633.8,62.1,2026-06,True,2026-06,36,2025-12
FCT,North Central,fc Abaji Local Government Area,Penta3,791.2,62.3,2026-06,True,2026-03,60,2025-12
Oyo,South West,oy Ogo Oluwa Local Government Area,Penta3,288.4,62.8,2026-07,True,2026-07,60,2025-12
Enugu,South East,en Awgu Local Government Area,Penta3,992.1,62.9,2026-06,True,2026-06,60,2025-12
Rivers,South South,ri Opobo/Nkoro Local Government Area,Penta3,787.8,63.0,2026-12,True,2026-01,60,2025-12
Kano,North West,kn Minjibir Local Government Area,Penta3,864.3,63.1,2026-09,True,2026-02,60,2025-12
Ogun,South West,og Ikenne Local Government Area,Penta3,623.3,63.2,2026-11,True,2026-01,60,2025-12
Imo,South East,im Ahiazu-Mbaise Local Government Area,Penta3,449.8,63.4,2026-06,True,2026-01,60,2025-12
Borno,North East,bo Monguno Local Government Area,Penta3,1256.8,63.6,2026-11,True,2026-03,60,2025-12
Akwa Ibom,South South,ak Uruan Local Government Area,Penta3,362.9,63.8,2026-09,True,2026-02,60,2025-12
Anambra,South East,an Ekwusigo Local Government Area,Penta3,856.6,63.9,2026-11,True,2026-01,60,2025-12
Gombe,North East,go Kwami Local Government Area,Penta3,1154.6,64.1,2026-12,True,2026-06,60,2025-12
Kano,North West,kn Gwale Local Government Area,Penta3,1825.8,64.1,2026-06,True,2026-06,60,2025-12
Osun,South West,os Orolu Local Government Area,Penta3,364.4,64.1,2026-10,True,2026-03,60,2025-12
Imo,South East,im Owerri North Local Government Area,Penta3,732.2,64.3,2026-09,True,2026-03,60,2025-12
Plateau,North Central,pl Mangu Local Government Area,Penta3,876.8,64.3,2026-06,True,2026-05,60,2025-12
Bauchi,North East,ba Warji Local Government Area,Penta3,573.7,64.5,2026-12,True,2026-06,60,2025-12
Lagos,South West,la Kosofe Local Government Area,Penta3,2405.2,64.5,2026-11,True,2026-01,36,2025-12
Kano,North West,kn Tsanyawa Local Government Area,Penta3,749.8,64.6,2026-09,True,2026-02,60,2025-12
Imo,South East,im Owerri Municipal Local Government Area,Penta3,627.3,65.1,2026-07,True,2026-05,60,2025-12
Oyo,South West,oy Ibadan South East Local Government Area,Penta3,906.4,65.3,2026-07,True,2026-01,60,2025-12
Oyo,South West,oy Ido Local Government Area,Penta3,417.4,65.4,2026-07,True,2026-07,60,2025-12
Anambra,South East,an Oyi Local Government Area,Penta3,635.1,65.5,2026-06,True,2026-01,60,2025-12
Cross River,South South,cr Akpabuyo Local Government Area,Penta3,654.5,65.7,2026-07,True,2026-01,60,2025-12
Akwa Ibom,South South,ak Etinan Local Government Area,Penta3,473.3,65.8,2026-09,True,2026-02,60,2025-12
Sokoto,North West,so Tureta Local Government Area,Penta3,423.1,65.9,2026-12,True,2026-06,60,2025-12
Sokoto,North West,so Isa Local Government Area,Penta3,471.9,66.2,2026-08,True,2026-06,60,2025-12
Anambra,South East,an Awka South Local Government Area,Penta3,837.2,66.3,2026-12,True,2026-06,60,2025-12
Bauchi,North East,ba Dambam Local Government Area,Penta3,900.3,66.4,2026-08,True,2026-02,60,2025-12
FCT,North Central,fc Kwali Local Government Area,Penta3,894.9,66.4,2026-06,True,2026-04,60,2025-12
Osun,South West,os Ifedayo Local Government Area,Penta3,150.8,66.5,2026-08,True,2026-01,60,2025-12
Benue,North Central,be Oju Local Government Area,Penta3,845.8,66.6,2026-06,True,2026-06,60,2025-12
Plateau,North Central,pl Jos North Local Government Area,Penta3,1694.0,66.6,2026-09,True,2026-09,60,2025-12
Osun,South West,os Osogbo Local Government Area,Penta3,715.8,66.7,2026-12,True,2026-02,60,2025-12
Sokoto,North West,so Sokoto South Local Government Area,Penta3,797.4,66.9,2026-06,True,2026-02,60,2025-12
Katsina,North West,kt Kurfi Local Government Area,Penta3,840.0,67.2,2026-09,True,2026-03,36,2025-12
Ogun,South West,og Yewa South Local Government Area,Penta3,650.1,67.2,2026-12,True,2026-02,60,2025-12
Bauchi,North East,ba Bauchi Local Government Area,Penta3,2891.8,67.3,2026-10,True,2026-04,60,2025-12
Imo,South East,im Ezinihitte-Mbaise Local Government Area,Penta3,511.7,67.3,2026-11,True,2026-05,60,2025-12
Katsina,North West,kt Bakori Local Government Area,Penta3,1514.1,67.3,2026-11,True,2026-04,36,2025-12
Taraba,North East,ta Ussa Local Government Area,Penta3,596.8,67.3,2026-09,True,2026-03,60,2025-12
Katsina,North West,kt Kaita Local Government Area,Penta3,1055.1,67.4,2026-11,True,2026-05,36,2025-12
Lagos,South West,la Badagry Local Government Area,Penta3,1032.7,67.8,2026-10,True,2026-02,36,2025-12
Ogun,South West,og Sagamu Local Government Area,Penta3,1176.8,67.8,2026-12,True,2026-12,60,2025-12
Plateau,North Central,pl Barkin Ladi Local Government Area,Penta3,752.2,67.8,2026-06,True,2026-06,60,2025-12
Delta,South South,de Aniocha North Local Government Area,Penta3,491.1,68.0,2026-07,True,2026-05,60,2025-12
Niger,North Central,ni Lapai Local Government Area,Penta3,983.9,68.0,2026-09,True,2026-02,36,2025-12
Benue,North Central,be Okpokwu Local Government Area,Penta3,772.3,68.1,2026-07,True,2026-01,60,2025-12
Kano,North West,kn Gwarzo Local Government Area,Penta3,1067.3,68.1,2026-09,True,2026-03,60,2025-12
Borno,North East,bo Biu Local Government Area,Penta3,1251.4,68.2,2026-11,True,2026-01,60,2025-12
Borno,North East,bo Ngala Local Government Area,Penta3,808.0,68.4,2026-06,True,2026-05,60,2025-12
Akwa Ibom,South South,ak Eket Local Government Area,Penta3,638.7,68.7,2026-08,True,2026-02,60,2025-12
Edo,South South,ed Esan Central Local Government Area,Penta3,283.3,68.7,2026-06,True,2026-06,60,2025-12
Niger,North Central,ni Chanchaga Local Government Area,Penta3,1033.9,68.8,2026-09,True,2026-03,36,2025-12
Abia,South East,ab Umuahia North Local Government Area,Penta3,880.8,69.1,2026-09,True,2026-02,60,2025-12
Enugu,South East,en Udenu Local Government Area,Penta3,945.2,69.1,2026-12,True,2026-08,60,2025-12
FCT,North Central,fc Abuja Municipal Area Council,Penta3,4499.5,69.1,2026-10,True,2026-03,60,2025-12
Osun,South West,os Ife Central Local Government Area,Penta3,931.6,69.1,2026-12,True,2026-01,60,2025-12
Oyo,South West,oy Saki West Local Government Area,Penta3,925.1,69.1,2026-07,True,2026-01,60,2025-12
Sokoto,North West,so Sabon Birni Local Government Area,Penta3,896.9,69.1,2026-06,True,2026-06,60,2025-12
Imo,South East,im Nkwerre Local Government Area,Penta3,417.8,69.3,2026-09,True,2026-09,60,2025-12
Osun,South West,os Ila Local Government Area,Penta3,357.8,69.5,2026-12,True,2026-04,60,2025-12
Kano,North West,kn Fagge Local Government Area,Penta3,1036.1,69.8,2026-09,True,2026-09,60,2025-12
Kogi,North Central,ko Bassa Local Government Area,Penta3,352.0,70.0,2026-07,True,2026-03,36,2025-12
Gombe,North East,go Funakaye Local Government Area,Penta3,1064.8,70.1,2026-06,True,2026-05,60,2025-12
Imo,South East,im Ideato South Local Government Area,Penta3,487.1,70.2,2026-09,True,2026-03,60,2025-12
Cross River,South South,cr Calabar Municipal Local Government Area,Penta3,558.3,70.3,2026-10,True,2026-02,60,2025-12
Katsina,North West,kt Kafur Local Government Area,Penta3,1169.3,70.4,2026-12,True,2026-04,36,2025-12
Kano,North West,kn Garum Mallam Local Government Area,Penta3,581.4,70.5,2026-09,True,2026-06,60,2025-12
Cross River,South South,cr Odukpani Local Government Area,Penta3,617.0,70.6,2026-07,True,2026-01,60,2025-12
Ogun,South West,og Odogbolu Local Government Area,Penta3,628.9,71.0,2026-10,True,2026-04,60,2025-12
Delta,South South,de Okpe Local Government Area,Penta3,538.6,71.1,2026-11,True,2026-02,60,2025-12
Ondo,South West,on Akure South Local Government Area,Penta3,1837.7,71.2,2026-12,True,2026-01,60,2025-12
Osun,South West,os Boripe Local Government Area,Penta3,646.3,71.2,2026-12,True,2026-12,60,2025-12
Oyo,South West,oy Ibadan North Local Government Area,Penta3,755.2,71.4,2026-11,True,2026-09,60,2025-12
Bayelsa,South South,by Yenagoa Local Government Area,Penta3,1103.9,71.5,2026-12,True,2026-06,60,2025-12
Kogi,North Central,ko Igalamela-Odolu Local Government Area,Penta3,557.0,71.8,2026-09,True,2026-01,36,2025-12
Niger,North Central,ni Rafi Local Government Area,Penta3,902.6,71.9,2026-09,True,2026-09,36,2025-12
Gombe,North East,go Kaltungo Local Government Area,Penta3,621.4,72.1,2026-06,True,2026-06,60,2025-12
Katsina,North West,kt Kusada Local Government Area,Penta3,605.9,72.1,2026-09,True,2026-03,36,2025-12
Gombe,North East,go Akko Local Government Area,Penta3,2047.1,72.3,2026-11,True,2026-09,60,2025-12
Kano,North West,kn Ungogo Local Government Area,Penta3,2175.0,72.3,2026-09,True,2026-09,60,2025-12
Kogi,North Central,ko Ajaokuta Local Government Area,Penta3,476.9,72.3,2026-11,True,2026-11,36,2025-12
Ogun,South West,og Ijebu North Local Government Area,Penta3,1237.9,72.3,2026-10,True,2026-04,60,2025-12
Kano,North West,kn Kura Local Government Area,Penta3,653.5,72.5,2026-09,True,2026-09,60,2025-12
Benue,North Central,be Ado Local Government Area,Penta3,1081.6,72.7,2026-11,True,2026-01,60,2025-12
Imo,South East,im Obowo Local Government Area,Penta3,515.2,72.7,2026-12,True,2026-12,60,2025-12
Kano,North West,kn Garko Local Government Area,Penta3,754.8,72.9,2026-07,True,2026-03,60,2025-12
Anambra,South East,an Ayamelum Local Government Area,Penta3,377.7,73.0,2026-12,True,2026-06,60,2025-12
Delta,South South,de Warri North Local Government Area,Penta3,533.2,73.0,2026-10,True,2026-07,60,2025-12
Ondo,South West,on Okitipupa Local Government Area,Penta3,1117.1,73.1,2026-10,True,2026-07,60,2025-12
Osun,South West,os Irewole Local Government Area,Penta3,565.9,73.3,2026-12,True,2026-02,60,2025-12
Anambra,South East,an Nnewi North Local Government Area,Penta3,658.8,73.4,2026-11,True,2026-11,60,2025-12
Kogi,North Central,ko Olamaboro Local Government Area,Penta3,715.2,73.4,2026-08,True,2026-02,36,2025-12
Sokoto,North West,so Kebbe Local Government Area,Penta3,491.4,73.4,2026-09,True,2026-02,60,2025-12
Benue,North Central,be Agatu Local Government Area,Penta3,544.4,73.6,2026-06,True,2026-04,60,2025-12
Katsina,North West,kt Batagarawa Local Government Area,Penta3,1108.9,73.6,2026-10,True,2026-04,36,2025-12
Katsina,North West,kt Baure Local Government Area,Penta3,1012.8,73.6,2026-06,True,2026-02,36,2025-12
Ebonyi,South East,eb Ivo Local Government Area,Penta3,564.4,74.1,2026-07,True,2026-01,60,2025-12
Oyo,South West,oy Kajola Local Government Area,Penta3,637.8,74.1,2026-10,True,2026-05,60,2025-12
Plateau,North Central,pl Langtang South Local Government Area,Penta3,315.9,74.2,2026-06,True,2026-06,60,2025-12
Akwa Ibom,South South,ak Ukanafun Local Government Area,Penta3,277.8,74.3,2026-07,True,2026-02,60,2025-12
Cross River,South South,cr Biase Local Government Area,Penta3,525.0,74.7,2026-08,True,2026-02,60,2025-12
Oyo,South West,oy Ibarapa North Local Government Area,Penta3,328.7,74.7,2026-07,True,2026-01,60,2025-12
Kaduna,North West,kd Zangon Kataf Local Government Area,Penta3,1607.4,74.8,2026-09,True,2026-09,60,2025-12
Bauchi,North East,ba Dass Local Government Area,Penta3,467.6,74.9,2026-12,True,2026-12,60,2025-12
Kano,North West,kn Karaye Local Government Area,Penta3,708.4,74.9,2026-08,True,2026-08,60,2025-12
Anambra,South East,an Idemili South Local Government Area,Penta3,714.0,75.0,2026-07,True,2026-07,60,2025-12
Gombe,North East,go Balanga Local Government Area,Penta3,985.8,75.0,2026-11,True,2026-03,60,2025-12
Niger,North Central,ni Borgu Local Government Area,Penta3,1248.2,75.0,2026-11,True,2026-11,36,2025-12
Sokoto,North West,so Kware Local Government Area,Penta3,680.2,75.0,2026-09,True,2026-03,60,2025-12
Osun,South West,os Ife South Local Government Area,Penta3,561.2,75.1,2026-12,True,2026-12,60,2025-12
Osun,South West,os Olorunda Local Government Area,Penta3,435.2,75.1,2026-12,True,2026-12,60,2025-12
Anambra,South East,an Awka North Local Government Area,Penta3,691.9,75.2,2026-12,True,2026-05,60,2025-12
Bauchi,North East,ba Itas/Gadau Local Government Area,Penta3,997.0,75.2,2026-06,True,2026-06,60,2025-12
Bauchi,North East,ba Katagum Local Government Area,Penta3,1330.0,75.2,2026-06,True,2026-06,60,2025-12
Nasarawa,North Central,na Keffi Local Government Area,Penta3,667.6,75.4,2026-09,True,2026-09,60,2025-12
Niger,North Central,ni Gurara Local Government Area,Penta3,530.5,75.4,2026-09,True,2026-09,36,2025-12
Ebonyi,South East,eb Ohaozara Local Government Area,Penta3,764.5,75.5,2026-07,True,2026-01,60,2025-12
Imo,South East,im Orsu Local Government Area,Penta3,236.6,75.5,2026-09,True,2026-03,60,2025-12
Jigawa,North West,ji Buji Local Government Area,Penta3,732.0,75.5,2026-08,True,2026-02,60,2025-12
Kebbi,North West,ke Arewa Local Government Area,Penta3,862.8,75.8,2026-09,True,2026-09,60,2025-12
Bauchi,North East,ba Shira Local Government Area,Penta3,976.5,75.9,2026-06,True,2026-02,60,2025-12
Abia,South East,ab Umuahia South Local Government Area,Penta3,565.2,76.1,2026-09,True,2026-03,60,2025-12
Delta,South South,de Aniocha South Local Government Area,Penta3,622.8,76.2,2026-07,True,2026-03,60,2025-12
Niger,North Central,ni Mashegu Local Government Area,Penta3,1104.0,76.2,2026-08,True,2026-08,36,2025-12
Plateau,North Central,pl Bokkos Local Government Area,Penta3,584.9,76.2,2026-06,True,2026-06,60,2025-12
Rivers,South South,ri Khana Local Government Area,Penta3,1275.4,76.2,2026-11,True,2026-02,60,2025-12
Katsina,North West,kt Dutsi Local Government Area,Penta3,594.2,76.3,2026-09,True,2026-09,36,2025-12
Osun,South West,os Ilesa East Local Government Area,Penta3,418.4,76.3,2026-06,True,2026-06,60,2025-12
Kwara,North Central,kw Moro Local Government Area,Penta3,688.3,76.4,2026-07,True,2026-01,36,2025-12
Rivers,South South,ri Emohua Local Government Area,Penta3,732.2,76.4,2026-07,True,2026-07,60,2025-12
Taraba,North East,ta Wukari Local Government Area,Penta3,1219.5,76.6,2026-09,True,2026-02,60,2025-12
Jigawa,North West,ji Kiyawa Local Government Area,Penta3,1274.6,76.7,2026-09,True,2026-09,60,2025-12
Kwara,North Central,kw Asa Local Government Area,Penta3,749.7,76.7,2026-07,True,2026-07,36,2025-12
Ebonyi,South East,eb Ishielu Local Government Area,Penta3,682.8,76.8,2026-11,True,2026-05,60,2025-12
Taraba,North East,ta Donga Local Government Area,Penta3,906.2,76.9,2026-09,True,2026-03,60,2025-12
Kano,North West,kn Warawa Local Government Area,Penta3,613.4,77.0,2026-09,True,2026-09,60,2025-12
Taraba,North East,ta Takum Local Government Area,Penta3,781.4,77.0,2026-08,True,2026-02,60,2025-12
Bauchi,North East,ba Giade Local Government Area,Penta3,745.6,77.1,2026-06,True,2026-02,60,2025-12
Gombe,North East,go Billiri Local Government Area,Penta3,601.2,77.2,2026-11,True,2026-11,60,2025-12
Gombe,North East,go Yamaltu/Deba Local Government Area,Penta3,1614.0,77.2,2026-11,True,2026-11,60,2025-12
Imo,South East,im Nwangele Local Government Area,Penta3,356.8,77.3,2026-11,True,2026-02,60,2025-12
Akwa Ibom,South South,ak Ini Local Government Area,Penta3,322.8,77.4,2026-08,True,2026-08,60,2025-12
Anambra,South East,an Anambra East Local Government Area,Penta3,727.4,77.6,2026-09,True,2026-03,60,2025-12
Enugu,South East,en Enugu North Local Government Area,Penta3,1157.7,77.6,2026-09,True,2026-09,60,2025-12
Kano,North West,kn Dawakin Tofa Local Government Area,Penta3,1135.0,77.6,2026-09,True,2026-06,60,2025-12
Katsina,North West,kt Charanchi Local Government Area,Penta3,904.6,77.6,2026-11,True,2026-03,36,2025-12
Kano,North West,kn Dawakin Kudu Local Government Area,Penta3,1129.2,77.8,2026-06,True,2026-06,60,2025-12
Abia,South East,ab Umunneochi Local Government Area,Penta3,698.0,78.1,2026-11,True,2026-05,60,2025-12
Enugu,South East,en Igbo-Etiti Local Government Area,Penta3,952.0,78.1,2026-08,True,2026-08,60,2025-12
Bauchi,North East,ba Alkaleri Local Government Area,Penta3,1404.8,78.2,2026-06,True,2026-06,60,2025-12
Edo,South South,ed Egor Local Government Area,Penta3,749.4,78.2,2026-12,True,2026-12,60,2025-12
Kaduna,North West,kd Sabon Gari Local Government Area,Penta3,1920.4,78.3,2026-06,True,2026-06,60,2025-12
Rivers,South South,ri Omumma Local Government Area,Penta3,516.0,78.3,2026-09,True,2026-09,60,2025-12
Enugu,South East,en Igbo-Eze North Local Government Area,Penta3,1066.2,78.5,2026-12,True,2026-12,60,2025-12
Kano,North West,kn Madobi Local Government Area,Penta3,678.2,78.5,2026-09,True,2026-04,60,2025-12
Katsina,North West,kt Sandamu Local Government Area,Penta3,547.6,78.6,2026-11,True,2026-11,36,2025-12
Kwara,North Central,kw Oyun Local Government Area,Penta3,413.8,78.6,2026-11,True,2026-04,36,2025-12
Niger,North Central,ni Lavun Local Government Area,Penta3,1381.4,78.6,2026-06,True,2026-06,36,2025-12
Rivers,South South,ri Okrika Local Government Area,Penta3,1286.9,78.6,2026-09,True,2026-09,60,2025-12
Plateau,North Central,pl Riyom Local Government Area,Penta3,379.2,78.9,2026-06,True,2026-06,60,2025-12
Lagos,South West,la Amuwo Odofin Local Government Area,Penta3,1342.2,79.0,2026-11,True,2026-02,36,2025-12
Sokoto,North West,so Illela Local Government Area,Penta3,797.8,79.0,2026-06,True,2026-06,60,2025-12
Oyo,South West,oy Ona Ara Local Government Area,Penta3,894.1,79.2,2026-12,True,2026-12,60,2025-12
Gombe,North East,go Dukku Local Government Area,Penta3,1022.5,79.3,2026-06,True,2026-03,60,2025-12
Plateau,North Central,pl Kanam Local Government Area,Penta3,1005.5,79.3,2026-06,True,2026-05,60,2025-12
Adamawa,North East,ad Michika Local Government Area,Penta3,990.8,79.4,2026-07,True,2026-07,60,2025-12
Ekiti,South West,ek Ekiti East Local Government Area,Penta3,659.2,79.5,2026-10,True,2026-10,60,2025-12
Kano,North West,kn Doguwa Local Government Area,Penta3,908.9,79.5,2026-09,True,2026-09,60,2025-12
Katsina,North West,kt Kankia Local Government Area,Penta3,791.3,79.5,2026-11,True,2026-05,36,2025-12
Imo,South East,im Njaba Local Government Area,Penta3,428.2,79.7,2026-12,True,2026-03,60,2025-12
Kano,North West,kn Makoda Local Government Area,Penta3,959.9,79.7,2026-06,True,2026-02,60,2025-12
Lagos,South West,la Ibeju/Lekki Local Government Area,Penta3,741.5,79.7,2026-11,True,2026-01,36,2025-12
Abia,South East,ab Isiala-Ngwa South Local Government Area,Penta3,632.5,79.8,2026-09,True,2026-01,60,2025-12
Cross River,South South,cr Boki Local Government Area,Penta3,556.2,79.8,2026-07,True,2026-02,60,2025-12
Jigawa,North West,ji Ringim Local Government Area,Penta3,1165.1,79.8,2026-09,True,2026-09,60,2025-12
Katsina,North West,kt Bindawa Local Government Area,Penta3,742.9,79.8,2026-11,True,2026-05,36,2025-12
Kano,North West,kn Ajingi Local Government Area,Penta3,749.6,80.0,2026-12,True,2026-12,60,2025-12
Ogun,South West,og Yewa North Local Government Area,Penta3,962.4,80.0,2026-12,True,2026-12,60,2025-12
