m2_rank,lga_uid,zone,state,lga_clean,cohort_12_23m,m2_rate,m2_rate_lo95,m2_rate_hi95,m2_children,m2_children_lo95,m2_children_hi95,m2_rank_lo95,m2_rank_hi95,m2_p_top155,m2_p_top270,m1_rank,m1_rate,m1_rate_lo95,m1_rate_hi95,m1_children,m1_children_lo95,m1_children_hi95,m1_capped_99,penta1_doses_best_year,penta1_best_year,pop2022,m1_p_top155,archetype,archetype_type,ihme_zd_2018,pop2022,m1_status
1,NG-ZAM-766,North West,Zamfara,Gusau,25015.949001457106,64.35870349357964,22.91581900947692,94.1987706260712,16099.940443952844,5732.609596676958,23564.71641981753,1.0,132.0,0.98125,0.99325,210.0,13.64505374794614,11.003233490807046,15.833729797134122,3746.0,3028.828817666824,4290.96870273628,False,28765.0,2024.0,682700.0,0.0135,2,"Low maternal care, high conflict exposure",68.96000000000001,682700.0,estimated
2,NG-KEB-451,North West,Kebbi,Bagudo,16500.230831446133,76.16011867097053,34.78476082292295,97.4717809658864,12566.595382213414,5739.565829948729,16083.068854892834,1.9750000000000083,127.05000000000018,0.984,0.9965,413.0,8.470599054531595,6.717586260972844,10.064773702038044,1590.0,1269.1810387923017,1864.764737524107,False,19476.0,2024.0,406700.0,0.0,2,"Low maternal care, high conflict exposure",67.4,406700.0,estimated
3,NG-ZAM-773,North West,Zamfara,Zurmi,19164.11502528499,64.73760435422446,22.258241585759126,94.51438449041528,12406.388963057474,4265.595020100697,18112.845359183302,2.0,184.0250000000001,0.963,0.988,7.0,56.64344109144244,45.676698645890575,65.72908818016066,11913.0,9632.098007547216,13645.878846303312,False,19109.0,2024.0,523000.0,1.0,2,"Low maternal care, high conflict exposure",79.03,523000.0,estimated
4,NG-SOK-721,North West,Sokoto,Tambuwal,14325.678480339231,84.95335542426089,52.40259310987297,98.6007836050118,12170.14455633946,7507.027004280801,14125.23123834903,3.0,80.0,0.994,0.99925,3.0,83.23751281283207,68.22094356387228,96.70253104294436,12738.0,10527.204560802624,14550.887860663584,False,8082.0,2024.0,389900.0,1.0,1,Deprived northern rural,80.37,389900.0,estimated
5,NG-KEB-455,North West,Kebbi,Danko/Wasagu,18386.782918149467,65.48526693815589,21.62695934855856,94.70332579833656,12040.6338752894,3976.502067215894,17412.894930807986,1.0,196.0,0.95875,0.98575,158.0,22.03796086133716,17.477146793151118,26.185525663036504,4611.0,3679.5659051720136,5406.261628277931,False,17436.0,2024.0,453200.0,0.4855,2,"Low maternal care, high conflict exposure",74.41,453200.0,estimated
6,NG-ZAM-769,North West,Zamfara,Maru,19109.15102425645,62.29548787218506,19.65279364025029,93.8047857855622,11904.138858793194,3755.482017200895,17925.298183743325,2.0,209.0250000000001,0.95475,0.9855,6.0,57.47170331657606,46.34460093657466,66.69020423849155,12052.0,9744.912785573755,13805.704544901531,False,18923.0,2024.0,521500.0,1.0,2,"Low maternal care, high conflict exposure",80.16,521500.0,estimated
7,NG-SOK-707,North West,Sokoto,Gada,15795.355677604091,75.15208488323425,33.72277245449349,96.9873519966986,11870.53910644181,5326.631853536346,15319.497210168396,2.0,141.0250000000001,0.98,0.99475,97.0,33.31722123044381,27.306585606156588,38.70682233798016,5622.0,4645.975869979102,6421.749809928704,False,14569.0,2024.0,429900.0,0.958,2,"Low maternal care, high conflict exposure",69.44,429900.0,estimated
8,NG-KEB-452,North West,Kebbi,Birnin Kebbi,18618.03769006794,60.65438021951969,16.450118367118975,92.89218914957614,11292.655369947272,3062.6892376509995,17294.702786997288,2.0,246.0,0.944,0.9795,252.0,14.821986567031262,11.754537392458262,17.611498272015268,3140.0,2505.8770024900195,3681.800253857009,False,18521.0,2024.0,458900.0,0.0,1,Deprived northern rural,69.12,458900.0,estimated
9,NG-KAT-431,North West,Katsina,Kankara,18247.497395984028,61.21824682746717,16.760433761941854,94.2323430659393,11170.797995709116,3058.3597142659683,17195.044347132007,2.0,244.0,0.9405,0.9805,60.0,35.42785697070598,24.39842011160035,47.14136480512206,6852.0,4719.097594250843,9117.996174505615,False,14510.0,2024.0,434700.0,0.9895,2,"Low maternal care, high conflict exposure",60.43,434700.0,estimated
10,NG-ZAM-772,North West,Zamfara,Tsafe,17401.60272563641,63.87538008581352,21.20607096175456,94.21925341326111,11115.339882023503,3690.196222481072,16395.660170036324,3.0,213.0250000000001,0.952,0.986,25.0,49.11783270178742,39.608124069244845,56.996367005003776,9380.0,7584.2203132884415,10744.632317664806,False,20799.0,2024.0,474900.0,1.0,2,"Low maternal care, high conflict exposure",70.86,474900.0,estimated
11,NG-SOK-710,North West,Sokoto,Gwadabawa,14685.749393669124,75.54945863776909,36.2406218353909,97.20438235169782,11095.004163816506,5322.20690145284,14275.19199183428,5.0,142.0250000000001,0.9775,0.9945,52.0,45.46061881284071,37.25923811999586,52.814611506537815,7132.0,5894.0012478767685,8146.792504422205,False,12991.0,2024.0,399700.0,1.0,2,"Low maternal care, high conflict exposure",79.58,399700.0,estimated
12,NG-ZAM-767,North West,Zamfara,Kaura Namoda,18603.482214793865,58.356819915832624,15.453420231099049,92.40039898174663,10856.400614161194,2874.8742842698684,17189.691790967805,2.0,253.0250000000001,0.93075,0.979,10.0,55.26300404955305,44.56352816141709,64.12722808294254,11282.0,9122.444454358729,12923.848128286452,False,19419.0,2024.0,507700.0,1.0,2,"Low maternal care, high conflict exposure",82.67,507700.0,estimated
13,NG-ZAM-764,North West,Zamfara,Bungudu,16862.9555155567,64.1850822539755,21.72031153101792,94.36012510963086,10823.501868111389,3662.686471315884,15911.905921660698,4.0,208.0250000000001,0.95075,0.98525,22.0,51.33989103695775,41.39996946199408,59.57484503246133,9501.0,7681.9439148144065,10883.078212401642,False,20300.0,2024.0,460200.0,1.0,2,"Low maternal care, high conflict exposure",75.7,460200.0,estimated
14,NG-ZAM-765,North West,Zamfara,Gummi,13477.173052198508,79.91555322394656,41.495830200158224,97.96993501029546,10770.357403613014,5592.464845521774,13203.57768046393,9.0,134.0,0.98125,0.99525,18.0,65.97252368098516,53.19957659741293,76.55456206297346,9757.0,7889.407666075551,11176.993952512565,False,17014.0,2024.0,367800.0,1.0,2,"Low maternal care, high conflict exposure",81.83,367800.0,estimated
15,NG-KEB-458,North West,Kebbi,Jega,13708.945163377548,77.89022768648057,36.35513012574423,97.4509307899196,10677.928601169571,4983.904853012827,13359.494663191084,8.0,151.05000000000018,0.97625,0.99575,32.0,55.15828527206842,43.74313279817457,65.53912603841515,8604.0,6866.481049531954,10088.68817030926,False,12456.0,2024.0,337900.0,1.0,1,Deprived northern rural,77.73,337900.0,estimated
16,NG-FCT-276,North Central,FCT,Abuja Municipal Area Council,53545.666829665846,19.900830932733584,4.206489688309155,45.463765030251416,10656.032627576598,2252.3929537262698,24343.87615132055,1.0,297.0,0.84275,0.96475,522.0,1.0,1.0,1.0,1018.0,968.9054019929628,1036.2945573766715,False,57523.0,2024.0,1693400.0,0.0,4,Near-average,,1693400.0,estimated
17,NG-KEB-448,North West,Kebbi,Arewa,13153.122290520869,80.6399429433831,42.64829154760191,98.10383940299384,10606.670310349422,5609.5819420739535,12903.717968371977,9.0,132.0250000000001,0.98375,0.99775,16.0,67.20264420938453,53.29487991767205,79.85024456849759,10058.0,8026.655975591565,11793.29391633762,False,10645.0,2024.0,324200.0,1.0,1,Deprived northern rural,64.32,324200.0,estimated
18,NG-ZAM-763,North West,Zamfara,Bukkuyum,14103.762663923888,75.14681709033334,33.89398021859641,96.9990043176513,10598.52873191363,4780.326527388149,13680.509355330823,8.0,164.07500000000027,0.97175,0.9935,1.0,87.79678801098468,70.79844286968554,99.0,13589.0,10987.429818784369,15147.70580373646,False,12113.0,2024.0,384900.0,1.0,2,"Low maternal care, high conflict exposure",82.73,384900.0,estimated
19,NG-JIG-321,North West,Jigawa,Birnin Kudu,21986.87392985732,47.6319721973505,10.732653223555513,86.23236321305579,10472.781677336125,2359.774933591917,18959.80098639124,1.0,281.0250000000001,0.90225,0.9725,370.0,7.20479024794882,4.557386809264297,10.111878588333452,1836.0,1161.2387376438817,2576.543448814718,False,20536.0,2024.0,540100.0,0.0,1,Deprived northern rural,56.51,540100.0,estimated
20,NG-KAN-392,North West,Kano,Kiru,15223.49840255591,68.32594885623713,23.87964150528156,95.70515130635968,10401.59973266042,3635.316843092616,14569.67218028738,5.0,206.0250000000001,0.9505,0.988,205.0,21.35458816978512,15.501517904318002,27.203633919517102,3861.0,2800.3217320077947,4920.280991416033,False,18975.0,2024.0,439400.0,0.037,1,Deprived northern rural,49.37,439400.0,estimated
21,NG-KEB-449,North West,Kebbi,Argungu,13879.343416370106,72.69155826952594,28.56358569938996,96.75633232468395,10089.111006938268,3964.438151247514,13429.143640427204,8.0,205.0,0.961,0.988,40.0,50.46956464765767,40.024755261318845,59.9679838165995,7970.0,6360.890363102676,9345.840889379924,False,13161.0,2024.0,342100.0,1.0,1,Deprived northern rural,68.49,342100.0,estimated
22,NG-ZAM-771,North West,Zamfara,Talata Mafara,14059.791463101055,71.04617932248118,28.285132697344658,95.99442445176273,9988.944655241688,3976.830672308069,13496.61589412193,9.0,199.0,0.9515,0.9895,9.0,75.60886483791619,60.97022475354391,87.73657899968322,11666.0,9432.65807915162,13363.330527352526,False,14850.0,2024.0,383700.0,1.0,2,"Low maternal care, high conflict exposure",82.23,383700.0,estimated
23,NG-BAU-096,North East,Bauchi,Gamawa,20067.75935153091,49.27641425549117,10.141147552407308,87.5859368627957,9888.672229855469,2035.1010863007648,17576.535035409644,2.0,314.0,0.88475,0.963,50.0,29.80431270243672,19.81895567831092,40.94289802947743,7256.0,4816.421004644295,9976.910786788563,False,17419.0,2024.0,507900.0,0.9835,1,Deprived northern rural,61.22,507900.0,estimated
24,NG-ZAM-768,North West,Zamfara,Maradun,13532.137053227052,71.10190174666968,28.58173066813476,95.8559383701162,9621.606791810193,3867.718966196224,12971.35695390098,12.0,200.0250000000001,0.95025,0.987,5.0,81.19295532349453,65.47317890686567,94.21636145746236,12057.0,9749.160771055043,13811.72270368408,False,13596.0,2024.0,369300.0,1.0,2,"Low maternal care, high conflict exposure",84.25,369300.0,estimated
25,NG-SOK-706,North West,Sokoto,Dange-Shuni,12268.130404168429,78.4041479537589,40.55135630694873,97.28716171756234,9618.72311324432,4974.8932723954495,11935.315866024774,13.975000000000009,154.0250000000001,0.976,0.99475,23.0,72.03295838953049,59.03776101624872,83.68545814724096,9440.0,7801.684846842332,10783.62642950161,False,9538.0,2024.0,333900.0,1.0,2,"Low maternal care, high conflict exposure",75.24,333900.0,estimated
26,NG-KAN-373,North West,Kano,Bichi,15857.522118456624,60.33512145396181,16.006835938389035,94.89229416620776,9567.65522975967,2538.287549395105,15047.566536117316,4.0,273.0,0.91475,0.97475,122.0,27.359270978292315,19.860379677991883,34.853006111886174,5152.0,3737.163608660583,6566.350878661549,False,16792.0,2024.0,457700.0,0.839,1,Deprived northern rural,46.94,457700.0,estimated
27,NG-GOM-285,North East,Gombe,Funakaye,14720.30150753769,64.60321278320737,18.279154785955026,95.18522371656988,9509.787705244284,2690.746697522085,14011.55192170336,6.0,258.0250000000001,0.92125,0.97675,91.0,34.489092692517325,19.582222739976743,51.417418885320046,5757.0,3268.451972647196,8582.037208731652,False,13351.0,2024.0,398000.0,0.78,1,Deprived northern rural,70.73,398000.0,estimated
28,NG-KEB-461,North West,Kebbi,Maiyama,12045.533646069234,78.30397299366221,37.638814972960695,97.80061675388076,9432.13141316056,4533.796121549724,11780.606197151932,16.0,174.0,0.96625,0.99075,12.0,79.73250187802263,63.2316505268014,94.73823314424324,10928.0,8721.292789328561,12813.900272760526,False,8761.0,2024.0,296900.0,1.0,1,Deprived northern rural,79.9,296900.0,estimated
29,NG-BAU-103,North East,Bauchi,Misau,18443.847342576544,50.30611902316591,10.133377635119402,89.39577559460555,9278.383796607592,1868.984701668216,16488.02038138135,3.0,324.0,0.86875,0.95775,29.0,39.8040326792808,26.468463385307626,54.67975280693327,8906.0,5911.872226578155,12246.06854977772,False,12688.0,2024.0,466800.0,0.9995,1,Deprived northern rural,55.06,466800.0,estimated
30,NG-ZAM-761,North West,Zamfara,Bakura,12198.343961601096,75.9199127680523,34.0479353831313,97.33784802258128,9260.97209479456,4153.284269858041,11873.605506614997,17.0,189.0,0.9585,0.9915,2.0,99.0,80.5620252802771,99.0,13253.0,10813.55933825454,13257.09918879951,True,9394.0,2024.0,332900.0,1.0,2,"Low maternal care, high conflict exposure",79.92,332900.0,estimated
31,NG-BAU-104,North East,Bauchi,Ningi,27235.098485942617,33.26419113990752,5.062071439845011,74.57748319267206,9059.535217506022,1378.6601420705624,20311.25099586154,1.0,382.0750000000003,0.80275,0.93375,64.0,20.15757375204221,13.404169549641916,27.6909417402556,6660.0,4420.930153592638,9157.676559936568,False,21983.0,2024.0,689300.0,0.962,2,"Low maternal care, high conflict exposure",50.52,689300.0,estimated
32,NG-JIG-329,North West,Jigawa,Gwaram,18994.770182691027,47.67775967074223,9.716415879848803,87.98404513416229,9056.280877713238,1845.6108663717769,16712.367170669273,2.0,321.0250000000001,0.8525,0.956,412.0,7.238221661012331,4.578533834461052,10.158799369966324,1593.0,1007.8655692235952,2236.240787951855,False,20525.0,2024.0,466600.0,0.0,1,Deprived northern rural,55.26,466600.0,estimated
33,NG-SOK-705,North West,Sokoto,Bodinga,11055.646716424915,81.56546211459145,44.15251500565119,98.41558823350567,9017.58933400864,4881.346075441294,10880.479748987837,21.0,164.0,0.9725,0.994,13.0,86.8158904274167,71.15375941871085,99.0,10253.0,8473.48653793589,11496.121604212758,False,7617.0,2024.0,300900.0,1.0,1,Deprived northern rural,76.76,300900.0,estimated
34,NG-KAD-366,North West,Kaduna,Soba,15199.437871591324,58.73039622683328,15.226246071028628,92.81164791582252,8926.690086236897,2314.303811741612,14106.848762565529,8.0,291.0,0.89325,0.9685,153.0,28.3425479274742,19.75519002168204,37.12013955147081,4706.0,3279.56502825833,6163.954055871557,False,28602.0,2024.0,430200.0,0.528,1,Deprived northern rural,60.95,430200.0,estimated
35,NG-BAU-094,North East,Bauchi,Darazo,17633.866900154055,50.58375512343245,11.884056474500005,89.27220789192583,8919.872051565944,2095.618701052471,15742.142318491024,4.0,311.0250000000001,0.871,0.963,61.0,31.46987586915689,20.92650420359381,43.230922033839136,6732.0,4468.780613336115,9256.795753941236,False,16631.0,2024.0,446300.0,0.968,1,Deprived northern rural,66.31,446300.0,estimated
36,NG-KAD-360,North West,Kaduna,Kubau,14651.805870174156,60.43139636986907,16.51063732431536,93.79249599107249,8854.290880748697,2419.106528687203,13742.294433402818,8.0,288.0,0.90275,0.97125,67.0,40.774509772029575,28.42045784481311,53.40223810341923,6526.0,4548.097167030215,8548.164691859125,False,22209.0,2024.0,414700.0,0.9665,1,Deprived northern rural,49.05,414700.0,estimated
37,NG-YOB-747,North East,Yobe,Fune,15740.524974655453,55.75989098913268,15.641759145415048,89.89212537407938,8776.899566985061,2462.095004759509,14149.49244475556,6.0,282.0250000000001,0.888,0.971,749.0,1.0,1.0,1.0,187.0,186.62268426609413,187.29228798495737,False,24796.0,2024.0,474700.0,0.0,1,Deprived northern rural,62.34,474700.0,estimated
38,NG-KEB-460,North West,Kebbi,Koko/Besse,10731.032837269491,81.2834094474817,40.456483039717696,98.46805718035878,8722.549359061464,4341.398479796469,10566.6395502456,24.0,175.0250000000001,0.9655,0.99325,45.0,62.91961430566749,49.898234337905976,74.76114443963338,7683.0,6131.221493667869,9008.396193990697,False,11289.0,2024.0,264500.0,1.0,1,Deprived northern rural,78.2,264500.0,estimated
39,NG-KAN-409,North West,Kano,Tudun Wada,13030.399975423938,65.85268910451819,21.932434713807464,95.73716103803288,8580.86878489115,2857.883967557839,12474.935008371413,15.0,248.05000000000013,0.912,0.98125,124.0,33.03662568134264,23.981630571653305,42.08539466206928,5112.0,3708.1363407981808,6515.348769631129,False,14728.0,2024.0,376100.0,0.819,1,Deprived northern rural,49.16,376100.0,estimated
40,NG-SOK-724,North West,Sokoto,Wamako,11367.9531208437,74.90269755823556,36.82357357061894,96.59959313652251,8514.903544667566,4186.086580927352,10981.39646268563,23.0,190.0250000000001,0.9525,0.99175,31.0,72.19456253986658,59.17021076453175,83.873204390929,8767.0,7245.452783787813,10014.79265912461,False,9517.0,2024.0,309400.0,1.0,2,"Low maternal care, high conflict exposure",65.11,309400.0,estimated
41,NG-KEB-467,North West,Kebbi,Zuru,11461.31106438046,74.16737441377914,31.96079123830749,97.19794901803502,8500.553489846912,3663.125702459676,11140.159285154929,22.0,205.0250000000001,0.948,0.987,44.0,59.02232311998706,46.80749783209397,70.13037941554263,7697.0,6142.851673733093,9025.484023869814,False,11875.0,2024.0,282500.0,1.0,2,"Low maternal care, high conflict exposure",61.48,282500.0,estimated
42,NG-BAU-091,North East,Bauchi,Bauchi,34833.11014827652,24.35160043983448,2.832874012871321,64.53340372520289,8482.419804075731,986.7781252653684,22478.991602031907,1.0,424.0,0.71375,0.897,715.0,1.0,1.0,1.0,423.0,421.8295929752431,422.9712782403578,False,36148.0,2024.0,881600.0,0.0,2,"Low maternal care, high conflict exposure",39.29,881600.0,estimated
43,NG-SOK-717,North West,Sokoto,Shagari,9949.714625483108,85.1211045614644,50.40120319704821,98.8325308542083,8469.30698992479,5014.775885916165,9833.554777136267,30.0,152.0,0.97725,0.996,15.0,95.55020998129532,78.3123529568652,99.0,10156.0,8393.073724142103,10476.8407645001,False,6482.0,2024.0,270800.0,1.0,1,Deprived northern rural,82.2,270800.0,estimated
44,NG-KAN-404,North West,Kano,Sumaila,14267.265913000738,59.06394234836602,15.314777130939902,92.78893150236806,8426.809713542809,2184.999977254621,13238.44359527496,11.975000000000009,301.0,0.88975,0.9655,216.0,21.42060392214616,15.549439426337315,27.28773146079829,3629.0,2632.5384986638046,4625.478917688294,False,18951.0,2024.0,411800.0,0.009,1,Deprived northern rural,47.94,411800.0,estimated
45,NG-BAU-101,North East,Bauchi,Katagum,20672.28134026574,40.75430298349047,6.997574436250349,81.44287942441855,8424.844171011451,1446.5582744561864,16836.1011662292,3.0,363.0,0.8115,0.9425,42.0,30.95414311194912,20.58355770591738,42.522447595940335,7763.0,5152.922836153456,10673.9529991119,False,16875.0,2024.0,523200.0,0.9925,1,Deprived northern rural,61.45,523200.0,estimated
46,NG-SOK-708,North West,Sokoto,Goronyo,11547.988577508646,72.34743232236741,30.437581807202257,96.16162085776328,8354.673220707777,3514.928470365566,11104.732992601676,22.0,219.05000000000013,0.9375,0.98575,764.0,1.0,1.0,1.0,123.0,121.29497199405364,124.39129187027709,False,18798.0,2024.0,314300.0,0.0,2,"Low maternal care, high conflict exposure",82.67,314300.0,estimated
47,NG-KAD-348,North West,Kaduna,Giwa,15263.033845949449,54.51216822260703,13.10920898037272,92.19483915146796,8320.2106859774,2000.8630036105328,14071.729503907209,9.0,306.0500000000002,0.85075,0.9615,204.0,23.368207492878124,16.287998547949947,30.60526263986685,3896.0,2715.289235606504,5103.39571024439,False,31160.0,2024.0,432000.0,0.1305,2,"Low maternal care, high conflict exposure",58.01,432000.0,estimated
48,NG-KEB-457,North West,Kebbi,Gwandu,10471.378356518926,77.5634051473142,35.49212830990692,97.8812568338586,8121.95761917493,3716.515042111519,10249.516743189371,29.0,210.0250000000001,0.93875,0.98625,30.0,74.71789854354645,59.25483256539826,88.77987678218794,8903.0,7104.735767831605,10438.747762797888,False,9515.0,2024.0,258100.0,1.0,1,Deprived northern rural,77.06,258100.0,estimated
49,NG-GOM-291,North East,Gombe,Yamaltu/Deba,15837.269109365923,50.7342672245714,11.559157271789182,89.31901355307215,8034.922431020223,1830.6548439080927,14145.69254223106,8.0,329.0,0.8295,0.95075,239.0,18.38998020013723,10.441465992550729,27.416358083793416,3302.0,1875.0169184791464,4923.267986207103,False,19680.0,2024.0,428200.0,0.059,1,Deprived northern rural,,428200.0,estimated
50,NG-SOK-716,North West,Sokoto,Sabon Birni,13157.285108513668,60.69152681374973,16.675915197124908,94.12405394432416,7985.357219595073,2194.097706939683,12384.170133145935,14.0,307.0,0.858,0.96325,72.0,45.07584702632623,36.94388157646483,52.36759664061393,6336.0,5235.871138886757,7237.113457308691,False,13041.0,2024.0,358100.0,0.9955,2,"Low maternal care, high conflict exposure",80.89,358100.0,estimated
51,NG-KAT-422,North West,Katsina,Daura,16870.64459039793,47.22581286154593,9.426695952907645,89.08313372703186,7967.299042797836,1590.3443708324735,15028.898881076457,5.0,351.0250000000001,0.81075,0.943,324.0,12.895303210740131,8.880724156198854,17.15887566760854,2306.0,1588.0859391969689,3068.4174737189023,False,22195.0,2024.0,401900.0,0.0,1,Deprived northern rural,40.75,401900.0,estimated
52,NG-NIG-553,North Central,Niger,Mashegu,12591.27442655817,62.21145684536245,18.866595392477045,93.89184180917778,7833.215256159388,2375.544800815164,11822.179466343452,17.97500000000001,279.0500000000002,0.881,0.9705,120.0,38.31734535953612,26.6254571540898,50.116339357753866,5179.0,3598.801909055905,6773.922292180219,False,15067.0,2024.0,369100.0,0.7655,2,"Low maternal care, high conflict exposure",68.06,369100.0,estimated
53,NG-KAT-444,North West,Katsina,Safana,13894.459714908477,56.2224850364198,15.283163778428335,92.36115379450808,7811.810534105769,2123.5130343572096,12833.083306202589,14.0,302.0,0.85225,0.963,160.0,31.170567698165915,21.466514512739845,41.47648852305706,4591.0,3161.52879617598,6108.542341705523,False,15962.0,2024.0,331000.0,0.441,2,"Low maternal care, high conflict exposure",59.95,331000.0,estimated
54,NG-KAT-425,North West,Katsina,Faskari,14582.88611770152,53.42218086262018,12.146386842705986,91.71634179831238,7790.495796788427,1771.2937606872954,13374.889675769777,11.0,334.0500000000002,0.82825,0.95425,115.0,34.12310922533385,23.49986777586141,45.40522847900709,5275.0,3632.476777163793,7018.483660628321,False,14955.0,2024.0,347400.0,0.7755,2,"Low maternal care, high conflict exposure",64.19,347400.0,estimated
55,NG-KAN-385,North West,Kano,Gezawa,16086.186409437209,48.24422073680296,9.597305484994816,89.03340601142348,7760.65527950249,1543.8404505994076,14322.079657668652,7.0,354.0250000000001,0.797,0.943,113.0,27.77186943054888,20.159889190612628,35.378615744893665,5305.0,3848.225173808587,6761.490637650187,False,16642.0,2024.0,464300.0,0.894,1,Deprived northern rural,34.599999999999994,464300.0,estimated
56,NG-ZAM-762,North West,Zamfara,Birnin Magaji,12000.473557898344,64.33865173989318,21.07597649150776,94.22505041360536,7720.942889554153,2529.21698593226,11307.452259801095,24.0,277.0,0.88225,0.97325,4.0,92.81534461165997,74.84535621162622,99.0,12223.0,9883.270023080657,12961.85641723293,False,10986.0,2024.0,327500.0,1.0,2,"Low maternal care, high conflict exposure",80.8,327500.0,estimated
57,NG-SOK-725,North West,Sokoto,Wurno,10298.762959833512,74.82825774689579,32.97290476484786,97.44875147845116,7706.384892326049,3395.8013027033307,10036.01592208294,33.0,231.0250000000001,0.92725,0.98725,185.0,38.63476732007388,31.664813037755405,44.88456778504817,4251.0,3512.708656070092,4855.327874217842,False,13878.0,2024.0,280300.0,0.176,2,"Low maternal care, high conflict exposure",82.08,280300.0,estimated
58,NG-KAD-368,North West,Kaduna,Zaria,21244.588545299543,36.12934974546466,4.604322159406537,81.15266504851408,7675.531697516189,978.1692980659697,17240.549783101927,2.0,424.0,0.732,0.907,177.0,18.66611399371733,13.0105673581594,24.44694662256492,4332.0,3018.92322473814,5674.076865422566,False,33578.0,2024.0,601300.0,0.3365,2,"Low maternal care, high conflict exposure",42.94,601300.0,estimated
59,NG-KEB-465,North West,Kebbi,Suru,10292.865901002911,74.21307920070112,27.86656292092136,97.39484881699669,7638.65272313323,2868.267952669036,10024.721183217987,35.0,250.0,0.922,0.9805,20.0,82.46592624204081,65.39938551637262,97.98609052462088,9658.0,7707.797315008731,11324.805679958965,False,8350.0,2024.0,253700.0,1.0,1,Deprived northern rural,76.22,253700.0,estimated
60,NG-KAD-349,North West,Kaduna,Igabi,22484.710045282933,33.79286052282796,4.796605557617084,79.21779351945159,7598.226704564742,1078.502851646128,17811.891177119625,2.0,419.0500000000002,0.70525,0.88975,103.0,21.993360468929943,15.329709114045096,28.804630123641672,5402.0,3764.68561178331,7075.739906324294,False,31867.0,2024.0,636400.0,0.8085,2,"Low maternal care, high conflict exposure",37.98,636400.0,estimated
61,NG-KWA-490,North Central,Kwara,Baruten,10990.82932049224,68.9113487833971,25.41153699816064,96.02880203594768,7573.928727232297,2792.9386591815733,10554.361730284389,27.0,256.0250000000001,0.88675,0.9785,292.0,18.69650180751532,10.29281052015238,27.850069002681582,2646.0,1452.2655638075075,3945.749552462416,False,13874.0,2024.0,310300.0,0.0035,2,"Low maternal care, high conflict exposure",64.86,310300.0,estimated
62,NG-KAD-362,North West,Kaduna,Lere,17732.677516856547,42.06702859942104,6.461343673120507,85.14297080874117,7459.610522459127,1145.769236810273,15098.128441785377,6.0,407.0,0.75025,0.92,747.0,1.0,1.0,1.0,194.0,193.6785722099033,193.72981857962583,False,63454.0,2024.0,501900.0,0.0,2,"Low maternal care, high conflict exposure",32.599999999999994,501900.0,estimated
63,NG-SOK-715,North West,Sokoto,Rabah,9457.37276439938,78.08341155751643,39.03633909382639,97.56334467158511,7384.639298154429,3691.812101678124,9226.929187007583,42.0,208.0250000000001,0.92825,0.9905,751.0,1.827498222098998,1.4978060835771716,2.123125710769795,185.0,152.58303103196258,210.9029573010372,False,18661.0,2024.0,257400.0,0.0,2,"Low maternal care, high conflict exposure",84.45,257400.0,estimated
64,NG-KAT-429,North West,Katsina,Kafur,15707.8756051926,46.98743893761473,8.635597989228788,89.30821585708124,7380.728458386372,1356.4689899125715,14028.423452047213,10.0,388.1000000000004,0.767,0.9315,92.0,34.18761360825112,23.544290587965364,45.49105993782626,5692.0,3920.098739050134,7574.21193193562,False,14933.0,2024.0,374200.0,0.903,2,"Low maternal care, high conflict exposure",43.07,374200.0,estimated
65,NG-KAT-436,North West,Katsina,Mai'Adua,15141.183139478811,48.61362615821617,10.275859457277075,88.8827582583635,7360.678167357088,1555.8866995817757,13457.901207319044,10.0,359.0,0.78,0.9355,41.0,48.67764362539506,33.52326956149746,64.7719267325682,7812.0,5380.22112360631,10395.384847052395,False,9991.0,2024.0,360700.0,0.997,1,Deprived northern rural,44.54,360700.0,estimated
66,NG-NIG-559,North Central,Niger,Shiroro,13788.656524559232,53.07779736359814,10.78615599505571,90.52156442305407,7318.715169268104,1487.266002361386,12481.707598952537,14.0,361.1000000000004,0.781,0.9355,111.0,36.04032731583589,25.04323255599296,47.138163079333545,5335.0,3706.837256609537,6977.274148612063,False,15732.0,2024.0,404200.0,0.808,2,"Low maternal care, high conflict exposure",37.74,404200.0,estimated
67,NG-KAD-346,North West,Kaduna,Birnin Gwari,13496.479002668262,53.37712556072771,12.833813153678888,91.93423959597553,7204.032543531482,1732.1128975279485,12407.885343333568,18.0,341.0,0.77525,0.949,70.0,43.777004545687255,30.51324269056853,57.33459539486432,6454.0,4497.967937141543,8453.946627198857,False,20665.0,2024.0,382000.0,0.96,2,"Low maternal care, high conflict exposure",66.02000000000001,382000.0,estimated
68,NG-KAT-427,North West,Katsina,Ingawa,12689.71351002064,56.54602745545743,14.828469797022075,93.6979982843598,7175.528885395126,1881.6903351620404,11890.007546909315,22.0,323.0500000000002,0.8155,0.95575,59.0,51.17279043733143,35.241624702427416,68.09204361689143,6883.0,4740.254758140496,9158.874951762577,False,9140.0,2024.0,302300.0,0.99,1,Deprived northern rural,58.31,302300.0,estimated
69,NG-KAN-398,North West,Kano,Minjibir,12514.17301548292,57.31321360185603,14.700047099201532,92.5454546488933,7172.27471086954,1839.589327351558,11581.29831272779,22.0,330.0250000000001,0.8085,0.94675,66.0,44.157529297831246,32.05441030182441,56.252326303731294,6562.0,4760.024469306001,8363.559675055341,False,10685.0,2024.0,361200.0,0.9965,1,Deprived northern rural,40.52,361200.0,estimated
70,NG-BAU-099,North East,Bauchi,Itas/Gadau,16124.537490371653,44.32253812497214,7.207639644872905,85.16727715788656,7146.804276645385,1162.1985567084218,13732.829534852151,9.0,407.0500000000002,0.724,0.91075,39.0,40.90102161776782,27.197927452086592,56.18671277934916,8001.0,5310.896871078179,11001.18619811033,False,12169.0,2024.0,408100.0,0.995,1,Deprived northern rural,57.46,408100.0,estimated
71,NG-KAN-410,North West,Kano,Ungogo,20839.63197345785,33.85290837551903,5.5533487525213925,77.36847836703096,7054.821517770047,1157.2974422280706,16123.306155153605,4.0,403.0250000000001,0.68,0.8975,739.0,1.0,1.0,1.0,247.0,247.2915539454756,247.5931143901664,False,27859.0,2024.0,601500.0,0.0,2,"Low maternal care, high conflict exposure",22.91,601500.0,estimated
72,NG-NIG-541,North Central,Niger,Borgu,10114.637950350849,69.73017847389409,25.50929414457889,95.792829359416,7052.955094767882,2580.172746414204,9689.097872102318,36.97500000000001,271.0250000000001,0.878,0.97475,240.0,30.370038773929743,21.10313641396534,39.72183237698158,3298.0,2291.334676814205,4312.913974803659,False,17388.0,2024.0,296500.0,0.0045,2,"Low maternal care, high conflict exposure",67.63,296500.0,estimated
73,NG-BAU-097,North East,Bauchi,Ganjuwa,19648.94019593684,35.873305809494184,5.560482843917575,77.76382962807426,7048.724404813038,1092.5759486066925,15279.768377690523,5.0,411.0250000000001,0.6915,0.90575,273.0,12.394104828992475,8.241700344865139,17.02607858286915,2954.0,1961.104525541116,4062.3037055989257,False,25656.0,2024.0,497300.0,0.0025,1,Deprived northern rural,46.32,497300.0,estimated
74,NG-GOM-284,North East,Gombe,Dukku,12859.921693896618,54.778252223570334,13.739936246446067,92.60465015787192,7044.440341236327,1766.945042084283,11908.885495209242,21.0,340.0,0.79175,0.9475,129.0,34.93424116560416,19.834969213479603,52.081060162025246,5094.0,2892.2329589047376,7594.191708295836,False,13176.0,2024.0,347700.0,0.6025,1,Deprived northern rural,73.03999999999999,347700.0,estimated
75,NG-KAN-402,North West,Kano,Rogo,12968.036986974686,54.2905381852679,13.442788541233153,91.7250294558892,7040.41707229318,1743.2657901079103,11894.935746153138,22.0,333.0250000000001,0.80375,0.94875,192.0,27.02369090379031,19.616778607727014,34.425510277040075,4162.0,3018.708445431106,5303.995470560585,False,16914.0,2024.0,374300.0,0.1335,1,Deprived northern rural,44.85,374300.0,estimated
76,NG-BAU-090,North East,Bauchi,Alkaleri,23161.48952917389,30.377698400196827,4.112151401698127,71.33641975602688,7035.92743416561,952.4355163280892,16522.5773922797,3.0,419.0250000000001,0.66725,0.88675,38.0,28.707323763949702,19.089491611531944,39.435938057061534,8066.0,5354.33622297124,11091.168061833429,False,17938.0,2024.0,586200.0,0.996,2,"Low maternal care, high conflict exposure",45.26,586200.0,estimated
77,NG-SOK-711,North West,Sokoto,Illela,9519.834045283138,73.82479600627438,31.047636849298986,97.04916207893926,7027.998064066169,2955.6835030354378,9238.919172252874,43.0,254.0250000000001,0.88975,0.98025,63.0,66.01512764844406,54.10558467542342,76.69414564419148,6714.0,5548.193669690461,7668.811169254443,False,10320.0,2024.0,259100.0,0.999,2,"Low maternal care, high conflict exposure",75.57,259100.0,estimated
78,NG-KAT-439,North West,Katsina,Mashi,12832.43605694115,54.181426257475096,12.94921069565447,92.36766713882466,6952.79687922921,1661.699182398444,11853.021822877918,22.0,345.0750000000003,0.78375,0.945,89.0,43.191839060021465,29.745311313929967,57.47235130299269,5875.0,4045.959871227312,7817.394298646694,False,11862.0,2024.0,305700.0,0.9325,1,Deprived northern rural,59.4,305700.0,estimated
79,NG-KEB-454,North West,Kebbi,Dandi,10134.638951795534,68.50501520906276,23.822171182981737,96.46532606861211,6942.735955311144,2414.2910398738786,9776.412510726135,39.0,285.0,0.8545,0.97,26.0,80.1248912636116,63.542833895134,95.20447057840938,9240.0,7373.864699045305,10834.169791204817,False,8702.0,2024.0,249800.0,1.0,1,Deprived northern rural,64.32,249800.0,estimated
80,NG-JIG-333,North West,Jigawa,Kafin Hausa,18709.80792105614,37.10328466869704,5.860546973448383,81.40917760174511,6941.953293915887,1096.4970818554616,15231.500759397968,5.0,412.0250000000001,0.67575,0.89975,348.0,9.438616484465978,5.970392583775239,13.2470399065309,2047.0,1294.5366663787474,2872.3033936812103,False,19801.0,2024.0,459600.0,0.0,1,Deprived northern rural,56.08,459600.0,estimated
81,NG-KAT-415,North West,Katsina,Batsari,15594.537112049842,43.867589896758574,7.998664972888831,87.0884700881209,6840.947586611861,1247.3547776656803,13581.04378820844,11.0,399.0,0.7045,0.914,146.0,29.06831121854385,20.018734681897573,38.67916325154147,4805.0,3309.0479126572764,6393.571144962646,False,16679.0,2024.0,371500.0,0.5525,2,"Low maternal care, high conflict exposure",57.17,371500.0,estimated
82,NG-KAD-350,North West,Kaduna,Ikara,10164.756568239944,67.14571345500458,22.32921979972264,95.63563140553914,6825.198318709184,2269.7108362290405,9721.129124872285,41.0,294.0,0.83825,0.96825,524.0,9.081077245428034,6.329649932817146,11.893456279603278,1008.0,702.7230234962865,1320.770405072469,False,38507.0,2024.0,287700.0,0.0,1,Deprived northern rural,46.17,287700.0,estimated
83,NG-SOK-713,North West,Sokoto,Kebbe,7811.334303462736,86.24151336996879,51.43080111652872,98.96503005384382,6736.6129176937975,4017.431810161104,7730.489341028109,61.0,194.0250000000001,0.942,0.9935,47.0,91.10994356491828,74.67313844451714,99.0,7603.0,6283.039209390531,8183.278849498857,False,7059.0,2024.0,212600.0,1.0,1,Deprived northern rural,80.59,212600.0,estimated
84,NG-KAT-437,North West,Katsina,Malumfashi,13722.353114210213,48.93223237163435,11.030485715319308,90.50223934774844,6714.653712701573,1513.6422000686318,12419.03685956574,19.0,369.0250000000001,0.73075,0.923,181.0,29.54916207301807,20.349886553945176,39.31899776273889,4298.0,2959.951034633483,5719.064221810507,False,16515.0,2024.0,326900.0,0.2555,2,"Low maternal care, high conflict exposure",41.39,326900.0,estimated
85,NG-KAT-446,North West,Katsina,Zango,11707.44656945007,57.30610797691556,13.994908504384048,93.49919755335102,6709.081972428758,1638.4464355941864,10946.368596423135,29.0,348.0250000000001,0.774,0.94275,79.0,48.7098958168537,33.54548096754944,64.81484246197779,6045.0,4162.844141446755,8043.232037204831,False,9980.0,2024.0,278900.0,0.952,1,Deprived northern rural,32.480000000000004,278900.0,estimated
86,NG-KAT-426,North West,Katsina,Funtua,16891.633200239183,39.70703740304749,5.714908293177051,84.30968154125505,6707.167112804586,965.3413466135172,14241.282158238562,8.0,426.0250000000001,0.67325,0.88975,515.0,5.829141263893321,4.0144070120846544,7.756429496963431,1044.0,718.7651111621507,1388.7607541596085,False,24605.0,2024.0,402400.0,0.0,2,"Low maternal care, high conflict exposure",49.94,402400.0,estimated
87,NG-NIG-554,North Central,Niger,Mokwa,14211.663305619437,47.15971980718008,9.456765128748607,85.86304214024749,6702.180594869939,1343.9636197009809,12202.566452934108,17.0,376.0,0.7285,0.925,271.0,19.48144121157377,13.537009764419556,25.48032776739268,2972.0,2065.1843795602063,3887.23771401888,False,20568.0,2024.0,416600.0,0.0,2,"Low maternal care, high conflict exposure",45.46,416600.0,estimated
88,NG-KAT-438,North West,Katsina,Mani,13227.021921956675,50.21011137600747,11.009056890993426,90.83891066980236,6641.302438743352,1456.1703683723824,12015.282627961398,22.0,365.0500000000002,0.7365,0.929,75.0,44.628527588633474,30.73472849260879,59.38405197669232,6257.0,4309.088342380617,8325.797514613712,False,11372.0,2024.0,315100.0,0.967,1,Deprived northern rural,62.49,315100.0,estimated
89,NG-GOM-281,North East,Gombe,Akko,20896.91043155476,31.6243622887264,4.334630101542395,71.84491539003677,6608.514662025551,905.8037698585254,15013.367618682283,6.0,444.0500000000002,0.65075,0.87425,491.0,4.931234079552126,2.799856899387334,7.351638112095282,1168.0,663.4089594136444,1741.9256644859383,False,24971.0,2024.0,565000.0,0.0,1,Deprived northern rural,39.14,565000.0,estimated
90,NG-KAT-432,North West,Katsina,Kankia,11359.035646085296,58.17691258485116,16.136662641612514,92.188671268979,6608.336238305119,1832.969261549295,10471.744031095715,35.0,332.0,0.789,0.95375,88.0,48.84770063490424,33.64038424795332,64.9982096694551,5881.0,4050.385444681499,7825.945162666634,False,9933.0,2024.0,270600.0,0.9345,1,Deprived northern rural,57.04,270600.0,estimated
91,NG-KAN-405,North West,Kano,Takai,11547.54669451954,57.16983129482035,13.226126837603347,93.54513270714992,6601.712963947422,1527.293172448627,10802.167879808405,30.0,364.0250000000001,0.7625,0.934,244.0,23.63488228258973,17.156807144068647,30.10850315793853,3241.0,2350.961056277826,4130.735716738333,False,18146.0,2024.0,333300.0,0.0005,1,Deprived northern rural,50.72,333300.0,estimated
92,NG-ZAM-760,North West,Zamfara,Anka,9362.201508528327,70.44049244939099,24.5159404770069,96.5887580198258,6594.780846711672,2295.2317491682466,9042.834160400907,48.0,294.0250000000001,0.83425,0.96725,14.0,99.0,82.45441510388201,99.0,10171.0,8494.333671511233,10191.31683142633,True,8867.0,2024.0,255500.0,1.0,2,"Low maternal care, high conflict exposure",82.49,255500.0,estimated
93,NG-KAN-397,North West,Kano,Makoda,12541.889899238142,52.19687841897908,11.32250695922131,91.43726373076711,6546.475022147559,1420.056356659113,11467.96094398882,25.0,374.0250000000001,0.731,0.92775,78.0,41.13730862731318,29.86200066944056,52.40486379011642,6127.0,4444.277038918225,7808.778393294707,False,11783.0,2024.0,362000.0,0.9895,1,Deprived northern rural,40.69,362000.0,estimated
94,NG-SOK-712,North West,Sokoto,Isa,9530.856624262624,68.4567420937345,25.890800596911586,95.69399699110836,6524.51393859508,2467.6150837653745,9120.457651248727,48.0,284.0250000000001,0.827,0.9695,19.0,94.87301163702983,77.7573254402506,99.0,9659.0,7982.765851982695,10030.294152955888,False,6570.0,2024.0,259400.0,1.0,2,"Low maternal care, high conflict exposure",84.06,259400.0,estimated
95,NG-JIG-320,North West,Jigawa,Babura,14907.597172956395,43.62768881919406,8.3053088039932,86.3410491903658,6503.840105036379,1238.121980469389,12871.375808203862,15.0,389.0250000000001,0.68725,0.91325,139.0,28.312168768508965,17.908849535765683,39.73595390109719,4891.0,3093.979802888946,6864.887583816791,False,13591.0,2024.0,366200.0,0.6315,1,Deprived northern rural,37.54,366200.0,estimated
96,NG-BAU-107,North East,Bauchi,Toro,24410.04474773734,26.509611358303736,3.539963820883387,65.41435741997165,6471.007995013191,864.1067527313471,15967.67391765992,4.0,446.0,0.587,0.845,733.0,1.0,1.0,1.0,296.0,295.606082736054,296.406143031866,False,33410.0,2024.0,617800.0,0.0,2,"Low maternal care, high conflict exposure",35.36,617800.0,estimated
97,NG-KAN-384,North West,Kano,Gaya,11817.786311132955,54.72994426541972,11.088699795619943,92.82402462860664,6467.867861489461,1310.4388465294016,10969.74487600216,27.0,389.0250000000001,0.73025,0.92425,82.0,42.32834282616047,30.726584795872444,53.92212359739806,5941.0,4308.932226003321,7570.971964604641,False,11350.0,2024.0,341100.0,0.9835,1,Deprived northern rural,49.19,341100.0,estimated
98,NG-KAN-374,North West,Kano,Bunkure,9939.96743671664,65.06100283564346,21.41416881584401,95.69929083664576,6467.04249586426,2128.561407138425,9512.478346331342,47.0,303.0250000000001,0.796,0.95775,154.0,39.654704855537936,28.785763154090034,50.5161731755095,4681.0,3395.329665222842,5965.734515586874,False,12322.0,2024.0,286900.0,0.4615,1,Deprived northern rural,50.09,286900.0,estimated
99,NG-KAT-424,North West,Katsina,Dutsin-Ma,12740.086173639644,50.74229351251962,10.57406765412259,90.49224700099596,6464.611919976132,1347.145331194174,11528.79024838972,25.0,376.0500000000002,0.722,0.91575,133.0,37.29262004049625,25.68264322515081,49.62267425098525,5036.0,3468.215124705826,6701.105795725849,False,13874.0,2024.0,303500.0,0.6745,2,"Low maternal care, high conflict exposure",55.66,303500.0,estimated
100,NG-BAU-105,North East,Bauchi,Shira,16507.796528981322,38.89031511273642,5.387370447475994,83.13040356062803,6419.934088290179,889.3361517318076,13722.99787350952,10.0,444.0250000000001,0.63075,0.8755,34.0,41.64714318864627,27.69407545897094,57.21167784729291,8340.0,5536.314707551682,11468.12495659478,False,11816.0,2024.0,417800.0,0.9985,1,Deprived northern rural,62.14,417800.0,estimated
101,NG-KAN-378,North West,Kano,Dawakin Tofa,14028.207790611945,45.41076722692858,8.215753576113968,87.27643651518281,6370.316785904675,1152.522983221899,12243.31986659136,18.0,398.0250000000001,0.68075,0.905,90.0,35.11612188071573,25.49115851526185,44.73446721242706,5850.0,4243.37098359349,7455.778152723808,False,13972.0,2024.0,404900.0,0.9765,1,Deprived northern rural,40.73,404900.0,estimated
102,NG-KAD-347,North West,Kaduna,Chikun,19432.103276093047,32.59079989383255,3.9840690540750674,76.79873042882957,6333.077893874379,774.1884131787305,14923.60861165846,6.0,461.0250000000001,0.5865,0.83675,17.0,46.0716572872132,32.11265079807591,60.33989436112415,9780.0,6815.590287252085,12809.926021371475,False,19485.0,2024.0,550000.0,1.0,2,"Low maternal care, high conflict exposure",33.19,550000.0,estimated
103,NG-KAN-372,North West,Kano,Bebeji,10934.310641435242,57.80843773333571,15.839655744879368,93.5068780975719,6320.954158723598,1731.9571636790536,10224.332522296683,38.0,341.0250000000001,0.751,0.94325,128.0,39.26411165406839,28.502227482142395,50.0185960562624,5099.0,3698.191945870904,6497.876056845112,False,12464.0,2024.0,315600.0,0.8,1,Deprived northern rural,52.97,315600.0,estimated
104,NG-KAT-416,North West,Katsina,Baure,15225.137578843816,41.159296970999314,6.7243982189330485,87.34702936021488,6266.559590319529,1023.79888018188,13298.705391125815,13.0,424.0,0.63475,0.87825,69.0,40.31846200279746,27.766476956572333,53.64894995559344,6507.0,4481.010367508795,8657.976355191562,False,12842.0,2024.0,362700.0,0.98,1,Deprived northern rural,37.22,362700.0,estimated
105,NG-SOK-714,North West,Sokoto,Kware,8502.082586177221,73.69631919802593,33.96890311098257,97.00115391699364,6265.7219211889205,2888.0641961142624,8247.11821556768,60.0,255.0,0.842,0.9805,58.0,76.15771194096568,62.41838316290134,88.47745750994497,6917.0,5716.33897839147,7901.224581293097,False,9002.0,2024.0,231400.0,1.0,2,"Low maternal care, high conflict exposure",77.25,231400.0,estimated
106,NG-KAN-388,North West,Kano,Kabo,8727.353772425658,71.65497799244672,25.40456215529475,96.73867188072307,6253.583424954579,2217.1460136283376,8442.726129776767,60.0,303.0250000000001,0.83025,0.9655,112.0,51.40825943215326,37.31779080361293,65.48903958778297,5328.0,3864.717424636653,6790.468203808919,False,8049.0,2024.0,251900.0,0.9,1,Deprived northern rural,43.46,251900.0,estimated
107,NG-KAT-441,North West,Katsina,Musawa,12752.679339544393,48.76596455717603,11.650318348081203,89.8864342692719,6218.967086812512,1485.7277409669011,11462.92873211059,27.0,369.0,0.68675,0.9225,68.0,48.23784101459548,33.22038675169782,64.18671224061933,6520.0,4490.555490670276,8676.418948236811,False,10141.0,2024.0,303800.0,0.98,2,"Low maternal care, high conflict exposure",54.2,303800.0,estimated
108,NG-KAD-367,North West,Kaduna,Zangon Kataf,16651.545952768458,36.819474920817896,4.7428459280562985,82.39980206317537,6131.011786008037,789.7571691793021,13720.8409055399,11.0,448.0,0.585,0.8425,35.0,44.941832505156775,31.32514561971846,58.860166649770775,8175.0,5697.117379785305,10707.752240715086,False,20066.0,2024.0,471300.0,0.997,2,"Low maternal care, high conflict exposure",18.03,471300.0,estimated
109,NG-KAT-433,North West,Katsina,Katsina,23868.247111471173,25.67398968601887,2.958791693932134,70.15622111554057,6127.931301632627,706.2117130214056,16745.06021992734,3.0,481.0250000000001,0.52675,0.7965,345.0,8.25391965810175,5.684300903446665,10.982912062574846,2088.0,1438.1080876175513,2778.638029736288,False,23778.0,2024.0,568600.0,0.0,2,"Low maternal care, high conflict exposure",47.66,568600.0,estimated
110,NG-KAN-377,North West,Kano,Dawakin Kudu,12850.24023101499,47.65251375017572,10.02098456109204,87.4614564339616,6123.462493015063,1287.7205896132505,11239.00726130858,27.0,393.0,0.6695,0.90575,107.0,35.22889879099919,25.573024448711525,44.87813384544911,5376.0,3899.532812991413,6851.6402797074525,False,13931.0,2024.0,370900.0,0.9155,1,Deprived northern rural,47.08,370900.0,estimated
111,NG-KWA-491,North Central,Kwara,Edu,10721.63723916533,56.67426284898032,13.451827157147507,92.30161151569776,6076.40887063871,1442.256109828882,9896.243952616764,38.0,363.0250000000001,0.6995,0.9325,167.0,32.82451172692728,18.07057186954493,48.89497115480684,4531.0,2487.222303996657,6757.687118283937,False,10282.0,2024.0,302700.0,0.4395,2,"Low maternal care, high conflict exposure",33.06,302700.0,estimated
112,NG-KEB-456,North West,Kebbi,Fakai,8300.829181494662,73.10431113929505,26.549304146093785,96.67550561559824,6068.263991981253,2203.812386042725,8024.868581497089,65.0,296.0500000000002,0.822,0.967,48.0,79.97192590990743,63.42152512442808,95.02271700237851,7553.0,6028.072427630196,8856.842762938317,False,8725.0,2024.0,204600.0,1.0,1,Deprived northern rural,71.86,204600.0,estimated
113,NG-KEB-464,North West,Kebbi,Shanga,8812.023940472338,68.8626946141109,24.461212510955608,95.53253457341305,6068.197135449808,2155.527902595223,8418.349817549168,58.0,298.0750000000003,0.78575,0.96275,86.0,58.96246711201586,46.760029182687305,70.05925845100883,5912.0,4718.13915155041,6932.202142662898,False,11884.0,2024.0,217200.0,0.971,2,"Low maternal care, high conflict exposure",72.97,217200.0,estimated
114,NG-KAN-387,North West,Kano,Gwarzo,10463.12361759646,57.86630113619713,13.234623632520762,93.57902356198288,6054.622620810954,1384.7550309942826,9791.288915429986,44.0,363.0250000000001,0.71375,0.92775,152.0,38.03731892269221,27.61168586461672,48.45578341412013,4726.0,3428.258162536074,6023.591245959791,False,12910.0,2024.0,302000.0,0.5055,1,Deprived northern rural,42.66,302000.0,estimated
115,NG-KAN-376,North West,Kano,Danbatta,11994.4814450725,50.0548987260977,9.288664163907182,91.48364834379224,6003.8255400516255,1114.1270996349456,10972.989225871535,31.0,411.0,0.661,0.895,121.0,36.26314557798898,26.32379496034752,46.1956619921879,5165.0,3746.702540828871,6583.11117662645,False,13555.0,2024.0,346200.0,0.851,1,Deprived northern rural,36.6,346200.0,estimated
116,NG-KAT-414,North West,Katsina,Batagarawa,14184.102530717742,42.0192199499743,7.491948334378053,84.80761839539261,5960.049240312169,1062.665633296583,12029.199547062328,20.0,417.0250000000001,0.6235,0.87975,93.0,37.85556738231973,26.070333221694348,50.37174880067979,5691.0,3919.605764160033,7573.259431362725,False,13682.0,2024.0,337900.0,0.9,1,Deprived northern rural,58.12,337900.0,estimated
117,NG-KEB-453,North West,Kebbi,Bunza,8564.540763506957,69.36705949844165,24.893073608305027,95.99686014524892,5940.970087190121,2131.977436473076,8221.690218826609,62.0,311.0,0.76775,0.963,36.0,83.50343038020829,66.22217543942153,99.0,8138.0,6494.232424424647,9486.19194101124,False,8194.0,2024.0,211100.0,1.0,1,Deprived northern rural,77.67,211100.0,estimated
118,NG-ZAM-770,North West,Zamfara,Shinkafi,8863.861232536214,66.9543557072092,21.386800399281373,96.1285323815146,5934.741179025717,1895.696309471802,8520.699715171093,57.0,328.0,0.73875,0.95025,21.0,99.0,83.16899873746337,99.0,9630.0,8111.885995316231,9653.368174296864,True,8668.0,2024.0,241900.0,1.0,2,"Low maternal care, high conflict exposure",84.18,241900.0,estimated
119,NG-KEB-450,North West,Kebbi,Augie,8065.517308314461,73.366365206031,29.176717293635647,96.91586871277131,5917.376884173627,2353.253183316161,7816.766165531891,68.0,297.0,0.78925,0.96675,33.0,92.86757029392508,73.64838192437597,99.0,8523.0,6801.672872864666,9047.598003252491,False,6786.0,2024.0,198800.0,1.0,2,"Low maternal care, high conflict exposure",72.53999999999999,198800.0,estimated
120,NG-KAT-417,North West,Katsina,Bindawa,11329.651592307544,52.1261334140037,11.751818014779968,91.0442104975906,5905.709304348015,1331.4400368366032,10314.991844344106,38.0,378.0500000000002,0.65925,0.91325,94.0,47.29373141007901,32.5701983199946,62.93045179790244,5680.0,3911.38801995966,7557.381531258828,False,10463.0,2024.0,269900.0,0.894,1,Deprived northern rural,65.22,269900.0,estimated
121,NG-JIG-332,North West,Jigawa,Jahun,16092.226003467127,36.59219850452671,5.891598130232254,81.31398184077814,5888.499282985738,948.089286333018,13085.22973023624,14.0,429.0,0.57725,0.86175,135.0,26.905010200471622,17.018752020665588,37.76101554691294,5017.0,3173.8468844650656,7042.09576602782,False,14054.0,2024.0,395300.0,0.687,1,Deprived northern rural,41.17,395300.0,estimated
122,NG-KAT-443,North West,Katsina,Sabuwa,10553.07302818124,55.63914274016636,12.807759279284246,92.41056047323266,5871.639365623747,1351.6121900165258,9752.15393249183,46.0,375.0250000000001,0.6805,0.924,96.0,50.3840777552975,34.69845486352007,67.0425589613298,5636.0,3881.35193063334,7499.347353727058,False,9409.0,2024.0,251400.0,0.8855,2,"Low maternal care, high conflict exposure",66.61,251400.0,estimated
123,NG-NAS-532,North Central,Nasarawa,Lafia,18579.038115038114,31.386459813182054,5.485420397151439,69.37545038441444,5831.3023316522,1019.138346356841,12889.291369399712,12.0,416.0,0.56725,0.8605,741.0,1.0,1.0,1.0,231.0,229.66381417107883,231.8582823436808,False,24486.0,2024.0,509300.0,0.0,4,Near-average,24.86,509300.0,estimated
124,NG-KAN-381,North West,Kano,Gabasawa,12036.056770705334,48.05534251919335,10.180259000879296,89.58248740327127,5783.968306967002,1225.3017527506718,10782.199040467684,33.0,390.0,0.62425,0.89125,100.0,38.39490424798122,27.87126077555469,48.91131176272662,5488.0,3980.705792945287,6994.2645595245,False,12780.0,2024.0,347400.0,0.9395,1,Deprived northern rural,42.31,347400.0,estimated
125,NG-SOK-722,North West,Sokoto,Tangaza,7278.576319454224,79.11014168090911,39.94170510466319,97.91633965429509,5758.092038673356,2907.1874893342538,7126.91551095389,80.0,259.0250000000001,0.80325,0.97925,53.0,91.12533443637884,74.68575270625837,99.0,7085.0,5855.50482111343,7625.327162524203,False,7057.0,2024.0,198100.0,1.0,2,"Low maternal care, high conflict exposure",78.19,198100.0,estimated
126,NG-KAT-428,North West,Katsina,Jibia,12559.58412900488,45.797875194716575,9.059227550602152,86.22632164814485,5752.022664377074,1137.8013056558657,10829.667408745096,30.0,412.0500000000002,0.60875,0.88575,114.0,39.69394229546204,27.336383366656843,52.817945377026064,5284.0,3639.23632947633,7031.544117822968,False,13055.0,2024.0,299200.0,0.7855,2,"Low maternal care, high conflict exposure",51.14,299200.0,estimated
127,NG-NIG-550,North Central,Niger,Lavun,12274.019340763016,46.59365778819635,8.337309753263375,86.97835172163516,5718.914568492133,1023.323011614868,10675.739712590384,30.0,426.0750000000003,0.6185,0.8985,193.0,30.71587158958949,21.343444210067265,40.17415689445595,4047.0,2812.175925164734,5293.278616161254,False,17287.0,2024.0,359800.0,0.1745,2,"Low maternal care, high conflict exposure",46.35,359800.0,estimated
128,NG-NIG-552,North Central,Niger,Mariga,11680.44530927531,48.82333543900603,10.178431624833015,87.77458065386685,5702.7829941171385,1188.8861392806027,10252.461888720663,34.0,396.0250000000001,0.619,0.89875,178.0,34.51318438727905,23.98207139696861,45.140769665535856,4327.0,3007.026610042667,5660.040508395404,False,16178.0,2024.0,342400.0,0.316,2,"Low maternal care, high conflict exposure",76.03999999999999,342400.0,estimated
129,NG-SOK-718,North West,Sokoto,Silame,6631.918352657685,85.9119691594375,50.233691418308695,99.0843826332648,5697.611649814342,3331.457400388243,6571.195356473053,87.0,227.0250000000001,0.833,0.98975,54.0,99.0,89.20476797042694,99.0,7014.0,6372.463831477012,7060.593376150484,True,4755.0,2024.0,180500.0,1.0,1,Deprived northern rural,79.57,180500.0,estimated
130,NG-KAT-423,North West,Katsina,Dutsi,9071.277173388886,62.60049922179155,17.772338745656988,95.79254613618006,5678.664796333867,1612.178107812131,8689.607371459319,60.0,351.0,0.681,0.9325,109.0,55.73500952002587,38.383529049415664,74.16266861337432,5359.0,3690.68757385198,7130.955549780269,False,7584.0,2024.0,216100.0,0.815,1,Deprived northern rural,54.04,216100.0,estimated
131,NG-KAT-413,North West,Katsina,Bakori,11216.313099164789,50.6127770667849,11.243256454105577,89.76766175832738,5676.887543992884,1261.0788464345342,10068.622004613211,41.0,395.0,0.626,0.898,274.0,24.61457677984664,16.951541427993227,32.75289116307263,2926.0,2015.3629153320023,3893.979936889795,False,18198.0,2024.0,267200.0,0.0,2,"Low maternal care, high conflict exposure",49.38,267200.0,estimated
132,NG-NIG-558,North Central,Niger,Rijau,10309.0846158382,54.33017748286443,11.802582375580537,91.62389865284754,5600.943968643548,1216.7382039526035,9445.585240451888,45.0,401.0250000000001,0.62375,0.90975,163.0,41.30999764554213,28.70495234015993,54.030513895106296,4572.0,3176.640831362732,5979.300524341152,False,14193.0,2024.0,302200.0,0.464,2,"Low maternal care, high conflict exposure",66.37,302200.0,estimated
133,NG-KEB-462,North West,Kebbi,Ngaski,8738.996117761242,63.722288256988016,18.375481518772585,94.8111200821075,5568.688296926844,1605.8326165454705,8285.540103181324,64.0,362.0,0.6705,0.93325,37.0,81.44172343897804,64.58714418208072,96.76913179815335,8098.0,6462.907376220301,9495.731033397762,False,8504.0,2024.0,215400.0,1.0,2,"Low maternal care, high conflict exposure",65.87,215400.0,estimated
134,NG-SOK-704,North West,Sokoto,Binji,6613.547387691874,84.01702869972763,48.99593431867861,98.68878208453964,5556.506006787181,3240.369334208196,6526.829369496998,89.0,236.0250000000001,0.792,0.9845,56.0,99.0,91.94206276827626,99.0,6994.0,6549.812282406748,7049.843625001962,True,4321.0,2024.0,180000.0,1.0,2,"Low maternal care, high conflict exposure",81.05,180000.0,estimated
135,NG-BOR-143,North East,Borno,Bama,11722.842804548802,47.28905731143557,8.733046116403429,88.94034810556343,5543.621852372601,1023.761268274728,10426.337198233698,34.0,432.0,0.578,0.8735,760.0,1.0,1.0,1.2252238585130135,151.0,149.93096903129998,184.729011416714,False,28081.0,2024.0,395800.0,0.0,2,"Low maternal care, high conflict exposure",51.44,395800.0,estimated
136,NG-JIG-324,North West,Jigawa,Dutse,17578.100653420457,31.52179366468479,4.953908050376158,72.7884391005599,5540.93261814177,870.80294337302,12794.82508915007,14.0,442.0,0.515,0.83025,282.0,13.769504085876813,8.709893575174014,19.325413890791285,2805.0,1774.2995123089258,3936.79579958749,False,18376.0,2024.0,431800.0,0.0,1,Deprived northern rural,53.04,431800.0,estimated
137,NG-KAT-442,North West,Katsina,Rimi,11560.526300561309,47.7776981552918,10.325898248759753,89.16363804808555,5523.353361045296,1193.7281828170708,10307.78582708622,37.0,402.0250000000001,0.5865,0.879,123.0,41.781538688057445,28.77406710383913,55.59576349881,5120.0,3525.92282029363,6812.605618965394,False,12343.0,2024.0,275400.0,0.72,1,Deprived northern rural,64.6,275400.0,estimated
138,NG-KAN-379,North West,Kano,Doguwa,8585.304743180142,64.25034445464928,19.19270247457914,95.53668247581028,5516.087869974564,1647.7519958944954,8202.115332072693,68.0,347.0,0.66225,0.934,182.0,42.10553966194193,30.56484965905725,53.63829439557402,4293.0,3113.8466299350066,5471.157191809219,False,11431.0,2024.0,247800.0,0.2035,1,Deprived northern rural,46.85,247800.0,estimated
139,NG-KAD-353,North West,Kaduna,Kachia,13182.032240564213,41.67968103136708,5.909974517981252,85.89920693987263,5494.228991319155,779.0547463694179,11323.261153202982,27.0,463.0,0.5475,0.83375,49.0,51.99497275389795,36.24129240440427,68.09764067572368,7487.0,5217.87360656573,9807.01187599154,False,16439.0,2024.0,373100.0,0.993,2,"Low maternal care, high conflict exposure",35.08,373100.0,estimated
140,NG-OYO-662,South West,Oyo,Saki West,11421.006306261128,47.9874975313781,8.862486170093423,89.67443840718855,5480.655119275624,1012.1851043778902,10241.723265589257,35.97500000000001,425.0,0.57725,0.8685,525.0,7.337451830779942,3.493456574676094,12.544278849874663,983.0,467.14624965859554,1682.5843602591633,False,12749.0,2024.0,390500.0,0.0,4,Near-average,58.62,390500.0,estimated
141,NG-KAT-420,North West,Katsina,Dandume,10901.483951546012,50.21556887647054,10.531151743123544,90.78811025692552,5474.242182245977,1148.051817189571,9897.251269570635,44.0,400.0,0.596,0.88575,317.0,20.79415810070083,14.320499420200363,27.66932794301016,2403.0,1654.7703374584396,3197.261617350948,False,19501.0,2024.0,259700.0,0.0,2,"Low maternal care, high conflict exposure",59.36,259700.0,estimated
142,NG-GOM-289,North East,Gombe,Nafada,8680.539607585666,62.56994349340245,17.224522438798928,94.62795481225886,5431.408727388781,1495.1814925174217,8214.217097326398,62.0,359.0,0.64475,0.917,116.0,53.32523236799129,30.2770092330546,79.49892547961691,5249.0,2980.0469911925893,7824.766701855469,False,5946.0,2024.0,234700.0,0.6495,1,Deprived northern rural,67.97999999999999,234700.0,estimated
143,NG-JIG-335,North West,Jigawa,Kazaure,11280.434671289506,48.14251910104588,10.135348719104451,88.19865777177984,5430.685416306552,1143.3113909659555,9949.19197089983,42.0,405.0250000000001,0.5755,0.88625,162.0,35.09570640103456,22.199773193872392,49.25660704697028,4588.0,2902.127643353144,6439.208170300256,False,11359.0,2024.0,277100.0,0.468,1,Deprived northern rural,32.870000000000005,277100.0,estimated
144,NG-SOK-726,North West,Sokoto,Yabo,7311.644056392683,73.94541429737714,30.818827642118205,97.36078256003012,5406.625489449119,2253.362979544841,7118.673871307847,80.0,295.0250000000001,0.6805,0.963,43.0,99.0,82.56966629453409,99.0,7733.0,6503.029301230598,7743.119410653096,True,5807.0,2024.0,199000.0,1.0,1,Deprived northern rural,80.75,199000.0,estimated
145,NG-KAN-390,North West,Kano,Karaye,8207.662202015237,64.96637468444109,22.299455646673785,95.78116149047388,5332.220578994458,1830.2639923671968,7861.394188304799,77.0,337.0,0.63875,0.937,142.0,49.69460052711433,36.07382796119478,63.306007578691855,4844.0,3513.4270646271075,6173.236526081881,False,8672.0,2024.0,236900.0,0.6505,1,Deprived northern rural,44.23,236900.0,estimated
146,NG-NIG-544,North Central,Niger,Edati,9350.49666843564,56.97871915131847,13.139100452004834,92.9285350745766,5327.793235961336,1228.5711500271243,8689.279576174331,57.0,392.0,0.59625,0.90175,138.0,48.781356098705885,33.896552450005494,63.802514856780185,4896.0,3402.368810112044,6404.181867037748,False,12011.0,2024.0,274100.0,0.6435,2,"Low maternal care, high conflict exposure",40.32,274100.0,estimated
147,NG-BAU-098,North East,Bauchi,Giade,11007.831768727132,48.352741953000624,9.169581305284272,89.3257063641843,5322.588489753071,1009.372083982346,9832.823482796592,42.0,427.0,0.54325,0.86325,76.0,46.59521853546344,30.98439411085835,64.00896743385478,6222.0,4130.375943721911,8555.811933108715,False,9475.0,2024.0,278600.0,0.93,1,Deprived northern rural,59.82,278600.0,estimated
148,NG-KAN-371,North West,Kano,Bagwai,9205.470017203244,57.74316221393132,14.197899846977794,92.808910103591,5315.529484588464,1306.9834134860862,8543.496392879182,64.0,385.0250000000001,0.6,0.911,119.0,47.57659513886397,34.536345796408305,60.607878129253386,5201.0,3772.6072100209535,6628.626750768474,False,9442.0,2024.0,265700.0,0.8585,1,Deprived northern rural,41.71,265700.0,estimated
149,NG-NIG-557,North Central,Niger,Rafi,10889.013267291704,48.72946725525486,10.584190444014686,88.56090929673724,5306.158154505261,1152.51390168418,9643.40916295589,44.0,408.0250000000001,0.5585,0.886,85.0,50.59954644638231,35.15995284337305,66.1805774189474,5915.0,4109.869105524595,7735.889514174246,False,11480.0,2024.0,319200.0,0.913,2,"Low maternal care, high conflict exposure",47.18,319200.0,estimated
150,NG-KAD-364,North West,Kaduna,Sabon Gari,15210.037200651012,34.417978419913474,4.221151113150024,82.59565971556296,5234.987321380882,642.038654605813,12562.830568860249,18.0,486.0500000000002,0.47325,0.78725,77.0,37.301416724262346,25.999658793958726,48.85353983753782,6198.0,4319.221074601502,8117.991267620843,False,23995.0,2024.0,430500.0,0.9435,2,"Low maternal care, high conflict exposure",39.28,430500.0,estimated
151,NG-YOB-751,North East,Yobe,Jakusko,12119.574211579034,43.07435804665288,8.95974974593005,83.18568060844103,5220.428789625371,1085.8835196297564,10081.75029474712,37.0,412.0500000000002,0.52,0.864,218.0,24.68627477914314,15.33337433465324,35.00647580610031,3556.0,2203.283182966976,5048.198652302979,False,16136.0,2024.0,365500.0,0.082,1,Deprived northern rural,58.1,365500.0,estimated
152,NG-NIG-551,North Central,Niger,Magama,10619.51701161625,49.04990162605712,8.509827185124351,90.31203411690096,5208.862647360191,903.7025455834248,9590.70182658097,45.0,432.0250000000001,0.5345,0.86025,150.0,41.52913923170276,28.857226587194816,54.31713537152569,4734.0,3289.656362821628,6192.026439036704,False,14129.0,2024.0,311300.0,0.5565,2,"Low maternal care, high conflict exposure",64.77000000000001,311300.0,estimated
153,NG-OND-592,South West,Ondo,Ilaje,12372.109926076406,41.71518684228824,6.875554201267712,84.69265253087619,5161.0487719960665,850.6511238078059,10478.268070429936,33.0,455.0250000000001,0.5,0.8205,758.0,1.0568068860583022,1.0,1.9845113804034675,154.0,144.6742256631885,290.58290561382387,False,20236.0,2024.0,445200.0,0.0,4,Near-average,,445200.0,estimated
154,NG-KAN-400,North West,Kano,Rano,8450.184934873434,60.84309604846353,15.636027212329084,94.9508514893523,5141.354136197842,1321.2732159089426,8023.522548087296,74.0,381.0250000000001,0.57975,0.91075,149.0,47.22726178262008,34.28276107572273,60.162861973307045,4739.0,3437.646729352125,6040.087345787767,False,9569.0,2024.0,243900.0,0.5305,1,Deprived northern rural,53.74,243900.0,estimated
155,NG-KAT-419,North West,Katsina,Dan Musa,8491.991541770345,60.2454081279941,16.722552039042686,94.07803607679467,5116.0349625342615,1420.0777047236493,7989.098866305059,74.0,368.0500000000002,0.55675,0.91325,141.0,53.87317846764093,37.10132515459719,71.68526059745747,4849.0,3339.588202053332,6452.5795117785365,False,8219.0,2024.0,202300.0,0.5805,2,"Low maternal care, high conflict exposure",64.32,202300.0,estimated
156,NG-SOK-709,North West,Sokoto,Gudu,6051.395859738065,84.0988797906099,46.00070965344126,98.9666208744693,5089.156129735067,2783.685039418473,5988.861998120302,105.0,261.0,0.6135,0.979,71.0,99.0,91.01491453029504,99.0,6400.0,5932.6437456192325,6448.741220953173,True,4468.0,2024.0,164700.0,1.0,2,"Low maternal care, high conflict exposure",67.06,164700.0,estimated
157,NG-GOM-288,North East,Gombe,Kwami,12012.949571980504,42.11089953263005,7.168303090061102,84.1159187562327,5058.7611251622,861.1246353757602,10104.802902194324,39.0,450.0250000000001,0.49675,0.84525,171.0,32.88147077828377,18.669446904240733,49.020725817447584,4479.0,2542.989236008993,6677.175747868635,False,13983.0,2024.0,324800.0,0.407,1,Deprived northern rural,60.33,324800.0,estimated
158,NG-KAT-430,North West,Katsina,Kaita,13684.573616495958,36.927697261746616,6.1596714002977695,83.52870344912213,5053.397916660479,842.9247673079957,11430.546914399718,27.0,459.0250000000001,0.459,0.7965,81.0,41.142358893695366,28.33387742026365,54.745251770510976,5968.0,4109.899711270644,7940.935548911119,False,12561.0,2024.0,326000.0,0.946,1,Deprived northern rural,58.91,326000.0,estimated
159,NG-KAN-382,North West,Kano,Garko,9229.722290489064,54.6108184207641,13.420623712080037,92.23794553883566,5040.426880799776,1238.686298276512,8513.306219687078,66.97500000000001,385.0250000000001,0.527,0.88975,118.0,47.49682610476104,34.4784406239683,60.50626026687195,5206.0,3776.204347959369,6634.947070758705,False,9471.0,2024.0,266400.0,0.864,1,Deprived northern rural,46.45,266400.0,estimated
160,NG-TAR-731,North East,Taraba,Gassol,13168.404219645105,37.77015945861183,5.881855725137513,79.73866305514544,4973.727271914531,774.5465375024454,10500.309470442362,35.0,461.0750000000003,0.4655,0.8185,565.0,5.6067644444243445,3.0274970142586866,8.782742122427452,862.0,465.7271180559734,1351.070259703792,False,22139.0,2024.0,385500.0,0.0,2,"Low maternal care, high conflict exposure",51.42,385500.0,estimated
161,NG-KAN-408,North West,Kano,Tsanyawa,8987.199557630867,55.29493126399804,13.105863596580251,92.52720406292376,4969.465817950318,1177.8501151755654,8315.604474231295,70.0,401.0250000000001,0.5115,0.8845,131.0,47.628857609483134,34.57428366800692,60.67445534943433,5083.0,3687.2010142185486,6478.564535790616,False,9423.0,2024.0,259400.0,0.7845,1,Deprived northern rural,40.24,259400.0,estimated
162,NG-KAD-363,North West,Kaduna,Makarfi,7652.715581094098,64.84761362618524,18.85401010768997,95.95998212210134,4962.603431938781,1442.843769172246,7343.544503473159,83.0,373.0,0.54325,0.91075,165.0,54.56381705182658,38.03181622645278,71.46204739981627,4561.0,3178.8508189663594,5974.66134372832,False,15118.0,2024.0,216600.0,0.462,1,Deprived northern rural,44.66,216600.0,estimated
163,NG-KAT-445,North West,Katsina,Sandamu,10271.82565630847,48.07907086415642,10.232157358837703,89.02744164496751,4938.598336339155,1051.0293647789465,9144.743592042823,58.0,421.0,0.486,0.855,73.0,58.121671687965005,40.02717309726171,77.33843258968349,6328.0,4358.09308709108,8420.481946515898,False,6770.0,2024.0,244700.0,0.972,1,Deprived northern rural,38.64,244700.0,estimated
164,NG-JIG-322,North West,Jigawa,Birniwa,9941.112041605547,48.950204540501865,7.79219560616353,89.3824515839826,4866.194677966391,774.630895709781,8885.609657497544,55.0,455.0250000000001,0.48725,0.83275,199.0,34.797862902832264,22.0113724239376,48.83858553787729,4009.0,2535.853898062709,5626.524104303906,False,11457.0,2024.0,244200.0,0.1725,1,Deprived northern rural,51.27,244200.0,estimated
165,NG-KAT-418,North West,Katsina,Charanchi,10276.02337827672,47.33440215458226,9.690958646144455,88.64895173862932,4864.094231372389,995.8451760569336,9109.587005258798,57.0,428.0,0.4595,0.85025,168.0,41.541113260820325,28.608491167815323,55.27584624321128,4525.0,3116.1186139124475,6020.803137357019,False,12425.0,2024.0,244800.0,0.3975,1,Deprived northern rural,61.67,244800.0,estimated
166,NG-BAU-109,North East,Bauchi,Zaki,13382.457358463316,36.30178410853585,4.981579518835862,79.089569516739,4858.07077868622,666.6577548861512,10584.1279155698,33.0,487.0250000000001,0.43075,0.78625,140.0,29.88040442071328,19.86955434190252,41.04742704490512,4851.0,3220.0957479888484,6670.224212464698,False,17383.0,2024.0,338700.0,0.5695,1,Deprived northern rural,56.99,338700.0,estimated
167,NG-GOM-282,North East,Gombe,Balanga,13096.630059846972,37.04560629378717,5.0351258238219385,79.5998484919082,4851.726009724715,659.4318021937814,10424.897685183896,34.0,491.0250000000001,0.44775,0.7935,95.0,38.21816504420468,21.69951605514921,56.976836666176126,5675.0,3222.352332496536,8460.992496925264,False,11885.0,2024.0,354100.0,0.763,2,"Low maternal care, high conflict exposure",33.41,354100.0,estimated
168,NG-KAN-403,North West,Kano,Shanono,7927.02875399361,60.67408817337437,16.4870271107112,94.62962654069226,4809.652415726822,1306.9313797447987,7501.317705677445,86.0,385.0250000000001,0.47575,0.897,173.0,46.83941923749891,34.00122213385924,59.66878891827999,4409.0,3198.336833190254,5619.6099700332425,False,9710.0,2024.0,228800.0,0.285,1,Deprived northern rural,41.53,228800.0,estimated
169,NG-PLA-680,North Central,Plateau,Wase,7415.034871642677,64.66526896455343,16.71567760662651,95.4693675704711,4794.952243563166,1239.4733235627216,7079.086897087158,85.0,391.0,0.51375,0.90025,305.0,27.733674920007783,15.334309043676972,42.812710678576266,2486.0,1369.8942567881677,3843.6477602791233,False,10292.0,2024.0,235200.0,0.0,2,"Low maternal care, high conflict exposure",43.88,235200.0,estimated
170,NG-JIG-330,North West,Jigawa,Gwiwa,9012.949246566208,53.17264456489259,11.414716642474362,92.3385600284294,4792.423467690827,1028.8026176255603,8322.427550372413,68.0,425.0250000000001,0.4655,0.87025,157.0,44.36532547773844,28.0632665438838,62.26646013608899,4634.0,2931.21236795582,6503.741030087257,False,8309.0,2024.0,221400.0,0.5005,1,Deprived northern rural,42.79,221400.0,estimated
171,NG-BAY-116,South South,Bayelsa,Southern Ijaw,13035.543075589188,36.70570001332186,6.652024933860611,78.41869510910536,4784.787336433101,867.1275756523331,10222.302780262382,34.0,452.0250000000001,0.43775,0.782,294.0,17.975272546730864,7.104932987653843,34.4991975665323,2624.0,1037.2198267847268,5036.395387029102,False,10479.0,2024.0,479000.0,0.0465,3,Geographically isolated,39.73,479000.0,estimated
172,NG-KAN-370,North West,Kano,Albasu,10691.787908577046,44.516156058496136,8.3130611648979,87.30826608566235,4759.572990825576,888.8148684611676,9334.81463653512,53.0,452.0,0.43625,0.81875,125.0,40.26259990852928,29.22704050268459,51.29057136814054,5112.0,3708.125421788507,6515.329584479963,False,12101.0,2024.0,308600.0,0.813,1,Deprived northern rural,50.08,308600.0,estimated
173,NG-JIG-337,North West,Jigawa,Kiyawa,12106.82523003067,38.862510668912,6.403635757714453,81.52902827686076,4705.0162466872,775.276989554239,9870.576965221817,42.0,461.0250000000001,0.42225,0.80275,276.0,20.692845809395312,13.08925024773991,29.042281214401903,2903.0,1836.4841386171856,4074.770348952441,False,16098.0,2024.0,297400.0,0.0005,1,Deprived northern rural,54.65,297400.0,estimated
174,NG-TAR-737,North East,Taraba,Sardauna,12054.811541148523,38.532379309591775,4.323065405678704,83.63930363978467,4645.005708091787,521.1373874551556,10082.560428105018,38.0,512.0750000000003,0.4115,0.7575,300.0,18.0173177122292,9.728850947709912,28.223310747737408,2537.0,1370.0506678050524,3974.5048973855546,False,16941.0,2024.0,352900.0,0.0045,2,"Low maternal care, high conflict exposure",41.01,352900.0,estimated
175,NG-KAT-434,North West,Katsina,Kurfi,8756.448025770114,53.00082133558978,11.994388392176798,91.73679872256864,4640.989373482196,1050.282385569965,8032.885100647065,76.0,420.0500000000002,0.4135,0.85975,184.0,45.8365187596297,31.5666466101918,60.99144111457854,4254.0,2929.883595403855,5660.969471617819,False,10960.0,2024.0,208600.0,0.2255,2,"Low maternal care, high conflict exposure",60.28,208600.0,estimated
176,NG-JIG-338,North West,Jigawa,Maigatari,12395.85838111748,37.17545596663921,5.652095884748078,81.08601101938315,4608.2168741592905,700.6258014383407,10051.30709286005,39.0,479.0750000000003,0.395,0.77275,156.0,32.3999188203669,20.494553980278912,45.47308583711838,4654.0,2944.131574841121,6532.406021001824,False,12246.0,2024.0,304500.0,0.5245,1,Deprived northern rural,40.12,304500.0,estimated
177,NG-YOB-756,North East,Yobe,Potiskum,10680.47839548456,43.07785154138044,7.571064414057711,86.13412841267474,4600.920627116057,808.6258990516535,9199.536976254652,50.0,458.0,0.40675,0.79475,763.0,1.0,1.0,1.0,127.0,126.62980114200322,127.084149905108,False,27181.0,2024.0,322100.0,0.0,1,Deprived northern rural,49.27,322100.0,estimated
178,NG-KAN-369,North West,Kano,Ajingi,9836.029122634554,46.33470703628452,9.573630215930608,88.13997804582607,4557.495277976345,941.665056132276,8669.473909271157,64.0,441.0250000000001,0.401,0.807,98.0,47.65361351661853,34.59225423876417,60.70599192741479,5566.0,4037.549954186192,7094.142099604897,False,9414.0,2024.0,283900.0,0.95,1,Deprived northern rural,46.99,283900.0,estimated
179,NG-NIG-548,North Central,Niger,Kontagora,8893.376437289935,51.00620078157757,9.697737830112237,90.3729045536942,4536.173441865623,862.4563311333537,8037.202599272765,68.97500000000001,446.0250000000001,0.40575,0.82825,213.0,38.42349206533267,26.69921499249732,50.25517163539452,3668.0,2548.9208356501545,4797.761062137137,False,15036.0,2024.0,260700.0,0.0455,2,"Low maternal care, high conflict exposure",,260700.0,estimated
180,NG-KWA-493,North Central,Kwara,Ifelodun,10898.737292669875,41.6100200066262,7.408168253508465,82.60810205967869,4534.966767949547,807.3967961488577,9003.240025944993,54.0,457.0,0.4045,0.79975,243.0,23.19606844109196,12.769914914279632,34.55256567919364,3255.0,1786.675926348183,4854.3296160661,False,12730.0,2024.0,307700.0,0.043,4,Near-average,23.17,307700.0,estimated
181,NG-KAN-391,North West,Kano,Kibiya,7899.311870238388,56.90238285703138,12.092227812979148,94.17278740283768,4494.896683473986,955.2027870069296,7439.0021738467185,89.0,437.0,0.4075,0.84325,143.0,51.55129356226888,37.42162076798813,65.67125092722559,4836.0,3507.769860683507,6163.296584999358,False,7997.0,2024.0,228000.0,0.6325,1,Deprived northern rural,50.11,228000.0,estimated
182,NG-SOK-719,North West,Sokoto,Sokoto North,14777.604218498178,29.921760632306828,3.400766130589548,77.38985816901311,4421.719361448717,502.5517591752583,11436.366945473836,23.0,540.0500000000002,0.35525,0.67225,8.0,75.1880870389492,61.62368467320315,87.35098004781678,11869.0,9809.160347708235,13558.3944818764,False,9128.0,2024.0,402200.0,1.0,2,"Low maternal care, high conflict exposure",63.91,402200.0,estimated
183,NG-KEB-466,North West,Kebbi,Yauri,6970.09996764801,63.09868222256559,16.92039366858456,95.1155497577522,4398.041229181376,1179.3683536199285,6629.648902893312,101.0,407.0250000000001,0.365,0.87525,51.0,91.02533538192256,72.18740238152625,99.0,7219.0,5761.303110168052,7806.418667978448,False,7063.0,2024.0,171800.0,1.0,2,"Low maternal care, high conflict exposure",64.8,171800.0,estimated
184,NG-KAD-359,North West,Kaduna,Kauru,11549.735565372392,37.781458361319416,6.185101778201918,82.09632036645716,4363.65853347367,714.3628998314671,9481.90791122676,51.0,480.0,0.3615,0.759,57.0,55.3902809629694,38.60787423127535,72.54446440037596,6988.0,4870.296926283384,9153.740277565415,False,14693.0,2024.0,326900.0,0.9835,2,"Low maternal care, high conflict exposure",36.67,326900.0,estimated
185,NG-KOG-479,North Central,Kogi,Lokoja,9011.732375131529,48.38442861575156,10.148613237514969,85.96487155488373,4360.275218088095,914.5658647520204,7746.924161151691,74.0,441.0,0.37425,0.8215,214.0,32.562085833500426,16.443353898301307,52.299098828975495,3648.0,1838.0997176646856,5864.728673682083,False,8359.0,2024.0,265000.0,0.1685,4,Near-average,30.16,265000.0,estimated
186,NG-KAT-421,North West,Katsina,Danja,9415.49037478541,46.19827257679065,9.34299982268838,88.55681563272712,4349.79390778485,879.6892490214425,8338.058452115883,69.97500000000001,460.0,0.358,0.7715,231.0,33.65398644048095,23.1767927787418,44.78099968759497,3359.0,2313.077718174724,4469.20907322313,False,15115.0,2024.0,224300.0,0.0065,1,Deprived northern rural,47.44,224300.0,estimated
187,NG-NIG-540,North Central,Niger,Bida,10858.311162214752,39.95859847094799,5.450080814102988,84.26302888645405,4338.8289580355295,591.7867333874694,9149.54187119808,52.0,503.0500000000002,0.359,0.7545,155.0,39.94721090660576,27.757996866411748,52.24808658862315,4656.0,3235.5013453955007,6090.091992783036,False,14591.0,2024.0,318300.0,0.514,2,"Low maternal care, high conflict exposure",44.0,318300.0,estimated
188,NG-KWA-499,North Central,Kwara,Kaiama,6595.205992509364,65.63173295998514,20.85389443640368,95.12064781326724,4328.54798516469,1375.3572955412724,6273.402664694327,105.0,378.0250000000001,0.34125,0.88775,234.0,39.45586604878935,21.721269429421284,58.77295139658947,3350.0,1839.056894777921,4996.646688019051,False,8596.0,2024.0,186200.0,0.0595,2,"Low maternal care, high conflict exposure",68.05,186200.0,estimated
189,NG-BAU-102,North East,Bauchi,Kirfi,10276.8738084922,42.01258864682652,7.434356911929337,83.67177247208348,4317.580718915282,764.0194783118956,8598.842470284733,60.0,470.0,0.34525,0.7875,126.0,40.98556797140844,27.2541481894106,56.30285612982438,5110.0,3391.863977601892,7026.0312113133205,False,12129.0,2024.0,260100.0,0.6815,1,Deprived northern rural,54.07,260100.0,estimated
190,NG-KAT-440,North West,Katsina,Matazu,8538.166483421099,50.208681074076566,10.439964419121171,90.3305883085046,4286.90077923459,891.381542914492,7712.576015233837,82.0,451.0500000000002,0.32075,0.80675,179.0,47.73939805568928,32.877119567258234,63.52346914974397,4320.0,2975.447716303778,5749.006108233756,False,10311.0,2024.0,203400.0,0.279,2,"Low maternal care, high conflict exposure",58.72,203400.0,estimated
191,NG-BOR-157,North East,Borno,Kukawa,8823.231105293298,48.49356463940192,8.53976353801096,90.3881742452552,4278.699279329214,753.4830728042784,7975.157505514063,72.0,467.0,0.36075,0.782,110.0,47.24877787908349,28.37172771453002,69.01147225443343,5353.0,3201.6351884036144,7831.332560197792,False,6275.0,2024.0,297900.0,0.7315,2,"Low maternal care, high conflict exposure",75.3,297900.0,estimated
192,NG-KEB-459,North West,Kebbi,Kalgo,5886.8539307667415,72.12630829563832,27.072754662595045,97.35234821296382,4245.970415018719,1593.7335220218129,5730.990537468586,122.0,352.0250000000001,0.247,0.91375,65.0,99.0,83.358357875229,99.0,6631.0,5618.918254975913,6653.266395887273,True,4945.0,2024.0,145100.0,1.0,1,Deprived northern rural,76.2,145100.0,estimated
193,NG-BAY-111,South South,Bayelsa,Ekeremor,10921.009261448728,38.854000012031655,6.059257562524402,81.81686444147422,4243.248939757271,661.7320795783223,8935.22734308035,51.0,488.0500000000002,0.349,0.7395,587.0,6.532329498406727,2.5819782825988407,12.537229983542389,799.0,315.7890415282881,1533.3668244248709,False,17127.0,2024.0,401300.0,0.0,3,Geographically isolated,39.82,401300.0,estimated
194,NG-BOR-151,North East,Borno,Gwoza,12001.252916632577,34.866501775061586,4.61012332147961,76.60299191221203,4184.417061207338,553.2725595794303,9193.318801092164,48.0,508.0,0.33025,0.7205,229.0,22.019791573313224,13.222342648682789,32.16206436278706,3393.0,2029.520312003468,4964.290921883723,False,18129.0,2024.0,405200.0,0.053,2,"Low maternal care, high conflict exposure",35.239999999999995,405200.0,estimated
195,NG-KAN-412,North West,Kano,Wudil,10750.686286556896,38.80828415688358,4.956560925767628,83.99364354910742,4172.156882902119,532.8643157313379,9029.893118613372,58.0,509.0,0.31825,0.7355,106.0,42.2045632904835,30.63673194208622,53.7644407074958,5388.0,3908.389737232794,6867.202261564456,False,11395.0,2024.0,310300.0,0.92,1,Deprived northern rural,47.14,310300.0,estimated
196,NG-JIG-341,North West,Jigawa,Ringim,13470.573196426189,30.414291338008187,4.109733140058606,73.9182473381043,4096.979376860696,553.6046108093789,9957.211613194691,41.0,514.0,0.2935,0.68875,200.0,25.351969102702547,16.036376577434176,35.58133196378519,3958.0,2503.424279792583,5554.569632072822,False,14565.0,2024.0,330900.0,0.15,1,Deprived northern rural,37.89,330900.0,estimated
197,NG-KAN-394,North West,Kano,Kunchi,6277.874170557877,64.44051377945034,19.37040192207815,95.57766545256892,4045.494369934916,1216.0494589993905,6000.245572269042,123.975,401.0250000000001,0.19475,0.86625,197.0,53.87284752029914,39.10686095900084,68.62868112894775,4016.0,2913.2972745933203,5118.783687847246,False,7153.0,2024.0,181200.0,0.0825,1,Deprived northern rural,47.27,181200.0,estimated
198,NG-NIG-542,North Central,Niger,Bosso,8668.227666725634,46.49260589796844,9.184367297918168,86.45256121013439,4030.084927429411,796.1218671318442,7493.904829409782,82.0,461.0,0.29525,0.77025,164.0,49.06213125597419,34.091653829018945,64.16974862344254,4565.0,3172.2657236827945,5971.065383815844,False,11929.0,2024.0,254100.0,0.4505,2,"Low maternal care, high conflict exposure",32.150000000000006,254100.0,estimated
199,NG-BOR-160,North East,Borno,Magumeri,6086.518939703837,65.2832914176187,21.17303879018592,95.31600703318772,3973.479896595415,1288.7010160755055,5801.426820644412,123.0,395.0,0.19825,0.86325,209.0,48.22992877219636,28.960884667065493,70.44453932361253,3769.0,2254.442735609086,5514.460505814225,False,5814.0,2024.0,205500.0,0.144,2,"Low maternal care, high conflict exposure",75.48,205500.0,estimated
200,NG-BOR-153,North East,Borno,Jere,9074.984930049906,43.67282018403231,7.335463154402832,86.90947178520636,3963.301850228725,665.6921758114204,7887.021467293453,75.97500000000001,485.0,0.2965,0.7215,766.0,1.0,1.0,1.0,117.0,116.06581331781284,116.71564241063156,False,53820.0,2024.0,306400.0,0.0,2,"Low maternal care, high conflict exposure",47.25,306400.0,estimated
201,NG-JIG-336,North West,Jigawa,Kiri Kasamma,13482.785864781972,29.332387679505462,3.924040676630139,72.05761407558728,3954.823019855434,529.0700016769832,9715.373805082429,43.0,526.0500000000002,0.275,0.66725,134.0,32.17805580639989,20.354214631245853,45.16170246810014,5028.0,3180.358842723945,7056.544425762435,False,12319.0,2024.0,331200.0,0.6985,1,Deprived northern rural,47.2,331200.0,estimated
202,NG-JIG-326,North West,Jigawa,Garki,10519.17834377917,37.25100014161912,6.193772739721738,80.48738698314335,3918.499139738346,651.5340006997068,8466.61178100455,65.0,494.0,0.26775,0.69525,186.0,34.59119598571232,21.880645359084888,48.54852979687399,4217.0,2667.375041564338,5918.341738081176,False,11525.0,2024.0,258400.0,0.2775,1,Deprived northern rural,34.3,258400.0,estimated
203,NG-KEB-463,North West,Kebbi,Sakaba,6357.477677127144,61.27151214945974,16.11552895700606,94.80342870539396,3895.322707340149,1024.541155992621,6027.106817096567,120.0,427.12500000000045,0.202,0.8235,74.0,86.61594279471073,68.69054520856831,99.0,6266.0,5000.369653192062,7083.40172569164,False,7726.0,2024.0,156700.0,0.99,2,"Low maternal care, high conflict exposure",71.94,156700.0,estimated
204,NG-BOR-147,North East,Borno,Damboa,10120.503755215575,38.39622289278999,6.164596524098089,83.07747632680743,3885.8911797257456,623.888222715236,8407.859111392874,65.97500000000001,500.0500000000002,0.27125,0.69275,297.0,19.78932273170304,11.883001029903651,28.904245949555648,2572.0,1538.1074355883547,3762.2746292376473,False,19177.0,2024.0,341700.0,0.0005,2,"Low maternal care, high conflict exposure",53.58,341700.0,estimated
205,NG-DEL-189,South South,Delta,Burutu,8576.647800862269,44.777326659439545,6.969717824244736,87.44923771274603,3840.393602221742,597.7681504993917,7500.21312316105,82.97500000000001,499.0750000000003,0.27275,0.709,419.0,15.546743597156146,6.463092668181206,27.889326606750178,1521.0,629.1832890471139,2728.021628890056,False,6861.0,2024.0,285000.0,0.0,3,Geographically isolated,37.16,285000.0,estimated
206,NG-NIG-545,North Central,Niger,Gbako,7423.086738604871,51.643436694907,10.223016108997536,89.47896275227238,3833.537100659457,758.8633530724358,6642.101017905124,103.0,460.0,0.22575,0.7685,245.0,40.46424808645348,28.11726891800968,52.92433413455018,3224.0,2240.520125529257,4217.2671927871015,False,14440.0,2024.0,217600.0,0.0015,2,"Low maternal care, high conflict exposure",42.67,217600.0,estimated
207,NG-PLA-670,North Central,Plateau,Kanam,7774.437072053929,48.61668438504975,10.272319074345814,88.94933931706362,3779.673534034757,798.614982275608,6915.310411212836,97.0,457.0,0.23225,0.74775,382.0,18.85062475588718,10.422755242747348,29.099870324144504,1772.0,976.2501811449226,2739.161656920513,False,13549.0,2024.0,246600.0,0.0,2,"Low maternal care, high conflict exposure",36.07,246600.0,estimated
208,NG-KWA-504,North Central,Kwara,Pategi,5893.889780631354,64.08328993119288,18.323332403961768,94.18885772593922,3776.9984763469415,1079.9570160282162,5551.387460002537,128.0,415.0250000000001,0.1515,0.82925,224.0,46.1422849972861,25.40228120391108,68.73295519909864,3501.0,1922.0130286190144,5222.035305731184,False,6896.0,2024.0,166400.0,0.104,2,"Low maternal care, high conflict exposure",46.99,166400.0,estimated
209,NG-KAD-361,North West,Kaduna,Kudan,7253.47418651255,51.92188898021416,10.806914007708622,91.94044937857684,3766.140814329542,783.8767179077538,6668.876762638709,105.0,464.0,0.221,0.74175,132.0,63.95633632434377,44.57854602243638,83.76339825323576,5068.0,3531.664809289181,6637.776484876627,False,10288.0,2024.0,205300.0,0.691,1,Deprived northern rural,46.57,205300.0,estimated
210,NG-KAT-435,North West,Katsina,Kusada,7379.595220184016,50.7017750235607,9.69965143873655,91.38930619992504,3741.585766187137,715.7950139475126,6744.160872089003,107.975,479.0,0.18975,0.747,187.0,53.893702589478245,37.115459685721184,71.71257060708174,4216.0,2903.229233215108,5609.4692922684935,False,8212.0,2024.0,175800.0,0.199,1,Deprived northern rural,54.12,175800.0,estimated
211,NG-GOM-287,North East,Gombe,Kaltungo,9934.354233478953,37.60608769293186,4.573350495231163,82.85393007123002,3735.921964768584,454.3328385348277,8231.002909634934,68.0,545.0,0.2475,0.6705,99.0,49.209516771108525,27.94018755232537,73.36308784699405,5543.0,3147.2582080040047,8263.816409913628,False,7564.0,2024.0,268600.0,0.7265,2,"Low maternal care, high conflict exposure",32.14,268600.0,estimated
212,NG-PLA-679,North Central,Plateau,Shendam,9514.70035825578,39.00482169924171,5.772126877828882,81.78109277051135,3711.19190995476,549.2005767237629,7781.225926821336,77.0,506.0500000000002,0.24025,0.67525,641.0,5.742875572969262,3.1753104876758766,8.865326036947973,661.0,363.9912544835449,1021.2862512009256,False,18355.0,2024.0,301800.0,0.0,2,"Low maternal care, high conflict exposure",21.36,301800.0,estimated
213,NG-KAN-411,North West,Kano,Warawa,7514.740108134677,49.30917081564928,9.693696040916713,90.54867095113812,3705.456036272234,728.4560643474315,6804.49729334807,106.975,475.0,0.19025,0.7265,145.0,53.83983964411861,39.08290019799118,68.58663235830714,4805.0,3485.1380656794213,6123.531586039618,False,7165.0,2024.0,216900.0,0.588,1,Deprived northern rural,38.26,216900.0,estimated
214,NG-SOK-723,North West,Sokoto,Tureta,4339.221924924502,85.29321790760018,49.23656902356994,98.89246154635096,3701.062011920212,2136.483998151333,4291.1633735167925,163.0,309.0,0.0085,0.937,161.0,99.0,84.0707634417418,99.0,4589.0,3929.497292688093,4602.638626076309,True,5569.0,2024.0,118100.0,0.33,2,"Low maternal care, high conflict exposure",75.49,118100.0,estimated
215,NG-PLA-677,North Central,Plateau,Qua'An Pan,9148.992856082928,40.233715004197705,7.068836001459207,81.88594787886547,3680.979711470812,646.727300781721,7491.739521573193,81.0,490.0250000000001,0.2295,0.68975,768.0,1.0,1.0,1.0,111.0,110.2257148244758,110.77224195169978,False,20365.0,2024.0,290200.0,0.0,2,"Low maternal care, high conflict exposure",24.5,290200.0,estimated
216,NG-BAU-093,North East,Bauchi,Dambam,10596.91486135182,34.51784403757877,4.56494897938192,78.10902096324672,3657.8265446364176,483.7437568092508,8277.1464505107,69.0,528.0500000000002,0.232,0.6475,102.0,42.361559876909496,28.16914068935879,58.19308915880848,5446.0,3614.912876909797,7488.062866631769,False,11478.0,2024.0,268200.0,0.81,1,Deprived northern rural,53.68,268200.0,estimated
217,NG-JIG-345,North West,Jigawa,Yankwashi,6696.6131484197895,54.43556794337999,10.997287877128944,92.77363309690791,3645.339400313384,736.4458259493924,6212.69131223427,119.0,473.0250000000001,0.14925,0.7645,194.0,52.07886423730383,32.94246199382773,73.09236411647696,4042.0,2556.5447705838183,5672.432779511115,False,5771.0,2024.0,164500.0,0.1925,1,Deprived northern rural,36.1,164500.0,estimated
218,NG-JIG-323,North West,Jigawa,Buji,6810.598053073742,52.41795705866127,11.232561782653056,89.91752811727042,3569.976362898216,765.0046340796744,6123.9214193268535,122.0,469.0250000000001,0.14475,0.73525,242.0,41.3443414245438,26.152344448830902,58.0265276867172,3263.0,2064.1346074222256,4579.878648395947,False,9303.0,2024.0,167300.0,0.011,1,Deprived northern rural,57.94,167300.0,estimated
219,NG-BOR-165,North East,Borno,Ngala,10262.670620960484,34.71991041986134,3.988922215898498,79.96018965826582,3563.1900462829058,409.369948343981,8206.05089252313,69.0,554.0250000000001,0.2345,0.61125,166.0,34.48955964868929,20.710131336113097,50.37538314439294,4545.0,2718.326694958269,6649.139924682093,False,12270.0,2024.0,346500.0,0.4395,2,"Low maternal care, high conflict exposure",50.77,346500.0,estimated
220,NG-KOG-470,North Central,Kogi,Ankpa,12201.545570555443,29.15561242970581,3.2370996145883923,70.98950305529198,3557.4353369850733,394.9761846382773,8661.8165656023,56.0,546.0500000000002,0.222,0.60975,724.0,2.500500448055952,1.2627143727980572,4.016140757181879,379.0,191.1130522901374,609.774424591549,False,16751.0,2024.0,358800.0,0.0,4,Near-average,27.71,358800.0,estimated
221,NG-BAU-106,North East,Bauchi,Tafawa-Balewa,15614.842480261892,22.61023183353036,2.650135443240837,60.417330863308905,3530.552085227808,413.81447497564704,9434.071045084338,49.0,545.0250000000001,0.2115,0.57,62.0,35.45623644331202,23.577311968420656,48.70708100874543,6716.0,4458.375960512151,9235.243175191978,False,14745.0,2024.0,395200.0,0.9675,2,"Low maternal care, high conflict exposure",,395200.0,estimated
222,NG-JIG-339,North West,Jigawa,Malam Madori,11536.900706760902,30.561634480688987,3.926767730029563,75.34640151636333,3525.8654244002983,453.02729399863966,8692.639529060229,60.0,542.0500000000002,0.209,0.60125,101.0,40.961399783998,25.910114887486174,57.48907146074048,5476.0,3464.181446044241,7686.28682541248,False,9429.0,2024.0,283400.0,0.8205,1,Deprived northern rural,44.86,283400.0,estimated
223,NG-KAD-356,North West,Kaduna,Kagarko,12478.943412938295,28.21140482894884,3.1355486945292936,70.99870224280693,3520.485244599478,391.283347275436,8859.88787680043,58.0,558.0250000000001,0.2155,0.589,46.0,55.818097575796266,38.90606896318352,73.10477437713627,7609.0,5302.768604441787,9966.57232439626,False,14473.0,2024.0,353200.0,0.9935,4,Near-average,24.680000000000007,353200.0,estimated
224,NG-KAN-395,North West,Kano,Kura,8152.228434504792,42.085424707480925,7.248709781018344,85.27386998681625,3430.899959785357,590.9313799029075,6951.720676267882,102.0,517.0250000000001,0.164,0.6325,137.0,51.57604946940428,37.43959133874537,65.70278750520603,4993.0,3621.818467016,6363.684698772599,False,7988.0,2024.0,235300.0,0.727,1,Deprived northern rural,39.26,235300.0,estimated
225,NG-KAN-396,North West,Kano,Madobi,7843.878102727943,43.585393622217936,8.18294252843124,86.25164544782427,3418.7851463209445,641.8600371464304,6765.473930524431,106.0,499.0250000000001,0.1495,0.646,144.0,51.61730931462992,37.469542290007446,65.75534846850678,4808.0,3487.614402399226,6127.882611977651,False,7973.0,2024.0,226400.0,0.6025,1,Deprived northern rural,41.09,226400.0,estimated
226,NG-YOB-748,North East,Yobe,Geidam,8120.61210510453,41.999701310284806,8.34644751087496,84.03161722585988,3410.632828710718,677.7826269143077,6823.88168055828,98.0,494.0250000000001,0.16625,0.64925,235.0,34.636974363007525,21.514047724061527,49.11710721374489,3343.0,2071.3625160107936,4745.93985130659,False,12633.0,2024.0,244900.0,0.036,2,"Low maternal care, high conflict exposure",72.58,244900.0,estimated
227,NG-BEN-136,North Central,Benue,Otukpo,11227.880123100971,30.29566127238836,3.6298574945713087,73.3072584142423,3401.5605301644955,407.55604812986286,8230.851096282975,65.0,549.0500000000002,0.19625,0.592,339.0,17.00594189567678,9.518837771584067,25.59784810653793,2203.0,1230.2506586513246,3320.1377834051805,False,15565.0,2024.0,384600.0,0.0,4,Near-average,17.269999999999996,384600.0,estimated
228,NG-BOR-156,North East,Borno,Konduga,6826.971365458561,49.69940280036532,10.341808465748844,90.14679717223476,3392.963997984848,706.032302627243,6154.296029826475,117.975,481.0,0.1335,0.6795,593.0,9.000919527388088,5.404830547469064,13.14672539929789,789.0,471.920203344302,1154.3364052380252,False,24246.0,2024.0,230500.0,0.0,2,"Low maternal care, high conflict exposure",45.19,230500.0,estimated
229,NG-KEB-447,North West,Kebbi,Aleiro,4649.438045939825,72.8612411288218,26.45607543574793,97.264694422701,3387.6382657873887,1230.0588367722048,4522.261707756171,165.0,399.0500000000002,0.00875,0.816,117.0,99.0,89.10733874781445,99.0,5237.0,4743.885977031854,5268.060640431782,True,3855.0,2024.0,114600.0,0.933,1,Deprived northern rural,75.67,114600.0,estimated
230,NG-SOK-720,North West,Sokoto,Sokoto South,12536.346492669263,26.69879758971922,2.234490759144944,77.24374620248913,3347.0537752236305,280.1235039130859,9683.543667862094,45.0,609.0,0.218,0.50025,28.0,67.70812350910776,55.493153466959946,78.66101105425655,9068.0,7493.600433959584,10357.786718913389,False,10100.0,2024.0,341200.0,1.0,2,"Low maternal care, high conflict exposure",64.42,341200.0,estimated
231,NG-BOR-149,North East,Borno,Gubio,6566.332111592898,50.88317466455321,10.471626612779897,90.36495054772976,3341.1582373964634,687.601780881074,5933.662765440623,125.0,487.0500000000002,0.11975,0.66675,288.0,31.916432902976776,19.16503208315129,46.61707926882348,2691.0,1609.4993358861975,3936.9021806095016,False,13479.0,2024.0,221700.0,0.001,2,"Low maternal care, high conflict exposure",84.55,221700.0,estimated
232,NG-PLA-672,North Central,Plateau,Langtang North,6601.650944396159,50.19441756451768,9.274461688471357,90.0076980576899,3313.660241182124,612.267587644629,5941.994048854729,123.0,496.0,0.125,0.65925,289.0,33.665708726259645,18.61420757515439,51.970041894692045,2687.0,1480.4943209163896,4153.969295438975,False,8117.0,2024.0,209400.0,0.0055,2,"Low maternal care, high conflict exposure",25.06,209400.0,estimated
233,NG-KAN-383,North West,Kano,Garum Mallam,6759.455025804866,48.85144743065945,8.619353822851547,89.56029393918719,3302.0916185301385,582.6213451706426,6053.787789797999,126.975,503.0500000000002,0.09775,0.65075,176.0,54.09840134086606,39.270592825900174,68.91601439499185,4343.0,3149.911693812266,5534.524999236922,False,7071.0,2024.0,195100.0,0.2345,1,Deprived northern rural,50.22,195100.0,estimated
234,NG-YOB-746,North East,Yobe,Fika,7129.161300928843,46.03012707325443,8.681490188530073,87.398784289285,3281.5620060748206,618.9174388646205,6230.800307033985,115.0,494.0250000000001,0.122,0.6405,320.0,27.6376812500638,17.166580058774052,39.19173016880163,2342.0,1451.000102861513,3324.555291114737,False,15097.0,2024.0,215000.0,0.0,1,Deprived northern rural,58.94,215000.0,estimated
235,NG-KAN-401,North West,Kano,Rimin Gado,5889.837797984763,55.61469703501564,13.56153052190644,92.9376595774651,3275.6154472030626,798.7521506644857,5473.877402355946,142.0,463.0250000000001,0.06625,0.67925,207.0,55.02812318661752,39.94548759433892,70.10038810136872,3849.0,2791.838552044573,4905.375693698734,False,6733.0,2024.0,170000.0,0.033,1,Deprived northern rural,42.09,170000.0,estimated
236,NG-BOR-161,North East,Borno,Maiduguri,23433.838370285524,13.973772936506112,0.7896265400547616,49.41166582977245,3274.591364171544,185.0398071253108,11579.049906614477,20.97500000000001,642.0250000000001,0.20175,0.43925,732.0,1.0,1.0,1.0,301.0,299.71041611309886,301.3884343188372,False,40905.0,2024.0,791200.0,0.0,2,"Low maternal care, high conflict exposure",40.55,791200.0,estimated
237,NG-TAR-734,North East,Taraba,Karim-Lamido,10421.997736481766,31.07964418479338,4.227781805185415,73.4093377400368,3239.119813445765,440.61932403981183,7650.71951763289,78.0,553.0250000000001,0.1605,0.569,505.0,8.989941431819393,4.8543185848051245,14.08233537792268,1094.0,591.0087401968302,1714.51113999545,False,20722.0,2024.0,305100.0,0.0,2,"Low maternal care, high conflict exposure",30.96,305100.0,estimated
238,NG-NIG-556,North Central,Niger,Paikoro,9254.979008196238,34.661862818167485,5.228888693426529,77.52701181641356,3207.9481276711663,483.9325509385718,7175.108669290892,90.975,539.0,0.14825,0.57225,108.0,54.03733007927711,37.5487550937328,70.67695183027672,5369.0,3730.4580474282216,7021.73489013912,False,10476.0,2024.0,271300.0,0.819,2,"Low maternal care, high conflict exposure",39.84,271300.0,estimated
239,NG-KOG-477,North Central,Kogi,Kabba/Bunu,6627.874112879755,48.39429980845868,7.515643021080323,90.86015331441752,3207.5132691142494,498.1273582106367,6022.096580449136,121.0,527.0,0.12575,0.61675,287.0,33.22478760856086,16.77800812997648,53.36348720400906,2738.0,1379.3835108615265,4401.12685422305,False,8174.0,2024.0,194900.0,0.0145,4,Near-average,23.980000000000004,194900.0,estimated
240,NG-PLA-674,North Central,Plateau,Mangu,13937.869544018824,22.981421934557744,2.231831224289772,60.38577331137216,3203.120608599176,311.06972448418645,8416.490307285989,58.0,582.0,0.17975,0.51,198.0,23.811714178219194,13.165806014589837,36.75834640787535,4012.0,2210.820498429181,6203.117660402399,False,11730.0,2024.0,442100.0,0.275,4,Near-average,9.659999999999997,442100.0,estimated
241,NG-BAU-100,North East,Bauchi,Jama'Are,8289.458381475062,38.62680299300577,4.818567746991291,84.25059869364561,3201.9527581995794,399.4331679700236,6983.918314853326,95.0,574.0,0.166,0.56425,104.0,53.650611746773,35.676014640546576,73.70113003101132,5395.0,3581.3542364136497,7418.548270205685,False,6137.0,2024.0,209800.0,0.7905,1,Deprived northern rural,51.61,209800.0,estimated
242,NG-KAN-393,North West,Kano,Kumbotso,16775.643892848366,18.90245566399993,1.8604426149660347,58.23680101814578,3171.0086491961683,312.1012279174981,9769.59835339083,44.97500000000001,586.0,0.1605,0.46775,487.0,5.893148835557469,4.27789810137669,7.50728893861628,1174.0,851.5867050098627,1496.2730279561245,False,24596.0,2024.0,484200.0,0.0,2,"Low maternal care, high conflict exposure",28.89,484200.0,estimated
243,NG-NIG-538,North Central,Niger,Agaie,7730.107789374373,40.918434181613215,6.209768602435401,85.42891934213924,3163.0390679629163,480.0218064389831,6603.747548445056,108.975,532.0250000000001,0.126,0.5815,215.0,43.9328485049021,30.52748473435869,57.46101469100098,3646.0,2533.1899244773194,4768.151216259866,False,13427.0,2024.0,226600.0,0.039,2,"Low maternal care, high conflict exposure",61.51,226600.0,estimated
244,NG-KAN-399,North West,Kano,Nasarawa,33984.36409437208,9.227086088296964,0.4668707127514085,37.78636014237678,3135.7665315480017,158.6630428714287,12841.454208796018,12.0,663.0,0.1745,0.38975,721.0,1.0,1.0,1.0,404.0,403.2722947050989,403.76406634299946,False,28172.0,2024.0,980900.0,0.0,2,"Low maternal care, high conflict exposure",17.950000000000003,980900.0,estimated
245,NG-OGU-570,South West,Ogun,Ijebu North,11612.58917207436,26.514449349665835,2.778816609215662,70.90212776182766,3079.014074214436,322.6925566735818,8233.572811240329,68.97500000000001,575.0250000000001,0.1565,0.49025,375.0,10.80306233086643,5.0640932882671885,17.999085923179404,1811.0,834.8378614298451,3035.652666169076,False,15521.0,2024.0,477100.0,0.0,4,Near-average,23.14,477100.0,estimated
246,NG-OND-595,South West,Ondo,Odigbo,9915.473543629969,30.810813427475075,3.4733728232851493,72.75845055805355,3055.0380539784805,344.4013633644724,7214.344915838891,88.0,575.0250000000001,0.145,0.52275,765.0,1.0,1.0,1.0,117.0,115.94735785405582,117.3508280347721,False,21632.0,2024.0,356800.0,0.0,4,Near-average,18.41,356800.0,estimated
247,NG-JIG-334,North West,Jigawa,Kaugama,9029.232804373916,33.81966305803692,4.652474893351728,79.03665719397664,3053.6561111650067,420.08278928577465,7136.403778839095,94.0,550.0500000000002,0.1255,0.51825,159.0,44.05228588268911,27.865253489768666,61.82711099898106,4610.0,2915.788284869187,6469.518248033441,False,8412.0,2024.0,221800.0,0.481,1,Deprived northern rural,39.78,221800.0,estimated
248,NG-TAR-728,North East,Taraba,Bali,11340.882492664525,26.84085377477066,2.720635689049556,66.4242473390146,3043.989686624654,308.5440965486039,7533.095837354489,80.97500000000001,574.0250000000001,0.14875,0.50275,392.0,12.96284651793468,6.999576942878007,20.30571094400882,1717.0,927.3278355529352,2690.169867799026,False,19058.0,2024.0,332000.0,0.0,2,"Low maternal care, high conflict exposure",52.32,332000.0,estimated
249,NG-ADA-022,North East,Adamawa,Guyuk,9681.504498072254,31.33361830163767,3.770439419558199,76.42550344939306,3033.565665281838,365.0352620016165,7399.138554127354,86.0,568.0250000000001,0.1345,0.51625,344.0,20.82872414713828,9.637441898856569,35.85149608029032,2152.0,995.8237120076157,3704.486136714039,False,11470.0,2024.0,272200.0,0.0015,2,"Low maternal care, high conflict exposure",27.71,272200.0,estimated
250,NG-GOM-283,North East,Gombe,Billiri,12552.940531804752,23.94622106238536,2.292400910859213,67.8837878973272,3005.9548895757443,287.7637230907075,8521.411525487956,63.0,592.0250000000001,0.13725,0.48125,55.0,49.217147887790006,27.944520349013988,73.3744645545947,7005.0,3977.457493135045,10443.6866406169,False,7561.0,2024.0,339400.0,0.925,2,"Low maternal care, high conflict exposure",26.090000000000003,339400.0,estimated
251,NG-KAD-352,North West,Kaduna,Jema'A,14521.08081177135,20.65654326770612,1.6961670462375829,61.39362003752285,2999.5533408221145,246.30178748679447,8915.017178920541,59.0,607.0,0.14575,0.46775,24.0,59.289246002596094,41.32551258343831,77.65092577948693,9405.0,6554.275616323192,12318.784174250886,False,12688.0,2024.0,411000.0,1.0,4,Near-average,22.16,411000.0,estimated
252,NG-JIG-319,North West,Jigawa,Auyo,9257.202613681824,32.378520711953506,4.320163469071458,76.75773569868966,2997.3452656184736,399.9262855742104,7105.619115302085,93.0,565.0,0.119,0.50325,147.0,44.60846302729133,28.217063090769347,62.60770218432816,4786.0,3027.1484304204523,6716.60288634074,False,8229.0,2024.0,227400.0,0.5905,1,Deprived northern rural,49.24,227400.0,estimated
253,NG-PLA-666,North Central,Plateau,Bokkos,8326.150976194009,35.76629359730123,5.063097253919346,77.82315231193405,2977.9556035001133,421.5611214328577,6479.673155925047,105.0,549.0,0.11475,0.51775,219.0,35.24212966419692,19.48583118489873,54.40357635120466,3547.0,1954.667323197592,5484.40337031137,False,7539.0,2024.0,264100.0,0.1335,4,Near-average,13.060000000000002,264100.0,estimated
254,NG-JIG-340,North West,Jigawa,Miga,8951.885904787305,33.00122908322361,4.053016628407247,78.27085177414278,2954.2323747076725,362.821424277074,7006.717347526453,98.0,566.0250000000001,0.114,0.49075,175.0,42.07983251194128,26.61757900315968,59.05878488264071,4365.0,2761.3739774098126,6126.905519581967,False,9061.0,2024.0,219900.0,0.354,1,Deprived northern rural,38.52,219900.0,estimated
255,NG-NIG-547,North Central,Niger,Katcha,7075.129547732768,41.58790096218303,7.040005232045568,83.53674483735867,2942.397869257245,498.0894903343887,5910.33291720209,127.0,529.0500000000002,0.077,0.53625,202.0,51.42475148176842,35.733360554863786,67.2598864160892,3906.0,2713.934971042036,5108.362467411245,False,11239.0,2024.0,207400.0,0.1105,2,"Low maternal care, high conflict exposure",56.26,207400.0,estimated
256,NG-YOB-749,North East,Yobe,Gujba,6767.729402416637,43.466208318509565,7.379249044760503,86.17331268355197,2941.675360487445,499.4076072798054,5831.976619521171,127.0,521.0500000000002,0.08025,0.54275,226.0,42.97135991226762,26.690780731347825,60.935717704760926,3456.0,2141.65485608647,4906.9948165423375,False,9699.0,2024.0,204100.0,0.0585,2,"Low maternal care, high conflict exposure",55.47,204100.0,estimated
257,NG-JIG-328,North West,Jigawa,Guri,7934.163541805574,37.02408342448945,5.800587327259813,81.608941344289,2937.551328753536,460.2280849300425,6474.986870992073,112.0,552.0500000000002,0.09775,0.51875,172.0,48.623271814283406,30.756628571216915,68.24246150587763,4471.0,2828.0169869986044,6274.772279619348,False,6908.0,2024.0,194900.0,0.412,1,Deprived northern rural,48.07,194900.0,estimated
258,NG-BAY-110,South South,Bayelsa,Brass,7459.378615906045,39.0671410103745,5.742601635976537,84.36405021763584,2914.165962373732,428.3623984307045,6293.033921446565,112.975,558.0,0.10225,0.51525,470.0,14.92691933695619,5.900036359697706,28.648619258849525,1247.0,492.87754650860415,2393.2498564948446,False,12250.0,2024.0,274100.0,0.0,3,Geographically isolated,24.739999999999995,274100.0,estimated
259,NG-NIG-562,North Central,Niger,Wushishi,4782.705701987145,60.15027469216757,16.134848016715303,93.38637272229774,2876.810617463227,771.6822961024025,4466.395373068302,171.0,474.0250000000001,0.00425,0.5865,220.0,69.04852873127982,47.97954101562233,90.3105229650056,3545.0,2463.3205302405427,4636.638046287754,False,6092.0,2024.0,140200.0,0.027,2,"Low maternal care, high conflict exposure",34.209999999999994,140200.0,estimated
260,NG-YOB-750,North East,Yobe,Gulani,5394.951365865687,53.21252739019548,11.018317169604131,90.35997207412396,2870.789973248991,594.4328526369717,4874.876547608804,158.0,505.0250000000001,0.021,0.5685,310.0,38.0173147868724,23.61367699422877,53.91061317295044,2437.0,1510.4152829570392,3460.688328575981,False,11443.0,2024.0,162700.0,0.0005,1,Deprived northern rural,59.83,162700.0,estimated
261,NG-NIG-549,North Central,Niger,Lapai,6846.569432159915,41.66216559628022,5.855860660261086,85.84455615301887,2852.429094490765,400.9255659553133,5877.407140745943,128.0,554.0500000000002,0.08075,0.5075,222.0,48.01778463442747,33.365971870493325,62.80381814988135,3529.0,2452.268251478405,4615.834656888119,False,12234.0,2024.0,200700.0,0.0245,2,"Low maternal care, high conflict exposure",51.92,200700.0,estimated
262,NG-BEN-122,North Central,Benue,Gboko,15230.330369791413,18.693729549581985,1.152749589848171,56.7284716657505,2847.116768836641,175.56757087029192,8639.933648427314,57.0,629.0250000000001,0.1285,0.42825,753.0,1.0,1.0,1.0,176.0,175.31587263376014,175.93984541431692,False,23433.0,2024.0,521700.0,0.0,4,Near-average,25.16,521700.0,estimated
263,NG-JIG-343,North West,Jigawa,Sule-Tankarkar,9436.321749566609,29.955986869370903,3.441892927532996,75.49911010178836,2826.743304251766,324.788090917591,7124.338947264296,96.0,582.0250000000001,0.107,0.44575,191.0,38.15923952540096,24.13760968463026,53.556256854783946,4173.0,2639.606193006735,5856.728529261267,False,10351.0,2024.0,231800.0,0.249,1,Deprived northern rural,,231800.0,estimated
264,NG-ADA-018,North East,Adamawa,Fufore,11488.33928316436,24.55360096809388,3.036114750553527,65.38253912595644,2820.800985448954,348.79916356978845,7511.36792673756,80.0,571.0250000000001,0.11275,0.441,387.0,14.189597436874084,6.565520763537824,24.42388181317784,1740.0,805.0155528669706,2994.6755831137248,False,15413.0,2024.0,323000.0,0.0,2,"Low maternal care, high conflict exposure",43.12,323000.0,estimated
265,NG-PLA-673,North Central,Plateau,Langtang South,4877.150912598308,57.74990959651549,12.44332576425747,94.07892209061984,2816.5502429111534,606.8797760690636,4588.371007305317,169.97500000000002,498.0250000000001,0.00725,0.56225,295.0,44.02972181304452,24.344605009459755,67.96905735273343,2596.0,1430.4693673088796,4013.609337041614,False,4317.0,2024.0,154700.0,0.001,2,"Low maternal care, high conflict exposure",25.02,154700.0,estimated
266,NG-RIV-681,South South,Rivers,Abua/Odual,10953.601043199144,25.49946185675962,2.3039498137082366,69.42551763155457,2793.109319952187,252.3654708291301,7604.594223536367,80.0,609.0,0.126,0.42775,496.0,8.664976981817833,3.843834395123289,15.261420711786185,1146.0,502.22132524596094,2026.010754608,False,19236.0,2024.0,406200.0,0.0,4,Near-average,20.239999999999995,406200.0,estimated
267,NG-OND-589,South West,Ondo,Ese Odo,6755.750051727706,41.16343235577533,5.1588388851763005,85.89649138551754,2780.89860266819,348.5182606538469,5802.952261209386,127.0,573.0250000000001,0.083,0.48575,400.0,21.016219074970248,8.654218855895335,39.4650399023138,1677.0,683.6736542876041,3155.431943604196,False,9102.0,2024.0,243100.0,0.0,4,Near-average,40.79,243100.0,estimated
268,NG-KOG-472,North Central,Kogi,Dekina,11960.099155976448,23.22431702147089,2.047997122356147,64.3486024971813,2777.651344066226,244.94248654533945,7696.156664148019,79.0,609.0250000000001,0.12175,0.42575,495.0,7.726889041640728,3.90196044854987,12.410425293257523,1149.0,578.8793023349789,1846.999926270788,False,15292.0,2024.0,351700.0,0.0,4,Near-average,31.11,351700.0,estimated
269,NG-KOG-473,North Central,Kogi,Ibaji,5845.723755792867,47.457525218605376,9.4821984080472,88.25649887691333,2774.235825615415,554.3031249106283,5159.231120878787,149.0,510.0250000000001,0.03825,0.5065,236.0,45.92716865917885,23.192515727382883,73.7652233005987,3338.0,1681.7309891512728,5365.811146538915,False,4628.0,2024.0,171900.0,0.0985,2,"Low maternal care, high conflict exposure",26.489999999999995,171900.0,estimated
270,NG-NAS-534,North Central,Nasarawa,Nasarawa,10542.591822591825,25.92459985985862,3.4038424125000577,64.22886893787461,2733.1247448651006,358.85321183414334,6771.38748438759,97.975,568.0,0.0975,0.4285,311.0,18.563215527977896,9.889178611771085,29.314361000013463,2435.0,1288.7745777252326,3856.800845611513,False,13557.0,2024.0,289000.0,0.0015,4,Near-average,43.91,289000.0,estimated
271,NG-KAD-351,North West,Kaduna,Jaba,8140.284717839705,33.53985184135263,3.587986191699527,79.34071447173373,2730.239433827704,292.0722916411154,6458.560055167376,110.0,594.0500000000002,0.092,0.44,87.0,66.23543209813056,46.16711068514709,86.74832231124978,5890.0,4104.684671179539,7714.769339526562,False,9116.0,2024.0,230400.0,0.91,2,"Low maternal care, high conflict exposure",15.86,230400.0,estimated
272,NG-BOR-145,North East,Borno,Biu,7626.659985273664,35.6553397813977,5.104453116957512,77.50140116776092,2719.311531721225,389.2992833380529,5910.768350888038,124.0,564.0,0.06875,0.4585,318.0,24.320494643714586,14.603858192480736,35.52246675277102,2382.0,1424.4932597715535,3484.36963943842,False,17048.0,2024.0,257500.0,0.0,2,"Low maternal care, high conflict exposure",38.23,257500.0,estimated
273,NG-JIG-342,North West,Jigawa,Roni,5418.353860514735,50.08818547698611,10.734849517524944,89.93487923744267,2713.9551314540577,581.6521332532602,4872.99000111124,163.97500000000002,516.0250000000001,0.01575,0.493,256.0,49.27366475933738,31.168034334135744,69.15528398491743,3094.0,1957.1265827296463,4342.450446894784,False,6694.0,2024.0,133100.0,0.0035,1,Deprived northern rural,41.53,133100.0,estimated
274,NG-NAS-527,North Central,Nasarawa,Doma,7828.51282051282,34.16577698290373,5.109056209415539,76.07347362411052,2674.6722313344485,399.9631203613018,5955.42163567293,123.0,558.0250000000001,0.068,0.44025,258.0,31.625669786724924,16.847937619775262,49.94211803434582,3081.0,1630.4044816714445,4879.166219043674,False,8126.0,2024.0,214600.0,0.043,4,Near-average,31.879999999999995,214600.0,estimated
275,NG-JIG-344,North West,Jigawa,Taura,9228.706387518336,28.891136055780343,3.6149478128004215,74.12923207450065,2666.278118606411,333.6129197053669,6841.169175477732,104.0,581.0250000000001,0.08575,0.4015,180.0,40.3839481038099,25.544848088633007,56.67862159617245,4319.0,2732.0352038580936,6061.808978844518,False,9619.0,2024.0,226700.0,0.329,1,Deprived northern rural,32.34,226700.0,estimated
276,NG-YOB-744,North East,Yobe,Busari,5719.908485628956,46.46921606954021,9.43256257573737,86.5214006783796,2657.9966331668734,539.533947181863,4948.944939287665,158.0,518.0,0.0205,0.458,262.0,44.90866425602884,27.894097674418468,63.682920279700575,3053.0,1891.67540264234,4334.237782977212,False,9017.0,2024.0,172500.0,0.01,1,Deprived northern rural,,172500.0,estimated
277,NG-YOB-755,North East,Yobe,Nguru,7855.340986930433,33.635338352140245,3.730868868080866,80.74788151761967,2642.1705196683984,293.0724713629838,6343.021432931603,113.0,595.0500000000002,0.091,0.4195,268.0,32.1287049560557,19.956087517710536,45.56024522888901,2999.0,1858.5988352939687,4258.452208067136,False,13516.0,2024.0,236900.0,0.0075,1,Deprived northern rural,44.06,236900.0,estimated
278,NG-KAN-407,North West,Kano,Tofa,5619.598181371344,46.98639022824317,8.955934447122127,89.57612486628794,2640.4463307583965,503.2875293152848,5033.818283928842,161.0,539.0,0.0175,0.452,203.0,58.37567196259245,42.37550810673522,74.36483425716953,3896.0,2825.7869848381456,4965.0244928539705,False,5516.0,2024.0,162200.0,0.0475,1,Deprived northern rural,38.25,162200.0,estimated
279,NG-GOM-290,North East,Gombe,Shongom,9349.980455039013,28.234303089340784,3.0894678158385966,69.67078590368816,2639.901820469825,288.8646369456295,6514.204864866917,106.0,593.0250000000001,0.08875,0.41525,84.0,55.94270538974182,31.763158497251368,83.40113618664343,5931.0,3367.423984214758,8841.909923094317,False,4917.0,2024.0,252800.0,0.8125,2,"Low maternal care, high conflict exposure",21.33,252800.0,estimated
280,NG-KOG-487,North Central,Kogi,Yagba East,6767.300915664809,38.91557770152895,5.490660333072276,80.69137436278612,2633.534246131823,371.5695069960445,5460.628116115344,137.0,560.0250000000001,0.052,0.44375,279.0,34.091673173775064,17.215772043843472,54.75582226756652,2868.0,1445.1481471153686,4610.95864095669,False,7932.0,2024.0,199000.0,0.028,4,Near-average,21.92,199000.0,estimated
281,NG-ADA-034,North East,Adamawa,Song,10705.85177780951,24.51043280821023,2.8809100684977254,63.83796410790071,2624.050606546597,308.4259617853569,6834.397815363086,99.0,590.0500000000002,0.08975,0.405,409.0,14.150870600877107,6.547601872816971,24.357223145122145,1617.0,748.1373368795507,2783.0873671817744,False,15436.0,2024.0,301000.0,0.0,2,"Low maternal care, high conflict exposure",37.46,301000.0,estimated
282,NG-NAS-535,North Central,Nasarawa,Obi,8390.29799029799,31.26490734409235,4.726729100990333,76.6385139077818,2623.2188925599007,396.58665676722217,6430.199692198862,110.0,566.0,0.081,0.4075,293.0,25.20387769118919,13.426857422505671,39.80105537891084,2631.0,1392.583067429058,4167.459263143339,False,10796.0,2024.0,230000.0,0.005,4,Near-average,33.81999999999999,230000.0,estimated
283,NG-PLA-676,North Central,Plateau,Pankshin,8817.964513598881,29.392370167950883,3.6008888066006253,70.94838389331575,2591.808771115523,317.5250971401974,6256.203314684488,112.0,582.0,0.07275,0.4095,190.0,39.15863566225563,21.651318215336232,60.44952008745398,4174.0,2300.1826602414635,6453.849913203276,False,6103.0,2024.0,279700.0,0.3435,4,Near-average,11.14,279700.0,estimated
284,NG-KWA-500,North Central,Kwara,Moro,5780.545746388443,44.60851523722291,7.49766213962302,85.10566913401753,2578.61563007233,433.4057898905552,4919.572137061872,157.0,537.0,0.02175,0.4405,254.0,42.10290131487072,23.17851703191048,62.71594113722987,3134.0,1720.030256831036,4673.255901158614,False,7923.0,2024.0,163200.0,0.027,4,Near-average,28.75,163200.0,estimated
285,NG-BEN-123,North Central,Benue,Guma,8182.981795385342,31.169856084457887,4.234519511031571,74.81490399808233,2550.623649038996,346.5099607097539,6122.089974398098,119.975,591.0,0.06925,0.395,261.0,32.43288664370745,18.153854006999165,48.818942876268494,3063.0,1709.9851440368664,4614.82076506445,False,9689.0,2024.0,280300.0,0.0235,4,Near-average,43.64,280300.0,estimated
286,NG-OND-598,South West,Ondo,Ondo West,12333.20392001956,20.42170614670496,1.815440621164488,58.449237295515886,2518.6506630202903,223.9019938550861,7208.663625352099,87.97500000000001,627.0,0.10075,0.36325,458.0,8.851267475010085,3.6448423766211535,16.62124014035193,1289.0,525.6565270680853,2426.118640776113,False,15888.0,2024.0,443800.0,0.0,4,Near-average,10.86,443800.0,estimated
287,NG-YOB-745,North East,Yobe,Damaturu,4572.610899525988,54.965667356083046,12.351884390891154,91.05694328138476,2513.366096521456,564.8036119547382,4163.679713259797,187.0,508.0,0.001,0.43075,335.0,40.874980725030426,25.3886577049752,57.96293837879984,2221.0,1376.4143970790244,3153.6632957856605,False,10437.0,2024.0,137900.0,0.0,2,"Low maternal care, high conflict exposure",56.66,137900.0,estimated
288,NG-BAU-108,North East,Bauchi,Warji,8111.657796553051,30.82816730333617,3.824650102458022,75.25695426234033,2500.67543659548,310.24252822691045,6104.586597869493,122.0,591.0250000000001,0.0715,0.37475,130.0,51.75043244870011,34.412453569189566,71.09080822908089,5093.0,3380.4152342526822,7002.31586522838,False,7036.0,2024.0,205300.0,0.669,1,Deprived northern rural,46.3,205300.0,estimated
289,NG-TAR-740,North East,Taraba,Wukari,12802.899874248988,19.330259995189245,1.7748386385270822,55.514034630075095,2474.833832616084,227.23081382010625,7107.406269844423,91.0,613.0,0.09425,0.34125,237.0,22.28389306612824,12.03268309066438,34.90670746444169,3333.0,1799.6393533878224,5220.737883385671,False,15154.0,2024.0,374800.0,0.084,2,"Low maternal care, high conflict exposure",33.68000000000001,374800.0,estimated
290,NG-ADA-033,North East,Adamawa,Shelleng,8144.983578466371,30.31544933965748,4.073084081949932,72.89844762632322,2469.1883704533907,331.7520296119497,5937.566588120933,124.0,588.0250000000001,0.0635,0.36975,361.0,22.396319117276743,10.362767431948567,38.5497230350663,1947.0,900.8319965078956,3351.114863336783,False,10539.0,2024.0,229000.0,0.0005,2,"Low maternal care, high conflict exposure",24.86,229000.0,estimated
291,NG-KAD-365,North West,Kaduna,Sanga,7907.099478526588,30.98265778219181,4.220625236225997,77.89035973926748,2449.829571929369,333.7290360441873,6158.868228766102,120.0,593.0,0.061,0.35675,105.0,62.3967503084931,43.49149068157119,81.72081370159138,5390.0,3756.029588664387,7059.470880294358,False,11090.0,2024.0,223800.0,0.8005,4,Near-average,24.02,223800.0,estimated
292,NG-RIV-685,South South,Rivers,Andoni,8451.153537515045,28.95533407878363,2.7433337933017943,73.53154318611271,2447.059740298426,231.84335091847024,6214.263613162569,115.0,614.0250000000001,0.075,0.35375,416.0,15.163526952113507,6.726629115370715,26.70716434403775,1547.0,678.0895272078598,2735.480565341101,False,13179.0,2024.0,313400.0,0.0,4,Near-average,13.430000000000009,313400.0,estimated
293,NG-BOR-163,North East,Borno,Mobbar,5061.7327824592985,48.25350757724264,8.627791993047348,90.21543653441609,2442.463611723779,436.71577571447614,4566.464325901301,173.0,546.0,0.0045,0.4,259.0,47.289215768387486,28.396009671359028,69.07053575620004,3074.0,1838.293858275095,4496.543078882012,False,6256.0,2024.0,170900.0,0.012,2,"Low maternal care, high conflict exposure",83.83,170900.0,estimated
294,NG-JIG-327,North West,Jigawa,Gumel,7445.656807574343,32.72338781613971,4.271877872812721,79.81882468172795,2436.4711526013507,318.06936564834234,5943.0357536409065,130.0,598.0250000000001,0.051,0.35275,195.0,46.79670097326733,29.601232012739256,65.67888061848079,4038.0,2554.200226659052,5667.230731823599,False,7509.0,2024.0,182900.0,0.185,1,Deprived northern rural,32.510000000000005,182900.0,estimated
295,NG-NIG-539,North Central,Niger,Agwara,3356.763488413232,72.573751846716,24.9540305699832,97.44121641729711,2436.129204162193,837.6477870606723,3270.8711753615503,222.0,465.0,0.0,0.36425,363.0,53.11967468722949,36.911106684274216,69.4767243977705,1914.0,1330.0531275668284,2503.521104603537,False,10744.0,2024.0,98400.0,0.0,1,Deprived northern rural,60.44,98400.0,estimated
296,NG-BEN-127,North Central,Benue,Konshisha,9546.325533681793,25.37179082117806,2.583962078757288,66.09552793124246,2422.073745514452,246.67343170506177,6309.694259521981,111.0,619.0,0.0655,0.35275,174.0,39.80505493037697,22.280321942507264,59.91574922640523,4385.0,2448.328091929497,6607.423086526695,False,6881.0,2024.0,327000.0,0.3945,4,Near-average,25.81,327000.0,estimated
297,NG-NAS-526,North Central,Nasarawa,Awe,6369.330561330562,37.91154647829202,6.515343402983618,80.42774847050522,2414.711716114887,414.9837585418702,5122.709163121962,149.97500000000002,563.0,0.032,0.3595,303.0,31.531868329149688,16.797966785433125,49.79399015286195,2499.0,1322.573615456389,3957.948214247903,False,8165.0,2024.0,174600.0,0.0025,2,"Low maternal care, high conflict exposure",39.02,174600.0,estimated
298,NG-BAY-117,South South,Bayelsa,Yenagoa,14271.06218964294,16.803430274302325,1.7063368140026962,47.74839167443663,2398.027984438968,243.5123878910968,6814.202670413143,91.975,616.0,0.08825,0.3345,356.0,12.611823308075929,4.984968056704478,24.205351148271685,2016.0,796.7101922307581,3868.560389352117,False,13595.0,2024.0,524400.0,0.0045,5,Relatively advantaged,24.700000000000003,524400.0,estimated
299,NG-BEN-129,North Central,Benue,Logo,7146.607005031508,33.164572055363486,3.843244857227096,76.72071947907189,2370.1416296973325,274.6616061871048,5482.9283126019245,138.0,600.0250000000001,0.04375,0.35175,313.0,29.4661664998554,16.49327396172703,44.35334772824339,2430.0,1356.8089117008742,3661.686747266092,False,10819.0,2024.0,244800.0,0.0,4,Near-average,36.49,244800.0,estimated
300,NG-YOB-743,North East,Yobe,Bade,7288.323971833302,32.44662030526172,4.057390270508455,76.74275602029653,2364.814805758121,295.71574771629975,5593.260683672816,134.0,596.0,0.04475,0.3315,233.0,38.70474536046508,24.040660425640937,54.885426989864506,3352.0,2077.395957781644,4759.763772285891,False,11201.0,2024.0,219800.0,0.0395,1,Deprived northern rural,50.14,219800.0,estimated
301,NG-BOR-159,North East,Borno,Mafa,4496.027129182688,52.268250589669776,12.03134918016972,90.34827322317682,2349.994726460753,540.9327231471295,4062.082874862128,189.0,538.0250000000001,0.0,0.34975,369.0,32.159060238800784,19.31072382412536,46.97146027942309,1857.0,1110.4164384618398,2716.124698217431,False,13365.0,2024.0,151800.0,0.0,2,"Low maternal care, high conflict exposure",55.75,151800.0,estimated
302,NG-OYO-646,South West,Oyo,Iseyin,10683.978498533135,21.951407784485664,2.251760323817892,63.33182463998822,2345.2836878197763,240.5775888352037,6766.358527265052,104.0,616.1250000000005,0.0735,0.31975,414.0,12.373169795091682,5.891027616552277,21.15345977678168,1551.0,736.9146833670859,2654.24612096311,False,10699.0,2024.0,365300.0,0.0,4,Near-average,32.56999999999999,365300.0,estimated
303,NG-KOG-488,North Central,Kogi,Yagba West,6413.632928112476,36.54764586501104,4.285319808673504,81.06134853362396,2344.031849648276,274.8446823240104,5198.977341524526,147.97500000000002,594.0,0.0345,0.342,326.0,28.829462862619447,14.55843655016327,46.30400322473229,2299.0,1158.2150847176836,3695.4563195651726,False,9401.0,2024.0,188600.0,0.0015,4,Near-average,30.89,188600.0,estimated
304,NG-NAS-533,North Central,Nasarawa,Nasarawa Eggon,8357.466389466388,27.981357856140736,3.176016139319147,69.98263609006915,2338.5325781432825,265.4344813676257,5848.775289690105,128.97500000000002,605.0250000000001,0.05025,0.331,290.0,25.7739019333772,13.73052633889252,40.70121712023597,2680.0,1418.5059824486684,4245.036461123782,False,10559.0,2024.0,229100.0,0.0085,4,Near-average,22.849999999999994,229100.0,estimated
305,NG-KWA-494,North Central,Kwara,Ilorin East,11033.333333333332,21.15495009522465,1.756845296093666,63.3205681515459,2334.09616050647,193.8385976690012,6986.369352720562,96.0,630.0250000000001,0.079,0.3125,263.0,21.465465889716324,11.81718245499992,31.974682342073613,3049.0,1673.795045290196,4547.636613755709,False,13170.0,2024.0,311500.0,0.021,4,Near-average,13.75,311500.0,estimated
306,NG-PLA-664,North Central,Plateau,Barkin Ladi,8338.761579717211,27.98470161119425,2.9886759254211293,71.4708296444592,2333.5775461527583,249.21855981127496,5959.782083097302,125.0,609.0,0.05475,0.32475,267.0,29.99466619604585,16.58444048395043,46.303022208764766,3024.0,1666.1420159654208,4674.859388773043,False,9463.0,2024.0,264500.0,0.0285,4,Near-average,9.89,264500.0,estimated
307,NG-FCT-277,North Central,FCT,Bwari,15813.267970660148,14.75393853609276,1.7197107420734672,44.18280375363016,2333.0798369388403,271.94246796430554,6986.745154512427,90.0,621.0,0.0835,0.30475,83.0,19.752373737344257,8.917430518747437,33.99165815381284,5938.0,2551.634259332643,10402.86306160528,False,19386.0,2024.0,500100.0,0.717,4,Near-average,12.010000000000003,500100.0,estimated
308,NG-KOG-481,North Central,Kogi,Ofu,8777.087268005462,25.900400586337334,2.689650833920477,66.50169537620152,2273.3007622258187,236.0730008978369,5836.9118378723615,128.0,612.0,0.05325,0.301,211.0,34.16689878067382,17.253759821493084,54.87664473175951,3728.0,1878.471209732895,5993.539882810916,False,7911.0,2024.0,258100.0,0.196,4,Near-average,32.099999999999994,258100.0,estimated
309,NG-YOB-758,North East,Yobe,Yunusari,6565.460174808889,34.558715483753474,4.3589928163499865,81.08379576352749,2268.9387020113445,286.18793738023874,5323.524319077775,147.0,603.0250000000001,0.03325,0.31225,265.0,38.98028571434315,24.211806677074733,55.27615814788378,3041.0,1884.679852393104,4318.20946323451,False,11104.0,2024.0,198000.0,0.0085,2,"Low maternal care, high conflict exposure",67.8,198000.0,estimated
310,NG-NAS-528,North Central,Nasarawa,Karu,12176.875952875953,18.628436139906825,2.1879384094060472,52.23928945493696,2268.361560717168,266.4225460387016,6361.113475591482,111.0,609.0,0.05925,0.298,759.0,1.0,1.0,1.0,152.0,150.52381930160243,151.9620943379553,False,26485.0,2024.0,333800.0,0.0,4,Near-average,20.950000000000003,333800.0,estimated
311,NG-KAD-354,North West,Kaduna,Kaduna North,19029.328771824938,11.882607011322744,0.7326644446353022,45.23531937801648,2261.180354848525,139.42112596391698,8607.97764542779,63.0,682.0250000000001,0.09575,0.27575,11.0,53.81708260034696,37.5113308762131,70.48405180401647,11187.0,7796.388121570697,14653.33901570045,False,15502.0,2024.0,538600.0,1.0,2,"Low maternal care, high conflict exposure",21.86,538600.0,estimated
312,NG-YOB-757,North East,Yobe,Tarmuwa,4048.700441132148,55.81231692852806,13.438855836557144,92.96184654418836,2259.673521691389,544.0990155378024,3763.746691119145,205.0,519.0250000000001,0.0,0.294,327.0,47.66122717260451,29.603795794411795,67.58620370362509,2293.0,1421.0464165911203,3255.9249126728346,False,8048.0,2024.0,122100.0,0.0,2,"Low maternal care, high conflict exposure",68.76,122100.0,estimated
313,NG-YOB-759,North East,Yobe,Yusufari,5772.962709263775,38.94899391484613,4.993355742677631,84.51781306479927,2248.5108943374894,288.26456496566084,4879.181830916129,162.0,607.0250000000001,0.01975,0.32425,253.0,45.73812593986795,28.409300823064548,64.85914191002664,3138.0,1944.4846390526293,4455.23517366059,False,8725.0,2024.0,174100.0,0.015,1,Deprived northern rural,62.22,174100.0,estimated
314,NG-BEN-128,North Central,Benue,Kwande,10480.52252780356,21.32424369562984,1.7205848754291306,60.42553073905437,2234.892164404216,180.32628547933083,6332.911361651458,111.975,645.0250000000001,0.063,0.29,423.0,12.51910585510762,7.007394145592851,18.84412942691412,1514.0,845.37888374634,2281.4654505416606,False,17274.0,2024.0,359000.0,0.0,4,Near-average,17.560000000000002,359000.0,estimated
315,NG-OYO-634,South West,Oyo,Atisbo,4597.649657731752,48.55331805745659,9.214785999840398,87.82619221371482,2232.311461486056,423.66357698237545,4037.94062571269,191.975,549.0250000000001,0.0005,0.322,437.0,25.856611700509813,12.310670274531972,44.20506665863176,1395.0,662.6904627516884,2386.9026223239453,False,5210.0,2024.0,157200.0,0.0,2,"Low maternal care, high conflict exposure",54.45,157200.0,estimated
316,NG-BOR-162,North East,Borno,Marte,5615.591196923832,39.73262686340293,5.922595489990212,82.78990854630365,2231.2218964478498,332.58875096529823,4649.14281626752,169.0,579.0250000000001,0.01025,0.31125,183.0,59.214136493141226,35.55663094046161,86.48805156663488,4270.0,2553.72715809764,6246.52262553476,False,653.0,2024.0,189600.0,0.33,2,"Low maternal care, high conflict exposure",60.29,189600.0,estimated
317,NG-BOR-150,North East,Borno,Guzamala,4164.304442444572,53.06269710216526,11.010006963315352,91.96344280453042,2209.692252706371,458.49020908679785,3829.637734134033,202.975,545.0,0.0,0.28725,,,,,,,,,,,,,2,"Low maternal care, high conflict exposure",80.19,140600.0,not estimated (no Penta1 data 2021-2024; partial reporting from 2025)
318,NG-KAD-357,North West,Kaduna,Kajuru,5730.703911604168,38.40034799925176,5.293825237173103,83.88759832669624,2200.61024486274,303.37344994016763,4807.349878658773,165.97500000000002,597.0250000000001,0.01475,0.2995,189.0,67.12217925926262,46.78518703855673,87.90969208126205,4202.0,2928.355840477581,5503.855146770134,False,8660.0,2024.0,162200.0,0.265,2,"Low maternal care, high conflict exposure",33.260000000000005,162200.0,estimated
319,NG-BAY-115,South South,Bayelsa,Sagbama,7570.956333254512,29.04431937702255,3.859575359244612,72.4772508072235,2198.932737325356,292.20676509746056,5487.221010158245,141.0,596.0250000000001,0.036,0.29875,396.0,19.96332898788826,7.890735136320891,38.31479211502108,1693.0,669.0366387976245,3248.6199688633137,False,9324.0,2024.0,278200.0,0.001,4,Near-average,30.41,278200.0,estimated
320,NG-TAR-742,North East,Taraba,Zing,6862.600279446695,31.95391173795448,2.956322655631488,79.0515234534211,2192.8692362230136,202.88060682671244,5424.990069421346,143.0,625.0250000000001,0.0395,0.3,285.0,34.6801209550168,18.726301717536018,54.32483603362391,2780.0,1501.25813504325,4355.136602012389,False,9962.0,2024.0,200900.0,0.014,2,"Low maternal care, high conflict exposure",25.42,200900.0,estimated
321,NG-KOG-475,North Central,Kogi,Igalamela-Odolu,6740.095685853091,32.427820894857526,3.7939084155549696,74.61466312160475,2185.666157150475,255.7130574420379,5029.099690073099,154.0,606.0250000000001,0.02625,0.29275,266.0,36.25888708681057,18.31018182851095,58.23665992646013,3038.0,1530.8375190164718,4884.363240059016,False,7327.0,2024.0,198200.0,0.0465,4,Near-average,28.90000000000001,198200.0,estimated
322,NG-RIV-687,South South,Rivers,Bonny,8337.896215059516,26.205399771694044,1.930010104136936,73.66001427293159,2184.9790357052952,160.92223942309982,6141.695542075063,116.0,658.0750000000003,0.0575,0.284,352.0,20.245850083909875,8.981177338882695,35.65854086475357,2038.0,893.230037738905,3603.378773116894,False,8442.0,2024.0,309200.0,0.0025,4,Near-average,14.450000000000005,309200.0,estimated
323,NG-FCT-278,North Central,FCT,Gwagwalada,10940.593317033414,19.95268264745834,2.207542945537828,57.33714642018056,2182.9418642967207,241.51829597015416,6273.024009423938,109.0,617.0250000000001,0.06,0.27325,151.0,22.75467041055649,10.272851003193797,39.15827982416003,4733.0,2033.709530255271,8291.314349988563,False,16000.0,2024.0,346000.0,0.483,4,Near-average,24.03,346000.0,estimated
324,NG-ADA-021,North East,Adamawa,Gombi,8105.859203198629,26.90978418528046,3.435331787519277,69.74857280004437,2181.269217943438,278.4631578590393,5653.721107412092,134.0,600.0250000000001,0.04275,0.27775,368.0,21.571269132993343,9.98101715137383,37.1296035851842,1866.0,863.478834386828,3212.1602777294984,False,11029.0,2024.0,227900.0,0.0005,2,"Low maternal care, high conflict exposure",39.98,227900.0,estimated
325,NG-OYO-645,South West,Oyo,Irepo,5068.528534891301,42.85232911415445,6.425173732652462,84.81968609122762,2171.98252901645,325.66176405583064,4299.1099927391,180.0,584.0250000000001,0.0035,0.30275,436.0,23.449292868790053,11.164514361830188,40.08945821552499,1395.0,662.5442338940638,2386.3759299036647,False,6190.0,2024.0,173300.0,0.0,4,Near-average,62.68,173300.0,estimated
326,NG-YOB-754,North East,Yobe,Nangere,4562.663232594459,47.588966455441465,9.010717111157016,89.80813046555161,2171.32427523414,411.1286766238589,4097.642548632186,192.0,563.0250000000001,0.001,0.28875,302.0,46.371584691566994,28.802760761927825,65.75742075784416,2514.0,1558.108694830621,3569.964257973185,False,8502.0,2024.0,137600.0,0.0005,1,Deprived northern rural,50.86,137600.0,estimated
327,NG-OND-596,South West,Ondo,Okitipupa,9996.064556176289,21.60282971556102,1.789815773886673,59.97470172104517,2159.432804328312,178.91114019433806,5995.109901409846,116.975,647.0,0.05575,0.27725,435.0,11.879060468280452,4.891650050286656,22.306942733625373,1402.0,571.7837775560859,2639.014660313584,False,14199.0,2024.0,359700.0,0.0,4,Near-average,22.06,359700.0,estimated
328,NG-PLA-665,North Central,Plateau,Bassa,8805.353910075679,24.44310188905365,2.9410125100407933,64.66974362730564,2152.301627931556,258.9665600486918,5694.399799122873,133.0,613.0500000000002,0.042,0.27375,264.0,28.57370545441034,15.79877283572067,44.10947298412278,3042.0,1676.022351642488,4702.5816234694685,False,9984.0,2024.0,279300.0,0.032,4,Near-average,15.03,279300.0,estimated
329,NG-BEN-130,North Central,Benue,Makurdi,12661.288635956556,16.904638183915356,1.1243492752557451,52.42140510339871,2140.345033329643,142.35710701641557,6637.22540716537,100.975,669.0250000000001,0.06425,0.2655,761.0,1.0,1.0,1.0,146.0,145.74371087073368,146.26243234845552,False,22014.0,2024.0,433700.0,0.0,4,Near-average,28.21,433700.0,estimated
330,NG-NIG-555,North Central,Niger,Muya,6055.137390176307,35.12644593652214,3.9950192298646847,80.23633450160295,2126.9545617424183,241.90390313227007,4858.420290913492,163.0,628.0,0.01975,0.2745,206.0,59.37205806737478,41.25568129498824,77.65439339686148,3859.0,2681.630549701939,5047.5567755778,False,8918.0,2024.0,177500.0,0.0915,2,"Low maternal care, high conflict exposure",29.71,177500.0,estimated
331,NG-OYO-649,South West,Oyo,Kajola,8382.228956144529,25.35963832198905,1.9946638059132693,69.88301091417563,2125.702946599286,167.19728711699656,5857.75397627367,128.0,654.0,0.0525,0.277,383.0,17.954219168221574,8.548238059060907,30.69495200406596,1766.0,838.93685492278,3021.7132907942773,False,8427.0,2024.0,286600.0,0.0,4,Near-average,30.57,286600.0,estimated
332,NG-KOG-471,North Central,Kogi,Bassa,6403.430966933082,32.89588747366616,4.006278100782631,76.42992535333742,2106.465445336198,256.53925252697354,4894.137508079448,158.0,605.0500000000002,0.023,0.2645,212.0,46.08120204473344,23.27030022447495,74.01262167966057,3669.0,1848.353767026704,5897.44573290191,False,4585.0,2024.0,188300.0,0.1765,4,Near-average,35.379999999999995,188300.0,estimated
333,NG-ADA-024,North East,Adamawa,Jada,9236.909324575185,22.74852343924917,2.0405389358110373,62.64562688416764,2101.260482763176,188.48273123351697,5786.519751102259,126.975,652.0250000000001,0.046,0.25975,381.0,17.981459813621477,8.320013889771102,30.9506348767176,1773.0,820.2166301280777,3051.22392525288,False,13161.0,2024.0,259700.0,0.0,2,"Low maternal care, high conflict exposure",24.55,259700.0,estimated
334,NG-BEN-138,North Central,Benue,Ukum,9146.372445573412,22.84245258890417,1.6474227100368155,64.82229878205621,2089.255789484702,150.67941681292606,5928.8888743892585,119.0,660.0250000000001,0.0525,0.25,217.0,33.756096336186594,18.8945020979878,50.81067734936996,3563.0,1989.2815191189752,5368.571589058953,False,9185.0,2024.0,313300.0,0.1195,4,Near-average,28.010000000000005,313300.0,estimated
335,NG-ADA-023,North East,Adamawa,Hong,9279.5904612309,22.40119893031365,2.306005111255341,62.574105732968135,2078.739519138745,213.98783033954768,5806.620746797049,134.0,631.0,0.0435,0.24575,380.0,17.991562466490247,8.324688383002627,30.968024094471254,1782.0,824.4695759711672,3067.044977439072,False,13155.0,2024.0,260900.0,0.0,2,"Low maternal care, high conflict exposure",31.89,260900.0,estimated
336,NG-BEN-124,North Central,Benue,Gwer East,7108.655252145311,29.118980846881808,3.161890393656238,70.8396623056877,2069.967961343052,224.76788753572225,5035.74737509527,156.0,617.0500000000002,0.02425,0.25475,284.0,34.08427334324988,19.07819458087188,51.30465911353203,2796.0,1561.121268409864,4213.074523696724,False,9060.0,2024.0,243500.0,0.0055,4,Near-average,25.950000000000003,243500.0,estimated
337,NG-BOR-148,North East,Borno,Dikwa,4558.225132946085,45.31024288343707,7.686715929729792,86.97667793821441,2065.3428789117515,350.3778174071137,3964.592793581262,197.975,585.0250000000001,0.0005,0.25025,281.0,48.544918646774896,29.150028330786213,70.90461291632079,2841.0,1699.390394309909,4156.779440596534,False,5666.0,2024.0,153900.0,0.003,2,"Low maternal care, high conflict exposure",53.81,153900.0,estimated
338,NG-RIV-684,South South,Rivers,Akuku Toru,6248.028955463421,32.943784199508045,3.4921914939495924,78.33037182995331,2058.3371758106505,218.1931357222012,4894.104312857646,157.97500000000002,638.0,0.02425,0.265,407.0,21.7522004484955,9.64940315813767,38.3116404288416,1641.0,719.1459644794961,2901.106314939619,False,7038.0,2024.0,231700.0,0.0,3,Geographically isolated,19.55,231700.0,estimated
339,NG-JIG-325,North West,Jigawa,Gagarawa,5752.166795572743,35.710998987615,4.970977048860444,82.04974545580765,2054.1562261329123,285.9388912200923,4719.638213960923,173.0,610.0,0.01,0.24925,225.0,52.40709992920024,33.15008733212321,73.55304088159984,3493.0,2209.827050288104,4903.13940179583,False,5663.0,2024.0,141300.0,0.0325,1,Deprived northern rural,33.510000000000005,141300.0,estimated
340,NG-ADA-019,North East,Adamawa,Ganye,9322.27159788662,21.99067106075286,2.089216087061146,62.40898689445957,2050.030082481232,194.76239790257932,5817.935259790987,127.975,640.0250000000001,0.04575,0.24275,378.0,18.092588995178016,8.371433315317903,31.14191627200784,1800.0,832.9125628077375,3098.453074385748,False,13095.0,2024.0,262100.0,0.0,2,"Low maternal care, high conflict exposure",23.72,262100.0,estimated
341,NG-DEL-210,South South,Delta,Warri South West,4805.932118588436,42.53687029050522,4.9355702339937215,87.1651289006547,2044.2931115336823,237.2001551109948,4189.096926045576,186.0,628.0250000000001,0.00175,0.27275,516.0,18.92115198138376,7.865901812826785,33.94268285747622,1037.0,429.0870163826325,1860.4414353415389,False,4619.0,2024.0,159700.0,0.0,3,Geographically isolated,42.75,159700.0,estimated
342,NG-OND-594,South West,Ondo,Irele,6152.706957846623,33.22007076561206,3.5742227150994506,77.6245060438311,2043.933605397382,219.9114496808584,4776.008384352868,163.0,630.0,0.017,0.2625,418.0,21.052072159556044,8.668982712303453,39.5323661615592,1530.0,623.7086471694053,2878.66904982795,False,9082.0,2024.0,221400.0,0.0,4,Near-average,26.75,221400.0,estimated
343,NG-GOM-286,North East,Gombe,Gombe,16525.202797909144,12.256161610578578,0.6574134710620417,43.38456425569977,2025.355561387602,108.63890931377614,7169.38722624359,85.0,682.0250000000001,0.0665,0.2365,540.0,4.938865196233606,2.8041896960759507,7.363014819695932,925.0,525.4333118567124,1379.6403529250056,False,24968.0,2024.0,446800.0,0.0,2,"Low maternal care, high conflict exposure",39.41,446800.0,estimated
344,NG-BOR-154,North East,Borno,Kaga,3906.626998281928,51.51101749952599,10.484421654897998,90.31971263665184,2012.343316726208,409.5872469839621,3528.454278634095,215.0,552.0250000000001,0.0,0.19625,315.0,48.03412425556646,28.84330887610397,70.15854763084793,2410.0,1441.1375505267793,3525.082265475552,False,5906.0,2024.0,131900.0,0.0,2,"Low maternal care, high conflict exposure",69.2,131900.0,estimated
345,NG-NIG-560,North Central,Niger,Suleja,12584.45173654107,15.683387942866965,0.8749056571317202,53.28576407015565,1973.668386324592,110.10208016200882,6705.721261855881,104.0,691.0250000000001,0.06175,0.2305,127.0,37.7831877432696,26.25428867694228,49.41769950898159,5104.0,3546.7104548829325,6675.87203224053,False,15223.0,2024.0,368900.0,0.7305,4,Near-average,16.92,368900.0,estimated
346,NG-BOR-166,North East,Borno,Nganzai,4300.547688783441,45.76808914078531,8.492601389719784,88.95596679357094,1968.2784997443928,365.22837278318457,3825.59377397588,204.0,575.0,0.0,0.21075,325.0,41.71942859425212,25.051489617594715,60.93531553918988,2304.0,1377.8937478494677,3370.38529908429,False,8873.0,2024.0,145200.0,0.0,2,"Low maternal care, high conflict exposure",72.66,145200.0,estimated
347,NG-BOR-164,North East,Borno,Monguno,4765.551812157408,41.281064265936045,6.9858936248016645,84.52389476155756,1967.2705062031805,332.91638023212454,4028.0299985154265,195.975,589.0,0.00075,0.2035,450.0,21.760137757782267,13.06642692588598,31.78281450933837,1332.0,796.3948559691852,1948.0148734357504,False,18251.0,2024.0,160900.0,0.0,2,"Low maternal care, high conflict exposure",70.19,160900.0,estimated
348,NG-BEN-126,North Central,Benue,Katsina-Ala,9502.535049582337,20.69212799017926,1.6250710078186272,60.83756829077557,1966.276714771228,154.42294209856598,5781.111250144539,122.0,656.0,0.0405,0.22875,221.0,32.288488760599606,18.073029314530164,48.60159090003719,3541.0,1976.8892827467937,5335.128053052013,False,9744.0,2024.0,325500.0,0.113,4,Near-average,,325500.0,estimated
349,NG-PLA-671,North Central,Plateau,Kanke,5763.045810103237,34.05366572638869,4.578991620311232,79.64799778641638,1962.5283558311992,263.8893847193248,4590.150599261188,172.0,617.0750000000003,0.0115,0.2155,251.0,45.082487352912665,24.926692748839194,69.59422050189237,3141.0,1730.7182282411748,4856.047252326071,False,3931.0,2024.0,182800.0,0.045,2,"Low maternal care, high conflict exposure",13.260000000000003,182800.0,estimated
350,NG-KAN-375,North West,Kano,Dala,23860.77230277709,8.224775221216555,0.2682758614256981,35.654362133218335,1962.4948879497133,64.01269243809963,8507.406164614804,61.0,733.0,0.08225,0.22225,238.0,11.702535043329892,8.494992039076752,14.907872571361796,3316.0,2405.2859317239786,4226.186767581375,False,22484.0,2024.0,688700.0,0.0005,2,"Low maternal care, high conflict exposure",19.90000000000001,688700.0,estimated
351,NG-BEN-121,North Central,Benue,Buruku,8690.951410939053,22.573633019294267,1.7975250689090445,61.6494507868445,1961.8634773905624,156.22203033833378,5357.92381299544,140.0,649.0250000000001,0.0355,0.2245,307.0,24.59601971503632,13.767277515727198,37.022658348078274,2467.0,1377.2960519104208,3716.976397229136,False,12674.0,2024.0,297700.0,0.0,4,Near-average,28.730000000000004,297700.0,estimated
352,NG-ADA-028,North East,Adamawa,Mayo-Belwa,8379.729830072825,23.250655907941457,2.1270993975479224,62.80333420669244,1948.3421488053543,178.2451827316226,5262.749730798538,148.97500000000002,633.0250000000001,0.03075,0.2205,379.0,20.07439273293631,9.288413070902523,34.55310115468382,1795.0,830.7098816153211,3090.259051846904,False,11918.0,2024.0,235600.0,0.0,2,"Low maternal care, high conflict exposure",23.97,235600.0,estimated
353,NG-ADA-017,North East,Adamawa,Demsa,9784.650578323575,19.90977084655765,2.1807439747038813,57.78929354818632,1948.1015082805973,213.3781779326198,5654.4804453717215,135.0,639.0250000000001,0.03875,0.2185,377.0,17.247333705157057,7.980334048280112,29.687018386618423,1801.0,833.3822202019884,3100.200210234221,False,13597.0,2024.0,275100.0,0.0,2,"Low maternal care, high conflict exposure",26.16,275100.0,estimated
354,NG-PLA-668,North Central,Plateau,Jos North,20277.850465308547,9.560574491538585,0.7030819850103269,34.78692703474791,1938.6789990186253,142.56991356891717,7054.041045582174,91.975,675.0,0.0595,0.20225,740.0,1.0,1.0,1.0,245.0,244.30454781220823,245.5158718929473,False,23232.0,2024.0,643200.0,0.0,4,Near-average,6.510000000000005,643200.0,estimated
355,NG-KWA-496,North Central,Kwara,Ilorin West,19420.79186730872,9.968977562492746,0.5214649705701561,35.6190761902398,1936.0543837104267,101.27262659535268,6917.506651964588,93.975,679.0250000000001,0.05725,0.217,738.0,1.0,1.0,1.0,250.0,249.30832454661817,250.3365606069741,False,23039.0,2024.0,548300.0,0.0,5,Relatively advantaged,13.75,548300.0,estimated
356,NG-BAY-113,South South,Bayelsa,Nembe,5306.745093402696,36.39400165335612,4.105398862324988,83.87165107501876,1931.336897032373,217.86305269104133,4450.854728179387,175.0,636.0250000000001,0.007,0.232,454.0,21.94794290706963,8.675176588626611,42.12377957338259,1304.0,515.5707204881302,2503.440381006727,False,8171.0,2024.0,195000.0,0.0005,3,Geographically isolated,26.370000000000005,195000.0,estimated
357,NG-OND-600,South West,Ondo,Owo,9487.507477004683,20.29365495635076,1.768013098227975,58.3457531417457,1925.362031341315,167.74037488880128,5535.557691837818,140.0,656.0,0.036,0.215,298.0,22.889542744578023,9.42563035321946,42.98283694788559,2564.0,1045.706800851982,4826.362142754756,False,8057.0,2024.0,341400.0,0.033,4,Near-average,9.060000000000002,341400.0,estimated
358,NG-RIV-698,South South,Rivers,Okrika,8621.039521198341,22.25030435758043,1.3736456383157063,66.46814038286404,1918.2075322539256,118.42253336041428,5730.244651412303,126.0,682.0,0.047,0.232,471.0,11.954485683968493,5.303079667086077,21.05515522994424,1244.0,545.3324608969205,2199.9253617375,False,16170.0,2024.0,319700.0,0.0,3,Geographically isolated,11.349999999999994,319700.0,estimated
359,NG-OYO-661,South West,Oyo,Saki East,4553.7789548908,41.91265722177785,6.5144105075047065,85.55884112945412,1908.609764000844,296.6518547259443,3896.160501401536,198.0,596.0,0.00025,0.1955,441.0,25.628162056275176,12.201902417510272,43.81450381658183,1370.0,650.5679128270316,2343.2391808972075,False,5303.0,2024.0,155700.0,0.0,4,Near-average,61.61,155700.0,estimated
360,NG-KAD-358,North West,Kaduna,Kaura,9115.42299133092,20.75803765452202,1.796727225468967,61.01535282339658,1892.1829369094307,163.77928660190034,5561.807499505571,133.0,661.0250000000001,0.0405,0.20475,80.0,60.50657872818529,42.17401213877698,79.2452623497231,6025.0,4198.83930384778,7891.733304233407,False,12062.0,2024.0,258000.0,0.928,4,Near-average,15.069999999999991,258000.0,estimated
361,NG-ADA-026,North East,Adamawa,Madagali,7412.290732543196,25.46134691366938,2.3735220927778067,70.73185128687814,1887.2690576625823,175.93235811783467,5242.850457893504,151.0,648.0,0.028,0.20475,397.0,21.35237832083652,9.879736464690737,36.7528372005216,1689.0,781.5839714612542,2907.5095843208587,False,11159.0,2024.0,208400.0,0.0,2,"Low maternal care, high conflict exposure",21.700000000000003,208400.0,estimated
362,NG-KWA-495,North Central,Kwara,Ilorin South,11125.425361155698,16.959500648787962,1.1927498823118132,52.67738299855215,1886.81658630562,132.69849790187322,5860.58292771404,126.0,667.0250000000001,0.042,0.2055,248.0,22.24030385021859,12.243746760631968,33.12887101801144,3186.0,1748.688930049283,4751.120411509321,False,12973.0,2024.0,314100.0,0.0335,4,Near-average,14.36,314100.0,estimated
363,NG-PLA-675,North Central,Plateau,Mikang,4470.45894897505,42.20207865307009,5.609614908422568,84.90931857838737,1886.6266017996588,250.77553167661523,3795.8362309012527,206.975,619.0,0.00025,0.18375,316.0,44.54246772365387,24.62810888252539,68.76058759118389,2407.0,1326.455887391139,3721.7684324290144,False,4129.0,2024.0,141800.0,0.0,2,"Low maternal care, high conflict exposure",19.40000000000001,141800.0,estimated
364,NG-NIG-546,North Central,Niger,Gurara,5318.286868329501,35.429259280126075,4.74488674363808,77.88884637623265,1884.229643841357,252.3466886040113,4142.35228872052,191.0,621.0,0.00375,0.1925,208.0,67.25430699458971,46.73279561802422,87.96380962682177,3840.0,2667.9930921536475,5021.887377808902,False,6616.0,2024.0,155900.0,0.084,2,"Low maternal care, high conflict exposure",23.22,155900.0,estimated
365,NG-DEL-209,South South,Delta,Warri South,12867.981051398969,14.485401842409884,0.7013881383095288,53.50157846125556,1863.978764300305,90.25449273443016,6884.572978593717,92.0,720.0,0.06775,0.22,725.0,2.4870908094919835,1.0339334585069544,4.461595925416608,365.0,151.01574256338884,654.7761505868096,False,15538.0,2024.0,427600.0,0.0,3,Geographically isolated,15.480000000000004,427600.0,estimated
366,NG-YOB-752,North East,Yobe,Karasuwa,5501.059813135326,33.81874496876341,4.691700919058025,79.13009377924166,1860.3893887833783,258.09327381080175,4352.993788986159,182.0,628.0250000000001,0.0065,0.1925,250.0,48.61567623346048,30.19663229422373,68.93966420975373,3178.0,1969.4732963008769,4512.489595978465,False,7712.0,2024.0,165900.0,0.02,1,Deprived northern rural,52.0,165900.0,estimated
367,NG-LAG-511,South West,Lagos,Epe,6019.761258857363,30.8406504753892,3.464897470095792,75.43623807899647,1856.533529297086,208.5785555639553,4541.081435018835,172.97500000000002,639.0250000000001,0.014,0.2085,573.0,10.953427493099005,4.709427812858205,20.542378751741285,836.0,350.9698949148997,1581.1395546352844,False,10389.0,2024.0,269000.0,0.0,4,Near-average,18.620000000000005,269000.0,estimated
368,NG-KAD-355,North West,Kaduna,Kaduna South,21022.00263504612,8.829973381731971,0.4452370577143257,34.40504566180642,1856.237236981572,93.59774600490736,7232.629605613766,88.97500000000001,706.0250000000001,0.06375,0.20725,27.0,39.60384794965786,27.60448862386443,51.86902625792057,9095.0,6338.132312050059,11912.54207033036,False,22811.0,2024.0,595000.0,1.0,2,"Low maternal care, high conflict exposure",20.42,595000.0,estimated
369,NG-ADA-029,North East,Adamawa,Michika,8514.886762815937,21.7963990320502,1.7493576890845843,65.2199192643666,1855.9386959505773,148.95582630216606,5553.402272160793,136.97500000000002,664.0,0.0345,0.19675,389.0,19.12811091422759,8.850568871549457,32.92431109175782,1738.0,804.3182103190447,2992.081453479952,False,12480.0,2024.0,239400.0,0.0,2,"Low maternal care, high conflict exposure",21.480000000000004,239400.0,estimated
370,NG-NIG-543,North Central,Niger,Chanchaga,11827.133144642965,15.490136835768112,0.6714626137947626,56.57170467535004,1832.0391078536784,79.41477735000635,6690.810834147858,106.0,713.0500000000002,0.0535,0.20625,169.0,35.60204414351464,24.73868406192319,46.56492012649474,4520.0,3140.850460498729,5911.933329044574,False,15860.0,2024.0,346700.0,0.411,2,"Low maternal care, high conflict exposure",24.89,346700.0,estimated
371,NG-BOR-141,North East,Borno,Abadam,4342.013024625706,42.172615416043904,5.511127532249779,87.19317294219998,1831.1404541899367,239.29387525401864,3785.93892573474,206.0,620.0,0.0,0.16625,241.0,58.97363746728057,35.412217197215384,86.13677916139142,3288.0,1966.5393802671,4810.236948724918,False,766.0,2024.0,146600.0,0.034,2,"Low maternal care, high conflict exposure",76.74,146600.0,estimated
372,NG-OYO-658,South West,Oyo,Ori Ire,6244.263371028811,29.212538922991648,3.307420352837064,69.25687972277326,1824.1078677159087,206.52403761815663,4324.581972446611,179.0,629.0,0.0095,0.1785,399.0,23.00713226704561,10.95399592888496,39.33353013413802,1686.0,800.8421700825181,2884.5024687699743,False,6370.0,2024.0,213500.0,0.0,4,Near-average,38.77,213500.0,estimated
373,NG-ADA-037,North East,Adamawa,Yola South,10759.20319862916,16.884262933688884,1.562423065499518,52.33961269595032,1816.612157626412,168.10427243934393,5631.325283332801,131.97500000000002,658.0250000000001,0.034,0.17975,451.0,11.556172589079708,5.347036194519687,19.891092385390888,1327.0,614.0038190311145,2284.107727164509,False,16977.0,2024.0,302500.0,0.0,2,"Low maternal care, high conflict exposure",33.17,302500.0,estimated
374,NG-DEL-208,South South,Delta,Warri North,5615.447296985612,32.34900917449681,3.0856306033919934,76.90732449641436,1816.5415612909112,173.27196031313656,4318.690274617854,180.975,648.0,0.008,0.193,526.0,15.355597359512563,6.383629349104495,27.54642908496507,983.0,406.88458675421504,1764.1758331003182,False,6988.0,2024.0,186600.0,0.0,3,Geographically isolated,42.04,186600.0,estimated
375,NG-BAU-095,North East,Bauchi,Dass,6357.358691989217,28.133329677664705,2.548503222353657,75.94255530631672,1788.5366796090052,162.01749112192553,4827.940640684844,166.0,660.0,0.01725,0.18675,188.0,54.59118993102487,36.301470343276144,74.99322480504806,4210.0,2794.767745810192,5789.184218500786,False,5692.0,2024.0,160900.0,0.263,2,"Low maternal care, high conflict exposure",21.69,160900.0,estimated
376,NG-OYO-633,South West,Oyo,Atiba,7033.936022165944,25.41452520418472,2.133271549380145,67.97453793026452,1787.6414431995893,150.05295596246762,4781.285509377729,160.97500000000002,664.0,0.02025,0.1905,417.0,18.644480996500405,8.876880723825398,31.875039731120044,1539.0,731.0581858469202,2633.1519750922416,False,8146.0,2024.0,240500.0,0.0,4,Near-average,43.18,240500.0,estimated
377,NG-OGU-567,South West,Ogun,Ifo,22319.73228000878,8.006578533249018,0.283196021511287,28.86351826140757,1787.0468934098355,63.20859382895532,6442.260002537614,106.975,710.0,0.04975,0.18575,727.0,1.0,1.0,1.0,322.0,316.8548493717281,324.161585468423,False,29727.0,2024.0,917000.0,0.0,5,Relatively advantaged,17.090000000000003,917000.0,estimated
378,NG-NAS-537,North Central,Nasarawa,Wamba,4093.006237006237,43.47712744383542,7.679615320461232,86.80602232452614,1779.5215379473364,314.3271340445648,3552.975907839881,218.0,599.0,0.0,0.137,354.0,39.90906004029237,21.26074668321964,63.02294941461477,2033.0,1075.697766509407,3219.144858380668,False,4682.0,2024.0,112200.0,0.0,2,"Low maternal care, high conflict exposure",23.849999999999994,112200.0,estimated
379,NG-RIV-688,South South,Rivers,Degema,9675.411261201016,18.37501522174768,1.0772832100899423,55.46352902122203,1777.85829201237,104.23158102407008,5366.324532778809,141.0,695.0250000000001,0.03625,0.19275,405.0,14.048784766355343,6.232122971349405,24.743795079730447,1641.0,719.2485758234976,2901.520259302476,False,14218.0,2024.0,358800.0,0.0,3,Geographically isolated,15.36,358800.0,estimated
380,NG-OND-590,South West,Ondo,Idanre,5541.3268626676445,32.07563153675197,3.4405223169223094,74.71407098408301,1777.415586716322,190.6505873636912,4140.150885633564,186.0,646.0250000000001,0.00425,0.17975,422.0,23.214013160079467,9.559243253712925,43.5921395940564,1519.0,619.4192228448793,2858.871612193197,False,7876.0,2024.0,199400.0,0.0,4,Near-average,11.97,199400.0,estimated
381,NG-KWA-497,North Central,Kwara,Irepodun,7849.074371321562,22.44077649474867,1.954916415743947,60.67741012022014,1761.3932365748713,153.4428433689162,4762.615046927874,165.0,661.0250000000001,0.01975,0.17625,196.0,39.74298874481303,21.87933640561996,59.20064567752075,4016.0,2204.6222583178337,5989.873688321703,False,8523.0,2024.0,221600.0,0.2635,4,Near-average,14.829999999999998,221600.0,estimated
382,NG-TAR-730,North East,Taraba,Gashaka,4683.237920916586,37.492640404829416,4.001508673050968,83.74952310550822,1755.8695529918657,187.40017158508903,3922.189424663959,201.0,652.0,0.00075,0.17025,338.0,40.2980570533517,21.75983111449845,63.125078045042606,2205.0,1190.4643535223647,3453.526584398427,False,7609.0,2024.0,137100.0,0.0,3,Geographically isolated,41.78,137100.0,estimated
383,NG-KOG-485,North Central,Kogi,Olamaboro,7263.796359728659,23.888017126714097,2.200811318386185,65.80233815964124,1735.176918461619,159.86245242943198,4779.747843856363,164.0,657.0,0.02,0.16675,343.0,23.846661948516346,12.042198516324492,38.30095333461493,2154.0,1085.025190655375,3461.933150932991,False,10792.0,2024.0,213600.0,0.0,4,Near-average,21.57,213600.0,estimated
384,NG-BEN-139,North Central,Benue,Ushongo,8089.562095973165,21.42606490344008,1.4280226639961444,59.91616384059712,1733.2748250872955,115.52078014853832,4846.955279410124,161.97500000000002,676.0250000000001,0.021,0.1655,350.0,21.87608868049585,12.244834217583898,32.92853748670304,2042.0,1140.2231032366988,3077.176004699547,False,13710.0,2024.0,277100.0,0.0,4,Near-average,23.200000000000003,277100.0,estimated
385,NG-KOG-486,North Central,Kogi,Omala,4947.951172006179,34.840831668867686,4.232939164097798,78.27890778979463,1723.90733889644,209.4437629802855,3873.20213541878,203.975,634.0,0.0015,0.146,283.0,45.55104062468508,23.002576839134807,73.1611109796337,2802.0,1411.7970625639207,4504.547079066145,False,4733.0,2024.0,145500.0,0.02,4,Near-average,38.47,145500.0,estimated
386,NG-BEN-140,North Central,Benue,Vandeikya,9887.891309657563,17.416407348815703,1.2441597624124967,53.54720227671558,1722.1154286981096,123.02116502584148,5294.689160484117,148.95000000000002,681.0250000000001,0.02875,0.1755,232.0,29.39002943421672,16.450657305697924,44.2387439589578,3353.0,1872.4009512574376,5053.140268803975,False,10848.0,2024.0,338700.0,0.069,4,Near-average,17.209999999999994,338700.0,estimated
387,NG-BOR-144,North East,Borno,Bayo,3432.737445798904,49.87460508178126,9.6109677775967,90.99600338031314,1712.0642445866297,329.91928980522863,3123.6538822164457,241.0,594.0,0.0,0.095,385.0,39.76989666780656,23.88084369889081,58.08783303296851,1753.0,1048.4522600440334,2564.55774587792,False,9789.0,2024.0,115900.0,0.0,2,"Low maternal care, high conflict exposure",54.08,115900.0,estimated
388,NG-BEN-134,North Central,Benue,Oju,7102.8165209320505,24.02617172205041,2.550648443172462,65.44404623449559,1706.5348944212978,181.16787901254972,4648.370527910161,168.0,652.0,0.01975,0.15175,321.0,28.44487965387448,15.921622954991756,42.81607647817104,2331.0,1301.7567701763523,3513.114833203221,False,11208.0,2024.0,243300.0,0.0,4,Near-average,15.379999999999995,243300.0,estimated
389,NG-BOR-142,North East,Borno,Askira/Uba,6219.800376339687,27.238505848918265,3.874903198494617,68.37699631187469,1694.1806893003286,241.01124372276675,4252.912673935756,183.975,624.0250000000001,0.00825,0.13675,331.0,28.18124891726505,16.92214607078737,41.16147686880328,2251.0,1346.1401953513878,3292.7147916883005,False,15234.0,2024.0,210000.0,0.0,2,"Low maternal care, high conflict exposure",30.17,210000.0,estimated
390,NG-OGU-568,South West,Ogun,Ijebu East,4524.796325903633,37.37034644182089,4.739264272159549,82.30011298956529,1690.9320627769744,214.44205566153883,3723.912488766389,209.0,640.0,0.00025,0.1425,386.0,26.65237086729461,12.493688205411813,44.40577112345559,1741.0,802.5296304175589,2918.172886989351,False,6435.0,2024.0,185900.0,0.0,4,Near-average,24.08,185900.0,estimated
391,NG-LAG-521,South West,Lagos,Ojo,20180.74610868985,8.367740839745208,0.5187005902229253,29.494985346400803,1688.6725339021389,104.67764917716428,5952.3081075524215,126.0,699.0,0.0425,0.1665,481.0,4.675128162634501,2.0100720629829434,8.767872292967413,1196.0,502.1937458688981,2262.411697380218,False,31036.0,2024.0,901800.0,0.0,5,Relatively advantaged,11.540000000000006,901800.0,estimated
392,NG-ADA-027,North East,Adamawa,Maiha,6042.937598172212,27.229470216644746,2.8291936242914875,71.0151153746381,1645.4598935047247,170.96640524740135,4291.399107359381,182.975,658.0500000000002,0.008,0.13175,403.0,25.79081048118561,11.933397157741767,44.39250020029551,1663.0,769.644274800599,2863.093649831011,False,8523.0,2024.0,169900.0,0.0,2,"Low maternal care, high conflict exposure",40.54,169900.0,estimated
393,NG-KOG-483,North Central,Kogi,Okehi,10246.169677838225,16.058057927437492,1.0145296750097816,53.81233049863668,1645.335862210787,103.95043193352292,5513.702690489403,139.0,697.0,0.03425,0.16425,304.0,19.60178841637243,9.898602491810506,31.48311428372413,2497.0,1258.0728971570038,4014.067421169664,False,11977.0,2024.0,301300.0,0.005,4,Near-average,17.78,301300.0,estimated
394,NG-TAR-732,North East,Taraba,Ibi,4529.521140142518,36.22524439521593,5.039915351103135,79.92271820747268,1640.830102949605,228.28403127350447,3620.116416984009,218.0,628.0,0.0,0.11275,425.0,27.57234544938867,14.888300436296252,43.19082818492293,1459.0,787.792911333351,2285.380283954254,False,12939.0,2024.0,132600.0,0.0,2,"Low maternal care, high conflict exposure",33.86,132600.0,estimated
395,NG-CRO-169,South South,Cross River,Akamkpa,5571.1542826017885,29.42642779084054,2.785610392267029,75.46298520893997,1639.3916920861352,155.1906526653851,4204.159332247013,188.975,676.0250000000001,0.0055,0.16,669.0,9.535379290113092,3.7035753408430576,18.725888409328743,572.0,222.01513382314832,1122.5451728512946,False,7844.0,2024.0,228000.0,0.0,3,Geographically isolated,27.14,228000.0,estimated
396,NG-BEN-135,North Central,Benue,Okpokwu,7400.591812808363,22.054163349869444,1.495933589171888,61.827824749602414,1632.1386072538198,110.70793872530504,4575.624936456579,168.0,691.0,0.0175,0.156,319.0,27.670381917205127,15.488108695385312,41.65027951474854,2363.0,1319.4008288848845,3560.731719696122,False,11503.0,2024.0,253500.0,0.0,4,Near-average,17.099999999999994,253500.0,estimated
397,NG-ANA-071,South East,Anambra,Anambra West,7300.041454606534,22.350973317757923,1.8334272709712007,63.494919139984376,1631.6303177043724,133.84095082095897,4635.155418787757,167.97500000000002,675.0,0.0185,0.15525,499.0,13.071884790267095,4.898454974034424,26.934754823623148,1127.0,411.24099280991766,2337.5858031864045,False,7582.0,2024.0,238400.0,0.0,4,Near-average,20.32,238400.0,estimated
398,NG-OYO-657,South West,Oyo,Orelope,4346.1242947769615,37.32432407578759,4.015780714075127,81.80058902921111,1622.161516519095,174.53082123938682,3555.1552730692024,215.0,654.0,0.0,0.11875,477.0,23.68511185638709,11.276790859400974,40.49261985893136,1208.0,573.8267828732176,2066.83018661914,False,6094.0,2024.0,148600.0,0.0,4,Near-average,60.15,148600.0,estimated
399,NG-RIV-694,South South,Rivers,Khana,11360.788083455933,14.233489031802494,0.8439179601981802,44.82628953255257,1617.0365257850278,95.87573105633923,5092.619759469686,147.97500000000002,696.0250000000001,0.02875,0.155,411.0,11.746343254673896,5.210746469838594,20.68855885143065,1611.0,706.1256120293959,2848.5809187315435,False,16364.0,2024.0,421300.0,0.0,5,Relatively advantaged,11.709999999999994,421300.0,estimated
400,NG-OYO-647,South West,Oyo,Itesiwaju,5325.903324891553,30.29856468713262,2.6479624707922027,75.69170632968516,1613.67226406641,141.02792127380243,4031.267104079852,195.0,667.0,0.002,0.133,473.0,19.53371509556424,9.300256683415242,33.39529509479826,1221.0,579.9377244062063,2088.84079819395,False,7784.0,2024.0,182100.0,0.0,4,Near-average,46.56,182100.0,estimated
401,NG-OGU-565,South West,Ogun,Ado Odo/Ota,21825.63133640553,7.371455341325015,0.2184784169994387,26.64989607635877,1608.8666669253682,47.68429384391226,5816.508069161268,126.0,714.0250000000001,0.04075,0.14775,728.0,1.0,1.0,1.0,315.0,309.84050537800283,316.9854893015648,False,32606.0,2024.0,896700.0,0.0,5,Relatively advantaged,20.44,896700.0,estimated
402,NG-ADA-030,North East,Adamawa,Mubi North,8308.594602313295,19.125260420584155,1.558388555531539,57.64232520818674,1589.0403549830148,129.48018740796158,4789.267120895279,168.0,677.0,0.02075,0.132,430.0,16.16803362367612,7.480942354711937,27.829270289935927,1434.0,663.378995263912,2467.784469992272,False,14238.0,2024.0,233600.0,0.0,2,"Low maternal care, high conflict exposure",32.05,233600.0,estimated
403,NG-KAN-389,North West,Kano,Kano Municipal,21154.91152617351,7.479059100392813,0.3218804001268461,30.974151288658977,1582.1883356783258,68.09351386692758,6552.554301098939,110.92500000000004,727.0,0.04175,0.15725,148.0,19.033034211754853,13.816277713305288,24.24620371779494,4782.0,3468.338733843824,6094.014465862176,False,19819.0,2024.0,610600.0,0.5605,2,"Low maternal care, high conflict exposure",,610600.0,estimated
404,NG-OND-599,South West,Ondo,Ose,6152.706957846623,25.54318171121143,1.890620360807009,67.37393216818181,1571.597118401112,116.32433048583776,4145.320612286586,187.975,673.0,0.007,0.127,342.0,29.81994399501215,12.279483796908526,55.99700286002008,2167.0,883.4739301116231,4077.591469164649,False,4191.0,2024.0,221400.0,0.006,4,Near-average,11.0,221400.0,estimated
405,NG-OGU-581,South West,Ogun,Yewa North,7611.101727326875,20.62915557482821,1.547097686599152,61.21054309907944,1570.1060162887018,117.7511787481822,4658.796703120196,169.0,685.0,0.0165,0.1385,367.0,17.157787292148384,8.042963449301512,28.586754224368715,1885.0,869.0304604772138,3159.984418784632,False,11878.0,2024.0,312700.0,0.0,4,Near-average,,312700.0,estimated
406,NG-BAY-114,South South,Bayelsa,Ogbia,7277.044297312209,21.536009374088664,2.256748273909116,61.374422596533336,1567.1849420257406,164.22457157119507,4466.243919569324,176.0,665.0,0.01275,0.13325,395.0,20.85666344066808,8.243835842085565,40.0293320030433,1700.0,671.8402956871873,3262.233596621644,False,8805.0,2024.0,267400.0,0.001,4,Near-average,27.239999999999995,267400.0,estimated
407,NG-NAS-531,North Central,Nasarawa,Kokona,6113.973665973666,25.56380450314887,3.17007851461504,66.75140353140955,1562.9642753435082,193.8177655742527,4081.163233578196,197.0,641.0,0.0075,0.10975,291.0,34.87504848375443,18.578978573524783,55.07341977497979,2653.0,1404.154011876819,4202.086597591089,False,6775.0,2024.0,167600.0,0.006,4,Near-average,28.69,167600.0,estimated
408,NG-EKI-252,South West,Ekiti,Ikole,7899.896773475127,19.76263774414729,1.7990107990083453,54.19288947639199,1561.2279815034665,142.11999606532936,4281.182327198432,184.0,669.0250000000001,0.00925,0.13825,494.0,12.812639156135573,4.588382074039678,27.78698971526832,1152.0,407.1597885899344,2509.753848612112,False,7049.0,2024.0,255200.0,0.0,4,Near-average,10.11,255200.0,estimated
409,NG-NAS-529,North Central,Nasarawa,Keana,4607.367983367984,33.81503494729858,4.003859777533133,78.93409952358293,1557.9830937265303,184.4725534890102,3636.7844294093807,216.0,644.0250000000001,0.00025,0.10875,328.0,39.7912069269286,21.197962814430795,62.83684002505809,2281.0,1207.3032604994603,3612.988893854941,False,4731.0,2024.0,126300.0,0.0,4,Near-average,41.06,126300.0,estimated
410,NG-BOR-152,North East,Borno,Hawul,5239.441364640432,28.8550967564133,3.341318262394428,72.94109140181449,1511.8458752625436,175.06641116417853,3821.705714726854,206.0,644.0,0.00225,0.1005,286.0,40.744662631029335,24.46616665824276,59.51157428607918,2741.0,1639.4920712792268,4010.265656280801,False,9331.0,2024.0,176900.0,0.002,2,"Low maternal care, high conflict exposure",21.349999999999994,176900.0,estimated
411,NG-OND-588,South West,Ondo,Akure South,15378.988394183923,9.823140673012944,0.560516589005239,33.15700449092587,1510.699664047016,86.2017811705913,5099.211872518532,152.0,703.0,0.02675,0.13575,752.0,1.0,1.0,1.0,182.0,179.8353919182581,182.0121867557256,False,22601.0,2024.0,553400.0,0.0,5,Relatively advantaged,6.010000000000005,553400.0,estimated
412,NG-TAR-741,North East,Taraba,Yorro,4830.12284476736,31.2045845387598,3.170336599226173,74.24781344705983,1507.2197664213772,153.13115233524402,3586.260599046688,216.0,663.0250000000001,0.001,0.09525,330.0,39.95424795936096,21.574183756588297,62.58651669797746,2254.0,1217.3268566835425,3531.454469022711,False,7753.0,2024.0,141400.0,0.0,2,"Low maternal care, high conflict exposure",26.32,141400.0,estimated
413,NG-KOG-478,North Central,Kogi,Kogi,5274.413929746793,28.52733852324509,2.9012027635416726,73.16839894728632,1504.6499168560629,153.0214426904409,3859.204226248375,205.0,660.0250000000001,0.00125,0.0995,257.0,47.17018225888681,23.820218529497943,75.76167068512115,3093.0,1558.440872629963,4972.435817336001,False,4281.0,2024.0,155100.0,0.0555,4,Near-average,,155100.0,estimated
414,NG-PLA-669,North Central,Plateau,Jos South,14442.293684946895,10.415663117911455,0.7799249283986993,38.401338375459,1504.2606567234698,112.63904868145194,5546.034067134003,136.0,688.0,0.03275,0.122,269.0,17.137835224702727,9.475731666762144,26.455822506341867,2992.0,1648.764247780245,4626.100866403436,False,14177.0,2024.0,458100.0,0.027,4,Near-average,6.959999999999994,458100.0,estimated
415,NG-KAN-386,North West,Kano,Gwale,20389.232612435488,7.35171020283979,0.2520812163466228,31.959309761677265,1498.9572942491602,51.39742557316969,6516.258008637179,108.0,739.0250000000001,0.044,0.1415,308.0,10.140162237451705,7.360849351286206,12.91756409437342,2455.0,1780.9349162223843,3129.176235387554,False,23052.0,2024.0,588500.0,0.0,2,"Low maternal care, high conflict exposure",18.56,588500.0,estimated
416,NG-TAR-736,North East,Taraba,Lau,5113.6449070839735,29.26030479149091,3.1056019127927623,71.74510634792854,1496.2680857673206,158.80945404782955,3668.7899768428288,211.0,657.0250000000001,0.00075,0.09675,351.0,34.171570003488824,18.451698333960582,53.52821404109006,2041.0,1102.253703402494,3197.6282668094336,False,10175.0,2024.0,149700.0,0.0,2,"Low maternal care, high conflict exposure",20.27,149700.0,estimated
417,NG-KAN-406,North West,Kano,Tarauni,12642.363602850824,11.821104717312672,0.5623763420959292,46.1923912077184,1494.4670402364172,71.0976619841796,5839.810053331055,130.0,724.0,0.0345,0.14225,170.0,30.107176670321035,21.85511303204603,38.35356626771608,4520.0,3278.691631982801,5760.796671742891,False,15793.0,2024.0,364900.0,0.358,2,"Low maternal care, high conflict exposure",20.700000000000003,364900.0,estimated
418,NG-KWA-489,North Central,Kwara,Asa,6630.626003210274,22.499728272484763,2.136846735852231,61.53242390824298,1491.872833487022,141.686315316168,4079.984900065536,193.0,671.0500000000002,0.00675,0.112,249.0,37.23754823293513,20.500039640708195,55.46857366446289,3179.0,1744.9815168333616,4741.047512721329,False,9160.0,2024.0,187200.0,0.0325,4,Near-average,20.11,187200.0,estimated
419,NG-OND-593,South West,Ondo,Ile-Oluji/Okeigbo,7336.561142147735,20.13432251683756,1.7364848861573756,56.620713194494655,1477.1668820050106,127.39827539709034,4154.013242634211,189.0,681.0500000000002,0.01075,0.1135,406.0,18.942118131682022,7.800129762685754,35.570215804967816,1641.0,669.1781721331705,3088.529398594317,False,10259.0,2024.0,264000.0,0.0,4,Near-average,7.420000000000002,264000.0,estimated
420,NG-BEN-131,North Central,Benue,Obi,4160.095989448489,34.95409039587606,4.177631959146312,79.22538323432087,1454.1237127070387,173.79349958636402,3295.8519905561784,233.0,655.0250000000001,0.0,0.07575,357.0,41.296291250472514,23.115020584732548,62.16040236275767,1982.0,1106.9029628766027,2987.2533079060377,False,6313.0,2024.0,142500.0,0.0,4,Near-average,14.989999999999997,142500.0,estimated
421,NG-OYO-656,South West,Oyo,Ona Ara,11099.287818760811,13.09219640174887,0.81296240090328,41.036898938328,1453.140560427561,90.2330367345632,4554.803525059025,167.0,694.0,0.02,0.11325,415.0,11.88433668538532,5.658287793462833,20.317739286803874,1548.0,735.3147747353647,2648.483511836856,False,10898.0,2024.0,379500.0,0.0,4,Near-average,18.66,379500.0,estimated
422,NG-CRO-170,South South,Cross River,Akpabuyo,10133.147723662112,14.336176788755376,1.2181300317291417,44.65569567490682,1452.705971929936,123.43491558140607,4525.027609767301,173.97500000000002,684.0,0.01875,0.10875,541.0,8.469631338974533,3.2896350337717526,16.63293787235491,924.0,358.6809423849436,1813.5500654144653,False,8491.0,2024.0,414700.0,0.0,4,Near-average,19.540000000000006,414700.0,estimated
423,NG-OGU-575,South West,Ogun,Obafemi Owode,9731.1111947083,14.680029223214063,1.0080368490854703,48.13326524251476,1428.5299671266375,98.09318666814104,4683.901562392994,169.97500000000002,693.0,0.01925,0.1085,359.0,13.960364603696608,6.544124853315809,23.25949756884305,1961.0,904.0353008623516,3287.269658174672,False,13711.0,2024.0,399800.0,0.0005,4,Near-average,23.67,399800.0,estimated
424,NG-BAU-092,North East,Bauchi,Bogoro,5914.832791738879,24.120226691250288,2.130831141540962,67.48863917144801,1426.6710777758271,126.03509909644876,3991.840160411137,196.0,679.0250000000001,0.00525,0.09825,223.0,48.89487935448824,32.51359816607128,67.16806656678057,3508.0,2328.907807269511,4824.1848877783605,False,8387.0,2024.0,149700.0,0.0405,2,"Low maternal care, high conflict exposure",16.349999999999994,149700.0,estimated
425,NG-PLA-678,North Central,Plateau,Riyom,6112.990057872087,23.336323534080964,2.2412086835673324,63.78959058980872,1426.5471375112318,137.0048640026369,3899.451330712316,199.975,673.0250000000001,0.005,0.0915,247.0,43.132416469478144,23.84847323159489,66.5838794354451,3187.0,1756.401930833448,4928.110556084946,False,4646.0,2024.0,193900.0,0.0575,4,Near-average,11.439999999999998,193900.0,estimated
426,NG-TAR-733,North East,Taraba,Jalingo,7538.954114852591,18.88799583360331,1.2166278811964022,58.60778816334325,1423.9573391106223,91.72101771190006,4418.414257364457,178.97500000000002,696.0500000000002,0.01375,0.115,272.0,33.68928224664069,18.191276345781063,52.772732151457,2967.0,1602.0974349016278,4647.67052105215,False,10377.0,2024.0,220700.0,0.0315,2,"Low maternal care, high conflict exposure",19.700000000000003,220700.0,estimated
427,NG-OYO-654,South West,Oyo,Olorunsogo,3398.5171134124016,41.8943038402427,6.831126563308484,83.78720720029709,1423.7850855556426,232.15700529289927,2847.5225755524043,254.0,628.0,0.0,0.0455,483.0,29.791841056035373,14.184284327744482,50.932826582975686,1188.0,564.4039383182429,2032.8906422281907,False,3608.0,2024.0,116200.0,0.0,4,Near-average,54.33,116200.0,estimated
428,NG-DEL-205,South South,Delta,Ughelli South,8769.246207618473,16.228857704569187,1.5460890197963737,48.31525941597673,1423.1484887977288,135.5803527348991,4236.884054036566,186.975,677.0,0.0105,0.10725,453.0,13.162683436310228,5.47199111371261,23.61255751613909,1316.0,544.6617376997028,2361.5519145842563,False,8445.0,2024.0,291400.0,0.0,5,Relatively advantaged,19.42,291400.0,estimated
429,NG-BEN-119,North Central,Benue,Agatu,4872.421197466335,29.18200213348286,2.803364617609617,73.75030093420294,1421.8700577968978,136.59173187068205,3593.425295913316,214.0,679.0,0.00025,0.0805,336.0,39.46112542697466,22.08781222044474,59.39805633756338,2219.0,1238.823511618181,3343.273762115438,False,7012.0,2024.0,166900.0,0.0,4,Near-average,29.05,166900.0,estimated
430,NG-LAG-506,South West,Lagos,Ajeromi/Ifelodun,22769.914798837795,6.244334394196453,0.2782887251699369,23.523402135720705,1421.829621313058,63.36610561596652,5356.258624091594,145.0,718.0250000000001,0.03025,0.119,591.0,2.7481856113121057,1.181582820625239,5.154027791139062,793.0,333.07959448656607,1500.5427226522856,False,37373.0,2024.0,1017500.0,0.0,5,Relatively advantaged,6.079999999999998,1017500.0,estimated
431,NG-ABI-009,South East,Abia,Ohafia,12050.801032968096,11.69671682441878,0.7362751250365452,38.6182807950778,1409.5480719004129,88.72705037339114,4653.812180967755,167.97500000000002,700.0250000000001,0.0205,0.11025,665.0,4.018679988261874,1.4089103958730695,8.466958125799097,581.0,199.0141462145263,1233.7407483305756,False,13082.0,2024.0,358200.0,0.0,5,Relatively advantaged,,358200.0,estimated
432,NG-TAR-735,North East,Taraba,Kurmi,4905.273270923572,28.53697079763431,2.5901636681255176,74.21683321861462,1399.8164008676215,127.05460608573456,3640.538482398631,213.0,699.0250000000001,0.0005,0.096,299.0,44.285287518383264,23.91282477915092,69.37089366725645,2538.0,1370.2781796686202,3975.164907294101,False,5939.0,2024.0,143600.0,0.0045,3,Geographically isolated,43.47,143600.0,estimated
433,NG-OYO-635,South West,Oyo,Egbeda,11856.788621147916,11.760738183649911,0.6974588565174916,41.27851006854059,1394.4458667220008,82.69622233675432,4894.305684786118,160.97500000000002,697.0,0.02175,0.10625,501.0,8.035083002421175,3.825607879989671,13.73696537828519,1118.0,531.0808931169593,1912.8664854831327,False,12465.0,2024.0,405400.0,0.0,4,Near-average,17.239999999999995,405400.0,estimated
434,NG-OYO-655,South West,Oyo,Oluyole,8505.066924099196,16.3124654385714,1.0124776512049145,51.99306695153941,1387.3861025210497,86.1119018265256,4422.045140120128,179.0,691.0,0.014,0.10525,478.0,12.075939612807918,5.749512447739098,20.645308122071565,1205.0,572.5348141713866,2062.1767267374994,False,10820.0,2024.0,290800.0,0.0,4,Near-average,19.25,290800.0,estimated
435,NG-KAN-380,North West,Kano,Fagge,11402.03305480462,12.149519665273244,0.7511449552173446,45.03771575835214,1385.2922482344388,85.645796083379,5135.215237896261,159.95000000000002,712.0,0.02425,0.1055,136.0,37.00582279205079,26.86291208306486,47.14175933160139,5011.0,3634.5832847694655,6386.11301100308,False,13285.0,2024.0,329100.0,0.74,2,"Low maternal care, high conflict exposure",18.599999999999994,329100.0,estimated
436,NG-ADA-031,North East,Adamawa,Mubi South,7127.74982150507,19.365461165475907,1.750727275800574,60.34391855872632,1380.3216236558408,124.78746027591598,4301.16354735878,182.975,687.0,0.013,0.09825,364.0,25.157710901408954,11.64046224856605,43.30277588773292,1914.0,885.5243614015582,3294.170123666967,False,8899.0,2024.0,200400.0,0.0005,2,"Low maternal care, high conflict exposure",35.349999999999994,200400.0,estimated
437,NG-OND-586,South West,Ondo,Akoko South West,9748.733517672066,14.09913005870387,0.921723411761756,43.85956142123161,1374.4866177330412,89.85635918264883,4275.751764975573,181.975,704.0,0.015,0.104,277.0,25.07120294162364,10.324011015653396,47.07963982296777,2886.0,1176.91217538531,5431.928303420136,False,6840.0,2024.0,350800.0,0.0765,5,Relatively advantaged,11.629999999999995,350800.0,estimated
438,NG-RIV-683,South South,Rivers,Ahoada West,9664.624849538584,14.135709096895177,0.7965346352219251,46.95710837018859,1366.1632540370172,76.9820842908397,4538.22836417001,177.0,709.0250000000001,0.0175,0.10575,442.0,11.724885272272392,5.20122758352442,20.65076541034677,1368.0,599.6038601739048,2418.861581837165,False,16384.0,2024.0,358400.0,0.0,5,Relatively advantaged,22.67,358400.0,estimated
439,NG-ABI-002,South East,Abia,Arochukwu,8296.280108123763,16.458646166942966,1.1915313988558245,50.507635387627104,1365.4553880145647,98.85278242532458,4190.254907747386,185.0,699.0,0.0115,0.1,562.0,8.737542049753129,3.06329786502848,18.409130080961223,870.0,297.89093879950474,1846.7038486763256,False,8625.0,2024.0,246600.0,0.0,4,Near-average,15.269999999999996,246600.0,estimated
440,NG-OGU-580,South West,Ogun,Sagamu,10592.745352518888,12.8479605750262,0.628285506251599,44.92138086185146,1360.9517467045507,66.55268376401602,4758.407483531079,163.0,718.0,0.0205,0.10675,388.0,11.364748149568817,5.327391721386335,18.934916061247744,1738.0,801.1144052328432,2913.026819347121,False,15199.0,2024.0,435200.0,0.0,5,Relatively advantaged,15.709999999999994,435200.0,estimated
441,NG-LAG-507,South West,Lagos,Alimosho,43715.9985843043,3.112302364666542,0.1675565061628561,11.48476599009497,1360.5740576768949,73.24899986206395,5020.680137640579,151.0,716.0,0.0265,0.11,679.0,1.0,1.0,1.0,554.0,541.2063159257124,558.9598407390249,False,60370.0,2024.0,1953500.0,0.0,5,Relatively advantaged,8.409999999999997,1953500.0,estimated
442,NG-FCT-280,North Central,FCT,Kwali,5944.599837000815,22.88147307604598,2.020999278037251,66.67194163035037,1360.2120111820195,120.14031978799004,3963.3801334830873,199.0,697.0,0.0045,0.0955,260.0,27.11624670575169,12.241933508507326,46.66407190816412,3065.0,1316.8299676793183,5368.638463401432,False,11081.0,2024.0,188000.0,0.0815,4,Near-average,27.32,188000.0,estimated
443,NG-JIG-331,North West,Jigawa,Hadejia,7299.104787304974,18.616592316178053,1.278631035336864,62.93643449504401,1358.844580983206,93.3286191122402,4593.796303186817,175.0,707.0500000000002,0.016,0.09875,201.0,46.748073463356754,29.57047270336215,65.61063220883295,3954.0,2501.324306360552,5549.910234643519,False,7525.0,2024.0,179300.0,0.144,1,Deprived northern rural,36.27,179300.0,estimated
444,NG-LAG-516,South West,Lagos,Ikorodu,17488.63726318598,7.736356458554234,0.4539631267585253,25.84003995002801,1352.9833184236113,79.39196454741568,4519.070855522744,174.97500000000002,709.0,0.01775,0.108,486.0,5.319165455312557,2.286975994703571,9.975718695819308,1179.0,495.1537012601819,2230.6958916700523,False,28918.0,2024.0,781500.0,0.0,5,Relatively advantaged,10.620000000000005,781500.0,estimated
445,NG-BEN-125,North Central,Benue,Gwer West,5155.599661309495,26.15897721217803,2.480668261748875,67.98108521804086,1348.6521405530773,127.89332450093714,3504.832599255833,220.0,683.0250000000001,0.00125,0.079,365.0,32.133589213265736,17.98632646260888,48.368431507352696,1912.0,1067.4156652391116,2880.687001333584,False,9803.0,2024.0,176600.0,0.0,4,Near-average,22.91,176600.0,estimated
446,NG-KOG-469,North Central,Kogi,Ajaokuta,5611.078648666801,24.022326633147824,2.290262712988194,63.53637559960952,1347.9116406255553,128.50844208685757,3565.076005406433,218.0,675.0,0.00275,0.0755,280.0,40.86555996641991,20.63648097410165,65.63559749561249,2851.0,1436.3238638595194,4582.803461703944,False,6041.0,2024.0,165000.0,0.0245,4,Near-average,26.25,165000.0,estimated
447,NG-BOR-167,North East,Borno,Shani,4383.478360467971,30.554180920849213,3.5243375663564223,77.70564682883153,1339.3359088836598,154.4885745710773,3406.2102136034964,228.0,682.0,0.0,0.07425,347.0,36.413551855574426,21.865441282082887,53.18556238634067,2050.0,1225.8448873012403,2998.467475134451,False,11366.0,2024.0,148000.0,0.0,2,"Low maternal care, high conflict exposure",30.930000000000007,148000.0,estimated
448,NG-KOG-468,North Central,Kogi,Adavi,9957.114111088724,13.313238497458164,0.786765752534177,43.7054870234261,1325.6143490733052,78.33916376679393,4351.805215729612,184.0,710.0250000000001,0.0155,0.0995,448.0,10.864871500845853,5.486593459076665,17.450448085308437,1345.0,677.6518749774228,2162.148409991496,False,14416.0,2024.0,292800.0,0.0,5,Relatively advantaged,18.120000000000005,292800.0,estimated
449,NG-NAS-525,North Central,Nasarawa,Akwanga,6303.66735966736,21.026676388514296,1.851660102170846,62.97521385757842,1325.4517363256573,116.7224934725269,3969.748000620887,200.0,690.0250000000001,0.0065,0.08475,270.0,38.04265155110296,20.26645521015552,60.075584388166256,2984.0,1579.2119742682685,4725.966963522948,False,5458.0,2024.0,172800.0,0.03,4,Near-average,23.67,172800.0,estimated
450,NG-TAR-727,North East,Taraba,Ardo-Kola,4717.397205533044,27.856090933271616,3.181187851857739,70.8140714495206,1314.0824552568915,150.06926682629364,3340.5810276838583,231.0,671.0,0.00025,0.05975,337.0,40.25508091660286,21.73662519475968,63.05775787665946,2218.0,1197.8686972237765,3475.0065201371044,False,7627.0,2024.0,138100.0,0.0,2,"Low maternal care, high conflict exposure",27.450000000000003,138100.0,estimated
451,NG-CRO-174,South South,Cross River,Boki,6944.39494348872,18.72398327073604,1.495513755590356,58.89859561773801,1300.2673474726698,103.85438162239492,4090.151095864067,190.975,709.0250000000001,0.01025,0.094,581.0,10.879506536062182,4.225639159344114,21.365529272034525,813.0,315.74976119080526,1596.482925060542,False,7028.0,2024.0,284200.0,0.0,3,Geographically isolated,13.900000000000006,284200.0,estimated
452,NG-BEN-118,North Central,Benue,Ado,7771.351244850439,16.55584246307672,1.1805168784282944,52.28725866630467,1286.6126693497922,91.7421131274068,4063.426527262038,192.0,710.0250000000001,0.01075,0.08975,346.0,23.13628838761885,12.950213351858784,34.82542746108539,2075.0,1158.4715575325515,3126.424003203221,False,13230.0,2024.0,266200.0,0.0,4,Near-average,15.829999999999998,266200.0,estimated
453,NG-DEL-195,South South,Delta,Isoko South,9699.135390238276,13.264206088736977,0.8840585676496606,42.53299302768708,1286.5133069868286,85.74603740534182,4125.332579275976,188.0,702.0,0.0125,0.09425,485.0,10.680792523914446,4.440219356566956,19.16028969390572,1181.0,488.8286679321667,2119.47011650624,False,10094.0,2024.0,322300.0,0.0,5,Relatively advantaged,18.05,322300.0,estimated
454,NG-ADA-020,North East,Adamawa,Girei,7120.636298729116,18.01957126327825,1.7017881455322217,55.43456032600448,1283.1081322483533,121.17814441823644,3947.293424614364,202.975,697.0,0.009,0.077,402.0,22.02083718565389,10.1890321001768,37.903423775222,1673.0,774.3362183086301,2880.547782997518,False,10762.0,2024.0,200200.0,0.0,2,"Low maternal care, high conflict exposure",26.22,200200.0,estimated
455,NG-NAS-536,North Central,Nasarawa,Toto,6704.94248094248,18.83669960484679,1.6278581108187409,56.28342093811494,1262.9898738128977,109.14695000175344,3773.771000207344,207.0,696.0,0.006,0.07675,255.0,37.38363618249742,19.915378066315867,59.0348910669718,3119.0,1650.6422582853995,4939.730009878039,False,5732.0,2024.0,183800.0,0.0475,4,Near-average,40.55,183800.0,estimated
456,NG-BEN-120,North Central,Benue,Apa,4078.3537524628337,30.73936687959084,3.602731165584469,75.6593818455599,1253.6601226171028,146.9321216827622,3085.6572385885765,244.0,688.0250000000001,0.0,0.0505,358.0,42.10229397981993,23.566169322695863,63.37362157553972,1981.0,1106.3328321155366,2985.714668062209,False,6006.0,2024.0,139700.0,0.0,4,Near-average,23.71,139700.0,estimated
457,NG-EBO-223,South East,Ebonyi,Onicha,12406.488373527416,10.094079766736568,0.8705691052388491,32.25599299121243,1252.3208326747608,108.00705482497948,4001.836020220588,188.0,694.0,0.00925,0.08975,684.0,4.148682241341635,1.6861238651201258,7.708083763220057,543.0,218.8225161817872,1011.0861921161908,False,13600.0,2024.0,352400.0,0.0,4,Near-average,6.730000000000004,352400.0,estimated
458,NG-RIV-700,South South,Rivers,Opobo/Nkoro,5927.133208506085,20.591675869636685,1.3854702384453352,60.90491217821823,1220.4960586571683,82.11866659686191,3609.91527532664,213.975,707.0,0.00425,0.07,452.0,18.474493636665667,8.195393273647676,32.538692303279674,1322.0,579.4127519709197,2337.4086440379447,False,10093.0,2024.0,219800.0,0.0,4,Near-average,14.489999999999997,219800.0,estimated
459,NG-KOG-476,North Central,Kogi,Ijumu,5434.244654890636,22.37578415386224,1.974756326874585,61.565303616128325,1215.954854371122,107.31309014029682,3345.609221026645,226.975,699.0250000000001,0.0005,0.0615,306.0,36.57770037319099,18.471177648073606,58.74871703661141,2471.0,1245.0997636524037,3972.674722329255,False,7238.0,2024.0,159800.0,0.004,4,Near-average,17.090000000000003,159800.0,estimated
460,NG-RIV-692,South South,Rivers,Gokana,9068.675605189246,13.149352420272256,0.5889291671265061,46.08367014972323,1192.4721151775925,53.408075711045655,4179.1785528438295,185.975,725.0,0.01425,0.081,482.0,10.87729496741296,4.825231574114571,19.15792448753371,1191.0,521.9580384610805,2105.630617852283,False,17174.0,2024.0,336300.0,0.0,4,Near-average,10.040000000000006,336300.0,estimated
461,NG-ANA-084,South East,Anambra,Ogbaru,9743.595599227345,12.073857504298465,0.8025535701514718,40.17851862882226,1176.4278484458025,78.19757434272074,3914.8323729526646,203.0,722.0,0.0115,0.07575,475.0,10.57046631601082,3.961093150245591,21.78055599182655,1217.0,443.860254960223,2523.0009866095543,False,10511.0,2024.0,318200.0,0.0,5,Relatively advantaged,14.489999999999997,318200.0,estimated
462,NG-OSU-614,South West,Osun,Ife South,4673.54134355275,25.16821644463257,2.55622896346321,65.80252836698519,1176.2470009747472,119.46641744332304,3075.3083683340788,245.0,695.0,0.00025,0.053,681.0,10.2648616014588,4.0976608640319165,20.22316482907976,546.0,216.5749156479139,1075.366751992211,False,6951.0,2024.0,174600.0,0.0,4,Near-average,11.989999999999997,174600.0,estimated
463,NG-OGU-578,South West,Ogun,Ogun Waterside,3071.7014326467915,38.22069225019542,4.092723160199903,86.01001729581233,1174.025551416773,125.71623594612744,2641.9709334952204,271.0,700.0,0.0,0.0245,433.0,31.925588972689983,14.96558622814219,53.19153046314685,1416.0,652.5955550164599,2372.97986596201,False,3412.0,2024.0,126200.0,0.0,4,Near-average,32.980000000000004,126200.0,estimated
464,NG-ADA-025,North East,Adamawa,Lamurde,6103.402541767813,19.10544519203565,1.596485448796777,58.6499000387532,1166.082227466758,97.43993346081577,3579.6394897095443,217.0,706.0,0.00375,0.0605,398.0,25.895204560829622,11.981700254467553,44.57218878374997,1687.0,780.4917264592748,2903.446408862252,False,8461.0,2024.0,171600.0,0.0,2,"Low maternal care, high conflict exposure",17.83,171600.0,estimated
465,NG-KWA-503,North Central,Kwara,Oyun,5022.557517388978,23.08443107686732,1.7678664531004058,66.27213638293067,1159.4288283976723,88.79210943759233,3328.5561678351605,232.975,706.0,0.00125,0.05425,230.0,52.081398298597925,28.67188578007554,77.57978210603325,3368.0,1848.6843923758013,5022.804227855342,False,5386.0,2024.0,141800.0,0.0705,4,Near-average,17.400000000000006,141800.0,estimated
466,NG-OGU-563,South West,Ogun,Abeokuta North,8229.336405529953,14.008954564219,0.8727982438465604,47.57678621818701,1152.8439979874258,71.82550362769109,3915.253788834421,198.0,717.0250000000001,0.01075,0.06825,329.0,19.094033437364686,8.950607116265033,31.81275252640554,2268.0,1045.6556489706077,3802.232152307728,False,10768.0,2024.0,338100.0,0.005,4,Near-average,33.64,338100.0,estimated
467,NG-BOR-158,North East,Borno,Kwaya Kusar,2461.2638632087046,46.47635611137106,7.529294308666955,88.81929067672367,1143.9057579053658,185.3157999738494,2186.077104984498,299.0,653.0,0.0,0.0045,520.0,32.52087293257343,19.527983437858616,47.49992318996635,1028.0,614.7152395430494,1503.6189907331773,False,13195.0,2024.0,83100.0,0.0,2,"Low maternal care, high conflict exposure",38.56,83100.0,estimated
468,NG-FCT-275,North Central,FCT,Abaji,4044.2251018744905,28.134336584706865,3.1254788277010896,74.71435112476648,1137.815902404573,126.40139930366004,3021.616542890452,247.975,696.0,0.0,0.045,340.0,28.626261837021755,12.923646764565255,49.26264151968252,2201.0,945.7524161297616,3855.777072750787,False,9378.0,2024.0,127900.0,0.0045,4,Near-average,30.980000000000004,127900.0,estimated
469,NG-BOR-146,North East,Borno,Chibok,2878.8790313343698,39.316964996145074,4.575129728429654,86.48763403835041,1131.8878610310896,131.71245040810638,2489.874361027277,277.975,685.0,0.0,0.01825,429.0,39.15268677842969,23.510224357816423,57.1863374796888,1447.0,865.6425518436068,2117.397611789033,False,10079.0,2024.0,97200.0,0.0,2,"Low maternal care, high conflict exposure",46.22,97200.0,estimated
470,NG-ABI-003,South East,Abia,Bende,9436.766303036156,11.991462866120536,0.8714792773846726,38.8520465039662,1131.606326991163,82.23946278617979,3666.37683252622,208.975,712.0,0.00925,0.0595,589.0,7.01812719943637,2.4604876227335764,14.786494394359636,795.0,272.1629746026749,1687.2094689803048,False,10249.0,2024.0,280500.0,0.0,5,Relatively advantaged,12.819999999999991,280500.0,estimated
471,NG-ENU-270,South East,Enugu,Nsukka,14093.198801731303,8.018461316721394,0.4544891920223493,28.379546985672967,1130.0576942054677,64.05206536409202,3999.585975721635,195.0,716.0,0.014,0.06975,647.0,4.256153072754518,1.6004893293895754,8.466746286542614,651.0,244.61415676151736,1294.0329968874207,False,17374.0,2024.0,444100.0,0.0,5,Relatively advantaged,11.349999999999994,444100.0,estimated
472,NG-OYO-648,South West,Oyo,Iwajowa,4299.32887841328,26.18169690535236,2.4321434781472595,67.49655889738314,1125.6372559104448,104.5658469204303,2901.8990486104217,254.975,699.0,0.0,0.03575,461.0,25.09019999081944,11.945771657426912,42.89479131756102,1266.0,601.3232872849522,2165.868096735712,False,5522.0,2024.0,147000.0,0.0,4,Near-average,34.27,147000.0,estimated
473,NG-EDO-228,South South,Edo,Esan South-East,7576.791559379514,14.845428531139945,1.07747561411856,46.273079847161526,1124.8071759011325,81.63808138490765,3506.014808124677,221.0,708.0250000000001,0.006,0.058,459.0,13.540326151045551,5.152710714531404,26.865007657358746,1279.0,474.4114604022539,2559.229903866278,False,4307.0,2024.0,245700.0,0.0,4,Near-average,,245700.0,estimated
474,NG-CRO-182,South South,Cross River,Odukpani,7178.9698606509,15.610736199683148,1.5607636403677616,45.482850957950696,1120.6900468009735,112.0467513379994,3265.2001620360497,233.975,700.0250000000001,0.003,0.055,642.0,8.537167144224428,3.3158661815150654,16.76556688628988,660.0,256.1387793332038,1295.0799586011462,False,8450.0,2024.0,293800.0,0.0,4,Near-average,24.450000000000003,293800.0,estimated
475,NG-LAG-513,South West,Lagos,Ibeju/Lekki,3902.77458566812,28.43513147796993,2.610432213928081,76.52224789091609,1109.7590847235256,101.8792850212788,2986.490843068632,245.975,713.0,0.0,0.0435,675.0,11.314064050755364,4.864483555549738,21.21872711518904,560.0,235.03506597662772,1058.8464849159443,False,9203.0,2024.0,174400.0,0.0,4,Near-average,16.39,174400.0,estimated
476,NG-ANA-070,South East,Anambra,Anambra East,6638.628302679096,16.610886602985627,1.449093737892783,52.511813292420776,1102.7350193517318,96.19994701610074,3486.064099480649,223.0,711.0250000000001,0.0045,0.05875,535.0,12.018026682642564,4.503540501328578,24.763269211319628,943.0,343.8304836258007,1954.4093883604785,False,8816.0,2024.0,216800.0,0.0,5,Relatively advantaged,9.47,216800.0,estimated
477,NG-TAR-729,North East,Taraba,Donga,7152.954198686601,15.247197956708616,1.003123249888171,47.71816256248675,1090.6250864264405,71.75294662087742,3413.258312549493,228.975,720.0,0.00275,0.05475,301.0,30.35385652229992,16.39023913049992,47.54793908305416,2536.0,1369.5736375290494,3973.12103676439,False,11774.0,2024.0,209400.0,0.0045,2,"Low maternal care, high conflict exposure",43.13,209400.0,estimated
478,NG-DEL-204,South South,Delta,Ughelli North,13226.093713961289,8.220301260163245,0.5238343556119095,29.21872597827945,1087.2247482391306,69.2828227791564,3864.496079912793,208.0,724.0250000000001,0.01025,0.068,754.0,1.1355213496184782,1.0,2.0370134485423987,171.0,150.1242363455504,307.26825685826657,False,16436.0,2024.0,439500.0,0.0,5,Relatively advantaged,15.700000000000005,439500.0,estimated
479,NG-KOG-484,North Central,Kogi,Okene,14925.46920545369,7.273771312088989,0.3510028476708106,25.321518951403043,1085.644497260965,52.38882193937237,3779.355513444781,208.975,737.0,0.01125,0.063,750.0,1.0,1.0,1.0,186.0,185.1224862188272,185.7227155329087,False,21040.0,2024.0,438900.0,0.0,5,Relatively advantaged,16.909999999999997,438900.0,estimated
480,NG-EDO-237,South South,Edo,Ovia North-East,7077.222885134711,15.041942616704882,1.3575395652378002,46.500130921046114,1064.5518052382688,96.07610078576786,3290.9179071618773,234.975,711.0,0.00275,0.04775,560.0,9.933046145021263,3.779976400009669,19.7078975624445,877.0,325.07684246423054,1753.6388677952216,False,6725.0,2024.0,229500.0,0.0,4,Near-average,,229500.0,estimated
481,NG-LAG-517,South West,Lagos,Kosofe,22619.980224732422,4.705168385615837,0.2321413056925501,17.277693325855395,1064.30815836666,52.510317441090486,3908.210813598404,204.0,735.0,0.013,0.0605,440.0,4.787332960084079,2.058314532673648,8.97830445663708,1373.0,576.4032421452983,2596.729744575197,False,30667.0,2024.0,1010800.0,0.0,5,Relatively advantaged,7.760000000000005,1010800.0,estimated
482,NG-EDO-238,South South,Edo,Ovia South-West,6290.86478678641,16.894213168584415,1.1915206115854151,50.38865211829931,1062.7921072271097,74.95695058152894,3169.881972646396,235.0,722.0250000000001,0.001,0.05025,518.0,13.16885687002816,5.01134973673326,26.12798515378817,1033.0,383.0885173185583,2066.584960907473,False,4556.0,2024.0,204000.0,0.0,4,Near-average,24.489999999999995,204000.0,estimated
483,NG-TAR-738,North East,Taraba,Takum,7231.520553304457,14.662821960404637,1.046952350025235,47.54652217846226,1060.3449837610972,75.71057437537888,3438.3365237169605,231.0,726.0,0.0045,0.05175,278.0,34.03786646693687,18.379502139217745,53.3187735172314,2875.0,1552.6659239087423,4504.270143866724,False,10231.0,2024.0,211700.0,0.0205,4,Near-average,31.39,211700.0,estimated
484,NG-EKI-242,South West,Ekiti,Ado Ekiti,14539.896216697754,7.270159128792472,0.6198166353498573,24.771237209703504,1057.0735921152072,90.1206955136972,3601.712181882906,210.95,714.0,0.0095,0.054,755.0,1.0,1.0,1.0,166.0,163.32218153208197,166.23769891252675,False,16198.0,2024.0,469700.0,0.0,5,Relatively advantaged,6.260000000000005,469700.0,estimated
485,NG-RIV-686,South South,Rivers,Asari-Toru,8523.961816236459,12.391720339891515,0.5935253095253236,46.0105472395106,1056.2655101471616,50.59187075363784,3921.9214781373216,202.0,737.0,0.0105,0.06025,362.0,18.72233333340305,8.30533641057638,32.97520654779844,1926.0,844.4467844557587,3406.5822795629497,False,9862.0,2024.0,316100.0,0.0025,4,Near-average,12.22,316100.0,estimated
486,NG-FCT-279,North Central,FCT,Kuje,6706.646943765281,15.72778951823369,1.3228609085458,52.24053545152848,1054.8073150464545,88.71961069325253,3503.588274266553,220.975,723.0250000000001,0.002,0.05825,228.0,26.63832647336498,12.0261710628143,45.84162386317974,3396.0,1459.4522196851062,5950.101011071575,False,11620.0,2024.0,212100.0,0.1495,4,Near-average,25.010000000000005,212100.0,estimated
487,NG-RIV-682,South South,Rivers,Ahoada East,6450.274174134011,16.32733707181239,0.9901219404979978,53.573801723202266,1053.1580064669236,63.86557982037689,3455.6570966534778,222.0,725.0,0.005,0.05625,420.0,19.5259347743394,8.661818703042176,34.39057091638956,1520.0,666.4396487730061,2688.4837975568366,False,9113.0,2024.0,239200.0,0.0,4,Near-average,21.05,239200.0,estimated
488,NG-CRO-185,South South,Cross River,Yala,7872.920657255686,13.351939414895536,0.8934099018613105,42.14412595797838,1051.1875963395778,70.33745271760687,3317.9735983655355,231.0,724.0,0.00325,0.055,656.0,7.403883387835979,2.875694726700448,14.539987335381078,627.0,243.6098620028881,1231.7316839677517,False,9138.0,2024.0,322200.0,0.0,4,Near-average,,322200.0,estimated
489,NG-OND-584,South West,Ondo,Akoko North West,9045.64640821624,11.536972235079258,0.6561193375864713,39.93902141466137,1043.5937145993555,59.35023529400283,3612.742656072032,216.95,724.0,0.00775,0.053,312.0,22.76226429429845,9.373218662970649,42.743828727564456,2431.0,991.46126879169,4575.996952305504,False,8128.0,2024.0,325500.0,0.0255,5,Relatively advantaged,12.879999999999995,325500.0,estimated
490,NG-OYO-631,South West,Oyo,Afijio,5524.7838444372,18.88321748672719,1.4561278042623582,53.06214310415883,1043.2569490166463,80.4479136842449,2931.568709730715,254.975,710.0,0.0015,0.03775,431.0,21.92383879277171,10.438225768169158,37.48150633473998,1421.0,675.2041814207497,2431.974989567894,False,6811.0,2024.0,188900.0,0.0,4,Near-average,20.78,188900.0,estimated
491,NG-CRO-173,South South,Cross River,Biase,6255.331124324815,16.52604162954293,1.2925254041290737,52.31230852046521,1033.7586256716706,80.85174389429103,3272.3081167334826,226.975,719.0,0.00425,0.049,615.0,10.915745260830418,4.239714409352722,21.43669605999964,735.0,285.3665843806085,1442.8605666345522,False,7006.0,2024.0,256000.0,0.0,4,Near-average,18.0,256000.0,estimated
492,NG-OYO-663,South West,Oyo,Surulere,5866.975326596625,17.615789848399356,1.1800012085916316,54.22764800392336,1033.5140439907034,69.230379761613,3181.522728583851,239.0,718.0250000000001,0.003,0.044,393.0,24.726645718274,11.772678723671948,42.27325045064286,1702.0,808.6911683034147,2912.7732761666607,False,5670.0,2024.0,200600.0,0.0,4,Near-average,19.5,200600.0,estimated
493,NG-BEN-133,North Central,Benue,Ohimini,2980.672284369759,34.62050708489915,3.778167811346382,79.8273819698779,1031.9238593878597,112.61480080978112,2379.392649714133,287.975,699.0,0.0,0.013,426.0,42.30707643222742,23.68079343201553,63.68186619637685,1455.0,812.4981721032141,2192.728661576012,False,5928.0,2024.0,102100.0,0.0,4,Near-average,16.409999999999997,102100.0,estimated
494,NG-OGU-582,South West,Ogun,Yewa South,6968.527101163046,14.786558734272296,0.964856985770363,48.63504272547225,1030.4053527271535,67.23632054087263,3389.14613298676,228.0,723.0250000000001,0.00575,0.0465,322.0,23.06944331569616,10.814138573030672,38.43622111229916,2321.0,1069.8042066002567,3890.041578232696,False,8489.0,2024.0,286300.0,0.006,4,Near-average,,286300.0,estimated
495,NG-ADA-032,North East,Adamawa,Numan,5022.147079822933,20.43964976651963,1.7998106829319218,61.0824601053039,1026.5092738753,90.3891396552067,3067.650986462528,250.0,720.0,0.00075,0.043,408.0,30.207353560319,13.976929782124484,51.994486561603146,1619.0,749.1677084306313,2786.9203720405835,False,5900.0,2024.0,141200.0,0.0,2,"Low maternal care, high conflict exposure",16.53,141200.0,estimated
496,NG-EKI-250,South West,Ekiti,Ijero,10283.48631719607,9.95335141695404,0.8074175762944761,32.202642444507326,1023.5515310649104,83.03067598087858,3311.5543295564844,235.0,719.0,0.00525,0.04225,582.0,6.932973191578025,2.4827929300421223,15.035657558369396,812.0,286.7905018281235,1767.7913828407118,False,11364.0,2024.0,332200.0,0.0,4,Near-average,9.0,332200.0,estimated
497,NG-OYO-660,South West,Oyo,Oyo West,5703.191369323738,17.910687490890165,1.2047102897248732,56.58205562867148,1021.4807831669956,68.70693326894397,3226.9829132003483,237.0,726.0,0.00025,0.04625,427.0,21.72732296977418,10.344662020193502,37.145538298568,1454.0,690.760343209339,2488.005739146364,False,6891.0,2024.0,195000.0,0.0,4,Near-average,24.07,195000.0,estimated
498,NG-OGU-574,South West,Ogun,Ipokia,6226.158688360137,16.350680594217508,1.024117640753791,53.82774371200545,1018.019320422888,63.76318946882101,3351.4007418732544,226.975,725.0,0.002,0.051,309.0,27.154748245512888,12.729184940623968,45.24278689911918,2441.0,1125.1026804946223,4091.1188981149103,False,6147.0,2024.0,255800.0,0.009,4,Near-average,38.97,255800.0,estimated
499,NG-BOR-155,North East,Borno,Kala/Balge,2638.972445389839,38.45756375182558,4.248018525523251,83.86986690591958,1014.8845105789042,112.1040383636143,2213.302677632349,297.0,702.0,0.0,0.00725,366.0,55.92589759973687,33.582124450944654,81.68525629140342,1895.0,1133.4475520795568,2772.45975807226,False,2198.0,2024.0,89100.0,0.0,2,"Low maternal care, high conflict exposure",50.38,89100.0,estimated
500,NG-RIV-690,South South,Rivers,Emohua,7798.5756319379425,12.795235784662044,0.6959189373959509,43.75317652351916,997.846139951654,54.271764669802096,3412.124562561958,225.0,729.0,0.0075,0.047,372.0,19.458342129774657,8.63183421115253,34.27152157697535,1832.0,802.9563576081271,3239.205772869589,False,9176.0,2024.0,289200.0,0.0015,4,Near-average,18.430000000000007,289200.0,estimated
501,NG-KOG-474,North Central,Kogi,Idah,3655.7027559495823,26.979072254863727,2.559406758546883,72.04408800330779,986.2746879506798,93.56430340815828,2633.7177106356653,271.975,709.0,0.0,0.0245,394.0,37.41592856434852,18.89447002759788,60.09502449476199,1701.0,856.7931183234631,2733.725009668793,False,7004.0,2024.0,107500.0,0.0,4,Near-average,23.07,107500.0,estimated
502,NG-CRO-180,South South,Cross River,Obubra,6421.4883573146935,15.328166540495088,1.2803908574010734,45.88572164714341,984.2964297877,82.22014983613171,2946.546273241142,254.975,722.0,0.0025,0.035,606.0,10.930570193690151,4.245472466174424,21.46580974598536,755.0,293.344492058964,1483.1981850643174,False,6997.0,2024.0,262800.0,0.0,3,Geographically isolated,8.790000000000006,262800.0,estimated
503,NG-DEL-188,South South,Delta,Bomadi,3548.0237744619694,27.525800979040664,2.299367112927801,73.65362675636922,976.621962847449,81.58209182883819,2613.2481880694622,271.0,711.0250000000001,0.0,0.02475,596.0,19.30645463364169,8.02607984183181,34.63387786201942,781.0,323.2281802820786,1401.4572259408117,False,4363.0,2024.0,117900.0,0.0,4,Near-average,27.42,117900.0,estimated
504,NG-ANA-069,South East,Anambra,Aguata,16143.380263710422,6.046056512840409,0.2700284367698543,22.265437482320817,976.0378938266592,43.59171736791044,3594.394240149761,211.0,731.0,0.01025,0.052,748.0,1.0,1.0,1.8166141185823008,191.0,185.65490478545635,348.6473511526246,False,21856.0,2024.0,527200.0,0.0,5,Relatively advantaged,8.879999999999995,527200.0,estimated
505,NG-YOB-753,North East,Yobe,Machina,3179.937529111982,30.45632885114617,2.6123408489696884,77.30022152033386,968.4922311273554,83.07080704470967,2458.0987542117928,286.0,728.0,0.0,0.014,349.0,54.11512082220198,33.61249974552103,76.73817474506627,2045.0,1267.256767562245,2903.5595404104,False,5776.0,2024.0,95900.0,0.0,1,Deprived northern rural,51.36,95900.0,estimated
506,NG-LAG-520,South West,Lagos,Mushin,20932.65680868096,4.602566905552267,0.1801208625610543,18.08524753425456,963.4395347291808,37.70408200074142,3785.7227993459423,204.975,750.0,0.01325,0.05975,424.0,5.514687636234177,2.371040786061628,10.342406720858856,1463.0,614.4489855932444,2768.1280061430143,False,28275.0,2024.0,935400.0,0.0005,5,Relatively advantaged,5.879999999999996,935400.0,estimated
507,NG-EBO-220,South East,Ebonyi,Izzi,12410.008943440447,7.72763307928501,0.5416515027828666,26.561609622559548,958.999956255532,67.21899993763333,3296.298129681378,233.975,732.0,0.00625,0.046,762.0,1.0,1.0,1.0,131.0,129.81526154299237,131.20940787789235,False,19076.0,2024.0,352500.0,0.0,4,Near-average,8.409999999999997,352500.0,estimated
508,NG-ANA-075,South East,Anambra,Ayamelum,6901.968724279835,13.877216920453558,0.8544686987430027,47.233437358997335,957.8011716501736,58.97516234600293,3260.037073920304,230.975,726.0,0.0045,0.04275,468.0,15.323930033221624,5.742368640586542,31.57511751377256,1249.0,455.8017711756624,2590.8792362533923,False,4945.0,2024.0,225400.0,0.0,5,Relatively advantaged,18.200000000000003,225400.0,estimated
509,NG-OND-591,South West,Ondo,Ifedore,7528.312171999322,12.69147914403774,0.8010708326127738,39.85087409859906,955.4541692073452,60.30711299792377,3000.0982054129586,250.0,726.0,0.00475,0.034,275.0,32.872834147492576,13.53662617005971,61.72983383476529,2922.0,1191.6684801659844,5500.034650918663,False,2488.0,2024.0,270900.0,0.084,4,Near-average,6.079999999999998,270900.0,estimated
510,NG-DEL-202,South South,Delta,Sapele,7186.328052090911,13.270079772674045,0.8863235853263091,44.273236373385295,953.6314652385169,63.69412044460247,3181.6200050691045,239.975,722.0250000000001,0.00375,0.04175,493.0,14.076272146937418,5.851788237173745,25.251445671442703,1154.0,477.3257465825588,2069.5955906193926,False,7838.0,2024.0,238800.0,0.0,5,Relatively advantaged,15.819999999999991,238800.0,estimated
511,NG-OSU-603,South West,Osun,Ayedaade,5198.177141568981,18.0340965730788,1.7077209246644538,49.70633894687917,937.4442857502544,88.77035874769807,2583.8235490474726,271.0,714.0,0.0,0.0245,719.0,7.024070862716022,2.8039598971551585,13.83836902463986,415.0,164.834807852325,818.4598452000932,False,8575.0,2024.0,194200.0,0.0,4,Near-average,16.269999999999996,194200.0,estimated
512,NG-EKI-243,South West,Ekiti,Aiyekire (Gbonyin),6859.784972578715,13.624665806413674,1.1864079829877534,41.78763212211985,934.6227775524368,81.38503653046813,2866.541708709653,254.975,719.0,0.00175,0.032,542.0,11.81248276726298,4.230212333206722,25.61793344570544,923.0,325.9541831196765,2009.198325770152,False,7783.0,2024.0,221600.0,0.0,4,Near-average,,221600.0,estimated
513,NG-EKI-246,South West,Ekiti,Ekiti South West,7652.251106595028,12.159537444903608,0.8799069603270555,38.472998677029054,930.4783386844742,67.3326901086338,2944.0504670032465,253.0,727.0250000000001,0.00375,0.035,611.0,8.521777482348384,3.0517655701119133,18.48132460238889,742.0,262.31569192625045,1616.9273975783065,False,10198.0,2024.0,247200.0,0.0,4,Near-average,7.459999999999994,247200.0,estimated
514,NG-KWA-502,North Central,Kwara,Oke-Ero,3028.410914927769,30.69564171054558,3.5362601103903906,74.10079930915126,929.5901639692842,107.09248716329935,2244.076694327058,298.0,705.0,0.0,0.009,332.0,57.63112602585022,31.727125552902063,85.84658526211588,2247.0,1233.4658439471468,3351.279148265494,False,3975.0,2024.0,85500.0,0.0,4,Near-average,15.480000000000004,85500.0,estimated
515,NG-OGU-573,South West,Ogun,Imeko Afon,3434.366657261983,26.84070096883441,2.2051889264338174,70.45713326355975,921.8080846490464,75.73427321907651,2419.756292466338,282.975,724.0,0.0,0.01575,434.0,28.48395505871543,13.352270052539469,47.45739113889582,1412.0,650.9882413857347,2367.135322807098,False,5385.0,2024.0,141100.0,0.0,4,Near-average,46.24,141100.0,estimated
516,NG-OND-583,South West,Ondo,Akoko North East,7645.030190169855,11.86658648914187,0.8294200142672487,41.62843343567224,907.2041196375114,63.40941049404227,3182.506303851905,245.0,734.0,0.005,0.0385,353.0,22.568657637535164,9.293493838366814,42.38026692763933,2037.0,830.8174650726432,3834.560469243482,False,8236.0,2024.0,275100.0,0.005,5,Relatively advantaged,12.879999999999995,275100.0,estimated
517,NG-EDO-239,South South,Edo,Owan East,7046.385312650463,12.86825173757758,0.8722430409085561,42.548506716594304,906.7466004315525,61.46160552519627,2998.1317280301964,247.975,731.0,0.002,0.03475,457.0,14.799442910799272,5.631861980642382,29.363188352192346,1300.0,482.2280426114096,2601.396741317334,False,3463.0,2024.0,228500.0,0.0,4,Near-average,11.61,228500.0,estimated
518,NG-EDO-224,South South,Edo,Akoko-Edo,11915.63800791308,7.587707829122883,0.4237515818352663,26.047387152619727,904.1237980163633,50.49270454429589,3103.7123636258248,242.0,737.0,0.00525,0.0395,633.0,4.6340144736406765,1.7634535359975902,9.194227150064258,689.0,255.33796538049847,1377.429955085966,False,10277.0,2024.0,386400.0,0.0,5,Relatively advantaged,15.560000000000002,386400.0,estimated
519,NG-BAY-112,South South,Bayelsa,Kolokuma/Opokuma,3211.261133443683,28.02542442211284,2.515203341137463,74.38661902623389,899.9695619499421,80.76974732102427,2388.7485852722725,287.0,723.0250000000001,0.0,0.0145,512.0,29.23576193032541,11.555770785558453,56.110989372777794,1051.0,415.58152886478166,2017.926037335086,False,3937.0,2024.0,118000.0,0.0,4,Near-average,28.700000000000003,118000.0,estimated
520,NG-OYO-636,South West,Oyo,Ibadan North East,13854.367957172588,6.494964626157379,0.2343759545798319,26.45884134665926,899.836297996043,32.47130715062562,3665.705237370693,208.975,750.0250000000001,0.01,0.0515,756.0,1.0,1.0,1.0,163.0,162.21083651414938,162.70971890065303,False,16338.0,2024.0,473700.0,0.0,5,Relatively advantaged,15.319999999999991,473700.0,estimated
521,NG-OGU-576,South West,Ogun,Odeda,4534.532305087933,19.78571542716285,1.3732970024064093,61.81038874773325,897.1896578374678,62.27259621892285,2802.812045666401,258.975,726.0250000000001,0.0,0.03325,401.0,25.593540768063715,11.997346128072303,42.64164412405346,1675.0,772.30539097196,2808.2709559738805,False,7042.0,2024.0,186300.0,0.0,4,Near-average,22.430000000000007,186300.0,estimated
522,NG-NAS-530,North Central,Nasarawa,Keffi,5212.928620928621,16.934282254494143,1.375616052254086,54.83533581951384,882.7720463933648,71.70988290204166,2858.526915317761,259.975,732.0,0.0,0.02975,360.0,30.16092394920385,16.067623821971075,47.6290441927129,1956.0,1035.387174884052,3098.5109426013983,False,8735.0,2024.0,142900.0,0.0,4,Near-average,24.55,142900.0,estimated
523,NG-RIV-695,South South,Rivers,Obio/Akpor,17932.409388792297,4.922575203425527,0.2047355173917913,19.957434691538744,882.7363379494401,36.714011142958086,3578.848892387585,219.0,744.0,0.01025,0.0425,744.0,1.0,1.0,1.0,216.0,213.90070042171,217.33441768354905,False,33034.0,2024.0,665000.0,0.0,4,Near-average,9.810000000000002,665000.0,estimated
524,NG-EBO-217,South East,Ebonyi,Ikwo,11272.86486153087,7.7606983424351395,0.5856335086799643,26.562923777072903,874.8530364537778,66.01767401733403,2994.40250066088,249.0,732.0250000000001,0.0035,0.0355,626.0,5.983823231417081,2.4319691333819184,11.117701479385678,711.0,286.77812345594714,1325.0802791538044,False,10873.0,2024.0,320200.0,0.0,4,Near-average,6.900000000000006,320200.0,estimated
525,NG-ENU-259,South East,Enugu,Awgu,8987.151318735208,9.713747816140906,0.5156776475421492,33.68754359927153,872.9892149569226,46.34473050150695,3027.5505188314296,247.0,740.0,0.0055,0.03425,569.0,8.67533689442097,3.262284953345073,17.257808913298305,846.0,317.9531804745706,1682.0036601582472,False,12425.0,2024.0,283200.0,0.0,4,Near-average,6.760000000000005,283200.0,estimated
526,NG-PLA-667,North Central,Plateau,Jos East,4095.293494159795,21.17232052222081,1.7803091400193964,62.55282135177483,867.0686649091676,72.90888438714653,2561.7216232326336,276.0,731.0,0.0,0.02075,333.0,44.93520927220572,24.845260785299065,69.36686607169915,2225.0,1225.852526688728,3439.4956364637355,False,3985.0,2024.0,129900.0,0.0,4,Near-average,8.469999999999999,129900.0,estimated
527,NG-ANA-072,South East,Anambra,Anaocha,12401.496598639456,6.987080692896843,0.3305862862894135,25.16690751694844,866.5025744737967,40.997647049750114,3121.073179697099,245.95,739.0,0.00775,0.037,575.0,5.686337857741214,2.1308533857360867,11.716758409359922,833.0,303.9062415437776,1727.471064784717,False,16230.0,2024.0,405000.0,0.0,5,Relatively advantaged,6.829999999999998,405000.0,estimated
528,NG-ADA-035,North East,Adamawa,Toungo,2863.192917321148,30.25758636996608,2.6985813479987497,78.74689857433664,866.3330698971992,77.26559002404976,2254.675622590474,296.975,738.0,0.0,0.007,536.0,30.838769364617523,14.269085609094947,53.08131267120679,942.0,436.0382555199873,1622.071912100054,False,5525.0,2024.0,80500.0,0.0,3,Geographically isolated,25.92,80500.0,estimated
529,NG-OYO-642,South West,Oyo,Ibarapa East,4898.895150572955,17.523309734570717,1.332092883147762,53.98742309276814,858.4485708067631,65.25783365365315,2644.7872518109216,273.0,728.0,0.0,0.02325,480.0,20.850371109647696,9.927133794852136,35.646280937150536,1199.0,569.3969884483957,2050.874791871103,False,7248.0,2024.0,167500.0,0.0,4,Near-average,23.629999999999995,167500.0,estimated
530,NG-EKI-245,South West,Ekiti,Ekiti East,6410.927201358537,13.339493563730237,0.9671606965716856,43.03728954792133,855.1852214006547,62.00396817736289,2759.0893023551234,263.0,732.0,0.001,0.0285,583.0,11.116188605527428,3.9808598297112985,24.107868386105128,811.0,286.66958685927045,1767.0460567625034,False,8294.0,2024.0,207100.0,0.0,4,Near-average,8.590000000000003,207100.0,estimated
531,NG-ANA-078,South East,Anambra,Idemili North,18807.40545897372,4.539445432255959,0.2008592662657245,17.196220668561182,853.7519080332406,37.77641660851443,3234.162944756144,235.975,740.0250000000001,0.0065,0.0385,743.0,1.0,1.0,1.0,222.0,216.29218990748728,223.59294456887832,False,23814.0,2024.0,614200.0,0.0,5,Relatively advantaged,5.849999999999994,614200.0,estimated
532,NG-AKW-054,South South,Akwa Ibom,Mbo,3314.8090609687524,25.448370803499067,2.255332946512704,70.49727595127892,843.5649012633137,74.75998086601666,2336.85009096914,289.0,719.0250000000001,0.0,0.01375,668.0,15.308472025718848,6.320007254491507,28.826110666615232,575.0,235.32436214145605,1085.5070436788578,False,6448.0,2024.0,130400.0,0.0,4,Near-average,31.07,130400.0,estimated
533,NG-OGU-571,South West,Ogun,Ijebu Ode,6506.068089908775,12.955544736385278,0.6299959829381804,45.729487099763965,842.8965619678207,40.98796761364808,2975.191567876693,254.975,745.0,0.00425,0.0335,355.0,21.63557454869815,10.14199164127931,36.04723858592595,2032.0,936.7274130699276,3406.145313161921,False,9311.0,2024.0,267300.0,0.002,5,Relatively advantaged,18.620000000000005,267300.0,estimated
534,NG-ANA-080,South East,Anambra,Ihiala,13191.517863441672,6.383953104259301,0.3289685501347814,24.134913627643403,842.1403141421036,43.39594505613477,3183.761442516798,240.975,739.0,0.00825,0.035,757.0,1.0,1.0,1.0,156.0,151.70738425943588,156.82813500532853,False,28770.0,2024.0,430800.0,0.0,5,Relatively advantaged,13.670000000000002,430800.0,estimated
535,NG-LAG-510,South West,Lagos,Badagry,7874.921884728275,10.665705110213016,0.5970022016981236,36.2031674299523,839.9159458847486,47.01345703383517,2850.9711549061326,258.0,743.0,0.0025,0.03275,519.0,10.29357814224377,4.425725484324794,19.30487795184109,1028.0,431.47255903402095,1943.8086847700067,False,12559.0,2024.0,351900.0,0.0,5,Relatively advantaged,23.42,351900.0,estimated
536,NG-LAG-522,South West,Lagos,Oshodi/Isolo,20840.90580064633,4.008762478485492,0.1786555391978516,15.265151886528702,835.4624119128141,37.23343263186104,3181.395924997033,242.975,747.0,0.00875,0.04,466.0,4.739592707510681,2.0377886038350552,8.888770988625867,1252.0,525.7728709558891,2368.637011513711,False,30824.0,2024.0,931300.0,0.0,5,Relatively advantaged,6.609999999999999,931300.0,estimated
537,NG-EDO-235,South South,Edo,Oredo,17062.428855533923,4.885527482431307,0.2342937726699484,18.662066799200243,833.5896509073993,39.976208274756345,3184.201870585758,236.0,747.0250000000001,0.00675,0.03575,745.0,1.0,1.0,1.0,213.0,207.3360991081668,214.5249656154692,False,16173.0,2024.0,553300.0,0.0,5,Relatively advantaged,,553300.0,estimated
538,NG-NIG-561,North Central,Niger,Tafa,4908.925467303497,16.830859028806913,1.1229693267281968,51.22003126434717,826.2143252310506,55.125727269767054,2514.353159096351,282.0,734.0,0.00025,0.02025,227.0,64.71705831732373,44.96974535157345,84.64527034515339,3410.0,2369.725522234336,4460.466829535134,False,7357.0,2024.0,143900.0,0.012,4,Near-average,14.53,143900.0,estimated
539,NG-TAR-739,North East,Taraba,Ussa,4884.777700153696,16.91123708681526,0.916768730955864,57.26768656299924,826.0763380368733,44.78211453171407,2797.3991826233014,259.0,746.0,0.00025,0.03175,323.0,40.565464126455616,21.904223503984124,63.543959092759934,2315.0,1249.9346867662375,3626.04949634708,False,7497.0,2024.0,143000.0,0.0005,4,Near-average,23.97,143000.0,estimated
540,NG-OGU-577,South West,Ogun,Odogbolu,5201.446879212514,15.809131053738229,0.9658990740593236,49.82435934744924,822.3035538252833,50.24072724400125,2591.587584365527,273.975,739.0,0.0,0.02325,374.0,24.123040317237283,11.308027559378386,40.19162919737144,1811.0,834.9921706423619,3036.213768143523,False,7885.0,2024.0,213700.0,0.0,5,Relatively advantaged,18.96,213700.0,estimated
541,NG-EDO-232,South South,Edo,Etsako West,9066.246310368648,9.053207904496317,0.5931346322618876,30.119365957815194,820.7861276114039,53.77504671296203,2730.6959048568506,271.975,740.0,0.00225,0.02475,567.0,7.49388038412395,2.8517627506122167,14.868412448637716,847.0,314.17742572691714,1694.841567187893,False,8360.0,2024.0,294000.0,0.0,5,Relatively advantaged,8.61,294000.0,estimated
542,NG-BEN-137,North Central,Benue,Tarka,3342.673619591943,24.47611452665943,1.8815955246228044,68.58069522718976,818.156623383754,62.89559722898911,2292.428807492023,298.0,735.0250000000001,0.0,0.0105,391.0,44.591188401387846,24.95929311288877,67.11997927494485,1720.0,960.3690798312402,2591.7951317801017,False,5058.0,2024.0,114500.0,0.0,4,Near-average,27.94,114500.0,estimated
543,NG-BEN-132,North Central,Benue,Ogbadibo,5520.520362138309,14.733762868136392,0.9099720115527548,47.0325203520396,813.3803792446406,50.23519018752939,2596.4398628611907,275.0,743.0250000000001,0.0,0.02325,296.0,40.73182679832368,22.79906951417192,61.31075372839892,2595.0,1448.802052774961,3909.953148382293,False,6528.0,2024.0,189100.0,0.001,4,Near-average,16.510000000000005,189100.0,estimated
544,NG-EKI-247,South West,Ekiti,Ekiti West,8323.989978007294,9.67763952348526,0.7899892453848623,30.48686065195714,805.5657440425808,65.75862561317139,2537.7232252779613,280.975,730.0500000000002,0.00225,0.02175,523.0,10.646087850539628,3.812510292126326,23.088352837059908,1009.0,356.4728536261277,2197.316978212109,False,8639.0,2024.0,268900.0,0.0,4,Near-average,9.670000000000002,268900.0,estimated
545,NG-EKI-255,South West,Ekiti,Ise/Orun,5281.04384621809,15.082511323244708,1.0398316250764774,49.13644809411235,796.5140360913598,54.91396404713088,2594.9173683242666,278.0,741.0,0.0,0.02075,610.0,12.388867171204542,4.436623505376122,26.86794816236088,745.0,263.18203359370887,1622.2675721118649,False,7360.0,2024.0,170600.0,0.0,4,Near-average,7.609999999999999,170600.0,estimated
546,NG-OYO-643,South West,Oyo,Ibarapa North,4191.114478072264,18.952889065050154,1.1384534151058168,58.59560609269077,794.3372776182961,47.71388590660802,2455.8089304649566,284.0,741.0250000000001,0.0,0.01875,445.0,27.654731480937222,13.166778568509224,47.27917418960539,1360.0,646.1036605093855,2327.159674456962,False,4478.0,2024.0,143300.0,0.0,4,Near-average,32.09,143300.0,estimated
547,NG-OSU-613,South West,Osun,Ife North,5326.659377817854,14.808345924549116,1.1147225558390512,45.62252002830317,788.790146889703,59.37747355725169,2430.15624148444,286.975,729.0,0.0,0.0185,678.0,9.167303161613646,3.659523221308877,18.06082634851205,555.0,220.4476564970043,1094.5962030841563,False,7501.0,2024.0,199000.0,0.0,4,Near-average,10.680000000000009,199000.0,estimated
548,NG-IMO-309,South East,Imo,Ohaji/Egbema,7525.420783645656,10.43478075391935,0.5255087512170629,37.51238220582805,785.2611595833027,39.54674478396559,2822.9646069579785,263.975,744.0,0.00225,0.02825,662.0,7.589997142522825,2.9159541307513352,15.344214447854265,595.0,228.26635305898992,1202.5465003129718,False,9076.0,2024.0,254200.0,0.0,4,Near-average,17.730000000000004,254200.0,estimated
549,NG-OYO-639,South West,Oyo,Ibadan South East,11137.309094556304,7.047289040519712,0.2337505208953184,28.23705386604311,784.8783632294717,26.03351802224704,3144.847968257581,240.0,755.0,0.007,0.03375,432.0,10.847715719073348,5.16473902289125,18.54550789599668,1418.0,673.4754982106958,2425.748555479629,False,11320.0,2024.0,380800.0,0.0,5,Relatively advantaged,15.03,380800.0,estimated
550,NG-ENU-274,South East,Enugu,Uzo-Uwani,5791.508176797936,13.481642995626336,0.8070637406894349,42.99791334139592,780.7904564584038,46.74116253399991,2490.227667019436,284.0,739.0,0.00075,0.02075,558.0,14.15355325043707,5.322320546993683,28.155600227734784,889.0,334.2811807787975,1768.3803909517012,False,6290.0,2024.0,182500.0,0.0,5,Relatively advantaged,18.200000000000003,182500.0,estimated
551,NG-LAG-523,South West,Lagos,Shomolu,13368.793219484716,5.835638090053092,0.2495254008640123,23.35612654140137,780.1543892966844,33.358534871600135,3122.432261401136,245.975,751.0,0.006,0.037,465.0,7.412438695537174,3.186979141995735,13.901504643521124,1256.0,527.4652835530867,2376.261427564669,False,22034.0,2024.0,597400.0,0.0,5,Relatively advantaged,6.230000000000004,597400.0,estimated
552,NG-EDO-236,South South,Edo,Orhionmwon,8381.652201218363,9.264808657863282,0.5531895345039185,31.80646246538221,776.5440388104681,46.36642279565729,2665.907061359401,272.0,741.0,0.0025,0.02475,373.0,17.41763001194593,6.6282014024726745,34.557865033984946,1821.0,675.0864686946886,3641.778545809187,False,1708.0,2024.0,271800.0,0.003,4,Near-average,13.620000000000005,271800.0,estimated
553,NG-KWA-498,North Central,Kwara,Isin,3163.006955591225,24.463965073577537,2.009659975590882,69.06307984138654,773.7969168906659,63.56568481167252,2184.4700191285774,306.975,740.0,0.0,0.0075,314.0,59.59771983423162,32.80977607481083,88.77599814520681,2427.0,1332.247798295312,3619.6659102147,False,3475.0,2024.0,89300.0,0.0,4,Near-average,17.11,89300.0,estimated
554,NG-OSU-621,South West,Osun,Irewole,4962.6263751127135,15.409998627142189,1.1521612570200874,48.85810534558492,764.7406562750645,57.17745842470904,2424.645222260352,288.975,733.0250000000001,0.00025,0.01925,663.0,10.450448755832618,4.171745956346904,20.588796608521207,590.0,234.1291487488036,1162.5293791918757,False,6858.0,2024.0,185400.0,0.0,4,Near-average,15.39,185400.0,estimated
555,NG-DEL-201,South South,Delta,Patani,2780.6394975427143,27.390139162382315,2.5948992041671475,71.17766594053322,761.6210279811189,72.15479219249325,1979.1942925714743,317.0,725.0,0.0,0.0045,651.0,20.259175644888828,8.422145046363768,36.342965509971954,642.0,265.81936991165355,1152.54330990761,False,3730.0,2024.0,92400.0,0.0,4,Near-average,26.05,92400.0,estimated
556,NG-ENU-264,South East,Enugu,Igbo-Etiti,9488.553122534702,7.99544273252341,0.4250808751891571,28.17896515432309,758.6518310573211,40.33402465605861,2673.7760780484896,266.0,745.0250000000001,0.0035,0.0265,555.0,8.67533689442097,3.262284953345073,17.257808913298305,893.0,335.6920937920078,1775.8442598422173,False,12425.0,2024.0,299000.0,0.0,4,Near-average,8.310000000000002,299000.0,estimated
557,NG-ENU-260,South East,Enugu,Enugu East,12620.727681712542,6.010421790977027,0.3337381161955201,20.4411258593808,758.55896676152,42.12017881511397,2579.8188297885727,279.0,745.0,0.00575,0.02325,609.0,5.50181107057725,2.068908180757108,10.944728174666311,753.0,283.16843422781824,1497.9889243490777,False,15979.0,2024.0,397700.0,0.0,5,Relatively advantaged,4.900000000000006,397700.0,estimated
558,NG-OND-587,South West,Ondo,Akure North,5583.011869157121,13.570231807105108,0.851243851207274,45.49968898207364,757.6276524628136,47.52504524837229,2540.2530362987463,283.975,741.0250000000001,0.0005,0.02125,489.0,17.776892882643693,7.320304429421943,33.38211237949254,1172.0,477.9088698332401,2205.74378513232,False,10909.0,2024.0,200900.0,0.0,5,Relatively advantaged,6.879999999999996,200900.0,estimated
559,NG-OSU-612,South West,Osun,Ife East,6555.2707619477005,11.473174787018452,0.8126276304444766,37.18486712023377,752.0976722805758,53.26994146203518,2437.568722201788,284.975,737.0,0.00125,0.01975,770.0,1.0,1.0,1.5523549305052036,75.0,74.13387266940201,115.78253512272494,False,11700.0,2024.0,244900.0,0.0,4,Near-average,10.040000000000006,244900.0,estimated
560,NG-LAG-514,South West,Lagos,Ifako/Ijaye,14169.936167689526,5.275460010279269,0.2112408647578302,20.68763887244432,747.5293160085591,29.93269569625991,2931.4252228274854,251.95,757.0,0.006,0.03075,503.0,6.120107017594901,2.631340940951038,11.477827961688948,1099.0,461.6017753536104,2079.5425364857406,False,26284.0,2024.0,633200.0,0.0,5,Relatively advantaged,9.480000000000004,633200.0,estimated
561,NG-ABI-001,South East,Abia,Aba South,20939.191967949027,3.563355641661483,0.1829969983393664,13.460122551345204,746.1378783082426,38.31809277786442,2818.4409001473705,262.975,752.0,0.00625,0.02875,737.0,1.0,1.0,1.0,251.0,245.4395659382821,253.18647331510687,False,19267.0,2024.0,622400.0,0.0,5,Relatively advantaged,7.170000000000002,622400.0,estimated
562,NG-LAG-508,South West,Lagos,Amuwo Odofin,10898.229490942513,6.835590891172124,0.363486349814124,23.32028569547332,744.9583823819012,39.61357657099333,2541.498253036121,285.0,746.0250000000001,0.00375,0.02,464.0,9.094294345113342,3.9100932337553167,17.055705991100833,1256.0,527.5522936294068,2376.653412960895,False,16503.0,2024.0,487000.0,0.0,5,Relatively advantaged,7.450000000000003,487000.0,estimated
563,NG-OYO-632,South West,Oyo,Akinyele,8853.107833304079,8.267297436365094,0.3482764086989762,31.69821656682686,731.912756941383,30.8332860200792,2806.27729389544,266.0,750.0250000000001,0.00425,0.02725,384.0,16.974096501021386,8.081588866032321,29.019311423658195,1763.0,837.6944788114449,3017.238455309631,False,8826.0,2024.0,302700.0,0.0,5,Relatively advantaged,17.060000000000002,302700.0,estimated
564,NG-EDO-234,South South,Edo,Ikpoba-Okha,16951.413594590635,4.281625382332847,0.2427104690649925,16.29447011371187,725.7960271302139,41.14285544857783,2762.1430220222624,269.0,748.0,0.00275,0.02575,746.0,1.0,1.0,1.0,211.0,205.9870841853592,213.12917693624323,False,19060.0,2024.0,549700.0,0.0,5,Relatively advantaged,9.560000000000002,549700.0,estimated
565,NG-OYO-637,South West,Oyo,Ibadan North,12880.438354103457,5.580890788208944,0.1930106341344272,22.535683415609483,718.8431975850924,24.86061574654906,2902.694810023496,257.0,758.0,0.0055,0.02925,334.0,14.69942584982496,6.998588483214104,25.13048140496751,2222.0,1055.4416960123888,3801.5283054797296,False,9752.0,2024.0,440400.0,0.0015,5,Relatively advantaged,15.060000000000002,440400.0,estimated
566,NG-EKI-256,South West,Ekiti,Moba,6739.057709974667,10.540805822627751,0.75728859781824,36.06369010911848,710.3509874832566,51.03411563802914,2430.35288879992,290.95000000000005,742.0250000000001,0.00075,0.0175,594.0,10.28227074450559,3.6822223891257817,22.29933645562491,789.0,278.73601008931587,1718.1430820836688,False,8906.0,2024.0,217700.0,0.0,4,Near-average,8.25,217700.0,estimated
567,NG-OYO-659,South West,Oyo,Oyo East,5188.441789323237,13.650157754372351,0.6715399127532116,45.685258572236,708.2304892364027,34.84245746527244,2370.353047322269,289.975,750.0,0.00025,0.01775,446.0,22.211243183905605,10.575062749583555,37.97285958764151,1352.0,642.4111168973006,2313.8597365128826,False,6694.0,2024.0,177400.0,0.0,4,Near-average,20.72,177400.0,estimated
568,NG-KWA-492,North Central,Kwara,Ekiti,2893.8148742643125,24.469058916486745,1.926397863675216,67.93629585429333,708.0892665177907,55.74638791654336,1965.9506344557497,320.0,736.0,0.0,0.003,341.0,58.61835611765769,32.270616114900264,87.31715052942752,2184.0,1198.8355130957327,3257.189874331085,False,3724.0,2024.0,81700.0,0.0,4,Near-average,14.909999999999997,81700.0,estimated
569,NG-ANA-087,South East,Anambra,Orumba North,7538.885092802554,9.317282443898254,0.5380363913096604,31.78675088817866,702.4192172173562,40.56194529829681,2396.366624195184,290.975,745.0,0.00325,0.02075,479.0,13.483521425498072,5.052708439062151,27.78293639990377,1201.0,438.0698000507875,2490.086745502896,False,7100.0,2024.0,246200.0,0.0,5,Relatively advantaged,8.400000000000006,246200.0,estimated
570,NG-CRO-178,South South,Cross River,Ikom,6091.617380055376,11.527670549852749,0.7116640279642525,40.50800290947981,702.2215827303527,43.35184961507256,2467.5925455472097,282.0,749.0,0.001,0.0205,598.0,11.9090157624325,4.625504216406811,23.38731302104325,781.0,303.1851378353619,1532.9541148687886,False,6403.0,2024.0,249300.0,0.0,4,Near-average,10.430000000000009,249300.0,estimated
571,NG-KOG-480,North Central,Kogi,Mopa-Muro,2006.385698614189,34.951234622102206,3.6817963457491016,82.44726793698787,701.2565729469505,73.8710353332098,1654.2101927858464,348.975,733.0,0.0,0.0,455.0,52.19596923407492,26.358163864850788,83.8337619833488,1302.0,655.994133834507,2093.046187588993,False,2878.0,2024.0,59000.0,0.0,4,Near-average,23.480000000000004,59000.0,estimated
572,NG-LAG-505,South West,Lagos,Agege,15297.802217676184,4.580347752800609,0.1643321657287327,18.87753825623518,700.692540105213,25.13920969320538,2887.848466005015,260.975,759.0,0.0055,0.03,469.0,6.439997117640845,2.768877738009631,12.077759225050697,1249.0,524.3910549956566,2362.4118511691763,False,25232.0,2024.0,683600.0,0.0,5,Relatively advantaged,7.709999999999994,683600.0,estimated
573,NG-EKI-249,South West,Ekiti,Ido-Osi,7416.9877230589345,9.36997186521055,0.5639352525200966,33.128695934590375,694.96966289674,41.827008445416965,2457.1513102780923,293.0,749.0,0.001,0.01975,564.0,10.222315865608596,3.66075172346277,22.169311284152474,863.0,304.9872787601116,1879.9572504367093,False,8950.0,2024.0,239600.0,0.0,4,Near-average,7.159999999999997,239600.0,estimated
574,NG-OYO-641,South West,Oyo,Ibarapa Central,4316.87715954966,16.010432620082508,0.9808745491534964,50.8351289883396,691.1507089214301,42.34314937624299,2194.4900723252404,301.0,744.0250000000001,0.0,0.01225,443.0,26.97920833938321,12.845153184842909,46.124284065264206,1367.0,649.2352991579,2338.439324493379,False,4753.0,2024.0,147600.0,0.0,4,Near-average,30.260000000000005,147600.0,estimated
575,NG-ENU-265,South East,Enugu,Igbo-Eze North,11789.289247564016,5.816552229555682,0.2335494603399624,20.62969998305918,685.730166577952,27.533821415602983,2432.095001907512,284.95000000000005,752.0250000000001,0.00475,0.02025,552.0,7.00374422637498,2.633697075380899,13.932517089235532,896.0,336.72291397703043,1781.2974002120832,False,14297.0,2024.0,371500.0,0.0,4,Near-average,16.569999999999993,371500.0,estimated
576,NG-EKI-251,South West,Ekiti,Ikere,6884.549539266724,9.948231393481906,0.6804560049632423,34.3070471229778,684.8909185651443,46.84633075460966,2361.885654640986,296.0,749.0,0.00075,0.0175,547.0,11.553586699298684,4.137498095116447,25.056461114347204,906.0,319.9611326504816,1972.256854874712,False,7973.0,2024.0,222400.0,0.0,5,Relatively advantaged,6.290000000000006,222400.0,estimated
577,NG-CRO-177,South South,Cross River,Etung,2978.612750215605,22.85494212879257,1.613311721704129,65.7491905453616,680.7602203026134,48.05430864340208,1958.4137727476937,323.0,754.0,0.0,0.004,697.0,14.941538139628918,5.803346728490691,29.342679232123345,479.0,185.99821359479068,940.4376775328944,False,4562.0,2024.0,121900.0,0.0,3,Geographically isolated,11.049999999999995,121900.0,estimated
578,NG-DEL-196,South South,Delta,Ndokwa East,4258.230399375477,15.96614304469774,1.170721619885606,50.88740344029473,679.8751567370955,49.85202391002991,2166.9028827474726,309.0,747.0,0.0,0.012,537.0,19.178522112384176,7.972895730638734,34.40437952066719,931.0,385.3580722276823,1670.8408729300722,False,4448.0,2024.0,141500.0,0.0,5,Relatively advantaged,20.680000000000007,141500.0,estimated
579,NG-KWA-501,North Central,Kwara,Offa,4732.113429641519,14.317991408310702,0.6279488904116819,54.010098595988815,677.5435942875864,29.71525377445611,2555.819129023412,279.0,761.0,0.0,0.0215,246.0,52.447184746956864,28.873258777150568,78.12465290228818,3195.0,1754.0119478201966,4765.582845592152,False,5293.0,2024.0,133600.0,0.035,4,Near-average,15.879999999999995,133600.0,estimated
580,NG-ABI-008,South East,Abia,Obi Nwga,8911.940797412752,7.559233291610553,0.490183916136776,26.85922997698072,673.6743956866493,43.68490040454885,2393.67867418946,291.975,750.0,0.0015,0.0195,504.0,10.232501266900462,3.5874161298809457,21.55886012374537,1095.0,374.7474681930368,2323.15757767836,False,7213.0,2024.0,264900.0,0.0,4,Near-average,,264900.0,estimated
581,NG-LAG-519,South West,Lagos,Lagos Mainland,10822.1432891577,6.214220403752165,0.1676366073036135,27.20224406678389,672.5118363981314,18.14187384747965,2943.8658307737524,249.975,765.0,0.0075,0.03175,449.0,9.758400788554736,4.195625899892168,18.30119066712941,1339.0,562.1244701285548,2532.403055721251,False,14319.0,2024.0,483600.0,0.0,5,Relatively advantaged,8.310000000000002,483600.0,estimated
582,NG-DEL-190,South South,Delta,Ethiope East,8287.75019072796,8.070718239243995,0.3475394136576964,30.69640747354068,668.880966266061,28.80319841827057,2544.041568935,277.0,754.0,0.0025,0.02275,729.0,3.335960715247729,1.3868256786586528,5.984384919800863,315.0,130.46011195336604,565.6507623640185,False,14974.0,2024.0,275400.0,0.0,5,Relatively advantaged,14.840000000000003,275400.0,estimated
583,NG-ENU-273,South East,Enugu,Udi,10853.127651862433,6.152551284381975,0.3791904954166994,21.30148942898284,667.7442447402746,41.15402851130396,2311.877839475489,297.0,744.0250000000001,0.004,0.01975,508.0,9.12180929507428,3.430177014767128,18.14597446459712,1074.0,403.7296730283183,2135.76975935435,False,11925.0,2024.0,342000.0,0.0,4,Near-average,5.849999999999994,342000.0,estimated
584,NG-ENU-258,South East,Enugu,Aninri,6204.053964734228,10.74833875179088,0.6186547517003902,37.732920634235725,666.8327364735435,38.381674650884754,2340.9707586183217,291.975,750.0,0.001,0.0165,533.0,14.094618893550834,5.300158794885971,28.03836237496333,948.0,356.6019179857522,1886.4592905667064,False,6356.0,2024.0,195500.0,0.0,4,Near-average,8.980000000000004,195500.0,estimated
585,NG-ANA-073,South East,Anambra,Awka North,4896.294583018393,13.49315956555354,0.9741905869319184,44.3963332431209,660.6648408862237,47.6992409362226,2173.775259641722,305.95000000000005,745.0,0.0,0.01275,625.0,12.310100809715168,4.612990055352402,25.365090993659827,712.0,259.753859742007,1476.4990491510769,False,8474.0,2024.0,159900.0,0.0,5,Relatively advantaged,7.540000000000006,159900.0,estimated
586,NG-ENU-268,South East,Enugu,Nkanu East,6994.237820089124,9.4226278614774,0.589183409611416,30.8305619094685,659.041001533707,41.20888886473228,2156.362821218038,304.0,750.0,0.002,0.01625,549.0,11.867614559092129,4.462713192512764,23.608192605084845,900.0,338.4999418591561,1790.6980528411186,False,8850.0,2024.0,220400.0,0.0,4,Near-average,6.709999999999994,220400.0,estimated
587,NG-EDO-240,South South,Edo,Owan West,4511.536854445351,14.547850912714775,0.9275284163863404,47.01550694815176,656.3316554568912,41.84578634072309,2121.121923270182,309.975,753.0,0.0,0.013,563.0,15.442427891194832,5.876547046630335,30.63891806720808,869.0,322.16681083715264,1737.9405961832754,False,3032.0,2024.0,146300.0,0.0,4,Near-average,8.670000000000002,146300.0,estimated
588,NG-ANA-088,South East,Anambra,Orumba South,8053.317544301672,8.124337702838872,0.412861370821256,29.637640830127506,654.2787135810372,33.2490372099926,2386.8133286897737,294.95000000000005,750.0,0.00275,0.01975,444.0,14.30423264221377,5.360255285310383,29.47402041402345,1361.0,496.4462673036637,2821.9116449568605,False,6139.0,2024.0,263000.0,0.0,5,Relatively advantaged,9.64,263000.0,estimated
589,NG-CRO-176,South South,Cross River,Calabar South,7127.6565975216745,9.143024593133934,0.5485458790473617,33.614954588777124,651.6833956255398,39.09846653835254,2395.958528500888,297.0,758.0,0.00175,0.018,690.0,6.639575738178652,2.578834908337101,13.039015080117,509.0,197.7818879401476,1000.0178805895428,False,9602.0,2024.0,291700.0,0.0,4,Near-average,27.989999999999995,291700.0,estimated
590,NG-EKI-248,South West,Ekiti,Emure,4370.94602043373,14.895509474291485,0.9941589217914868,49.90074261924546,651.0746785898748,43.454149828831866,2181.134523682788,308.975,750.0,0.0,0.01075,628.0,14.221578810214949,5.092942717120437,30.84258124487052,708.0,250.0507283776128,1541.325532335464,False,6015.0,2024.0,141200.0,0.0,4,Near-average,,141200.0,estimated
591,NG-OSU-623,South West,Osun,Iwo,6648.95572587917,9.787021588614715,0.5587772040843393,34.20752742316818,650.7347323092299,37.15284890587322,2274.443353284428,303.0,746.0,0.00125,0.01475,710.0,5.816756578886356,2.3220084901598144,11.459796696015394,440.0,174.59962134146468,866.9454038078916,False,9180.0,2024.0,248400.0,0.0,4,Near-average,12.159999999999997,248400.0,estimated
592,NG-OND-597,South West,Ondo,Ondo East,3248.6515057464776,20.028536425596773,1.4383638977774815,60.85809797883039,650.6573501691307,46.727430423261886,1977.06751635794,318.0,747.0500000000002,0.0,0.0055,490.0,30.43840970411712,12.534160319948551,57.158380832003125,1168.0,476.1521703664452,2197.635902697369,False,3846.0,2024.0,116900.0,0.0,4,Near-average,9.689999999999998,116900.0,estimated
593,NG-LAG-524,South West,Lagos,Surulere,16658.4025319458,3.877055052382057,0.1421324133021496,16.122190451576753,645.8554370109429,23.67698953624096,2685.699382390586,269.0,761.0250000000001,0.005,0.0255,428.0,6.865098220173387,2.951650021553275,12.875006284156903,1450.0,608.7243400421737,2742.338148812774,False,23834.0,2024.0,744400.0,0.0005,5,Relatively advantaged,5.920000000000002,744400.0,estimated
594,NG-AKW-047,South South,Akwa Ibom,Ibiono Ibom,6118.669792754438,10.50673157716591,0.6070591786980968,36.41547940799733,642.8722112178438,37.14394659114363,2228.1429384238454,300.95000000000005,746.0,0.00075,0.01525,502.0,15.971525442419903,6.593744724607784,30.074651418140988,1107.0,453.1896071668297,2090.478462259413,False,6056.0,2024.0,240700.0,0.0,4,Near-average,14.319999999999991,240700.0,estimated
595,NG-EKI-254,South West,Ekiti,Irepodun/Ifelodun,6088.987834414409,10.485680203224618,0.7586261745603313,34.289383372443595,638.4717919299486,46.19265547766199,2087.876382043808,316.0,748.0250000000001,0.0005,0.0115,546.0,13.127402270344794,4.701103068770485,28.4696218654986,910.0,321.5353809784545,1981.9606024217965,False,6818.0,2024.0,196700.0,0.0,4,Near-average,7.060000000000002,196700.0,estimated
596,NG-AKW-055,South South,Akwa Ibom,Mkpat Enin,5750.075226925857,11.012843973835162,0.6617000712074548,40.16386799550222,633.2468131194913,38.04825187105062,2309.4526237845766,296.95000000000005,747.0,0.0,0.01575,689.0,7.992895425637038,3.2998170548667805,15.05075671164358,521.0,213.13471148227163,983.150356644309,False,10773.0,2024.0,226200.0,0.0,4,Near-average,16.189999999999998,226200.0,estimated
597,NG-AKW-050,South South,Akwa Ibom,Ikot Abasi,4301.117278496265,14.656931455459846,0.9599177819706052,49.22946502544467,630.4118113281386,41.28718957969579,2117.417026320676,307.0,746.0,0.0,0.01225,632.0,14.269913867926888,5.891244992625707,26.870488162949894,695.0,284.6290113761675,1312.9401217645975,False,7062.0,2024.0,169200.0,0.0,4,Near-average,15.260000000000003,169200.0,estimated
598,NG-ABI-014,South East,Abia,Umuahia North,10930.500434425834,5.762641174703303,0.3220187858787888,20.9828164340128,629.8855186353459,35.198264789413805,2293.526841474544,297.95000000000005,751.0,0.00275,0.01825,586.0,6.098070854039039,2.137924752934148,12.84802739210792,800.0,273.91582246228023,1698.075831352797,False,11118.0,2024.0,324900.0,0.0,5,Relatively advantaged,9.549999999999995,324900.0,estimated
599,NG-DEL-186,South South,Delta,Aniocha North,4291.3332505367,14.665680431007752,0.8945307835110187,51.97803687829423,629.3532207532886,38.3872969490948,2230.5507795344683,303.95000000000005,753.0,0.0,0.01375,592.0,16.196941822841396,6.733393092127187,29.05571817691684,793.0,327.9785421022586,1422.0539105891455,False,6429.0,2024.0,142600.0,0.0,4,Near-average,,142600.0,estimated
600,NG-EBO-213,South East,Ebonyi,Afikpo South,8262.777585887867,7.600220903555228,0.5162756060635517,26.70147431876053,627.989349296924,42.658705059225895,2206.2834351121505,304.0,749.0250000000001,0.0005,0.01175,655.0,7.218690747657802,2.933848879351992,13.412035366134456,629.0,253.581438944636,1171.6924563689674,False,9038.0,2024.0,234700.0,0.0,4,Near-average,9.849999999999994,234700.0,estimated
601,NG-EDO-241,South South,Edo,Uhunmwonde,5547.679289916055,11.30824088238208,0.7388834077352101,38.04382179950419,627.3449374857332,40.99088178755225,2110.549223063663,312.0,753.0,0.0,0.0125,643.0,9.534723662966474,3.628396556346598,18.917596323676047,660.0,244.6020902097577,1319.5148854166143,False,6992.0,2024.0,179900.0,0.0,4,Near-average,8.430000000000007,179900.0,estimated
602,NG-OGU-569,South West,Ogun,Ijebu North East,2847.7739114078813,22.017476036238573,1.5054124449062622,65.91496553858954,627.0079385104816,42.87074286512808,1877.1091923214483,330.0,750.0,0.0,0.00475,462.0,30.79349550580226,14.434900876917574,51.30533866312712,1266.0,583.5669536536035,2121.9768060262977,False,4061.0,2024.0,117000.0,0.0,4,Near-average,21.61,117000.0,estimated
603,NG-RIV-696,South South,Rivers,Ogba/Egbema/Ndoni,10985.960278186438,5.671512961887294,0.2090332807689314,22.32251655889179,623.0701611651327,22.964313193464744,2452.342802251442,288.975,759.0,0.0045,0.01925,484.0,8.910670880315061,3.9528256434205744,15.694155612196557,1182.0,517.9874588585474,2089.612904998653,False,19007.0,2024.0,407400.0,0.0,4,Near-average,,407400.0,estimated
604,NG-OYO-651,South West,Oyo,Ogbomosho North,8312.035831599007,7.481346387053723,0.286741944101066,29.208244085074192,621.8521923779401,23.8340931379042,2427.7997141322644,288.975,758.0,0.003,0.01975,371.0,18.796780759323493,8.949392628506532,32.13541495915332,1833.0,870.9517873392659,3137.0258393122235,False,8084.0,2024.0,284200.0,0.0,4,Near-average,22.78,284200.0,estimated
605,NG-DEL-198,South South,Delta,Okpe,5296.456185795646,11.723917194959526,0.7294727099418525,40.14221146009736,620.9521374899929,38.63620246940638,2126.114641993496,313.0,746.0,0.0,0.01225,543.0,15.197563068547398,6.317931329395402,27.26293113388289,918.0,379.8214657689439,1646.8351778758283,False,7093.0,2024.0,176000.0,0.0,5,Relatively advantaged,14.599999999999994,176000.0,estimated
606,NG-ENU-272,South East,Enugu,Udenu,8139.845738896825,7.606048474240653,0.3602596669036418,27.687724681777176,619.120612628904,29.32458114541999,2253.738077707124,299.0,753.0,0.00175,0.01725,605.0,8.553003456641964,3.2162825285154293,17.01445155224243,755.0,283.9158200904937,1501.9426692202387,False,12562.0,2024.0,256500.0,0.0,4,Near-average,11.439999999999998,256500.0,estimated
607,NG-ABI-004,South East,Abia,Ikwuano,6755.446251870445,9.103223194349946,0.5915048827464945,31.90097419505842,614.9633500821161,39.95879443112874,2155.053165570232,308.975,750.0250000000001,0.00125,0.01375,579.0,10.06310078903674,3.5280259582262747,21.201950203883143,816.0,279.3640209602982,1731.8506389222675,False,7373.0,2024.0,200800.0,0.0,5,Relatively advantaged,11.89,200800.0,estimated
608,NG-CRO-183,South South,Cross River,Ogoja,6384.836026508102,9.57538684361151,0.6238815212189317,34.00621588579095,611.3727488684204,39.833812129513134,2171.241123128102,308.975,752.0,0.00125,0.0125,584.0,11.77559136669491,4.573681705011485,23.12528984717172,809.0,314.21860482196206,1588.7411456551142,False,6484.0,2024.0,261300.0,0.0,4,Near-average,11.03,261300.0,estimated
609,NG-EDO-231,South South,Edo,Etsako East,6713.339529820595,9.090256208473257,0.5739196973855699,30.09533859753492,610.259763405406,38.5291779140122,2020.4022627016668,325.975,752.0,0.0005,0.0115,492.0,13.889417764531771,5.285555970775443,27.557631214931096,1163.0,431.1847173856223,2326.041664102623,False,4073.0,2024.0,217700.0,0.0,5,Relatively advantaged,18.41,217700.0,estimated
610,NG-ABI-010,South East,Abia,Osisioma Ngwa,10809.386856205048,5.600027663707865,0.3088077304090001,20.829779634389126,605.3286542246839,33.38022222177559,2251.5714619761343,304.0,751.0250000000001,0.003,0.01675,554.0,6.879430558185448,2.4118619196913147,14.494274397472436,893.0,305.5893106474734,1894.4280694179088,False,10380.0,2024.0,321300.0,0.0,5,Relatively advantaged,8.950000000000003,321300.0,estimated
611,NG-LAG-512,South West,Lagos,Eti-Osa,9401.12157935308,6.352330318205687,0.321264945308531,24.03290046310692,597.1902963366261,30.20250810029718,2259.3621915815907,300.975,759.0250000000001,0.00225,0.01575,497.0,9.50540785771992,4.086851550887653,17.826720314356624,1133.0,475.65381649296216,2142.847789701771,False,15151.0,2024.0,420100.0,0.0,5,Relatively advantaged,8.799999999999997,420100.0,estimated
612,NG-ENU-267,South East,Enugu,Isi-Uzo,6768.924351293149,8.686966578006274,0.4966939034480789,29.98758826015256,588.0141960873643,33.6208345818855,2029.837164106992,318.0,756.0,0.00125,0.014,544.0,12.461422851961029,4.686009634204096,24.789452788312268,915.0,343.9870270614884,1819.7252743337533,False,8185.0,2024.0,213300.0,0.0,4,Near-average,9.659999999999997,213300.0,estimated
613,NG-ANA-083,South East,Anambra,Nnewi South,10181.475602586714,5.724214296931872,0.2083768678319375,20.707138547157,582.8094820819002,21.21583995974308,2108.2922591726187,311.0,755.0,0.004,0.0145,456.0,10.818131511481738,4.053901251610823,22.290872707846017,1301.0,474.6744355792133,2698.1556827880736,False,10221.0,2024.0,332500.0,0.0,5,Relatively advantaged,10.739999999999997,332500.0,estimated
614,NG-AKW-045,South South,Akwa Ibom,Ibeno,2427.6400714916863,23.676779841697424,1.7181855503883958,68.30166064763978,574.7869950759124,41.71136092380868,1658.1184833763714,349.975,749.0,0.0,0.00025,694.0,17.82367720590882,7.358394035264215,33.562284384775424,490.0,200.65876445258644,925.6011583630576,False,4961.0,2024.0,95500.0,0.0,4,Near-average,26.22,95500.0,estimated
615,NG-OYO-650,South West,Oyo,Lagelu,6191.618527619669,9.162526697427287,0.5508499904240634,30.623989127085125,567.3087005960048,34.10653006648748,1896.120584688836,333.975,751.0,0.00025,0.00825,447.0,18.51920215933948,8.817233834490919,31.660860108060405,1346.0,639.1895935845544,2302.256336622166,False,8197.0,2024.0,211700.0,0.0,4,Near-average,16.989999999999995,211700.0,estimated
616,NG-AKW-044,South South,Akwa Ibom,Etinan,5480.6198891477225,10.345080180706407,0.5295312324533751,36.7415482407642,566.9745219320737,29.021594045088737,2013.664600464128,314.975,753.0250000000001,0.0,0.012,773.0,1.0,1.0,1.0,62.0,61.56309344288188,62.26123924867957,False,23755.0,2024.0,215600.0,0.0,4,Near-average,15.120000000000005,215600.0,estimated
617,NG-AKW-063,South South,Akwa Ibom,Oruk Anam,5574.675054221222,10.120692118526888,0.5103061049470445,37.14927913630648,564.1956988460494,28.44790713265086,2070.9515968346864,324.975,756.0,0.00025,0.01275,772.0,1.0,1.0,1.0,63.0,62.61960293146566,63.329729903689376,False,23582.0,2024.0,219300.0,0.0,4,Near-average,14.900000000000006,219300.0,estimated
618,NG-DEL-191,South South,Delta,Ethiope West,8359.974593261537,6.7404750871593855,0.294030918572064,24.563524958784456,563.5020047516479,24.58091008895807,2053.504445763837,320.95000000000005,755.0,0.0015,0.01125,659.0,6.443968437562639,2.6788867329374733,11.559844624416948,614.0,254.2017460306081,1102.1714551944945,False,12909.0,2024.0,277800.0,0.0,5,Relatively advantaged,14.840000000000003,277800.0,estimated
619,NG-DEL-192,South South,Delta,Ika North East,7541.431364547664,7.358620564656272,0.409220429296422,26.638273810738028,554.9453192610396,30.86107780509696,2008.907136137084,322.975,758.0,0.001,0.01325,561.0,10.16454717342824,4.225605825517253,18.23419638703728,874.0,361.7112243633754,1568.3125420734157,False,10437.0,2024.0,250600.0,0.0,5,Relatively advantaged,,250600.0,estimated
620,NG-EBO-218,South East,Ebonyi,Ishielu,8002.255412323444,6.904440577728376,0.5089903767518569,23.6526893088213,552.5109698219258,40.73070997183096,1892.7486103752008,332.0,754.0250000000001,0.0005,0.01025,652.0,7.586795669392774,3.083455539322362,14.09595941847864,640.0,258.10936290943187,1192.614075769202,False,8491.0,2024.0,227300.0,0.0,4,Near-average,7.560000000000002,227300.0,estimated
621,NG-AKW-040,South South,Akwa Ibom,Eket,5607.721463571372,9.83052860849357,0.5506976281924848,37.22535136505235,551.2686627610193,30.881589095528444,2087.494018387899,322.0,754.0,0.0,0.012,600.0,12.12175611483928,5.004391454238794,22.82547093224145,770.0,315.2306981984256,1454.099950231689,False,8332.0,2024.0,220600.0,0.0,5,Relatively advantaged,18.21,220600.0,estimated
622,NG-ENU-263,South East,Enugu,Ezeagu,7771.727958892134,6.999902353423064,0.3541335657533629,25.59526496209684,544.0133682961289,27.522297341475763,1989.1943632118025,319.0,755.0250000000001,0.001,0.0105,576.0,9.849559308139172,3.703841074885076,19.59368431321419,830.0,312.1685594553889,1651.402444871237,False,11110.0,2024.0,244900.0,0.0,4,Near-average,7.549999999999997,244900.0,estimated
623,NG-AKW-060,South South,Akwa Ibom,Okobo,3332.603281388063,16.164156313417024,1.2444651558950697,51.17891740261946,538.6872037096314,41.47308662109016,1705.5902807385824,346.975,747.0250000000001,0.0,0.00325,640.0,17.547968769882615,7.244569526006683,33.043120755952216,663.0,271.1983221948992,1250.9868774210966,False,5124.0,2024.0,131100.0,0.0,4,Near-average,22.41,131100.0,estimated
624,NG-OGU-564,South West,Ogun,Abeokuta South,10361.515846891753,5.184214694222734,0.1658471157503621,22.31292503558222,537.1632270787783,17.18427518008668,2311.957263466929,295.925,767.0,0.004,0.01875,376.0,12.043306483342816,5.645475853322201,20.06546861934894,1801.0,830.4150801315828,3019.570468103745,False,14810.0,2024.0,425700.0,0.0,5,Relatively advantaged,21.46,425700.0,estimated
625,NG-IMO-303,South East,Imo,Ngor-Okpala,6495.190086277959,8.204884856516676,0.4438508354355187,29.05345300679827,532.9228677909937,28.828955461069707,1887.076999418987,327.95000000000005,754.0,0.0,0.009,771.0,1.0,1.0,1.0,68.0,67.56507896838286,67.64228910496094,False,22586.0,2024.0,219400.0,0.0,5,Relatively advantaged,11.939999999999998,219400.0,estimated
626,NG-ANA-074,South East,Anambra,Awka South,8276.85069286974,6.365537954899403,0.2835018361746653,24.92039447542622,526.8660723249759,23.465023691721225,2062.623842805188,311.975,762.0,0.00125,0.01375,585.0,8.203982672390415,3.0742957403040205,16.904391784619865,802.0,292.6326070754362,1663.3892044053744,False,13282.0,2024.0,270300.0,0.0,5,Relatively advantaged,5.700000000000003,270300.0,estimated
627,NG-OSU-622,South West,Osun,Isokan,3546.645063119928,14.844376155989798,0.9538461801037436,46.84424390311634,526.4773340873642,33.82953845640744,1661.399063745734,348.0,755.0,0.0,0.00575,731.0,7.463094238654083,2.9792149542443744,14.703304416866942,301.0,119.49386821177865,593.3269444314958,False,8355.0,2024.0,132500.0,0.0,4,Near-average,20.32,132500.0,estimated
628,NG-ANA-089,South East,Anambra,Oyi,7339.848727639204,7.091007697501397,0.3095254576061647,25.97963296367181,520.4692382618542,22.7187003618255,1906.8657595294007,331.95000000000005,761.0,0.00125,0.012,507.0,12.423685192465625,4.655553770806112,25.59913279790324,1077.0,392.9799639938593,2233.786030162011,False,8341.0,2024.0,239700.0,0.0,5,Relatively advantaged,5.879999999999996,239700.0,estimated
629,NG-LAG-515,South West,Lagos,Ikeja,10522.274140946958,4.939088270190688,0.22036239057206,19.314361620250903,519.7044078528188,23.18713483953641,2032.3100782566448,331.0,763.0250000000001,0.001,0.0115,500.0,8.389137366019662,3.60691088358528,15.733233938119934,1119.0,469.858922492651,2116.741459068962,False,18822.0,2024.0,470200.0,0.0,5,Relatively advantaged,7.620000000000003,470200.0,estimated
630,NG-EDO-230,South South,Edo,Etsako Central,4292.590089807197,11.939026322757783,0.7448989359178684,38.626507756206166,512.4934607501738,31.97545790228968,1658.077643981514,353.0,758.0,0.0,0.004,664.0,10.84605498029292,4.127417839417154,21.51937455917217,581.0,215.2939999947292,1161.4113251866113,False,6113.0,2024.0,139200.0,0.0,4,Near-average,14.420000000000002,139200.0,estimated
631,NG-OSU-610,South West,Osun,Ejigbo,4603.946798917944,11.121348220583975,0.6698757410836181,37.12611136191837,512.0209553980952,30.84072273834709,1709.2664156097517,348.0,754.0,0.0,0.0065,660.0,11.520069344481712,4.598731004527903,22.69609374594718,603.0,239.438705849341,1188.8931026020434,False,6322.0,2024.0,172000.0,0.0,4,Near-average,13.920000000000002,172000.0,estimated
632,NG-EBO-222,South East,Ebonyi,Ohaukwu,10255.420156664404,4.968953191482579,0.2769650750687575,18.849318538462807,509.5870271745242,28.40393213552205,1933.0768127873948,328.0,762.0,0.00125,0.01075,553.0,8.270515231518427,3.3613355512600163,15.366282704002758,894.0,360.594406682102,1666.1540682025525,False,7475.0,2024.0,291300.0,0.0,4,Near-average,8.790000000000006,291300.0,estimated
633,NG-OGU-579,South West,Ogun,Remo North,2472.938712812314,20.45914904355792,1.420051159590935,61.93752937438468,505.94221701011566,35.1169948672644,1531.6771416586575,360.0,757.0,0.0,0.00025,498.0,31.71277633330585,14.86582719447593,52.83696128040047,1132.0,521.8837939721792,1897.6833751750137,False,3534.0,2024.0,101600.0,0.0,4,Near-average,17.650000000000006,101600.0,estimated
634,NG-ANA-077,South East,Anambra,Ekwusigo,6914.217115982196,7.29726932484388,0.3589416889083237,27.587398529588125,504.5490446576725,24.818007690894884,1907.4526309870027,328.95000000000005,761.0,0.00075,0.01025,566.0,10.482502470722867,3.928130272864146,21.59930557199894,856.0,312.3495232294274,1775.4645667598509,False,10614.0,2024.0,225800.0,0.0,5,Relatively advantaged,8.780000000000001,225800.0,estimated
635,NG-ADA-036,North East,Adamawa,Yola North,10951.268313579892,4.5950943854235256,0.1675564913542202,21.20844575688848,503.22111540997577,18.34956094502095,2322.593799976906,297.975,769.0,0.003,0.017,517.0,8.852029171203903,4.0958301728808575,15.236578433328337,1035.0,478.7228963940549,1780.8597160677018,False,18583.0,2024.0,307900.0,0.0,2,"Low maternal care, high conflict exposure",27.65000000000001,307900.0,estimated
636,NG-ABI-007,South East,Abia,Isuikwuato,5672.1525800067575,8.734359481817199,0.5358100503928791,30.67303320685139,495.4261966949591,30.39196359729521,1739.8212444087503,344.95000000000005,759.0,0.0005,0.007,608.0,11.060446102459396,3.877685593843147,23.303257357072003,753.0,257.81320397798726,1598.251487421595,False,6431.0,2024.0,168600.0,0.0,5,Relatively advantaged,14.019999999999996,168600.0,estimated
637,NG-OSU-628,South West,Osun,Oriade,5155.349729486024,9.567980117730688,0.7380535908035329,32.781804455202526,493.2628371167054,38.04924379695183,1690.016667301921,354.975,753.0,0.00025,0.00875,682.0,9.289032370396477,3.708116668956341,18.30064934362957,545.0,216.190982581721,1073.4603961562216,False,7440.0,2024.0,192600.0,0.0,4,Near-average,9.049999999999995,192600.0,estimated
638,NG-OYO-644,South West,Oyo,Ido,4351.973721822422,11.329894134392932,0.6879008450244248,37.74803859431029,493.0740154390824,29.937264007657348,1642.784720127769,362.0,755.0250000000001,0.0,0.00425,467.0,24.51047831297672,11.669758600898726,41.90368561085368,1252.0,594.6224237765974,2141.7326827242987,False,5758.0,2024.0,148800.0,0.0,4,Near-average,17.120000000000005,148800.0,estimated
639,NG-EBO-212,South East,Ebonyi,Afikpo North,8213.48960710541,5.996044638773864,0.3809182589569017,20.02281386676912,492.4845032430936,31.286681610992,1644.571735997142,354.975,759.0,0.00075,0.0085,657.0,7.146684848890632,2.9045839568349354,13.27825131933221,619.0,249.55444252163824,1153.085411033597,False,9145.0,2024.0,233300.0,0.0,4,Near-average,,233300.0,estimated
640,NG-DEL-197,South South,Delta,Ndokwa West,6187.223817043095,7.921582272036306,0.4557050861901198,28.785495455611542,490.12602502209256,28.19549362823186,1781.023030683455,344.0,761.0,0.00025,0.00725,509.0,15.214119041886608,6.324813979079212,27.29263091923437,1074.0,444.1838904709345,1925.8986713464733,False,7082.0,2024.0,205600.0,0.0,5,Relatively advantaged,15.61,205600.0,estimated
641,NG-CRO-184,South South,Cross River,Yakurr,7303.58778539331,6.710032161554184,0.3662286291578441,24.92337465774196,490.0730893472354,26.74782942578566,1820.300547210653,335.0,763.0,0.00125,0.009,622.0,9.14169496194908,3.550666943022281,17.952758303707803,718.0,279.0373896608124,1410.8591131372311,False,8083.0,2024.0,298900.0,0.0,4,Near-average,8.439999999999998,298900.0,estimated
642,NG-OSU-601,South West,Osun,Atakumosa East,2644.592696122633,18.373361946702648,1.2736712573357358,55.37767546574351,485.9005880746732,33.68341704411417,1464.513960649548,369.975,754.0,0.0,0.00175,708.0,14.83669139361379,5.922703299447345,29.23028748177175,446.0,177.13518051412788,879.5353015060329,False,4660.0,2024.0,98800.0,0.0,4,Near-average,8.25,98800.0,estimated
643,NG-CRO-181,South South,Cross River,Obudu,6008.5387635604375,8.04074150683259,0.5099402276982011,28.07823992811757,483.1310703157288,30.63995625223477,1687.0919302064483,354.0,761.0,0.00025,0.00775,580.0,12.589315459218009,4.889735046113842,24.723307722388217,814.0,316.1334163111175,1598.4227486929674,False,5990.0,2024.0,245900.0,0.0,4,Near-average,12.159999999999997,245900.0,estimated
644,NG-ABI-016,South East,Abia,Umunneochi,7990.131896510113,6.042070573057501,0.328690069530039,22.47334655090674,482.76940806752094,26.262770086180915,1795.6500309772546,337.0,762.0,0.001,0.01025,568.0,8.831771065564824,3.09633364801139,18.60766122388459,847.0,289.99222815381216,1797.7376753252163,False,8536.0,2024.0,237500.0,0.0,4,Near-average,11.700000000000005,237500.0,estimated
645,NG-DEL-194,South South,Delta,Isoko North,5919.391657647748,8.128045528190945,0.4470266937632774,31.74773075102845,481.1308489255447,26.461260818081985,1879.2725255688467,339.975,763.0,0.00075,0.0085,574.0,12.38304760088208,5.147880883147753,22.2139676241337,836.0,345.8794705872123,1499.6690045280295,False,8963.0,2024.0,196700.0,0.0,5,Relatively advantaged,15.959999999999994,196700.0,estimated
646,NG-OGU-572,South West,Ogun,Ikenne,4931.2734568481765,9.700126954371848,0.4914792939159724,36.326340937309936,478.33978578151306,24.236187966783188,1791.351208485738,341.975,764.0,0.0,0.00975,390.0,24.17362692823843,11.331740772299057,40.27591203589313,1721.0,793.2810772513803,2884.543129195387,False,7856.0,2024.0,202600.0,0.0,5,Relatively advantaged,16.53,202600.0,estimated
647,NG-AKW-062,South South,Akwa Ibom,Oron,2829.281046670415,16.837829700949698,1.146973224176436,53.1390691782749,476.3895243996119,32.45109604200847,1503.453612638012,367.975,760.0,0.0,0.00125,653.0,19.93969716584,8.231979686068962,37.54678560967012,639.0,261.62014160048767,1206.8045309515371,False,3710.0,2024.0,111300.0,0.0,4,Near-average,26.40000000000001,111300.0,estimated
648,NG-DEL-199,South South,Delta,Oshimili North,4890.193921544275,9.601147066674343,0.4499181899088182,33.76177568768595,469.5147102530357,22.00187197484306,1651.016302484631,355.0,765.0,0.0,0.005,601.0,13.724081441357908,5.705375507536338,24.61965023760244,765.0,316.6864889879075,1373.0936701206194,False,8072.0,2024.0,162500.0,0.0,5,Relatively advantaged,14.200000000000005,162500.0,estimated
649,NG-EKI-257,South West,Ekiti,Oye,6386.162634670527,7.335395510448468,0.4549446816998662,25.970452849788504,468.4502871935585,29.053507271137622,1658.5153559479204,362.0,766.0,0.0,0.00625,571.0,11.58220152786316,4.147745458273794,25.11851858254996,842.0,297.53356105658867,1834.0121516889408,False,7952.0,2024.0,206300.0,0.0,4,Near-average,8.310000000000002,206300.0,estimated
650,NG-ANA-079,South East,Anambra,Idemili South,9024.0025867137,5.190300626211948,0.2396844243843605,19.344908542372828,468.3728627675848,21.62912865639454,1745.6850472611236,344.0,763.0,0.0015,0.00725,476.0,11.339936457801498,4.249438320349291,23.366057237114607,1209.0,441.004167149548,2506.766344549021,False,9610.0,2024.0,294700.0,0.0,5,Relatively advantaged,7.069999999999993,294700.0,estimated
651,NG-IMO-308,South East,Imo,Oguta,5858.696983019178,7.956822897815807,0.4130082849856542,28.49370463987456,466.166143058515,24.196903932073774,1669.3598140867264,355.975,764.0,0.0,0.007,699.0,7.781677109714129,2.989594473641896,15.731721645381796,475.0,182.19805742174805,959.8507768673354,False,8893.0,2024.0,197900.0,0.0,5,Relatively advantaged,16.060000000000002,197900.0,estimated
652,NG-OSU-611,South West,Osun,Ife Central,5811.144477006313,7.957802766345173,0.5255976545218306,27.20361580401072,462.4394159475229,30.54323907202008,1580.8414173407853,361.975,758.0,0.00025,0.00425,769.0,1.4584517923012374,1.0,2.8733471659065604,96.0,65.71851268488027,189.9814374082161,False,11364.0,2024.0,217100.0,0.0,4,Near-average,8.459999999999994,217100.0,estimated
653,NG-DEL-187,South South,Delta,Aniocha South,5859.204655536434,7.788552565759748,0.3871124613145906,30.91235576732552,456.3472345318997,22.681711355506167,1811.2181882551224,341.975,765.0,0.0,0.00875,539.0,13.836963077761595,5.752302664471405,24.8221487740897,925.0,382.5600511771988,1658.7091744620957,False,7997.0,2024.0,194700.0,0.0,5,Relatively advantaged,,194700.0,estimated
654,NG-EKI-244,South West,Ekiti,Efon,4042.8155118176,11.240573724635995,0.601946697734012,38.29407287431031,454.4356581568762,24.33559446886444,1548.158718269353,366.975,766.0,0.0,0.00225,627.0,15.43566510787909,5.527723696796409,33.475590967187294,710.0,251.023360578188,1547.3208871742395,False,5124.0,2024.0,130600.0,0.0,4,Near-average,9.849999999999994,130600.0,estimated
655,NG-AKW-061,South South,Akwa Ibom,Onna,3996.073499879508,11.350517406716977,0.7180993241267039,41.64053246736839,453.57501818902944,28.695776794241063,1663.9862831372309,355.975,761.0250000000001,0.0,0.00475,620.0,15.89033522812998,6.560225850715994,29.92176887713784,719.0,294.4713551139946,1358.34100315442,False,6104.0,2024.0,157200.0,0.0,4,Near-average,17.92,157200.0,estimated
656,NG-AKW-058,South South,Akwa Ibom,Nsit Ubium,4123.175074303157,10.999736993080688,0.6105578711959253,38.88609313960712,453.5384139376063,25.174369959346365,1603.3416997025904,362.975,760.0,0.0,0.003,570.0,18.087545402351083,7.46733037541253,34.05915264303568,845.0,345.85012582532147,1595.3416136954618,False,4805.0,2024.0,162200.0,0.0,4,Near-average,17.180000000000007,162200.0,estimated
657,NG-AKW-068,South South,Akwa Ibom,Uyo,9924.090930998473,4.560878737435992,0.1658806467204554,17.26797145988224,452.62575315572326,16.462146217466334,1713.6891896175778,352.0,764.0,0.002,0.01,767.0,1.0,1.0,1.0,112.0,111.47602820083992,112.74020316644018,False,34310.0,2024.0,390400.0,0.0,5,Relatively advantaged,11.129999999999995,390400.0,estimated
658,NG-RIV-703,South South,Rivers,Tai,4665.123044001605,9.6706208132967,0.4488758157422172,36.58644509885199,451.146360059122,20.94060911914036,1706.80268128754,353.0,766.0,0.0,0.0065,488.0,20.824142709630426,9.23771132504967,36.677074101964,1173.0,514.0448965002861,2073.708216493764,False,7903.0,2024.0,173000.0,0.0,4,Near-average,9.700000000000005,173000.0,estimated
659,NG-EDO-227,South South,Edo,Esan North-East,5556.930561661329,8.11369143087112,0.398611511780187,29.256625346285,450.87219880097393,22.150564920413466,1625.770355178466,356.975,764.0,0.00025,0.0045,557.0,12.843634768575184,4.887587916813599,25.482720471947275,890.0,330.03775447746165,1780.4006883548373,False,4774.0,2024.0,180200.0,0.0,5,Relatively advantaged,,180200.0,estimated
660,NG-OND-585,South West,Ondo,Akoko South East,3518.214547711754,12.754863089458388,0.7977787534235382,43.28540537516043,448.743448754042,28.067568161500404,1522.8734289448996,367.0,764.0,0.0,0.0045,463.0,30.41689785336564,12.52530200610368,57.11798507645587,1264.0,515.2973673920709,2378.306906119387,False,3858.0,2024.0,126600.0,0.0,4,Near-average,12.409999999999997,126600.0,estimated
661,NG-RIV-697,South South,Rivers,Ogu/Bolo,2920.4209576033168,15.330986812306346,0.8274737564933994,51.82530136828417,447.72935187399503,24.16571700330067,1513.5169625004494,362.9500000000001,763.0,0.0,0.001,572.0,23.752084408315728,10.536563362618637,41.83398913785875,837.0,367.0438924338047,1480.6915519166332,False,5174.0,2024.0,108300.0,0.0,4,Near-average,11.329999999999998,108300.0,estimated
662,NG-CRO-179,South South,Cross River,Obanliku,4080.626163133766,10.7278811376502,0.6117942917467026,37.631523344156605,437.76472445284674,24.96503793357488,1535.6017871674453,361.975,767.0250000000001,0.0,0.00475,666.0,13.19878492122924,5.126455159894958,25.92020370180138,580.0,225.09206365936083,1138.1026381256838,False,5620.0,2024.0,167000.0,0.0,3,Geographically isolated,12.510000000000003,167000.0,estimated
663,NG-DEL-193,South South,Delta,Ika South,6891.411741745472,6.330224713759187,0.3201695679250782,24.791946820947857,436.2418492028737,22.06420319748458,1708.5151342260938,353.975,765.0250000000001,0.001,0.00725,531.0,12.178355566870056,5.062786305238832,21.84677027797012,957.0,396.0199051751257,1717.0685960603023,False,9099.0,2024.0,229000.0,0.0,5,Relatively advantaged,7.109999999999999,229000.0,estimated
664,NG-IMO-297,South East,Imo,Ideato South,6569.200912238281,6.621582217139775,0.359201959476598,23.625782894843216,434.9850394129543,23.59669839871446,1552.0251454514762,361.975,760.0,0.00025,0.0065,639.0,9.848259488230193,3.783541995625922,19.9095997914027,674.0,258.54820504190275,1362.0765170545835,False,6920.0,2024.0,221900.0,0.0,5,Relatively advantaged,11.650000000000006,221900.0,estimated
665,NG-OSU-627,South West,Osun,Olorunda,4574.502953110911,9.505075087939602,0.6607055251605912,34.15668766926891,434.8099405932073,30.2239937598382,1562.4986861155771,358.975,761.0,0.0,0.004,631.0,13.375940888219878,5.339581927677772,26.35241154036165,696.0,276.2340557120515,1371.594297483756,False,5392.0,2024.0,170900.0,0.0,4,Near-average,9.349999999999994,170900.0,estimated
666,NG-IMO-310,South East,Imo,Okigwe,5461.998955871847,7.935714533010922,0.4658641730796894,27.526588593959787,433.44864493402514,25.44549626939365,1503.5019815892226,366.0,760.0,0.00025,0.0045,686.0,9.438713765979925,3.62620115371221,19.0816472546089,537.0,206.0316441477776,1085.4102205751242,False,7311.0,2024.0,184500.0,0.0,5,Relatively advantaged,12.760000000000003,184500.0,estimated
667,NG-ABI-005,South East,Abia,Isiala-Ngwa North,7549.413042428922,5.740497445372173,0.3031409608470824,22.24169910111808,433.3738628412277,22.885363235134,1679.1177327976045,361.975,762.0,0.0005,0.008,534.0,10.407195509697422,3.648662244399824,21.92692347860329,943.0,322.8728356383541,2001.5731616720743,False,7048.0,2024.0,224400.0,0.0,5,Relatively advantaged,10.25,224400.0,estimated
668,NG-AKW-039,South South,Akwa Ibom,Eastern Obolo,1944.6540886818216,21.962357752725847,1.5800712865724995,66.1813578458805,427.0918880093112,30.726920878419573,1286.9984812950622,391.975,757.0,0.0,0.0,702.0,21.32838812275726,8.805292091593103,40.161714071411545,470.0,192.3432385899821,887.2432008035054,False,2889.0,2024.0,76500.0,0.0,4,Near-average,20.290000000000006,76500.0,estimated
669,NG-LAG-509,South West,Lagos,Apapa,7387.07506151976,5.770253717102921,0.266471105225323,21.87947908877836,426.2529733225277,19.68442056025592,1616.2535433575767,369.0,766.0,0.001,0.0065,528.0,10.45473950443422,4.495016836455076,19.607124690987224,979.0,411.0799437430715,1851.9387804672488,False,12029.0,2024.0,330100.0,0.0,5,Relatively advantaged,7.319999999999993,330100.0,estimated
670,NG-CRO-172,South South,Cross River,Bekwarra,3926.686373746085,10.759417971643796,0.6404411302630387,36.8403587279078,422.4885993869237,25.14811459390416,1446.605346207932,382.0,766.0250000000001,0.0,0.003,654.0,15.063432032031166,5.850690751246916,29.582058428005983,637.0,247.20062742590548,1249.8871868068522,False,4488.0,2024.0,160700.0,0.0,4,Near-average,12.920000000000002,160700.0,estimated
671,NG-OSU-624,South West,Osun,Obokun,4060.57400811542,10.40304188390641,0.7398517216731653,33.98609113214312,422.42321479126247,30.04222670885499,1380.0303828862232,385.0,758.0,0.0,0.004,629.0,15.149994439169587,6.047771681097377,29.847536829861085,700.0,277.72109600965933,1378.9779489566708,False,4503.0,2024.0,151700.0,0.0,4,Near-average,11.400000000000006,151700.0,estimated
672,NG-ABI-006,South East,Abia,Isiala-Ngwa South,6694.889462760052,6.302136572659651,0.2884975272495604,22.72145180864672,421.9210773317388,19.314590552154133,1521.1760829231926,370.0,764.0,0.0,0.00675,613.0,9.19598209297182,3.2240225170689305,19.37501755158837,739.0,253.0032705850444,1568.4334521888993,False,8192.0,2024.0,199000.0,0.0,5,Relatively advantaged,11.47,199000.0,estimated
673,NG-RIV-691,South South,Rivers,Etche,9694.287481610272,4.330619029818032,0.1662776142305056,16.880273465839252,419.82265848387976,16.119429941068127,1636.4222374604349,358.0,766.0250000000001,0.0015,0.0085,404.0,14.149637283642416,6.27686173702602,24.921424252824657,1656.0,725.8251610888783,2928.050858077294,False,14124.0,2024.0,359500.0,0.0,5,Relatively advantaged,15.019999999999996,359500.0,estimated
674,NG-AKW-066,South South,Akwa Ibom,Uruan,3800.33707526709,10.926696423391304,0.6808974815756199,36.292402408523486,415.25129528002185,25.876399436878184,1379.2336242362444,387.975,762.0,0.0,0.003,588.0,18.53578304374337,7.652382491690113,34.90319167149059,798.0,326.6702493643845,1506.8684492267437,False,4540.0,2024.0,149500.0,0.0,4,Near-average,17.510000000000005,149500.0,estimated
675,NG-EDO-229,South South,Edo,Esan West,5819.049927777429,7.1355006502131335,0.3866794241694146,26.85666421771809,415.21834543278607,22.501068752860498,1562.802699764551,373.0,766.0,0.00025,0.00525,556.0,12.26032356826274,4.665611441636595,24.325387946260147,890.0,329.90942434636645,1779.7084067881406,False,5165.0,2024.0,188700.0,0.0,5,Relatively advantaged,5.030000000000001,188700.0,estimated
676,NG-OSU-620,South West,Osun,Irepodun,4154.2589720468895,9.854778860619678,0.6360750182268478,32.60640877979663,409.3930349926732,26.42420351363771,1354.554662196986,393.0,762.0,0.0,0.0015,661.0,12.601663297929116,5.030495736084062,24.82698003043389,595.0,236.3362851496797,1173.4885481958818,False,5780.0,2024.0,155200.0,0.0,4,Near-average,10.75,155200.0,estimated
677,NG-EBO-211,South East,Ebonyi,Abakaliki,7850.870906063035,5.212855063359953,0.3368729653302011,20.273800792719847,409.254521544561,26.447461625500576,1591.6699279888194,361.975,766.0,0.00075,0.007,676.0,6.742240501609611,2.7402080836316585,12.526810084489696,558.0,225.037574706305,1039.8033459401308,False,9746.0,2024.0,223000.0,0.0,4,Near-average,6.109999999999999,223000.0,estimated
678,NG-ENU-262,South East,Enugu,Enugu South,9018.885610114923,4.494556702950328,0.1892080960440745,17.338222635129767,405.3589277208428,17.06446174729146,1563.714466289407,360.0,767.0,0.00025,0.0065,521.0,10.417472201770185,3.9173997770139297,20.72343089446629,1019.0,383.1510317780874,2026.906719040337,False,10474.0,2024.0,284200.0,0.0,5,Relatively advantaged,3.200000000000003,284200.0,estimated
679,NG-IMO-296,South East,Imo,Ideato North,6427.10012639446,6.238884125113556,0.3878070685748574,21.66224541745945,400.9793294907771,24.92474859454132,1392.2542026054143,382.0,760.0,0.0,0.00475,638.0,10.11744938750978,3.886960400668951,20.45380388847689,677.0,259.86967641143667,1369.0382560467772,False,6663.0,2024.0,217100.0,0.0,5,Relatively advantaged,11.650000000000006,217100.0,estimated
680,NG-DEL-200,South South,Delta,Oshimili South,6187.223817043095,6.460932186965068,0.3539549423074037,24.75231461949461,399.75233507490594,21.899984492044823,1531.4811054068102,377.975,766.0,0.0005,0.00475,614.0,10.464059782019362,4.350119215251629,18.77149250385016,738.0,305.503511001938,1324.6063591061625,False,10238.0,2024.0,205600.0,0.0,5,Relatively advantaged,8.519999999999996,205600.0,estimated
681,NG-EBO-214,South East,Ebonyi,Ebonyi,6671.479985197064,5.961641218065827,0.3604536564034852,22.60358566893675,397.7297006525192,24.047593542869507,1507.9936938399871,371.0,768.0,0.0005,0.00425,720.0,5.889609905927326,2.393678580555864,10.942656932167786,414.0,167.04815385225842,771.8587864066307,False,11013.0,2024.0,189500.0,0.0,4,Near-average,6.790000000000006,189500.0,estimated
682,NG-OYO-640,South West,Oyo,Ibadan South West,11833.390912966075,3.359157058194328,0.0627812060244123,16.21678570951485,397.5021860766276,7.429145528743317,1918.9956465249115,338.0,772.0,0.0025,0.00975,439.0,9.983046097884204,4.75305853179836,17.067248536839955,1386.0,658.5299327949378,2371.9170741348416,False,11672.0,2024.0,404600.0,0.0,5,Relatively advantaged,14.489999999999997,404600.0,estimated
683,NG-AKW-067,South South,Akwa Ibom,Urue-Offong/Oruko,2295.454434091092,17.073552099350508,1.2067829808398396,54.456078981324566,391.9156087213961,27.701153443544754,1250.014479608962,396.975,761.0,0.0,0.0,695.0,18.593292778865404,7.676125027363463,35.01148347136781,484.0,197.9253912663567,912.992621704742,False,4506.0,2024.0,90300.0,0.0,4,Near-average,,90300.0,estimated
684,NG-RIV-701,South South,Rivers,Oyigbo,4861.975056840979,8.03579692809465,0.3495987320015448,29.891572075431203,390.698442262354,16.99740314894745,1453.3207784051085,374.975,767.0,0.0,0.00625,460.0,21.65778532592888,9.607520058355307,38.14534928807255,1271.0,557.1826552358751,2247.730223793406,False,7126.0,2024.0,180300.0,0.0,5,Relatively advantaged,10.099999999999994,180300.0,estimated
685,NG-IMO-302,South East,Imo,Mbaitoli,9772.389459801068,3.996762061758533,0.1883792294524565,15.534380284174388,390.5791544566202,18.40915196346633,1518.0801415360731,376.9500000000001,762.0,0.00175,0.00675,712.0,4.242406021520624,1.629863770760991,8.576602407974478,432.0,165.68473463668238,872.8557455909241,False,12272.0,2024.0,330100.0,0.0,5,Relatively advantaged,9.64,330100.0,estimated
686,NG-EDO-225,South South,Edo,Egor,15502.04768783102,2.499717837720908,0.0984658788147719,10.529192160431643,387.50745126471287,15.264227490107851,1632.2403898534783,365.0,769.0,0.0005,0.00525,513.0,5.4261839042440245,2.0649100790129093,10.765949838401506,1049.0,388.97732362508174,2098.3523410313687,False,9746.0,2024.0,502700.0,0.0,5,Relatively advantaged,7.25,502700.0,estimated
687,NG-AKW-053,South South,Akwa Ibom,Itu,4148.595389187886,9.276332867079269,0.4744353174960677,32.91034117528046,384.83751760937065,19.68240170632077,1365.3168965636876,387.975,764.0250000000001,0.0,0.003,636.0,14.432294296506734,5.958282740409285,27.1762532449562,678.0,277.6597859387884,1280.7923949741455,False,6966.0,2024.0,163200.0,0.0,5,Relatively advantaged,14.120000000000005,163200.0,estimated
688,NG-OSU-604,South West,Osun,Ayedire,2652.622835888188,14.47714363309306,0.9802405334841952,46.13249730938452,384.0240179957604,26.00208423783396,1223.7211583942376,411.0,761.0250000000001,0.0,0.00025,677.0,18.466616488301664,7.371743976016818,36.38173056568565,557.0,221.1422890624554,1098.045285649894,False,2841.0,2024.0,99100.0,0.0,4,Near-average,14.78,99100.0,estimated
689,NG-EBO-221,South East,Ebonyi,Ohaozara,7776.9389378893475,4.936857242162238,0.2763897899643437,19.41297946573261,383.93637317372577,21.49466519608763,1509.7355590750233,371.0,768.0,0.0005,0.00625,673.0,6.894327727043073,2.802019976050861,12.809381996427147,565.0,227.94683970399296,1053.2458276357784,False,9520.0,2024.0,220900.0,0.0,4,Near-average,7.700000000000003,220900.0,estimated
690,NG-CRO-168,South South,Cross River,Abi,5370.788207525759,7.09603749162714,0.2907523788437333,27.563362844532577,381.1131448019167,15.61569447603985,1480.3698412516924,373.975,770.0,0.0,0.0045,616.0,12.64861519065694,4.912767273400653,24.83976246633112,731.0,283.9098289480316,1435.494970646998,False,5954.0,2024.0,219800.0,0.0,4,Near-average,7.269999999999996,219800.0,estimated
691,NG-LAG-518,South West,Lagos,Lagos Island,7046.924982952355,5.399988785108912,0.1724784644413271,23.275242963903622,380.5331587744644,12.154428000928478,1640.1889112661847,356.0,771.0250000000001,0.0005,0.0065,527.0,10.986267921620833,4.723547560084753,20.60396865330314,981.0,412.0884046148223,1856.481954673156,False,10281.0,2024.0,314900.0,0.0,5,Relatively advantaged,8.310000000000002,314900.0,estimated
692,NG-EBO-216,South East,Ebonyi,Ezza South,7005.934126935175,5.339416643739696,0.2744074854140181,21.45039857587228,374.0760128230161,19.22480766748536,1502.8007941906524,373.975,769.0250000000001,0.0005,0.00375,648.0,8.741581858967203,3.552788315390289,16.24150544009221,646.0,260.36885947613,1203.0542526741444,False,6775.0,2024.0,199000.0,0.0,4,Near-average,6.510000000000005,199000.0,estimated
693,NG-IMO-300,South East,Imo,Isiala Mbano,8144.151288673957,4.57782629550726,0.2435465583665704,17.934747276953033,372.82509923881,19.83480017173212,1460.632951476388,380.0,764.0,0.001,0.006,734.0,3.316476562520013,1.2741366499125977,6.704709716092834,281.0,107.9424483634316,568.6594269156838,False,13156.0,2024.0,275100.0,0.0,5,Relatively advantaged,10.680000000000009,275100.0,estimated
694,NG-RIV-702,South South,Rivers,Port-Harcourt,20887.88618429852,1.7745309512722005,0.0332395346968003,8.225401326064022,370.6620054068884,6.943036175658078,1718.112467190034,360.9500000000001,772.0,0.003,0.0095,736.0,1.0,1.0,1.0,252.0,249.15410909271657,253.1537442671836,False,32991.0,2024.0,774600.0,0.0,5,Relatively advantaged,9.870000000000005,774600.0,estimated
695,NG-AKW-065,South South,Akwa Ibom,Ukanafun,4069.792413045224,9.092619473912755,0.3606196067201059,35.85544728752089,370.0507374963729,14.676469394248391,1459.2422733709543,377.0,768.0,0.0,0.005,548.0,19.63523386225278,8.106283908974756,36.97347608090829,905.0,370.5824634984354,1709.427237922804,False,3890.0,2024.0,160100.0,0.0,4,Near-average,11.829999999999998,160100.0,estimated
696,NG-AKW-064,South South,Akwa Ibom,Udung Uko,1720.9553176962006,21.27109076452327,1.449047087538,66.00587424173847,366.0659676440486,24.93745290890713,1135.931602755065,410.0,764.0,0.0,0.0,718.0,21.43156735341737,8.847888993830582,40.35600230060306,418.0,171.04093265131334,788.9796681518077,False,2828.0,2024.0,67700.0,0.0,4,Near-average,30.07,67700.0,estimated
697,NG-IMO-317,South East,Imo,Owerri North,7256.021377150079,5.031071337037162,0.2435824146466221,19.11553037820488,365.0556117150866,17.674392077737252,1387.026970598163,383.9500000000001,764.0,0.0,0.0045,680.0,7.224443543890232,2.775514351140375,14.605197989181534,546.0,209.49441745813715,1103.6527073452792,False,9425.0,2024.0,245100.0,0.0,5,Relatively advantaged,8.239999999999995,245100.0,estimated
698,NG-RIV-689,South South,Rivers,Eleme,7375.208974187508,4.9460519106059175,0.1901707338412129,20.5651891382566,364.78166437897937,14.025489028535375,1516.725674883335,380.0,769.0,0.0005,0.00575,421.0,17.067922890247043,7.571430275753609,30.06133224023167,1520.0,666.0791204770397,2687.029390568822,False,11404.0,2024.0,273500.0,0.0,5,Relatively advantaged,9.079999999999998,273500.0,estimated
699,NG-ANA-082,South East,Anambra,Nnewi North,6782.546905181825,5.309767889563539,0.2521892147377526,20.84903508057792,360.13749766593185,17.10485177939779,1414.09558361801,387.0,769.0,0.00025,0.0075,529.0,12.060727578413417,4.519541898115687,24.85125485201264,966.0,352.5325113964764,2003.873660967825,False,8766.0,2024.0,221500.0,0.0,5,Relatively advantaged,8.349999999999994,221500.0,estimated
700,NG-IMO-295,South East,Imo,Ezinihitte-Mbaise,6945.175908116722,5.167120198024026,0.2378492313052414,18.809925230153084,358.8655871365996,16.51904751025244,1306.3823954193608,383.0,767.0,0.0005,0.00375,624.0,9.853496645803723,3.78555402685244,19.920187419750448,713.0,273.49105247862394,1440.7980134509266,False,6915.0,2024.0,234600.0,0.0,5,Relatively advantaged,,234600.0,estimated
701,NG-EBO-215,South East,Ebonyi,Ezza North,7664.2807006723,4.678877076864653,0.2616793005936817,17.564225805616,358.6022728103184,20.05583613305581,1346.1715686423308,393.0,770.0,0.0,0.00225,621.0,8.901071559974861,3.617608751245825,16.53783085216821,719.0,290.0324939777454,1340.1173473496867,False,6538.0,2024.0,217700.0,0.0,4,Near-average,7.079999999999998,217700.0,estimated
702,NG-ABI-015,South East,Abia,Umuahia South,6812.638774919148,5.257042409375323,0.2143836830355946,20.20249153113398,358.14330959504747,14.605185917582684,1376.3227715497903,384.0,769.0,0.00025,0.00775,577.0,10.01545690463757,3.511322472448399,21.10156928892189,819.0,280.3953041779375,1738.2438333402138,False,7418.0,2024.0,202500.0,0.0,5,Relatively advantaged,9.170000000000002,202500.0,estimated
703,NG-OSU-625,South West,Osun,Odo Otin,4590.56323264202,7.765044510867608,0.4454079722066754,26.836329225158096,356.4592783141747,20.44673460737603,1231.9386624008728,409.975,764.0,0.0,0.00375,709.0,8.544688192101486,3.410979685800534,16.834190701353652,446.0,177.08067142119484,879.2646456637065,False,7813.0,2024.0,171500.0,0.0,4,Near-average,14.489999999999997,171500.0,estimated
704,NG-DEL-206,South South,Delta,Ukwuani,4908.25002217767,7.25170950705457,0.3261682764055407,28.77832148448007,355.93203348826546,16.009154499011476,1412.5119706443545,383.975,770.0250000000001,0.0,0.006,551.0,16.04041262036161,6.668320767843896,28.77492020632116,898.0,371.50304699311147,1610.7680624045895,False,6533.0,2024.0,163100.0,0.0,5,Relatively advantaged,11.480000000000004,163100.0,estimated
705,NG-AKW-041,South South,Akwa Ibom,Esit Eket,2056.5034741746326,17.1721777805915,1.205281618689196,56.15232897890406,353.14643264930834,24.78665836193157,1154.774596281131,412.0,765.0,0.0,0.0,707.0,19.442407103314206,8.026676583481757,36.6103800460258,453.0,185.41975719531712,855.3064826826217,False,4004.0,2024.0,80900.0,0.0,4,Near-average,22.370000000000005,80900.0,estimated
706,NG-OYO-638,South West,Oyo,Ibadan North West,6437.294463528999,5.434180626348543,0.1529140209395091,22.43942951166849,349.81420859809987,9.843525803898595,1444.492153602128,376.9500000000001,771.0,0.00075,0.00625,472.0,16.423852196628303,7.819610371700486,28.07860092237665,1241.0,589.3613284579608,2122.7830781680377,False,9050.0,2024.0,220100.0,0.0,5,Relatively advantaged,14.75,220100.0,estimated
707,NG-IMO-292,South East,Imo,Aboh-Mbaise,8013.892234983789,4.361744227141292,0.2364236331024206,16.17610125229338,349.5454819287305,18.94673517486145,1296.3353221806542,400.9500000000001,765.0,0.001,0.0045,590.0,9.52879287624469,3.6608080908083216,19.26375446219015,795.0,305.1763570111278,1607.7216601745697,False,7225.0,2024.0,270700.0,0.0,5,Relatively advantaged,8.530000000000001,270700.0,estimated
708,NG-DEL-207,South South,Delta,Uvwie,7785.188723098486,4.488477990848134,0.2153759706627522,17.84896341086499,349.4364823822661,16.76742578030049,1389.575486652636,386.0,769.0,0.00025,0.004,506.0,12.191901363238498,5.068417564071042,21.8710701023486,1083.0,447.87905417695833,1941.9202133800973,False,9090.0,2024.0,258700.0,0.0,5,Relatively advantaged,10.989999999999997,258700.0,estimated
709,NG-IMO-294,South East,Imo,Ehime-Mbano,5373.185964719459,6.46872637703155,0.3110572818836595,23.2154141028161,347.576697786766,16.713686212410636,1247.4073722240169,402.9500000000001,765.0,0.0,0.00375,692.0,8.879385337126616,3.411316218720082,17.950888547069535,497.0,190.67083762550504,1004.4868436612704,False,7845.0,2024.0,181500.0,0.0,5,Relatively advantaged,11.019999999999996,181500.0,estimated
710,NG-ENU-269,South East,Enugu,Nkanu West,6711.802626809663,5.123059961864058,0.2148813004462006,20.13672592703704,343.8496730934258,14.422408767870856,1351.537299724334,392.975,770.0,0.0005,0.00575,550.0,12.346232972592476,4.642693482357205,24.56030607607717,899.0,337.9312969321137,1787.6898651350295,False,8314.0,2024.0,211500.0,0.0,4,Near-average,3.700000000000003,211500.0,estimated
711,NG-IMO-301,South East,Imo,Isu,6761.629059735121,5.050435890144259,0.1940780496433799,19.48397640263656,341.49174079128727,13.122837803253931,1317.4342104326067,398.9500000000001,767.0,0.00025,0.0035,617.0,10.36883295103936,3.983537899541818,20.96201004916874,730.0,280.1887663104109,1476.0827245814878,False,6423.0,2024.0,228400.0,0.0,5,Relatively advantaged,10.47,228400.0,estimated
712,NG-OYO-653,South West,Oyo,Ogo Oluwa,2725.833003184474,12.429745817940434,0.8908463578884591,40.5406154340563,338.81411371736345,24.28298403099049,1105.0694751956055,417.975,766.0,0.0,0.00025,532.0,29.8458829073597,14.210014358437787,51.02521779292299,955.0,453.5100423580535,1633.4689726179008,False,3586.0,2024.0,93200.0,0.0,4,Near-average,18.91,93200.0,estimated
713,NG-CRO-171,South South,Cross River,Bakassi,1177.7615632517816,28.55116728697384,2.050005644879431,80.27009570300862,336.2646741656935,24.14417852988175,945.3903339754556,430.975,771.0,0.0,0.0,742.0,17.70227008106357,6.875624865510019,34.76429453346513,224.0,87.13362061622378,440.56197220191393,False,2886.0,2024.0,48200.0,0.0,3,Geographically isolated,24.78,48200.0,estimated
714,NG-AKW-046,South South,Akwa Ibom,Ibesikpo Asutan,4448.555104827697,7.537981556528618,0.3283761715645346,29.92217701805213,335.33126333392227,14.60799494317186,1331.1045332121382,391.975,769.0,0.0,0.004,538.0,18.44613551546492,7.615372068434596,34.7343838657996,930.0,380.5405113612345,1755.3618406897788,False,4593.0,2024.0,175000.0,0.0,4,Near-average,14.39,175000.0,estimated
715,NG-ENU-271,South East,Enugu,Oji River,5864.49704697128,5.713930095554486,0.2829935670394548,20.7215567376414,335.0932617197963,16.596149382147512,1215.215082965458,406.9500000000001,769.0,0.0,0.00375,599.0,12.15782161951678,4.571843032437099,24.18550021342908,773.0,290.7644517696224,1538.1726057605072,False,8525.0,2024.0,184800.0,0.0,4,Near-average,7.859999999999999,184800.0,estimated
716,NG-AKW-057,South South,Akwa Ibom,Nsit Ibom,3505.4614226042254,9.35130399498924,0.3993136207394938,36.056079157490586,327.80635405479467,13.9977849302271,1263.931945369475,406.0,769.0,0.0,0.001,670.0,14.31896628906038,5.91149597893533,26.96285469813929,569.0,232.7734195814181,1073.740025203835,False,7033.0,2024.0,137900.0,0.0,4,Near-average,13.879999999999995,137900.0,estimated
717,NG-AKW-049,South South,Akwa Ibom,Ikono,4270.612900634589,7.622119162144195,0.365323311581305,30.94069023405764,325.51120424027243,15.60154447341671,1321.3571086810518,396.0,767.0,0.0,0.00175,645.0,13.53751047651985,5.588876817726861,25.49136024098394,655.0,268.1053876447448,1236.7197517853233,False,7495.0,2024.0,168000.0,0.0,4,Near-average,12.069999999999991,168000.0,estimated
718,NG-IMO-293,South East,Imo,Ahiazu-Mbaise,7028.068033192285,4.594853281610117,0.2129273305079917,17.349518663900078,322.92941465692815,14.964677649361848,1219.3359751302908,400.0,766.0250000000001,0.0005,0.0025,607.0,10.300749902583432,3.957381493597083,20.82437088064803,754.0,289.31723048753446,1524.1730475849631,False,6488.0,2024.0,237400.0,0.0,5,Relatively advantaged,,237400.0,estimated
719,NG-RIV-693,South South,Rivers,Ikwerre,7326.6701217065665,4.39801274149069,0.1638378243734314,16.38731846928976,322.22788547964683,12.00385692642228,1200.6447660383546,410.0,770.0,0.0,0.0055,410.0,18.27386150121161,8.106391686610156,32.185323629145444,1616.0,708.4476837834654,2857.9483870372983,False,10280.0,2024.0,271700.0,0.0,4,Near-average,16.180000000000007,271700.0,estimated
720,NG-AKW-052,South South,Akwa Ibom,Ini,3213.127801429834,9.9656225119081,0.6153588791139727,33.937328578797384,320.20818751566986,19.772267223378066,1090.4497396279312,422.975,767.0,0.0,0.00025,637.0,18.616973258033298,7.685901365581903,35.05607421249374,678.0,277.40456445156235,1279.6151062329336,False,4492.0,2024.0,126400.0,0.0,4,Near-average,16.409999999999997,126400.0,estimated
721,NG-ABI-013,South East,Abia,Ukwa West,4279.346430467732,7.475309918334296,0.3844948833288219,26.642743761478883,319.8944081566388,16.453868065063013,1140.135304135511,417.9500000000001,770.0,0.0,0.00275,635.0,13.231948478074957,4.6389933567414525,27.87839639230591,680.0,232.6943586365431,1442.5331948367666,False,4380.0,2024.0,127200.0,0.0,5,Relatively advantaged,9.900000000000006,127200.0,estimated
722,NG-EDO-233,South South,Edo,Igueben,3200.940023864849,9.957021788257451,0.5404024832914999,34.03829808484797,318.71829560527766,17.297959377637174,1089.545506840321,423.975,770.0,0.0,0.001,644.0,16.435996329578696,6.2546450836326,32.61023126952938,656.0,243.28440959969663,1312.4066093683218,False,2366.0,2024.0,103800.0,0.0,4,Near-average,6.790000000000006,103800.0,estimated
723,NG-ANA-081,South East,Anambra,Njikoka,6476.337112622827,4.9059572868056245,0.2024536312171724,19.06213755193321,317.7263324948164,13.111579654370292,1234.5282887350627,411.0,770.0,0.0,0.00325,530.0,12.611569133857357,4.725959916669392,25.986269616952487,965.0,351.9908977004311,2000.7950075533483,False,8121.0,2024.0,211500.0,0.0,5,Relatively advantaged,5.400000000000006,211500.0,estimated
724,NG-EDO-226,South South,Edo,Esan Central,4795.242521300425,6.6142061543394375,0.2949689424384514,25.867266866432068,317.16722595935585,14.1444761524388,1240.3981798774066,404.975,771.0,0.0,0.00225,559.0,14.657717683101875,5.577929077466384,29.081995027536905,877.0,325.0256502495548,1753.362709528445,False,3558.0,2024.0,155500.0,0.0,5,Relatively advantaged,14.420000000000002,155500.0,estimated
725,NG-ENU-261,South East,Enugu,Enugu North,11027.666254450864,2.871564971059019,0.0846849472943884,12.4143133143878,316.6666012881073,9.338773355382774,1369.0090400925435,395.9500000000001,772.0,0.00175,0.0085,602.0,6.351001576619844,2.388238881581856,12.634019053236663,760.0,285.6147322980051,1510.93008223198,False,15028.0,2024.0,347500.0,0.0,5,Relatively advantaged,3.469999999999999,347500.0,estimated
726,NG-AKW-042,South South,Akwa Ibom,Essien Udim,6268.649650574344,5.051172249442576,0.2091761212985372,20.280865331148448,316.64029156459105,13.112518196865722,1271.336393714491,403.975,768.0,0.0,0.004,612.0,10.42521892873938,4.303986651874954,19.63086283586305,740.0,303.06494837984883,1397.981633370974,False,9335.0,2024.0,246600.0,0.0,4,Near-average,8.780000000000001,246600.0,estimated
727,NG-AKW-038,South South,Akwa Ibom,Abak,4512.105892039522,6.986349204260415,0.2934768235922968,25.26482406252684,315.23147408389167,13.241985049078458,1139.9756151386923,424.0,768.0,0.0,0.00225,578.0,15.979982756408434,6.59723627397151,30.090576682828807,817.0,334.37370517016143,1542.403042677858,False,6051.0,2024.0,177500.0,0.0,4,Near-average,9.060000000000002,177500.0,estimated
728,NG-IMO-315,South East,Imo,Oru West,4760.376325767984,6.579273108071761,0.2641543663797622,25.80001930774518,313.1981594442685,12.574741920624623,1228.1780111694704,410.0,769.0250000000001,0.0,0.0015,698.0,9.617824554994746,3.695012621659128,19.44374414410184,477.0,182.9732645337608,963.934701576676,False,7140.0,2024.0,160800.0,0.0,5,Relatively advantaged,13.209999999999994,160800.0,estimated
729,NG-ABI-012,South East,Abia,Ukwa East,2849.533354250133,10.986636369244524,0.6332496938411615,38.694192488087296,313.0678678517975,18.044661241690747,1102.6039211057969,420.0,770.0,0.0,0.001,700.0,13.814262620731494,4.84314707180438,29.105274241832305,473.0,161.7655580994926,1002.8270075266332,False,3830.0,2024.0,84700.0,0.0,4,Near-average,11.61,84700.0,estimated
730,NG-ENU-266,South East,Enugu,Igbo-Eze South,6711.802626809663,4.615337220260019,0.1534914883526489,18.32740127272764,309.7723247855371,10.302045747182342,1230.0990000488814,410.0,772.0,0.0005,0.00375,545.0,12.561432669707372,4.723617455962637,24.988401871803205,914.0,343.82157236324105,1818.85000267386,False,8073.0,2024.0,211500.0,0.0,4,Near-average,15.680000000000009,211500.0,estimated
731,NG-EBO-219,South East,Ebonyi,Ivo,6365.190402763215,4.775987312181725,0.2325809584649243,18.184556092848894,304.0006860321807,14.804220846864068,1157.4816192071112,417.975,772.0,0.0,0.004,672.0,8.468363215046914,3.441745712194731,15.73387625316033,568.0,229.1626515352119,1058.8635793014057,False,7181.0,2024.0,180800.0,0.0,4,Near-average,10.439999999999998,180800.0,estimated
732,NG-ABI-011,South East,Abia,Ugwunagbo,4181.782714678766,7.249224916455245,0.3887849675187916,26.907879425075432,303.1468345045128,16.258142568970282,1125.2290506844083,414.0,770.0,0.0,0.00225,634.0,13.710504828039966,4.806770591665895,28.88666691591669,688.0,235.6131452015284,1460.6275162174209,False,3928.0,2024.0,124300.0,0.0,5,Relatively advantaged,8.599999999999994,124300.0,estimated
733,NG-OYO-652,South West,Oyo,Ogbomosho South,4196.9639051177255,7.196418696365808,0.2842138046331123,29.3846710652502,302.031095147616,11.928350793813532,1233.264038246123,404.925,772.0,0.0,0.003,438.0,28.27129987559197,13.460334827782845,48.33327390309498,1392.0,661.4305398621123,2382.3645862149488,False,4227.0,2024.0,143500.0,0.0,4,Near-average,22.69,143500.0,estimated
734,NG-DEL-203,South South,Delta,Udu,5877.260756169829,5.105238174571504,0.2410975389118673,18.717784644912147,300.0481597430924,14.169931038558463,1100.0930113598038,423.975,771.0,0.0,0.00225,510.0,15.93656151487022,6.625147783463636,28.58862155275288,1068.0,441.96690491655386,1916.286234639124,False,6602.0,2024.0,195300.0,0.0,5,Relatively advantaged,13.430000000000009,195300.0,estimated
735,NG-OSU-617,South West,Osun,Ila,2157.43088367899,13.685628793183335,0.916067573061292,44.82408022475377,295.2579822098002,19.763524736592903,967.0485500938848,431.9500000000001,767.0,0.0,0.0,722.0,16.231588392616995,6.4795364126535375,31.978423114347795,398.0,158.09090268183857,784.9741048167549,False,3961.0,2024.0,80600.0,0.0,4,Near-average,13.260000000000003,80600.0,estimated
736,NG-AKW-056,South South,Akwa Ibom,Nsit Atai,2381.8835046991726,12.212416736528429,0.7930973699252037,43.75143783694024,290.88553977249103,18.890655430451407,1042.108280906792,429.975,770.0,0.0,0.0,691.0,18.510411101777773,7.64190784359893,34.8554158774271,500.0,204.462237426511,943.1458641728008,False,4555.0,2024.0,93700.0,0.0,4,Near-average,19.230000000000004,93700.0,estimated
737,NG-IMO-307,South East,Imo,Obowo,4831.426718689894,6.008926574327448,0.2596668818474997,22.72284984842136,290.316884018513,12.545615109169018,1097.8378388244157,417.0,770.0,0.0,0.0035,693.0,9.786461028862504,3.75980002715301,19.78466577689929,492.0,188.96029884248887,995.4754304608588,False,6979.0,2024.0,163200.0,0.0,5,Relatively advantaged,8.810000000000002,163200.0,estimated
738,NG-IMO-312,South East,Imo,Orlu,5876.459581249657,4.923038177476684,0.2251389896081675,19.30912077301576,289.3003486689073,13.230201725957835,1134.6926777209524,421.0,769.0,0.0,0.002,683.0,8.888812220758973,3.414937874927814,17.96994627809548,544.0,208.7512018067659,1099.7373191658246,False,7836.0,2024.0,198500.0,0.0,5,Relatively advantaged,10.519999999999996,198500.0,estimated
739,NG-OSU-616,South West,Osun,Ifelodun,3351.244995491434,8.622157634413199,0.4166593684200388,31.38322331427605,288.94962622665406,13.96327623242277,1051.7287007435773,433.975,769.0,0.0,0.00225,674.0,14.702988820032656,5.869330168424721,28.96687533959351,560.0,222.44403901981707,1104.5089087309238,False,4727.0,2024.0,125200.0,0.0,4,Near-average,11.829999999999998,125200.0,estimated
740,NG-KOG-482,North Central,Kogi,Ogori/Magongo,1826.151051111559,15.70299204466311,0.7793248866753554,53.01138214665999,286.7603542795801,14.231649609595967,968.0679122799966,433.0,772.0,0.0,0.0,474.0,53.71839223083539,27.126964126807284,86.2789785205881,1220.0,614.4807317518137,1960.591545875763,False,2453.0,2024.0,53700.0,0.0,4,Near-average,15.909999999999997,53700.0,estimated
741,NG-OGU-566,South West,Ogun,Ewekoro,2280.65312392238,12.544763963320108,0.6093193767833722,41.463969471123534,286.10255121814805,13.896461401274356,945.6493150454008,438.0,771.0,0.0,0.0,511.0,32.01280726751955,15.006471078005411,53.33684570197733,1054.0,485.8578111959744,1766.6850391883825,False,3362.0,2024.0,93700.0,0.0,4,Near-average,35.61,93700.0,estimated
742,NG-IMO-306,South East,Imo,Nwangele,5254.768643182943,5.41695093851068,0.2526297007985885,20.87231766612516,284.648239333464,13.27510630093112,1096.7920038250788,426.975,769.0250000000001,0.0,0.00275,649.0,11.809051283760894,4.536846486834285,23.873607844799125,646.0,247.99224931234284,1306.465922457838,False,5048.0,2024.0,177500.0,0.0,5,Relatively advantaged,11.010000000000003,177500.0,estimated
743,NG-OSU-605,South West,Osun,Boluwaduro,2465.252908025248,11.524454178212933,0.6853395990834824,40.48824477513307,284.1069417624309,16.895354396254127,998.1376317273484,439.0,768.0,0.0,0.0005,714.0,15.345559397541995,6.125839842891664,30.232826231853146,430.0,170.78635552087124,848.0112660860468,False,4405.0,2024.0,92100.0,0.0,4,Near-average,14.450000000000005,92100.0,estimated
744,NG-IMO-304,South East,Imo,Njaba,5903.1034785953725,4.805738070468205,0.2196678470995742,19.71685680276293,283.68769120999053,12.96722032349053,1163.906459793567,413.975,770.0,0.0,0.00225,650.0,10.446342883127643,4.0133159616942855,21.1187069487154,642.0,246.4416865950763,1298.2972907511637,False,6349.0,2024.0,199400.0,0.0,5,Relatively advantaged,10.629999999999995,199400.0,estimated
745,NG-OSU-626,South West,Osun,Ola-Oluwa,2649.9461226330027,10.51910832654676,0.6667502496642471,35.520100523514,278.750703234892,17.668522388623582,941.2635265782044,447.0,768.0,0.0,0.0,687.0,17.810076985194293,7.109658004278855,35.08825900185516,537.0,213.06484949273525,1057.9381018215297,False,3170.0,2024.0,99000.0,0.0,4,Near-average,13.930000000000009,99000.0,estimated
746,NG-OSU-602,South West,Osun,Atakumosa West,2374.244657348963,11.369109966350647,0.7973962853020086,38.25317045349465,269.9304859642081,18.932138701682028,908.2238557586886,450.0,768.0,0.0,0.0,706.0,16.874158970126334,6.73604608712048,33.24437400660743,456.0,180.8658494302062,898.0593180249335,False,3639.0,2024.0,88700.0,0.0,4,Near-average,9.959999999999994,88700.0,estimated
747,NG-ANA-076,South East,Anambra,Dunukofia,4210.384647686235,6.397096966075757,0.3119881907214864,24.843749173491723,269.3423885572562,13.135902884731516,1046.017401110371,433.0,771.0,0.0,0.00125,604.0,15.219739847540756,5.703325232425995,31.36043255048161,757.0,276.16069281947847,1569.7591587892068,False,5067.0,2024.0,137500.0,0.0,5,Relatively advantaged,5.609999999999999,137500.0,estimated
748,NG-IMO-298,South East,Imo,Ihitte/Uboma,4914.318843765455,5.471349625577877,0.2791194826141003,20.39066207877554,268.87956565806365,13.716821330725375,1002.0621489058034,433.975,770.0,0.0,0.0005,717.0,8.211124030743822,3.154581034216377,16.59990716989704,420.0,161.26326260642253,849.562668687704,False,8483.0,2024.0,166000.0,0.0,5,Relatively advantaged,10.019999999999996,166000.0,estimated
749,NG-OSU-618,South West,Osun,Ilesa East,3661.743733092877,7.292355573474031,0.3710982443609034,27.754146739876663,267.0273732065341,13.588666706503073,1016.2857289208348,439.975,770.0,0.0,0.0015,685.0,13.020731065869992,5.197784654214678,25.652600177559744,542.0,215.2446088324395,1068.761334577964,False,5570.0,2024.0,136800.0,0.0,5,Relatively advantaged,8.010000000000005,136800.0,estimated
750,NG-AKW-059,South South,Akwa Ibom,Obot Akara,4779.019198329183,5.492405414459835,0.2207214756926174,22.49815752144585,262.4831092071067,10.548321698185667,1075.1912672202388,427.975,771.0,0.0,0.00125,597.0,14.417071131327376,5.951997951554574,27.147587768518104,781.0,319.51580406075925,1473.8663380129792,False,6975.0,2024.0,188000.0,0.0,5,Relatively advantaged,12.200000000000005,188000.0,estimated
751,NG-IMO-313,South East,Imo,Orsu,4946.883607187998,5.270599457046001,0.2416708569032656,19.403725491125005,260.7304205411496,11.955176003498414,959.8797155042216,440.975,769.0,0.0,0.00225,618.0,14.0893096912771,5.412884882860247,28.4834612274081,726.0,278.5421393302657,1467.4080097767935,False,2871.0,2024.0,167100.0,0.0,5,Relatively advantaged,11.670000000000002,167100.0,estimated
752,NG-ANA-086,South East,Anambra,Onitsha South,5986.401444528428,4.317162923805295,0.1095614700615298,20.242723796001883,258.4427036333269,6.558789426410003,1211.8107097357567,415.975,774.0,0.00075,0.0045,667.0,8.186048296166659,3.067575153653435,16.8674378155288,579.0,211.18983002656407,1200.4502398320744,False,13303.0,2024.0,195500.0,0.0,5,Relatively advantaged,7.650000000000006,195500.0,estimated
753,NG-AKW-043,South South,Akwa Ibom,Etim Ekpo,3436.826572415456,7.477543720077685,0.3546983393930981,29.814183119634222,256.99020953561273,12.190366780178357,1024.6617678041923,434.0,772.0,0.0,0.00075,603.0,19.47454489647064,8.039944471063924,36.67089605183955,758.0,310.3855273960865,1431.750088169364,False,3985.0,2024.0,135200.0,0.0,4,Near-average,10.400000000000006,135200.0,estimated
754,NG-IMO-299,South East,Imo,Ikeduru,6160.661152937298,4.052724550947231,0.1822370169518942,14.66721844947882,249.674627045758,11.227005109627102,903.597629233494,458.0,770.0,0.00025,0.003,735.0,4.07586441068228,1.5658811777577168,8.23991582651613,261.0,100.34980896237508,528.6600936038691,False,12431.0,2024.0,208100.0,0.0,5,Relatively advantaged,8.689999999999998,208100.0,estimated
755,NG-CRO-175,South South,Cross River,Calabar Municipal,6836.881439789387,3.609399186874952,0.1499436125057598,15.295767529820184,246.77034309536143,10.251467013556011,1045.7534913196075,437.975,774.0,0.0005,0.0035,619.0,9.825289088258971,3.816177340911912,19.2952227130496,723.0,280.73903795474365,1419.4629278653065,False,7668.0,2024.0,279800.0,0.0,5,Relatively advantaged,,279800.0,estimated
756,NG-OSU-629,South West,Osun,Orolu,3573.4121956717763,6.637655570922235,0.2959134700646948,24.70394200155944,237.19079367802163,10.574208027927355,882.7736762954072,452.0,772.0,0.0,0.00075,658.0,15.14600331757015,6.046178453305656,29.83967378084083,615.0,244.3375020443152,1213.2172609982322,False,4505.0,2024.0,133500.0,0.0,4,Near-average,10.189999999999998,133500.0,estimated
757,NG-IMO-314,South East,Imo,Oru East,4597.5525086552725,4.974642880758746,0.2468954720665908,18.850585245015285,228.711818560964,11.351148969753824,866.6655548284008,460.0,771.0,0.0,0.00025,671.0,11.878181763731527,4.563405299024322,24.01336453898938,569.0,218.2459353661229,1149.7572124185908,False,4982.0,2024.0,155300.0,0.0,5,Relatively advantaged,11.989999999999997,155300.0,estimated
758,NG-AKW-051,South South,Akwa Ibom,Ikot Ekpene,4588.366836693711,4.954967296672516,0.1516543627286193,20.28996154327008,227.3520762095401,6.958458485839158,930.977866629312,452.975,773.0,0.0,0.00225,623.0,13.77938965659192,5.688735129529484,25.946822811055835,716.0,293.20045606279245,1352.4785847489022,False,7352.0,2024.0,180500.0,0.0,4,Near-average,10.129999999999995,180500.0,estimated
759,NG-ANA-085,South East,Anambra,Onitsha North,5493.40367850844,4.107449990560914,0.148230601913589,16.203258868368163,225.6388088743685,8.142905338196302,890.1104187131816,458.975,773.0,0.0,0.0005,595.0,12.063289632159664,4.520501981922914,24.856533990454217,783.0,285.58811513955624,1623.3467362957183,False,8763.0,2024.0,179400.0,0.0,5,Relatively advantaged,6.150000000000006,179400.0,estimated
760,NG-EKI-253,South West,Ekiti,Ilejemeje,2015.216614236797,11.148205974231107,0.560511306225548,40.06781532567709,224.66049898204463,11.295516967732931,807.4532714047623,468.0,774.0,0.0,0.00025,716.0,18.340751512615288,6.568075042104123,39.77590154853342,421.0,148.6769798264776,916.4525397063048,False,2992.0,2024.0,65100.0,0.0,4,Near-average,8.159999999999997,65100.0,estimated
761,NG-OSU-606,South West,Osun,Boripe,4820.7605725879175,4.640300294225376,0.2379287721156857,18.782355194770588,223.6977670336988,11.469976436995532,905.4523738329192,458.925,772.0,0.0,0.001,705.0,8.37107440252598,3.3416742768607066,16.49214806897294,459.0,182.18211142507104,904.5949982164924,False,7900.0,2024.0,180100.0,0.0,4,Near-average,12.0,180100.0,estimated
762,NG-OSU-630,South West,Osun,Osogbo,5404.284062218215,3.95767972024724,0.1774188643992171,15.40795855420467,213.88425435496464,9.58821941209544,832.6898484580712,467.975,773.0,0.0,0.00125,726.0,5.7908142884900125,2.311652509513632,11.408686877383788,356.0,141.28197995122892,701.5121924007782,False,9193.0,2024.0,201900.0,0.0,5,Relatively advantaged,8.799999999999997,201900.0,estimated
763,NG-OSU-619,South West,Osun,Ilesa West,3712.601284941388,5.530693972214076,0.2711201281427727,22.047421232420223,205.3326154785951,10.065609361163316,818.5328439712736,475.975,773.0,0.0,0.0,646.0,15.469284167124542,6.175229904434988,30.47658075148077,653.0,259.27312055046934,1287.3775926040803,False,4343.0,2024.0,138700.0,0.0,4,Near-average,7.75,138700.0,estimated
764,NG-ABI-000,South East,Abia,Aba North,5234.797991987257,3.896805665530248,0.1393651618317562,16.00520063060361,203.98990473082253,7.295484693098567,837.8399212243696,471.0,774.0,0.0,0.001,630.0,11.10491372789862,3.893275513902498,23.39694621103584,698.0,238.89096436692745,1480.9475745998666,False,6389.0,2024.0,155600.0,0.0,5,Relatively advantaged,6.219999999999999,155600.0,estimated
765,NG-IMO-318,South East,Imo,Owerri West,4186.052316315876,4.802712847828375,0.2596589102533,17.197893526032058,201.04407241251943,10.869457827178827,719.9128203040029,490.925,772.0,0.0,0.00025,713.0,9.894346474877285,3.801247870419282,20.00277092086288,431.0,165.5241114872249,872.0095551486588,False,6876.0,2024.0,141400.0,0.0,5,Relatively advantaged,9.310000000000002,141400.0,estimated
766,NG-IMO-316,South East,Imo,Owerri Municipal,5157.074352915316,3.754724987074687,0.1090209839904411,15.07745518398337,193.6339593309316,5.6222932046669545,777.5555743655071,474.0,774.0,0.0,0.00225,703.0,8.700274548111791,3.342504750773164,17.588791657576593,467.0,179.310552982212,944.6389056832156,False,8016.0,2024.0,174200.0,0.0,5,Relatively advantaged,7.400000000000006,174200.0,estimated
767,NG-IMO-305,South East,Imo,Nkwerre,3303.843270868824,5.441808084492903,0.2627946052950488,20.84202981328262,179.7888102131142,8.682321883246756,688.5879994986119,488.0,773.0,0.0,0.0,723.0,11.29057268398114,4.337655395408996,22.82543263837218,388.0,149.0750306066238,785.3529613000682,False,5543.0,2024.0,111600.0,0.0,5,Relatively advantaged,10.739999999999997,111600.0,estimated
768,NG-OSU-608,South West,Osun,Ede South,2623.1789900811546,6.836663651902936,0.3393307667488894,25.62137357807489,179.33792453923178,8.901253380238158,672.0944886702648,501.0,773.0,0.0,0.0,701.0,15.840458475872174,6.323400089064961,31.207844310363665,472.0,187.58782127657565,931.4361521323744,False,4157.0,2024.0,98000.0,0.0,4,Near-average,10.579999999999998,98000.0,estimated
769,NG-AKW-048,South South,Akwa Ibom,Ika,2361.547252791389,7.344201365913028,0.2878274573955895,30.263080278727585,173.4367855961866,6.79718141290485,714.6769409323439,493.925,774.0,0.0,0.00025,688.0,19.938005703042293,8.231281376196218,37.54360055673255,533.0,218.35084842291,1007.211415764286,False,3711.0,2024.0,92900.0,0.0,4,Near-average,9.659999999999997,92900.0,estimated
770,NG-RIV-699,South South,Rivers,Omumma,3893.894610137756,4.264414213112904,0.1673215644608595,17.214816969361998,166.0517951983514,6.515325380139578,670.3268301150665,505.0,774.0,0.0,0.0005,514.0,22.227494758688827,9.860246489996612,39.14876514884943,1045.0,457.97896050053976,1847.532656849777,False,6595.0,2024.0,144400.0,0.0,5,Relatively advantaged,12.769999999999996,144400.0,estimated
771,NG-OSU-615,South West,Osun,Ifedayo,1303.5593552750224,12.567943673272278,0.781866501740428,42.60320506122762,163.8306055186359,10.192093929198895,555.3580652226344,509.0,774.0,0.0,0.0,730.0,20.689671219188032,8.25917185600494,40.76144886996277,307.0,121.75683962302448,604.5633529005116,False,1727.0,2024.0,48700.0,0.0,4,Near-average,11.64,48700.0,estimated
772,NG-OSU-609,South West,Osun,Egbedore,2569.6447249774574,6.187651172083851,0.3527001545138195,21.52509131644345,159.0006519434577,9.063140915451706,553.1183735595698,532.0,773.0,0.0,0.0,696.0,16.57083372856913,6.61496077494975,32.646782281068724,484.0,192.23232070966367,954.4976422179076,False,3791.0,2024.0,96000.0,0.0,4,Near-average,10.25,96000.0,estimated
773,NG-IMO-311,South East,Imo,Onuimo,4088.3580260482495,3.7549640267855056,0.12705891580693,16.178488984577204,153.51637316430984,5.194623382202512,661.4345528942941,511.0,774.0,0.0,0.0005,711.0,10.187627298995125,3.913921619104293,20.5956781083367,434.0,166.45293938305923,876.9027806309094,False,6596.0,2024.0,138100.0,0.0,4,Near-average,13.25,138100.0,estimated
774,NG-OSU-607,South West,Osun,Ede North,2912.2640216411182,4.798799397725499,0.2377350341373656,18.99308102169981,139.75370833069044,6.923471866018729,553.128665196111,527.975,774.0,0.0,0.00025,704.0,13.964631324136825,5.5745830269564935,27.512211270847967,462.0,183.59852429679464,911.6279609434482,False,5097.0,2024.0,108800.0,0.0,4,Near-average,9.379999999999995,108800.0,estimated
