lga_uid,zone,state,lga,platform_State,platform_LGA,archetype,archetype_type,edu_mean_years_women_15_49,stunting_prev_u5,wasting_prev_u5,underweight_prev_u5,dpt1_3_dropout,poverty_rate,exclusive_breastfeeding,ors_coverage,anc4plus,delivery_hf,improved_water,travel_time_hc,relative_wealth_index,conflict_events,conflict_fatalities
NG-ABI-000,South East,Abia,Aba North,Abia,Aba North,5,Relatively advantaged,11.52746751,16.9914,9.0967,13.2166,32.8699,1.7378,21.3598,27.4111061,87.8491,91.314,99.6401,0.297120924,1.273,10,11
NG-ABI-001,South East,Abia,Aba South,Abia,Aba South,5,Relatively advantaged,11.03847868,18.2449,8.7365,13.593,31.6219,9.448,22.0108,26.25613669,87.8647,88.4398,99.5303,0.588568628,1.057428571,54,73
NG-ABI-002,South East,Abia,Arochukwu,Abia,Arochukwu,4,Near-average,8.503211463,24.0999,8.1387,15.0331,24.6462,17.5241,26.625,27.89851975,75.9091,61.7859,56.34,7.982426782,0.05155102,10,28
NG-ABI-003,South East,Abia,Bende,Abia,Bende,5,Relatively advantaged,8.716203703,22.1136,8.15,14.4815,34.1665,12.9469,23.991,25.89281375,80.4891,77.9299,71.2683,6.22187933,0.002826667,6,2
NG-ABI-004,South East,Abia,Ikwuano,Abia,Ikwuano,5,Relatively advantaged,8.944544703,24.0756,8.3422,15.2649,31.4239,11.1351,23.0666,25.64124767,82.8549,78.897,83.2609,4.422874657,0.347351351,2,6
NG-ABI-005,South East,Abia,Isiala-Ngwa North,Abia,Isiala-Ngwa North,5,Relatively advantaged,8.944799162,22.1317,8.1095,15.1832,33.3109,12.4162,21.0867,24.53972306,87.8569,89.2806,95.2999,1.925186363,0.429466667,6,2
NG-ABI-006,South East,Abia,Isiala-Ngwa South,Abia,Isiala-Ngwa South,5,Relatively advantaged,8.976192354,22.4043,8.0498,15.2179,33.427,12.644,21.4629,24.77312077,86.7329,87.3835,95.389,1.8383796,0.335272727,6,4
NG-ABI-007,South East,Abia,Isuikwuato,Abia,Isuikwuato,5,Relatively advantaged,8.672945916,20.8896,8.0589,13.8885,30.5118,20.6315,22.2249,25.24481051,83.1048,84.9019,76.5983,4.542672225,0.079326923,11,6
NG-ABI-008,South East,Abia,Obi Nwga,Abia,Obi Ngwa,4,Near-average,9.656276918,21.7253,8.0331,14.9928,31.9206,16.2597,22.7133,24.50655015,,,,,,0,0
NG-ABI-009,South East,Abia,Ohafia,Abia,Ohafia,5,Relatively advantaged,8.711169139,22.6258,8.0181,14.5803,28.406,22.0334,24.3887,27.2876583,78.3029,73.569,64.7998,7.231322416,-0.004957746,20,68
NG-ABI-010,South East,Abia,Osisioma Ngwa,Abia,Osisioma Ngwa,5,Relatively advantaged,10.42084382,20.114,7.7386,14.0388,32.7661,8.5061,25.1899,24.2906464,86.1263,87.5268,96.5531,1.325208056,0.5858,10,10
NG-ABI-011,South East,Abia,Ugwunagbo,Abia,Ugwunagbo,5,Relatively advantaged,9.470720912,23.2172,7.818,15.2332,24.2083,17.0354,23.9665,24.42349246,86.1548,75.2208,97.0147,1.498924919,0.4083,2,1
NG-ABI-012,South East,Abia,Ukwa East,Abia,Ukwa East,4,Near-average,8.289916965,25.9428,7.9449,16.0121,20.9688,22.7207,23.3748,25.21745892,80.534,59.4387,92.8612,5.080995502,0.006128205,2,2
NG-ABI-013,South East,Abia,Ukwa West,Abia,Ukwa West,5,Relatively advantaged,9.021347418,24.1262,7.6843,14.8812,21.4645,14.4136,22.6781,25.5974076,85.7517,71.1047,97.2394,3.785528811,0.228216216,9,9
NG-ABI-014,South East,Abia,Umuahia North,Abia,Umuahia North,5,Relatively advantaged,10.23535763,19.6622,7.9867,13.4756,33.4466,6.0466,25.2591,24.58953448,85.3778,86.7427,89.0746,3.289675658,0.611027778,28,18
NG-ABI-015,South East,Abia,Umuahia South,Abia,Umuahia South,5,Relatively advantaged,9.197040622,21.6529,8.1486,14.6559,30.7097,8.6529,21.5661,24.99156909,87.3599,90.2641,97.2173,2.203184332,0.657846154,7,4
NG-ABI-016,South East,Abia,Umunneochi,Abia,Umu-Nneochi,4,Near-average,8.751856738,19.4646,7.7555,12.7166,24.9815,39.4745,24.0822,25.58826609,82.5887,86.1819,83.63,4.084366987,0.073586957,19,8
NG-ADA-017,North East,Adamawa,Demsa,Adamawa,Demsa,2,"Low maternal care, high conflict exposure",5.289147693,35.7254,10.3173,22.2026,31.8822,66.4365,24.104,32.29438987,55.5837,36.7316,34.22,15.95614355,-0.330811321,5,11
NG-ADA-018,North East,Adamawa,Fufore,Adamawa,Fufore,2,"Low maternal care, high conflict exposure",4.438690919,39.6718,10.6181,23.1028,35.7317,49.1797,20.8133,30.80407192,54.0409,25.9402,41.696,20.93936837,-0.423701349,13,18
NG-ADA-019,North East,Adamawa,Ganye,Adamawa,Ganye,2,"Low maternal care, high conflict exposure",4.422753409,41.3028,8.1803,20.7937,36.962,50.4603,19.256,29.43573523,69.8268,20.7654,39.6484,38.28761444,-0.381796078,4,5
NG-ADA-020,North East,Adamawa,Girei,Adamawa,Girei,2,"Low maternal care, high conflict exposure",4.403683415,40.6488,10.7754,23.3877,38.6446,69.2791,23.6654,33.36883997,55.4793,36.7369,43.262,16.13957915,-0.395733871,9,7
NG-ADA-021,North East,Adamawa,Gombi,Adamawa,Gombi,2,"Low maternal care, high conflict exposure",4.480153671,39.3517,11.0754,23.7062,33.7911,50.8513,23.4627,31.99318361,52.2765,17.6534,45.3103,12.59707379,-0.388944805,5,7
NG-ADA-022,North East,Adamawa,Guyuk,Adamawa,Guyuk,2,"Low maternal care, high conflict exposure",4.617874904,40.8478,9.8492,23.3718,26.5896,46.8413,25.0033,28.8148992,50.129,31.896,25.398,12.93117532,-0.278194444,1,15
NG-ADA-023,North East,Adamawa,Hong,Adamawa,Hong,2,"Low maternal care, high conflict exposure",4.387980532,40.4205,10.739,23.2551,39.864,56.7477,22.8792,34.20809507,48.1474,20.0166,52.3017,17.58569275,-0.333016216,12,77
NG-ADA-024,North East,Adamawa,Jada,Adamawa,Jada,2,"Low maternal care, high conflict exposure",4.33182353,42.0322,9.5161,22.3795,33.0607,46.8202,19.0819,29.11753343,66.6489,21.6274,43.1224,33.90707712,-0.371021978,3,2
NG-ADA-025,North East,Adamawa,Lamurde,Adamawa,Lamurde,2,"Low maternal care, high conflict exposure",4.876701405,40.45,9.0705,22.1755,26.956,67.222,25.3688,29.52539488,56.4315,39.279,36.364,19.63757143,-0.339845361,6,10
NG-ADA-026,North East,Adamawa,Madagali,Adamawa,Madagali,2,"Low maternal care, high conflict exposure",3.912157933,39.1015,11.3735,25.7891,35.6581,52.4867,21.9185,33.50434943,43.0293,17.9944,50.6582,9.505201563,-0.24305,14,59
NG-ADA-027,North East,Adamawa,Maiha,Adamawa,Maiha,2,"Low maternal care, high conflict exposure",4.434388609,38.7766,10.0848,21.6109,42.3988,33.4905,24.8642,32.17384603,52.3142,25.5926,52.0793,15.54994173,-0.388257669,5,17
NG-ADA-028,North East,Adamawa,Mayo-Belwa,Adamawa,Mayo-Belwa,2,"Low maternal care, high conflict exposure",4.301154024,42.083,9.2526,23.4503,34.8422,60.3694,19.3739,29.9689273,59.2158,28.7101,36.8816,14.27843771,-0.403277108,2,0
NG-ADA-029,North East,Adamawa,Michika,Adamawa,Michika,2,"Low maternal care, high conflict exposure",4.469447644,37.5286,10.8014,23.4272,39.9456,60.5603,23.184,34.22060577,51.987,22.2765,49.9249,14.39787749,-0.309218045,4,2
NG-ADA-030,North East,Adamawa,Mubi North,Adamawa,Mubi North,2,"Low maternal care, high conflict exposure",5.069478516,36.9387,10.2952,21.5385,40.0136,49.383,24.2259,34.96356476,57.5843,26.0376,61.842,11.44144805,-0.31512381,5,2
NG-ADA-031,North East,Adamawa,Mubi South,Adamawa,Mubi South,2,"Low maternal care, high conflict exposure",4.842255512,38.8864,9.6945,21.4273,40.876,38.1297,25.5193,33.72326962,62.648,30.91,66.3197,7.751054567,-0.268876712,2,3
NG-ADA-032,North East,Adamawa,Numan,Adamawa,Numan,2,"Low maternal care, high conflict exposure",5.444806997,37.1897,9.2325,21.5563,29.266,74.1021,24.8031,30.78582917,54.4125,33.9411,34.5418,17.18109849,-0.361958333,3,8
NG-ADA-033,North East,Adamawa,Shelleng,Adamawa,Shelleng,2,"Low maternal care, high conflict exposure",4.247259837,40.7222,10.2516,23.968,30.23,59.0021,23.7966,29.11306364,50.1056,24.0766,28.9892,14.15509396,-0.397340782,1,1
NG-ADA-034,North East,Adamawa,Song,Adamawa,Song,2,"Low maternal care, high conflict exposure",4.355733043,40.1353,10.5573,23.384,38.1097,57.8292,23.6035,31.66330078,52.2454,22.9761,38.3629,26.38870257,-0.437520095,9,11
NG-ADA-035,North East,Adamawa,Toungo,Adamawa,Toungo,3,Geographically isolated,4.028649238,43.3205,7.4201,19.6312,36.9214,51.5555,18.4518,27.17490379,55.4967,20.6839,28.6462,92.43972635,-0.454555556,3,5
NG-ADA-036,North East,Adamawa,Yola North,Adamawa,Yola North,2,"Low maternal care, high conflict exposure",6.349638871,29.5357,10.5614,19.468,30.3112,33.3192,23.7011,33.67366621,72.5491,69.5344,81.4676,1.203904424,1.027636364,33,20
NG-ADA-037,North East,Adamawa,Yola South,Adamawa,Yola South,2,"Low maternal care, high conflict exposure",6.107059002,32.9635,10.7647,21.0837,30.758,42.1964,23.6237,33.08762161,63.6352,45.8971,50.5223,7.021490753,-0.225212598,8,4
NG-AKW-038,South South,Akwa Ibom,Abak,Akwa Ibom,Abak,4,Near-average,8.897926218,25.1651,9.0081,16.9382,14.497,22.7546,16.9981,23.97988801,73.3358,50.7317,97.4639,1.899932861,0.230769231,8,6
NG-AKW-039,South South,Akwa Ibom,Eastern Obolo,Akwa Ibom,Eastern Obolo,4,Near-average,8.081978127,28.4965,7.7663,17.0743,14.8798,45.3956,24.4944,25.90507476,54.6669,20.4604,53.7515,24.51857059,-0.265181818,3,4
NG-AKW-040,South South,Akwa Ibom,Eket,Akwa Ibom,Eket,5,Relatively advantaged,9.63222386,25.5881,7.9825,17.289,15.8128,20.3682,25.3695,25.56624983,63.8699,33.2129,92.1788,7.432313378,0.369290323,12,10
NG-AKW-041,South South,Akwa Ibom,Esit Eket,Akwa Ibom,Esit Eket,4,Near-average,8.616208024,29.7407,7.7489,19.4341,15.4568,24.833,23.9299,25.90522215,60.4118,25.6321,86.1767,16.45223999,-0.121526316,0,0
NG-AKW-042,South South,Akwa Ibom,Essien Udim,Akwa Ibom,Essien Udim,4,Near-average,8.781655657,26.4293,8.725,16.526,20.3618,31.112,17.4205,24.35531562,77.6931,60.2993,96.9228,2.965589701,0.311680851,7,12
NG-AKW-043,South South,Akwa Ibom,Etim Ekpo,Akwa Ibom,Etim Ekpo,4,Near-average,8.89074853,26.7866,8.4813,16.9208,16.8457,30.0045,18.2305,23.7543981,74.3699,47.8282,94.1555,2.75741843,0.13765625,10,11
NG-AKW-044,South South,Akwa Ibom,Etinan,Akwa Ibom,Etinan,4,Near-average,8.708748368,27.0214,8.6469,18.4563,15.0108,36.1301,18.2442,24.16660965,66.1147,33.7211,95.9367,3.17657493,0.145966667,0,0
NG-AKW-045,South South,Akwa Ibom,Ibeno,Akwa Ibom,Ibeno,4,Near-average,8.42989671,28.904,7.546,19.1373,14.0877,27.9937,23.9481,25.64347207,46.9588,22.6969,64.804,43.56186236,-0.104791667,2,8
NG-AKW-046,South South,Akwa Ibom,Ibesikpo Asutan,Akwa Ibom,Ibesikpo Asutan,4,Near-average,8.928686694,26.0775,8.7935,17.7206,16.1547,36.5887,16.4503,25.55518199,70.7529,40.7006,95.9188,2.071261387,0.271655172,4,4
NG-AKW-047,South South,Akwa Ibom,Ibiono Ibom,Akwa Ibom,Ibiono Ibom,4,Near-average,8.911593893,25.3575,8.5811,15.6983,15.8734,29.4513,23.7054,27.03996509,70.7441,42.3517,81.5301,6.906762278,0.06612963,2,2
NG-AKW-048,South South,Akwa Ibom,Ika,Akwa Ibom,Ika,4,Near-average,9.098742087,26.5232,8.3316,16.6137,19.074,25.7191,18.3584,23.89215373,77.6056,55.3731,94.8459,2.47434551,0.202842105,2,2
NG-AKW-049,South South,Akwa Ibom,Ikono,Akwa Ibom,Ikono,4,Near-average,8.413361729,26.099,8.5563,15.9097,17.8789,32.2678,21.8275,25.87547224,74.864,51.7664,89.3779,4.015851892,0.152242424,2,2
NG-AKW-050,South South,Akwa Ibom,Ikot Abasi,Akwa Ibom,Ikot Abasi,4,Near-average,8.39588867,28.7038,7.9903,17.3043,15.1621,39.9877,21.0769,24.9497405,62.6503,21.9341,76.2422,11.11158006,0.076317073,1,0
NG-AKW-051,South South,Akwa Ibom,Ikot Ekpene,Akwa Ibom,Ikot Ekpene,4,Near-average,9.469498122,23.1347,8.6734,15.088,18.361,28.7711,20.8829,24.47306489,78.5443,64.0161,96.2852,2.199191119,0.563857143,2,2
NG-AKW-052,South South,Akwa Ibom,Ini,Akwa Ibom,Ini,4,Near-average,8.191973315,25.5065,8.289,15.4575,26.6456,23.6912,24.2254,26.44001823,75.9857,58.2709,69.6354,8.545365305,-0.009951613,5,11
NG-AKW-053,South South,Akwa Ibom,Itu,Akwa Ibom,Itu,5,Relatively advantaged,8.866069441,25.481,8.5295,15.7998,14.7599,24.5682,22.3999,27.10960641,69.4041,38.3143,79.5817,8.01348449,0.397090909,10,19
NG-AKW-054,South South,Akwa Ibom,Mbo,Akwa Ibom,Mbo,4,Near-average,8.028334511,29.4365,7.4396,19.596,18.8024,36.4176,23.1694,27.51198602,45.9895,15.1876,43.6876,26.83301575,0.110464286,11,26
NG-AKW-055,South South,Akwa Ibom,Mkpat Enin,Akwa Ibom,Mkpat Enin,4,Near-average,8.341134655,28.5456,8.4814,18.5077,15.1597,46.378,16.8814,23.92616951,60.9252,23.2241,86.947,5.541536631,0.059195652,8,3
NG-AKW-056,South South,Akwa Ibom,Nsit Atai,Akwa Ibom,Nsit Atai,4,Near-average,8.565703318,29.001,8.4005,18.8448,17.9626,42.3552,19.6749,25.98700358,65.1646,28.3035,85.8842,3.445688274,0.123538462,0,0
NG-AKW-057,South South,Akwa Ibom,Nsit Ibom,Akwa Ibom,Nsit Ibom,4,Near-average,8.58733453,26.3543,8.9113,18.2768,15.9105,25.2779,15.5796,24.6561956,70.1424,43.2427,97.6538,1.653619898,0.17852,2,2
NG-AKW-058,South South,Akwa Ibom,Nsit Ubium,Akwa Ibom,Nsit Ubium,4,Near-average,8.627706391,27.6729,8.2405,18.765,16.3572,41.4299,19.3025,25.60435381,64.3061,26.4567,92.1647,4.387889287,0.189297297,0,0
NG-AKW-059,South South,Akwa Ibom,Obot Akara,Akwa Ibom,Obot Akara,5,Relatively advantaged,8.370951269,26.1011,8.5261,16.0125,26.6253,27.0073,19.9858,24.94939527,81.0845,73.3867,92.76,3.318831427,0.179425,2,16
NG-AKW-060,South South,Akwa Ibom,Okobo,Akwa Ibom,Okobo,4,Near-average,8.011665084,29.8363,8.0994,19.0726,18.3974,37.0634,21.5371,26.51233327,61.7588,26.1899,68.4349,23.16277681,-0.043918919,1,0
NG-AKW-061,South South,Akwa Ibom,Onna,Akwa Ibom,Onna,4,Near-average,8.816626061,28.3478,7.9742,18.1393,15.0401,40.8359,21.7475,25.33465545,59.4019,27.6601,92.924,5.574413921,0.14375,1,0
NG-AKW-062,South South,Akwa Ibom,Oron,Akwa Ibom,Oron,4,Near-average,8.851784794,27.5585,7.7847,18.5392,16.3508,35.4655,22.7638,27.74928397,62.5788,27.1121,49.5659,39.16531356,0.138545455,9,21
NG-AKW-063,South South,Akwa Ibom,Oruk Anam,Akwa Ibom,Oruk Anam,4,Near-average,8.385672391,27.8848,8.5856,17.9617,15.5016,44.1223,16.9964,24.07350414,67.3005,30.8133,88.2183,4.819048091,-0.079566265,6,6
NG-AKW-064,South South,Akwa Ibom,Udung Uko,Akwa Ibom,Udung Uko,4,Near-average,8.200830422,30.5403,7.6009,19.5677,18.1896,27.1675,22.548,27.16469062,60.4812,20.7146,61.918,21.31943135,-0.089166667,2,2
NG-AKW-065,South South,Akwa Ibom,Ukanafun,Akwa Ibom,Ukanafun,4,Near-average,8.775660982,27.0487,8.3575,16.7982,15.398,34.3031,20.8938,24.4716927,72.1549,43.1939,92.6662,2.781575056,-0.038731707,6,6
NG-AKW-066,South South,Akwa Ibom,Uruan,Akwa Ibom,Uruan,4,Near-average,8.335879066,27.0624,8.5892,17.7294,16.7157,40.3884,17.1099,26.5006962,64.0449,32.7988,75.2269,27.26792821,0.051581395,6,4
NG-AKW-067,South South,Akwa Ibom,Urue-Offong/Oruko,Akwa Ibom,Urue-Offong/Oruko,4,Near-average,8.131454816,30.1672,7.9178,19.7443,17.9435,31.2526,21.6016,26.22959731,64.4328,22.5379,78.4794,5.575411742,-0.021611111,0,0
NG-AKW-068,South South,Akwa Ibom,Uyo,Akwa Ibom,Uyo,5,Relatively advantaged,9.765528432,24.3814,8.8336,16.4097,14.3318,17.5497,21.5747,24.62431985,75.5245,54.8331,98.8351,2.292582951,0.746884615,31,27
NG-ANA-069,South East,Anambra,Aguata,Anambra,Aguata,5,Relatively advantaged,9.992810228,15.6904,7.8069,11.2067,18.8189,4.9918,22.3087,21.48277621,83.069,93.353,95.4877,1.486621481,0.616638889,52,64
NG-ANA-070,South East,Anambra,Anambra East,Anambra,Anambra East,5,Relatively advantaged,9.870567014,15.8179,7.6268,9.8112,22.196,17.2274,25.9706,23.55814033,72.3044,70.5105,67.3334,14.63152889,-0.041395833,22,26
NG-ANA-071,South East,Anambra,Anambra West,Anambra,Anambra West,4,Near-average,7.987289703,19.7563,7.4232,10.6073,24.0876,28.3385,24.4813,23.63968111,70.9717,68.1083,63.3673,20.6574032,-0.375460526,1,0
NG-ANA-072,South East,Anambra,Anaocha,Anambra,Anaocha,5,Relatively advantaged,10.00758739,15.6223,7.7729,10.8613,17.7975,4.513,22.6384,21.42993336,85.1373,95.8137,98.7188,1.567872458,0.694428571,0,0
NG-ANA-073,South East,Anambra,Awka North,Anambra,Awka North,5,Relatively advantaged,8.984714319,17.4645,7.4948,10.1587,19.0897,14.495,26.5574,24.54824817,74.1129,75.8631,76.6316,8.285293848,0.075151515,17,49
NG-ANA-074,South East,Anambra,Awka South,Anambra,Awka South,5,Relatively advantaged,9.965057396,15.4408,7.6555,10.5798,17.2781,4.1023,25.3793,22.32926209,83.2774,91.044,94.314,2.585267734,0.588518519,84,137
NG-ANA-075,South East,Anambra,Ayamelum,Anambra,Ayamelum,5,Relatively advantaged,8.456742917,18.848,7.377,9.965,22.2019,28.355,25.8653,25.03093844,77.6521,71.5336,72.8955,11.08366277,-0.118638889,13,30
NG-ANA-076,South East,Anambra,Dunukofia,Anambra,Dunukofia,5,Relatively advantaged,9.909285437,16.2424,7.3059,9.6201,18.5767,8.4413,28.6555,23.69624464,82.9463,91.4301,95.7251,2.458375916,0.643153846,12,6
NG-ANA-077,South East,Anambra,Ekwusigo,Anambra,Ekwusigo,5,Relatively advantaged,9.534797593,16.188,7.827,10.8632,16.6607,7.5688,22.6706,21.57527217,82.4636,90.6157,95.7504,6.341524346,0.396952381,12,15
NG-ANA-078,South East,Anambra,Idemili North,Anambra,Idemili North,5,Relatively advantaged,10.03940608,15.8799,7.5718,10.1828,17.0824,5.334,29.3074,22.38479282,85.3699,95.6475,98.7887,1.434382512,0.839842105,28,44
NG-ANA-079,South East,Anambra,Idemili South,Anambra,Idemili South,5,Relatively advantaged,10.00208611,15.7663,7.6686,10.3849,18.238,5.152,27.2773,21.99845796,84.8163,94.9031,98.3654,4.719830769,0.6618125,49,54
NG-ANA-080,South East,Anambra,Ihiala,Anambra,Ihiala,5,Relatively advantaged,9.877360791,16.221,8.1655,11.7624,17.9909,14.4963,19.5626,21.49604857,81.9953,88.3288,95.6549,2.929939157,0.317510204,72,131
NG-ANA-081,South East,Anambra,Njikoka,Anambra,Njikoka,5,Relatively advantaged,9.840668475,16.2271,7.5169,10.2266,16.9079,5.0556,28.1642,23.19118402,84.7646,95.3262,98.9242,1.740426563,0.896125,20,22
NG-ANA-082,South East,Anambra,Nnewi North,Anambra,Nnewi North,5,Relatively advantaged,10.21014614,15.5802,7.8524,10.7247,17.9555,4.3213,24.6215,21.12111065,85.5051,95.8601,98.9144,0.844817109,0.805727273,17,16
NG-ANA-083,South East,Anambra,Nnewi South,Anambra,Nnewi South,5,Relatively advantaged,9.872794712,15.6776,7.9313,11.3044,17.059,6.6133,20.0816,21.20994588,84.1135,93.7996,97.6791,1.049661292,0.67562069,20,22
NG-ANA-084,South East,Anambra,Ogbaru,Anambra,Ogbaru,5,Relatively advantaged,8.67554927,18.5243,7.7172,11.42,20.5304,9.9621,23.3044,22.94630544,77.8165,78.8898,90.6294,18.25588707,-0.1935,25,71
NG-ANA-085,South East,Anambra,Onitsha North,Anambra,Onitsha North,5,Relatively advantaged,10.33471603,15.9083,7.4279,9.6531,23.3842,2.073,25.7087,22.39126093,84.8793,93.7172,98.6583,1.748131514,1.243833333,35,29
NG-ANA-086,South East,Anambra,Onitsha South,Anambra,Onitsha South,5,Relatively advantaged,8.167598776,17.936,7.6329,10.526,19.7067,5.1662,23.172,22.23556809,83.2357,92.5756,98.6746,1.237624095,1.663,5,4
NG-ANA-087,South East,Anambra,Orumba North,Anambra,Orumba North,5,Relatively advantaged,9.125282156,16.6053,7.9112,11.6639,18.1544,13.3973,20.545,22.57661942,82.0038,89.1433,86.4325,5.239300322,0.0818,14,23
NG-ANA-088,South East,Anambra,Orumba South,Anambra,Orumba South,5,Relatively advantaged,9.517507917,16.9897,7.812,12.0001,19.9959,24.0363,22.7022,23.55366275,80.1446,88.5937,88.3006,2.867792402,0.158933333,16,24
NG-ANA-089,South East,Anambra,Oyi,Anambra,Oyi,5,Relatively advantaged,10.46420692,14.9807,7.6851,9.8005,20.3063,5.7824,26.76,23.08718172,82.6959,91.0907,95.3251,5.191532971,0.451608696,18,30
NG-BAU-090,North East,Bauchi,Alkaleri,Bauchi,Alkaleri,2,"Low maternal care, high conflict exposure",2.898605622,51.6172,9.65,29.376,38.6206,47.4774,12.0644,21.63844364,45.4679,22.2546,42.7228,31.58037914,-0.50614386,19,83
NG-BAU-091,North East,Bauchi,Bauchi,Bauchi,Bauchi,2,"Low maternal care, high conflict exposure",4.466250932,45.9565,10.6055,28.0789,37.2143,37.0981,7.923,25.62431724,50.5869,26.4899,61.4359,6.654830861,-0.340677043,35,25
NG-BAU-092,North East,Bauchi,Bogoro,Bauchi,Bogoro,2,"Low maternal care, high conflict exposure",4.729357484,50.1582,8.5067,26.7826,38.5188,50.068,12.238,26.8474914,57.4227,28.7521,50.4441,13.96804726,-0.340512397,3,0
NG-BAU-093,North East,Bauchi,Dambam,Bauchi,Damban,1,Deprived northern rural,2.051095589,57.8501,14.0929,40.2064,39.4706,58.7788,9.9733,19.70453312,,,,,,1,0
NG-BAU-094,North East,Bauchi,Darazo,Bauchi,Darazo,1,Deprived northern rural,2.126947199,56.5612,12.7494,37.2102,32.7749,43.7971,9.6011,20.12218978,28.5996,11.1514,29.5215,12.77594494,-0.585769648,2,1
NG-BAU-095,North East,Bauchi,Dass,Bauchi,Dass,2,"Low maternal care, high conflict exposure",4.116531544,52.0115,9.1728,28.6887,36.6322,45.3864,10.9362,28.65723945,55.362,24.6994,51.5821,13.51298668,-0.367306931,1,0
NG-BAU-096,North East,Bauchi,Gamawa,Bauchi,Gamawa,1,Deprived northern rural,1.773662299,60.6534,14.5316,41.4211,32.9628,62.2473,8.0923,19.52780309,24.0644,7.1219,28.6315,19.03769948,-0.653931718,1,0
NG-BAU-097,North East,Bauchi,Ganjuwa,Bauchi,Ganjuwa,1,Deprived northern rural,2.164423176,57.7609,11.7155,35.2694,36.1611,49.5026,6.4931,21.1671281,38.2578,12.9498,50.9085,22.63032013,-0.454082536,1,0
NG-BAU-098,North East,Bauchi,Giade,Bauchi,Giade,1,Deprived northern rural,2.022445097,58.5616,13.2589,39.0165,34.5638,40.469,9.1412,20.40662123,30.9326,13.2996,37.9849,6.769086361,-0.488464567,0,0
NG-BAU-099,North East,Bauchi,Itas/Gadau,Bauchi,Itas/Gadau,1,Deprived northern rural,1.703789924,60.9708,13.4501,40.4552,39.6235,30.6167,9.4638,20.78638656,30.3157,10.1408,66.7498,6.462678228,-0.588776173,0,0
NG-BAU-100,North East,Bauchi,Jama'Are,Bauchi,Jama'are,1,Deprived northern rural,2.18110481,58.1001,13.0917,38.0456,41.0278,30.1238,8.0049,20.97985506,32.3144,11.1791,72.1491,4.685538387,-0.453098361,2,1
NG-BAU-101,North East,Bauchi,Katagum,Bauchi,Katagum,1,Deprived northern rural,2.508840499,55.9107,13.4447,38.3794,36.0689,41.5998,7.8968,20.58842846,32.8368,14.0413,49.3551,12.6853224,-0.572024896,4,3
NG-BAU-102,North East,Bauchi,Kirfi,Bauchi,Kirfi,1,Deprived northern rural,2.17739053,53.848,10.6345,33.4439,36.3697,40.9133,8.4797,20.14829448,40.0963,17.0853,35.3279,20.43480859,-0.513253061,2,1
NG-BAU-103,North East,Bauchi,Misau,Bauchi,Misau,1,Deprived northern rural,2.462352238,55.8523,13.5552,38.5028,30.3281,31.5857,7.643,20.65635648,31.7303,14.1861,28.0102,8.135905698,-0.433684211,3,4
NG-BAU-104,North East,Bauchi,Ningi,Bauchi,Ningi,2,"Low maternal care, high conflict exposure",2.124947832,60.3827,11.9314,35.2702,35.3469,46.5733,9.4014,25.7471014,41.7355,10.3817,44.2782,26.20023566,-0.449665094,32,71
NG-BAU-105,North East,Bauchi,Shira,Bauchi,Shira,1,Deprived northern rural,2.152335978,58.8635,13.223,38.7296,39.8332,50.989,7.293,20.60559222,31.522,11.1588,58.659,8.23872415,-0.510471111,0,0
NG-BAU-106,North East,Bauchi,Tafawa-Balewa,Bauchi,Tafawa-Balewa,2,"Low maternal care, high conflict exposure",4.343055712,51.8341,8.8386,28.1477,36.4648,45.9648,11.3201,27.61389782,57.4108,30.3254,54.3767,13.34854977,-0.407634271,11,14
NG-BAU-107,North East,Bauchi,Toro,Bauchi,Toro,2,"Low maternal care, high conflict exposure",3.539885699,53.4923,10.1381,29.7466,31.5306,51.8579,11.767,31.11875219,49.9118,17.4243,49.0159,41.78938128,-0.462419769,24,26
NG-BAU-108,North East,Bauchi,Warji,Bauchi,Warji,1,Deprived northern rural,1.984885658,60.9324,12.3214,36.9918,47.8355,52.86,7.6934,22.30548693,37.6255,10.5248,64.8022,17.2814583,-0.43240625,2,1
NG-BAU-109,North East,Bauchi,Zaki,Bauchi,Zaki,1,Deprived northern rural,1.773356927,60.2283,14.3757,40.9719,36.3639,54.8602,7.7801,20.57071479,29.9752,8.1975,58.5952,7.383729212,-0.369416185,1,0
NG-BAY-110,South South,Bayelsa,Brass,Bayelsa,Brass,3,Geographically isolated,8.016485849,22.9852,6.1088,10.958,13.8174,34.1754,23.8381,27.48946581,21.8877,10.3122,24.5696,120.6420826,-0.211166667,6,7
NG-BAY-111,South South,Bayelsa,Ekeremor,Bayelsa,Ekeremor,3,Geographically isolated,7.405640281,25.519,6.5916,13.0771,18.8812,40.1266,17.4545,27.64709387,24.5301,12.2283,18.3623,76.79911894,-0.235107692,3,3
NG-BAY-112,South South,Bayelsa,Kolokuma/Opokuma,Bayelsa,Kolokuma/Opokuma,4,Near-average,8.612768412,22.6249,6.428,11.8739,16.973,15.4525,22.404,26.84303111,30.5096,22.0349,66.211,31.24905159,-0.039111111,0,0
NG-BAY-113,South South,Bayelsa,Nembe,Bayelsa,Nembe,3,Geographically isolated,8.396734652,22.9845,6.1169,10.7428,13.4932,43.1098,22.2194,27.80105769,18.7718,10.3081,22.4609,121.7929617,-0.081621622,7,8
NG-BAY-114,South South,Bayelsa,Ogbia,Bayelsa,Ogbia,4,Near-average,8.583768163,23.0409,6.1314,11.0011,14.2563,14.9506,25.4641,28.22646175,34.733,21.6708,74.2623,27.54760045,-0.078264706,13,10
NG-BAY-115,South South,Bayelsa,Sagbama,Bayelsa,Sagbama,4,Near-average,8.356047661,22.9718,6.6597,12.3976,17.4019,18.814,21.7902,26.76734356,32.3984,21.7612,54.3293,37.47903656,-0.301163043,8,2
NG-BAY-116,South South,Bayelsa,Southern Ijaw,Bayelsa,Southern Ijaw,3,Geographically isolated,7.624864816,24.4418,6.0998,12.07,17.0321,39.1353,19.6487,27.11104864,20.9468,10.0318,21.1397,95.4668883,-0.199535714,18,17
NG-BAY-117,South South,Bayelsa,Yenagoa,Bayelsa,Yenagoa,5,Relatively advantaged,9.236533483,21.9432,6.2958,11.4178,15.7323,6.3739,26.1738,27.15508296,41.0657,26.9862,79.1257,18.06191364,0.08196,65,57
NG-BEN-118,North Central,Benue,Ado,Benue,Ado,4,Near-average,6.527540248,27.593,7.01,12.7753,20.5408,78.9235,32.3352,29.5125963,67.4364,62.4559,63.8338,9.88103899,-0.3831875,17,78
NG-BEN-119,North Central,Benue,Agatu,Benue,Agatu,4,Near-average,6.155601049,32.9044,7.0119,17.0779,28.0961,36.0905,24.7254,29.32278787,60.2834,60.364,52.9783,14.63711109,-0.336170213,46,199
NG-BEN-120,North Central,Benue,Apa,Benue,Apa,4,Near-average,6.518537194,30.9787,6.8746,15.4244,24.2344,28.0878,26.0378,29.48458694,62.0337,67.0377,48.5439,10.87833318,-0.346462264,42,103
NG-BEN-121,North Central,Benue,Buruku,Benue,Buruku,4,Near-average,6.563336188,29.5144,6.8601,13.2507,13.076,41.3244,25.3082,28.52794808,52.9796,64.7888,86.8464,7.822669608,-0.460680628,20,195
NG-BEN-122,North Central,Benue,Gboko,Benue,Gboko,4,Near-average,7.477855298,26.3699,6.9972,12.3035,12.466,43.5929,23.4551,29.96156797,58.1355,71.3262,90.0891,6.601303432,-0.429530534,16,22
NG-BEN-123,North Central,Benue,Guma,Benue,Guma,4,Near-average,5.471736395,33.3246,6.9583,16.336,16.4697,38.319,24.015,28.10666909,48.2528,50.6211,69.3949,13.01745499,-0.454828338,65,258
NG-BEN-124,North Central,Benue,Gwer East,Benue,Gwer East,4,Near-average,6.405415057,30.5552,6.8066,13.5699,15.7885,34.7521,27.6106,29.28616797,57.7757,62.9346,65.1589,11.86516968,-0.451807808,15,40
NG-BEN-125,North Central,Benue,Gwer West,Benue,Gwer West,4,Near-average,6.217343585,32.0009,6.9576,15.3688,17.7032,41.8945,23.9583,28.99559052,59.1855,64.1433,59.4312,13.52846234,-0.443087209,64,185
NG-BEN-126,North Central,Benue,Katsina-Ala,Benue,Katsina-Ala,4,Near-average,6.211566976,30.9438,6.9587,14.0579,18.1179,49.6439,28.2281,27.5116951,53.5932,60.25,84.0661,20.61612297,-0.421587065,30,134
NG-BEN-127,North Central,Benue,Konshisha,Benue,Konshisha,4,Near-average,6.687436066,28.6782,7.1999,13.7932,16.22,50.1355,27.2915,29.3100708,55.8588,60.8888,71.7745,9.702936203,-0.423645051,7,47
NG-BEN-128,North Central,Benue,Kwande,Benue,Kwande,4,Near-average,6.816966101,29.4666,6.7166,14.7498,17.2386,50.2398,24.046,29.51553736,57.0171,65.3828,72.5237,19.52235067,-0.362449086,21,111
NG-BEN-129,North Central,Benue,Logo,Benue,Logo,4,Near-average,5.66303977,33.1674,7.0432,14.7217,17.2261,40.159,26.7948,27.7276032,42.7728,46.8808,70.6252,18.85412361,-0.445542169,49,157
NG-BEN-130,North Central,Benue,Makurdi,Benue,Makurdi,4,Near-average,8.128292691,25.0692,7.1372,13.6803,11.6809,36.23,25.2799,30.27708704,65.0939,68.7089,79.9386,7.646198126,-0.148307087,86,130
NG-BEN-131,North Central,Benue,Obi,Benue,Obi,4,Near-average,6.564622606,28.8504,7.0092,13.7624,17.4264,41.6685,30.0322,29.4396378,56.8359,56.741,52.6813,9.087501008,-0.295015625,1,1
NG-BEN-132,North Central,Benue,Ogbadibo,Benue,Ogbadibo,4,Near-average,7.313152366,25.795,6.7505,11.6463,23.8556,46.829,22.2293,30.04661943,80.2556,77.4161,70.9038,3.959629048,-0.227556818,20,9
NG-BEN-133,North Central,Benue,Ohimini,Benue,Ohimini,4,Near-average,7.014705781,28.2931,6.7176,12.8105,16.6876,27.3532,25.2895,29.50987636,63.9198,67.9172,46.8751,7.408066991,-0.342292683,4,1
NG-BEN-134,North Central,Benue,Oju,Benue,Oju,4,Near-average,6.665109921,27.9659,7.2558,13.9765,19.3971,56.2744,29.9412,29.48491938,60.596,59.9659,65.2386,9.30465926,-0.316060976,4,45
NG-BEN-135,North Central,Benue,Okpokwu,Benue,Okpokwu,4,Near-average,7.101122675,27.5157,6.7296,12.1978,19.4955,55.7299,24.3306,29.14221208,70.0165,69.943,52.2373,6.584137894,-0.309342105,10,15
NG-BEN-136,North Central,Benue,Otukpo,Benue,Oturkpo,4,Near-average,7.567373535,27.0192,6.7818,12.7958,15.6133,24.6264,28.1351,30.11307947,62.2312,65.972,49.6927,13.91016377,-0.223052632,40,97
NG-BEN-137,North Central,Benue,Tarka,Benue,Tarka,4,Near-average,6.224770519,30.6472,6.9049,14.244,13.4926,35.5667,23.6804,29.26471922,54.0884,69.4318,93.2343,6.339631404,-0.441425,1,18
NG-BEN-138,North Central,Benue,Ukum,Benue,Ukum,4,Near-average,5.807332045,32.4673,7.2143,15.161,23.4829,45.6345,27.6281,27.62866791,52.3231,54.1425,82.5157,8.793354261,-0.306453184,48,243
NG-BEN-139,North Central,Benue,Ushongo,Benue,Ushongo,4,Near-average,7.024230969,27.9163,7.076,14.1122,13.584,51.9856,25.1235,29.269544,56.4645,66.9426,84.1986,8.571486355,-0.443281046,3,7
NG-BEN-140,North Central,Benue,Vandeikya,Benue,Vandeikya,4,Near-average,7.636793593,26.5195,7.171,14.5616,14.4921,55.9216,25.9081,30.88073772,65.0567,68.8912,85.3299,8.35629646,-0.379675676,3,1
NG-BOR-141,North East,Borno,Abadam,Borno,Abadam,2,"Low maternal care, high conflict exposure",1.882845821,50.5204,15.7821,34.5838,33.5778,39.648,15.5118,27.7587826,11.3223,1.9844,38.5822,28.80193871,-0.23287013,131,1006
NG-BOR-142,North East,Borno,Askira/Uba,Borno,Askira/Uba,2,"Low maternal care, high conflict exposure",4.175941982,42.6055,11.6375,26.5253,34.8163,55.7487,22.5563,31.97275938,41.4929,16.9269,40.891,21.65961865,-0.404335,31,150
NG-BOR-143,North East,Borno,Bama,Borno,Bama,2,"Low maternal care, high conflict exposure",3.221541962,43.7056,13.183,29.2781,26.3815,25.9279,18.4529,30.86233902,23.8386,5.4444,22.7772,14.40817935,-0.357322581,275,1638
NG-BOR-144,North East,Borno,Bayo,Borno,Bayo,2,"Low maternal care, high conflict exposure",3.050729784,49.3349,11.7745,29.2342,24.5126,26.9696,18.8274,23.01263636,31.2401,15.7993,24.3193,8.493696293,-0.372509317,2,9
NG-BOR-145,North East,Borno,Biu,Borno,Biu,2,"Low maternal care, high conflict exposure",3.695924135,43.9414,11.3343,26.6652,21.584,34.8162,23.0101,26.36274801,35.7022,10.9195,37.893,23.7746692,-0.356341216,58,106
NG-BOR-146,North East,Borno,Chibok,Borno,Chibok,2,"Low maternal care, high conflict exposure",3.866610558,43.0575,12.1094,27.297,26.6627,55.1262,22.5887,29.67987494,30.8484,9.0271,21.5277,7.884440304,-0.28304,28,115
NG-BOR-147,North East,Borno,Damboa,Borno,Damboa,2,"Low maternal care, high conflict exposure",3.498120346,43.4987,12.7013,29.0782,28.7353,52.8514,20.1076,29.68890739,26.6765,7.4463,26.6879,20.20872561,-0.464097187,209,764
NG-BOR-148,North East,Borno,Dikwa,Borno,Dikwa,2,"Low maternal care, high conflict exposure",2.956876257,42.9887,13.3556,27.6044,19.9873,28.219,18.2382,30.53463224,27.1152,6.0993,29.6894,11.22984149,-0.362622807,78,445
NG-BOR-149,North East,Borno,Gubio,Borno,Gubio,2,"Low maternal care, high conflict exposure",1.95744737,51.051,14.3894,31.9654,25.5174,35.7535,12.1542,29.30233464,9.2011,2.4214,26.6751,11.5504938,-0.173495146,24,105
NG-BOR-150,North East,Borno,Guzamala,Borno,Guzamala,2,"Low maternal care, high conflict exposure",2.076855539,48.5041,15.476,32.1782,25.0359,32.0498,14.2197,30.65594815,10.8534,2.6698,28.6814,11.45641866,-0.315884984,19,77
NG-BOR-151,North East,Borno,Gwoza,Borno,Gwoza,2,"Low maternal care, high conflict exposure",3.578292606,42.0399,12.5146,28.8723,30.0564,33.9741,20.7866,33.49884328,30.5591,10.4287,40.3645,20.2711058,-0.347036269,207,1273
NG-BOR-152,North East,Borno,Hawul,Borno,Hawul,2,"Low maternal care, high conflict exposure",4.833067173,40.9772,10.8361,24.2189,24.7924,50.483,22.4708,28.14615224,43.7101,18.9211,39.2006,14.53504179,-0.319601896,14,9
NG-BOR-153,North East,Borno,Jere,Borno,Jere,2,"Low maternal care, high conflict exposure",2.801513876,43.009,14.0342,29.5493,23.073,19.7375,16.1367,34.82312076,19.7486,9.5359,39.643,5.955376838,0.000958333,32,51
NG-BOR-154,North East,Borno,Kaga,Borno,Kaga,2,"Low maternal care, high conflict exposure",2.456196858,48.4108,13.1304,31.8438,28.608,37.9671,15.0735,28.47768947,17.1495,4.0788,23.8256,15.09222454,-0.513823333,48,171
NG-BOR-155,North East,Borno,Kala/Balge,Borno,Kala/Balge,2,"Low maternal care, high conflict exposure",3.0021276,41.9669,12.5956,26.5905,20.1328,33.4763,19.6162,29.4495323,30.2901,7.0945,50.7428,33.04837277,-0.417979452,12,107
NG-BOR-156,North East,Borno,Konduga,Borno,Konduga,2,"Low maternal care, high conflict exposure",4.407013032,37.0519,13.7791,26.6514,23.4788,23.0662,18.358,35.90625092,18.8478,5.3551,27.8516,15.76617526,-0.3742,135,656
NG-BOR-157,North East,Borno,Kukawa,Borno,Kukawa,2,"Low maternal care, high conflict exposure",2.317702087,44.8546,15.2694,30.8245,25.6789,18.2909,16.1261,30.80450406,16.1842,3.554,34.952,46.27522314,-0.235055901,75,687
NG-BOR-158,North East,Borno,Kwaya Kusar,Borno,Kwaya Kusar,2,"Low maternal care, high conflict exposure",3.400711649,46.9878,11.3955,27.7055,24.4946,27.8876,20.4425,25.30691005,34.6212,16.092,26.7917,9.238383251,-0.366820513,2,3
NG-BOR-159,North East,Borno,Mafa,Borno,Mafa,2,"Low maternal care, high conflict exposure",2.535600253,43.1243,14.2293,29.0619,20.5953,28.5684,16.3931,31.07997443,18.8304,4.5018,20.0832,9.828765459,-0.370004651,94,349
NG-BOR-160,North East,Borno,Magumeri,Borno,Magumeri,2,"Low maternal care, high conflict exposure",2.043289961,49.7219,14.2262,32.0003,25.516,8.1312,12.3657,29.65004295,10.641,2.4573,11.3554,12.04919699,-0.30175502,37,87
NG-BOR-161,North East,Borno,Maiduguri,Borno,Maiduguri,2,"Low maternal care, high conflict exposure",5.149680507,33.4647,13.7294,25.0396,22.0416,36.2633,19.9112,38.36058605,30.5858,26.3709,76.9961,1.470532495,1.005277778,91,242
NG-BOR-162,North East,Borno,Marte,Borno,Marte,2,"Low maternal care, high conflict exposure",2.765182891,41.2251,13.9934,28.0604,18.9128,45.2298,17.8895,31.11835077,21.5545,4.1754,37.1115,18.58187621,-0.389084507,86,1368
NG-BOR-163,North East,Borno,Mobbar,Borno,Mobbar,2,"Low maternal care, high conflict exposure",1.782167114,52.527,14.6796,33.5425,34.6592,20.8553,12.4892,27.76948454,10.5164,2.3569,39.6539,13.70143473,-0.160718833,93,461
NG-BOR-164,North East,Borno,Monguno,Borno,Monguno,2,"Low maternal care, high conflict exposure",2.215043323,44.9486,14.7644,30.1288,23.4383,35.6869,15.3447,31.01378405,19.2871,4.0709,37.5925,27.76039659,-0.265930851,82,287
NG-BOR-165,North East,Borno,Ngala,Borno,Ngala,2,"Low maternal care, high conflict exposure",3.809873081,39.4129,13.1052,26.1276,19.5124,23.2543,21.1854,31.29501567,29.5139,6.5856,59.8659,18.5798901,-0.327775281,104,513
NG-BOR-166,North East,Borno,Nganzai,Borno,Nganzai,2,"Low maternal care, high conflict exposure",2.06491225,47.7368,14.6719,31.06,22.4478,49.4588,13.5043,30.1065209,12.0097,3.1529,26.3341,8.715929536,-0.208074349,48,119
NG-BOR-167,North East,Borno,Shani,Borno,Shani,2,"Low maternal care, high conflict exposure",3.869143565,45.913,10.8865,26.5979,27.0853,71.3566,23.316,26.87004421,38.4157,20.7476,25.8549,6.857274791,-0.296128205,5,10
NG-CRO-168,South South,Cross River,Abi,Cross River,Abi,4,Near-average,8.143089716,23.7555,7.9629,14.3556,20.5875,46.2113,24.6545,28.45308773,74.4573,61.3846,81.034,5.852069673,-0.151258065,0,0
NG-CRO-169,South South,Cross River,Akamkpa,Cross River,Akamkpa,3,Geographically isolated,7.749623713,30.122,7.4616,16.3365,15.8133,37.9,22.6016,29.38206669,45.2484,25.877,11.7691,183.6126845,-0.211096774,6,3
NG-CRO-170,South South,Cross River,Akpabuyo,Cross River,Akpabuyo,4,Near-average,8.188465815,30.4879,7.4709,18.4981,15.802,44.3775,22.2645,29.09186965,57.2049,26.4509,54.0243,47.61841419,-0.202523256,14,23
NG-CRO-171,South South,Cross River,Bakassi,Cross River,Bakassi [? Cameroon (2008)],3,Geographically isolated,7.418938344,31.4347,6.7391,17.4539,15.3554,47.3877,23.3467,26.99336582,46.5823,16.4627,30.5314,60.65465249,-0.198541667,0,0
NG-CRO-172,South South,Cross River,Bekwarra,Cross River,Bekwara,4,Near-average,7.860011163,23.2931,7.2424,13.8634,13.1066,31.9517,26.0383,31.97953812,64.4147,64.5671,73.2468,6.609178835,-0.234769231,0,0
NG-CRO-173,South South,Cross River,Biase,Cross River,Biase,4,Near-average,7.935429628,27.2636,7.7682,15.185,20.0206,56.9013,24.5489,28.05407111,58.5023,42.0405,24.5275,31.84757808,-0.341346154,15,9
NG-CRO-174,South South,Cross River,Boki,Cross River,Boki,3,Geographically isolated,7.752792225,25.6556,6.7755,13.7063,12.3222,42.5436,22.913,31.39328755,60.1995,59.0708,18.6878,92.27154376,-0.415870504,3,25
NG-CRO-175,South South,Cross River,Calabar Municipal,Cross River,Calabar Municipal,5,Relatively advantaged,7.899585329,30.3604,7.6906,18.0732,16.5693,20.3327,26.3262,27.10757952,72.2072,56.1514,94.9369,6.763154496,0.977125,48,38
NG-CRO-176,South South,Cross River,Calabar South,Cross River,Calabar South,4,Near-average,7.899585329,30.3604,7.6906,18.0732,17.3634,20.3327,21.9334,27.10757952,66.2523,40.1977,69.5428,52.15338945,0.383538462,10,5
NG-CRO-177,South South,Cross River,Etung,Cross River,Etung,3,Geographically isolated,8.447435034,26.8438,7.1991,14.5882,11.3942,57.2614,23.8724,30.70128716,55.4373,44.3751,14.5795,113.8999469,-0.4821,0,0
NG-CRO-178,South South,Cross River,Ikom,Cross River,Ikom,4,Near-average,8.911496277,23.7585,7.3478,14.0399,11.7717,59.5825,25.5548,30.64565423,67.3366,53.6471,34.1918,27.25671666,-0.316593548,11,13
NG-CRO-179,South South,Cross River,Obanliku,Cross River,Obanliku,3,Geographically isolated,7.599079402,24.4184,6.5384,13.2836,12.5543,66.9857,20.0879,32.02974893,58.158,57.3997,44.1845,66.51190988,-0.359505051,3,0
NG-CRO-180,South South,Cross River,Obubra,Cross River,Obubra,3,Geographically isolated,7.777154579,25.649,7.8713,15.2685,15.1564,49.8212,24.6404,28.98766192,55.255,42.0376,35.2263,79.82789855,-0.254244186,8,45
NG-CRO-181,South South,Cross River,Obudu,Cross River,Obudu,4,Near-average,7.994217413,23.7996,6.9645,13.8045,13.1627,45.3784,21.7157,31.81976393,68.4473,68.597,54.3826,25.3135469,-0.090203704,4,4
NG-CRO-182,South South,Cross River,Odukpani,Cross River,Odukpani,4,Near-average,7.706762569,29.9024,7.9585,16.6075,17.7738,51.8643,23.0569,27.97854986,55.5542,27.9924,38.4885,30.31807905,-0.068209677,8,15
NG-CRO-183,South South,Cross River,Ogoja,Cross River,Ogoja,4,Near-average,7.927327718,23.4568,7.491,14.3351,13.9376,41.3409,24.7099,31.23796773,68.7892,60.477,70.559,7.657818811,-0.237683761,0,0
NG-CRO-184,South South,Cross River,Yakurr,Cross River,Yakurr,4,Near-average,8.066851751,24.8954,7.898,15.0648,17.2725,59.1091,20.3911,28.35280182,72.4002,62.1238,58.2286,30.52424739,-0.194666667,8,12
NG-CRO-185,South South,Cross River,Yala,Cross River,Yala,4,Near-average,7.112768454,23.916,7.6158,13.9091,16.7486,10.741,27.3625,30.03958064,64.1513,56.7045,70.617,9.321239721,-0.329752632,10,39
NG-DEL-186,South South,Delta,Aniocha North,Delta,Aniocha North,4,Near-average,8.515477361,19.5497,7.3212,11.061,25.1766,7.6826,22.6244,24.14652063,64.101,74.1485,52.9465,7.170856409,-0.044837209,4,3
NG-DEL-187,South South,Delta,Aniocha South,Delta,Aniocha South,5,Relatively advantaged,8.73386295,19.0918,7.4572,11.1304,25.0353,16.6212,20.8885,23.7164245,74.9845,76.7622,69.4876,9.726745981,-0.127451613,45,39
NG-DEL-188,South South,Delta,Bomadi,Delta,Bomadi,4,Near-average,7.722819896,24.084,7.1908,12.9689,20.0016,28.5916,20.7755,29.09275034,44.5733,25.4485,44.157,25.71972977,-0.208173913,3,7
NG-DEL-189,South South,Delta,Burutu,Delta,Burutu,3,Geographically isolated,7.166620235,26.0565,7.4506,13.5027,25.334,9.8678,17.244,27.8120352,30.852,14.9443,18.4158,93.09762619,-0.195054348,16,35
NG-DEL-190,South South,Delta,Ethiope East,Delta,Ethiope East,5,Relatively advantaged,9.170770374,20.3862,8.5068,13.0755,24.3132,6.0139,20.7528,27.72143979,75.3636,58.2522,88.1018,6.972589558,0.073571429,28,11
NG-DEL-191,South South,Delta,Ethiope West,Delta,Ethiope West,5,Relatively advantaged,9.103872942,20.1637,8.1272,12.2452,25.9141,11.9072,24.6433,29.54031472,76.2351,62.6729,82.7155,11.32361696,0.200076923,19,27
NG-DEL-192,South South,Delta,Ika North East,Delta,Ika North East,5,Relatively advantaged,8.899280748,19.697,7.4313,11.5656,22.5903,5.0956,23.6577,24.93484193,76.728,81.9762,77.0672,11.90909105,0.039704545,6,3
NG-DEL-193,South South,Delta,Ika South,Delta,Ika South,5,Relatively advantaged,9.244114022,18.8293,7.4324,11.6209,20.2078,8.0326,25.3994,25.57400996,77.9199,81.8844,82.2058,6.345304081,0.104019231,13,13
NG-DEL-194,South South,Delta,Isoko North,Delta,Isoko North,5,Relatively advantaged,8.615169254,21.6945,8.1262,13.6142,22.6953,10.5873,18.7886,26.8147881,73.0273,54.8476,89.7602,10.14455442,0.041962264,17,9
NG-DEL-195,South South,Delta,Isoko South,Delta,Isoko South,5,Relatively advantaged,8.616012228,22.0125,7.7245,13.6303,20.6144,8.0171,18.6965,26.9753533,62.3231,43.1327,82.1646,15.04391687,-0.075963855,9,22
NG-DEL-196,South South,Delta,Ndokwa East,Delta,Ndokwa East,5,Relatively advantaged,8.148742942,20.7867,7.5168,12.3962,21.8666,5.3449,21.625,24.82947625,60.7106,54.1777,71.2766,30.70386941,-0.297164384,7,9
NG-DEL-197,South South,Delta,Ndokwa West,Delta,Ndokwa West,5,Relatively advantaged,8.834208748,19.9782,8.1626,12.6107,23.6728,9.6909,19.5537,25.03121489,75.54,70.1882,83.7088,10.9035567,-0.161884058,15,17
NG-DEL-198,South South,Delta,Okpe,Delta,Okpe,5,Relatively advantaged,8.441226106,20.9183,8.5068,12.4858,25.1082,7.1004,24.141,30.23402939,68.9566,47.6434,76.5045,10.78509386,0.016610169,11,6
NG-DEL-199,South South,Delta,Oshimili North,Delta,Oshimili North,5,Relatively advantaged,9.104361723,18.3238,7.3516,10.3417,24.0836,6.7061,24.3261,23.64142623,73.8015,76.5572,70.4409,7.881394537,-0.148342857,16,20
NG-DEL-200,South South,Delta,Oshimili South,Delta,Oshimili South,5,Relatively advantaged,10.43548184,16.4964,7.6139,9.9653,23.6267,8.4615,26.7456,22.57303951,75.5092,76.5973,75.0937,14.66692205,0.23132,27,22
NG-DEL-201,South South,Delta,Patani,Delta,Patani,4,Near-average,8.374415188,22.9119,6.9497,12.7828,17.9048,10.4389,21.5698,27.79048343,42.8957,23.5283,58.9953,22.31900746,-0.037958333,3,4
NG-DEL-202,South South,Delta,Sapele,Delta,Sapele,5,Relatively advantaged,8.726208509,21.5833,7.9905,12.2182,25.4087,5.0588,27.3324,30.20445528,66.3302,47.9344,69.3103,23.31588281,-0.083705882,29,23
NG-DEL-203,South South,Delta,Udu,Delta,Udu,5,Relatively advantaged,8.896197192,21.186,8.3943,12.3982,24.0103,9.872,22.4362,29.99708428,77.0372,61.06,92.4532,3.248138705,0.51936,28,26
NG-DEL-204,South South,Delta,Ughelli North,Delta,Ughelli North,5,Relatively advantaged,8.728051681,22.0656,8.4734,13.5147,23.8198,11.7928,19.2729,28.27315524,69.3132,52.3809,83.0846,9.649926265,0.068885417,98,95
NG-DEL-205,South South,Delta,Ughelli South,Delta,Ughelli South,5,Relatively advantaged,7.953074064,23.6203,7.8863,13.1681,23.9144,3.7753,20.5329,28.88623753,59.9245,40.872,68.7483,25.24385335,-0.062766234,12,11
NG-DEL-206,South South,Delta,Ukwuani,Delta,Ukwuani,5,Relatively advantaged,9.763296517,18.3843,8.0829,12.0378,22.5191,1.6641,21.6532,25.1199299,77.8124,73.7119,89.1155,10.11124001,-0.02784375,20,25
NG-DEL-207,South South,Delta,Uvwie,Delta,Uvwie,5,Relatively advantaged,10.63382567,18.5259,8.3778,10.9327,23.1154,17.1989,27.4334,29.3395942,75.7475,61.442,91.2712,3.775531798,0.6968,23,28
NG-DEL-208,South South,Delta,Warri North,Delta,Warri North,3,Geographically isolated,6.522031244,27.7503,7.2386,14.52,27.9186,25.7275,20.069,28.84418942,40.6262,27.2385,26.5742,132.3037198,-0.186280702,4,2
NG-DEL-209,South South,Delta,Warri South,Delta,Warri South,3,Geographically isolated,9.305957872,20.5269,8.2535,11.5892,23.8156,85.8238,22.3261,29.34080382,39.4565,26.4503,27.6253,113.051195,0.15544,43,39
NG-DEL-210,South South,Delta,Warri South West,Delta,Warri South West,3,Geographically isolated,7.293142681,24.5528,7.8609,13.1258,27.3297,28.8232,20.1229,27.87780847,29.8291,18.1336,19.3001,145.0420481,-0.174844828,0,0
NG-EBO-211,South East,Ebonyi,Abakaliki,Ebonyi,Abakaliki,4,Near-average,8.471700039,19.852,8.4023,12.9886,20.8348,74.7829,33.8444,29.05476864,76.2709,52.6961,90.4927,2.68401121,0.110565217,35,38
NG-EBO-212,South East,Ebonyi,Afikpo North,Ebonyi,Afikpo North,4,Near-average,8.195317556,23.8071,8.1481,15.0104,23.607,64.847,27.9168,27.75901372,75.4281,64.1097,83.8055,5.296907891,0.0955625,6,12
NG-EBO-213,South East,Ebonyi,Afikpo South,Ebonyi,Afikpo South,4,Near-average,8.195317556,23.8071,8.1481,15.0104,27.1693,64.847,23.8649,27.75901372,77.3296,69.3573,70.1495,6.592714825,-0.227128205,12,16
NG-EBO-214,South East,Ebonyi,Ebonyi,Ebonyi,Ebonyi,4,Near-average,7.448823829,20.5885,8.0862,13.0619,20.8839,84.4616,32.3897,28.81372785,75.3239,60.0931,85.2486,3.268674118,-0.172016393,9,50
NG-EBO-215,South East,Ebonyi,Ezza North,Ebonyi,Ezza North,4,Near-average,7.245030507,21.9926,8.4431,13.8334,25.8772,90.3956,27.4588,28.10171068,77.2627,59.6681,94.2458,4.124414448,-0.195921875,9,16
NG-EBO-216,South East,Ebonyi,Ezza South,Ebonyi,Ezza South,4,Near-average,7.664715372,22.3222,8.4022,14.11,25.7283,91.4384,26.8536,28.94138208,75.7547,54.8846,92.1068,2.295456479,-0.13009434,6,10
NG-EBO-217,South East,Ebonyi,Ikwo,Ebonyi,Ikwo,4,Near-average,7.494442202,24.1889,8.1825,14.873,22.4545,67.6868,28.3158,29.05123445,74.1385,50.0736,85.5212,3.759196495,-0.137101695,10,15
NG-EBO-218,South East,Ebonyi,Ishielu,Ebonyi,Ishielu,4,Near-average,7.216903364,21.9245,7.5914,11.9714,25.1139,57.9923,30.4369,28.56585527,76.7904,68.9834,84.3666,5.390266624,-0.273369369,23,40
NG-EBO-219,South East,Ebonyi,Ivo,Ebonyi,Ivo,4,Near-average,8.743324059,21.2481,7.9221,13.3653,34.7737,78.3522,28.6785,27.09642225,78.4864,72.1898,78.2624,5.323624321,0.085787879,18,30
NG-EBO-220,South East,Ebonyi,Izzi,Ebonyi,Izzi,4,Near-average,6.972148603,22.7585,8.2109,14.4508,23.033,84.278,28.0005,28.63015413,69.6167,49.4844,80.2752,3.519210694,-0.26980203,17,28
NG-EBO-221,South East,Ebonyi,Ohaozara,Ebonyi,Ohaozara,4,Near-average,8.08117423,22.5456,7.9218,13.2583,28.7259,86.209,28.9901,28.38291174,77.5672,66.5274,85.322,4.148590452,-0.148266667,13,6
NG-EBO-222,South East,Ebonyi,Ohaukwu,Ebonyi,Ohaukwu,4,Near-average,7.271759808,21.5119,7.838,12.9227,22.8294,80.7146,30.3269,29.41588061,76.1144,65.3925,86.7808,3.519552085,-0.166526718,39,134
NG-EBO-223,South East,Ebonyi,Onicha,Ebonyi,Onicha,4,Near-average,7.980983997,22.4903,7.741,12.5732,27.8509,21.5866,33.2401,29.28052918,76.8247,62.2303,89.1697,2.862660979,-0.204273973,27,63
NG-EDO-224,South South,Edo,Akoko-Edo,Edo,Akoko-Edo,5,Relatively advantaged,7.816337085,23.0755,6.9165,12.0412,19.5863,13.226,28.0383,28.33680383,76.5935,81.222,68.466,12.73948749,-0.241322368,23,25
NG-EDO-225,South South,Edo,Egor,Edo,Egor,5,Relatively advantaged,10.25615706,18.0554,7.4535,11.8216,19.5025,15.9526,31.9902,29.4419247,81.7046,81.3135,95.7607,1.804398775,1.0455,20,13
NG-EDO-226,South South,Edo,Esan Central,Edo,Esan Central,5,Relatively advantaged,8.54267864,20.8051,7.113,11.832,16.2767,17.1625,28.8197,26.18912475,78.4484,85.3356,74.3164,4.891940611,-0.003297297,5,7
NG-EDO-227,South South,Edo,Esan North-East,Edo,Esan North East,5,Relatively advantaged,8.598125252,19.5472,7.0869,11.176,15.4909,15.0051,26.8847,26.13902412,72.3471,80.2235,68.6152,6.591338786,0.019487179,6,2
NG-EDO-228,South South,Edo,Esan South-East,Edo,Esan South East,4,Near-average,8.388848065,20.7851,7.1618,11.3404,18.4882,17.9882,26.9204,25.01572589,61.3043,70.5716,42.17,12.77275409,-0.195794872,8,2
NG-EDO-229,South South,Edo,Esan West,Edo,Esan West,5,Relatively advantaged,8.943550899,19.8662,6.9681,11.396,16.8346,23.4214,28.9545,26.8364175,75.6057,83.184,59.9788,8.276970072,0.040074074,10,3
NG-EDO-230,South South,Edo,Etsako Central,Edo,Etsako Central,4,Near-average,7.629562995,23.1032,7.1295,11.6581,19.7074,22.533,25.5806,25.50344155,65.5041,68.0514,56.597,12.21832892,-0.161613636,3,0
NG-EDO-231,South South,Edo,Etsako East,Edo,Etsako East,5,Relatively advantaged,7.520454124,23.1307,7.1314,11.8867,20.7609,22.2079,25.1474,26.76516213,68.4462,72.1552,62.329,16.74355266,-0.127858974,11,12
NG-EDO-232,South South,Edo,Etsako West,Edo,Etsako West,5,Relatively advantaged,8.563360523,21.0626,7.1398,11.628,17.8991,17.6418,27.0891,25.69974734,67.204,77.6476,56.9406,10.19669211,-0.060033333,39,48
NG-EDO-233,South South,Edo,Igueben,Edo,Igueben,4,Near-average,8.286722265,20.384,7.0878,11.6359,17.5802,15.8422,26.4771,25.65705754,74.7661,82.5097,58.732,10.63809239,-0.187707317,2,0
NG-EDO-234,South South,Edo,Ikpoba-Okha,Edo,Ikpoba-Okha,5,Relatively advantaged,9.740176544,18.6546,7.5294,11.8203,19.7713,24.2132,31.6325,28.98973937,74.9599,66.4694,87.8285,24.4054556,0.323649351,27,29
NG-EDO-235,South South,Edo,Oredo,Edo,Oredo,5,Relatively advantaged,10.43336658,18.3351,7.6354,11.8897,21.268,6.9472,29.5975,28.94609,74.8835,69.8963,86.5755,19.6945109,0.338297297,115,103
NG-EDO-236,South South,Edo,Orhionmwon,Edo,Orhionmwon,4,Near-average,7.655931152,22.3984,7.8924,13.343,23.3617,12.9995,20.5944,26.74135866,73.0993,70.5739,66.2345,17.01029403,-0.122110345,7,1
NG-EDO-237,South South,Edo,Ovia North-East,Edo,Ovia North East,4,Near-average,7.206794683,24.3954,7.169,13.8167,21.3951,18.7835,26.0054,28.16584336,66.9743,61.9658,36.1311,37.20772525,-0.28825,27,41
NG-EDO-238,South South,Edo,Ovia South-West,Edo,Ovia South West,4,Near-average,6.920920142,27.122,7.2939,15.4594,23.3743,30.6794,23.6601,27.76041746,67.6477,56.5711,24.7948,54.21094661,-0.355212264,18,13
NG-EDO-239,South South,Edo,Owan East,Edo,Owan East,4,Near-average,7.680826004,23.3046,6.9231,12.3055,18.5479,19.6604,26.9454,25.70942279,66.1268,76.4241,48.141,13.39838006,-0.308853211,7,9
NG-EDO-240,South South,Edo,Owan West,Edo,Owan West,4,Near-average,8.133148757,22.5025,6.8087,12.4215,18.43,15.3124,28.5345,26.20943236,69.2909,75.7781,34.8705,19.37089801,-0.226285714,11,10
NG-EDO-241,South South,Edo,Uhunmwonde,Edo,Uhunmwonde,4,Near-average,8.651540157,20.6203,7.3465,12.2926,20.1026,18.1694,30.6634,28.09295065,71.6608,73.9253,39.9023,23.02774857,-0.083260504,18,18
NG-EKI-242,South West,Ekiti,Ado Ekiti,Ekiti,Ado Ekiti,5,Relatively advantaged,11.5212246,20.1105,7.5076,12.7808,24.2604,14.0753,39.8461,28.21349554,85.9531,76.381,87.2256,4.931374466,0.281452381,34,14
NG-EKI-243,South West,Ekiti,Aiyekire (Gbonyin),Ekiti,Aiyekire (Gbonyin),4,Near-average,9.193417372,23.7805,6.7404,12.5065,21.0552,10.0714,33.3891,29.29316991,86.9173,78.6934,72.0445,6.009674169,-0.256734694,3,0
NG-EKI-244,South West,Ekiti,Efon,Ekiti,Efon,4,Near-average,9.447470538,24.8756,7.4204,14.1808,25.3962,8.9217,34.5516,30.5931345,89.0142,82.1122,83.8931,6.760357307,-0.224727273,3,0
NG-EKI-245,South West,Ekiti,Ekiti East,Ekiti,Ekiti East,4,Near-average,9.213637686,23.4585,6.7753,12.2076,19.0086,14.5008,32.0928,30.10794829,85.6828,74.5219,73.096,5.254171723,-0.254575,5,3
NG-EKI-246,South West,Ekiti,Ekiti South West,Ekiti,Ekiti South West,4,Near-average,9.02294091,24.8058,7.3037,14.0564,24.18,13.4906,33.5088,30.44849707,87.8376,80.475,78.8591,7.254423389,-0.255459459,1,0
NG-EKI-247,South West,Ekiti,Ekiti West,Ekiti,Ekiti West,4,Near-average,8.952139461,25.2841,7.3022,14.2244,25.6807,18.5741,37.3362,31.48961213,88.5304,80.4405,83.3361,5.639628508,-0.145909091,3,0
NG-EKI-248,South West,Ekiti,Emure,Ekiti,Emure,4,Near-average,8.900849301,23.3059,6.8953,12.4631,18.0125,6.0736,35.2731,28.7167123,86.9173,82.0204,70.7197,6.178578546,-0.359771429,5,3
NG-EKI-249,South West,Ekiti,Ido-Osi,Ekiti,Ido-Osi,4,Near-average,9.50454117,23.7786,7.0309,13.3932,24.435,12.7208,32.6715,30.99989831,87.0692,75.2849,90.9189,4.588666399,0.095137931,2,1
NG-EKI-250,South West,Ekiti,Ijero,Ekiti,Ijero,4,Near-average,10.36297394,23.0824,7.1022,13.3086,25.7412,17.458,37.6891,31.53512655,88.6642,79.7819,84.642,5.078587532,-0.215735849,3,1
NG-EKI-251,South West,Ekiti,Ikere,Ekiti,Ikere,5,Relatively advantaged,10.15592347,21.5971,7.2331,12.785,20.0347,19.8131,35.9261,27.37138726,85.8829,77.925,81.739,8.776817078,-0.179,10,16
NG-EKI-252,South West,Ekiti,Ikole,Ekiti,Ikole,4,Near-average,8.968023805,24.2453,6.8182,12.7499,22.7662,7.2176,30.5085,29.8365771,74.6238,60.5118,64.1387,12.86296712,-0.34940625,18,6
NG-EKI-253,South West,Ekiti,Ilejemeje,Ekiti,Ilejemeje,4,Near-average,9.810086251,24.3802,7.1075,13.8816,24.4114,13.0394,25.447,29.64340382,84.9259,71.1263,88.8354,5.028031413,-0.041692308,4,2
NG-EKI-254,South West,Ekiti,Irepodun/Ifelodun,Ekiti,Irepodun/Ifelodun,4,Near-average,9.653366964,23.0558,7.0877,13.0495,23.8198,19.3233,33.5361,29.99832833,85.9101,75.6051,80.9269,5.683922304,-0.093727273,4,2
NG-EKI-255,South West,Ekiti,Ise/Orun,Ekiti,Ise/Orun,4,Near-average,8.900849301,23.3059,6.8953,12.4631,19.2267,6.0736,35.1151,28.7167123,86.6029,80.1685,70.3439,13.15719215,-0.405875,5,3
NG-EKI-256,South West,Ekiti,Moba,Ekiti,Moba,4,Near-average,9.952104389,24.1706,7.4591,14.0771,23.524,12.897,30.8141,29.78265174,85.639,74.0561,89.1095,4.200477078,-0.051636364,3,0
NG-EKI-257,South West,Ekiti,Oye,Ekiti,Oye,4,Near-average,9.244318366,23.9784,6.9891,13.2174,24.6801,65.4209,31.4174,30.06938354,80.9384,65.8849,76.7561,10.40536031,-0.061232558,8,2
NG-ENU-258,South East,Enugu,Aninri,Enugu,Aninri,4,Near-average,8.084431377,20.791,7.6367,12.5178,29.508,41.7857,30.3432,27.46895591,78.5177,71.842,82.2864,5.588262811,-0.132785714,6,3
NG-ENU-259,South East,Enugu,Awgu,Enugu,Awgu,4,Near-average,8.946921397,17.6975,7.5245,11.4837,23.9018,41.0436,25.1565,26.44946519,82.5216,83.3082,80.2526,6.813299391,0.006881356,0,0
NG-ENU-260,South East,Enugu,Enugu East,Enugu,Enugu East,5,Relatively advantaged,10.5319044,15.699,7.2552,8.9777,24.4706,24.9965,28.8071,28.56851246,85.8258,84.6315,91.5156,5.660598399,0.275958333,24,23
NG-ENU-261,South East,Enugu,Enugu North,Enugu,Enugu North,5,Relatively advantaged,10.59734848,15.4851,7.0719,8.7746,24.9778,33.8705,29.6626,28.22063232,90.1052,92.3301,99.0616,1.236661198,1.010888889,44,33
NG-ENU-262,South East,Enugu,Enugu South,Enugu,Enugu South,5,Relatively advantaged,9.953168629,15.4298,7.1947,9.3593,23.5158,22.8678,27.7627,26.22520297,88.0653,90.3394,97.9645,2.071584139,0.6119375,20,34
NG-ENU-263,South East,Enugu,Ezeagu,Enugu,Ezeagu,4,Near-average,8.534534799,17.9103,7.3421,10.3372,23.4021,51.9778,22.8698,25.23815599,83.5604,83.6808,82.4718,5.979586397,-0.039987342,7,12
NG-ENU-264,South East,Enugu,Igbo-Etiti,Enugu,Igbo-Etiti,4,Near-average,8.487098068,19.4495,6.755,9.0176,26.2492,45.2726,24.888,29.84475837,83.1078,77.9639,82.3977,5.979884503,-0.03448,9,7
NG-ENU-265,South East,Enugu,Igbo-Eze North,Enugu,Igbo-Eze North,4,Near-average,8.102737234,20.0545,6.8543,10.6247,24.5945,51.2263,19.8455,29.40886087,87.0749,81.2087,86.527,1.519071419,0.071590909,26,24
NG-ENU-266,South East,Enugu,Igbo-Eze South,Enugu,Igbo-Eze South,4,Near-average,8.18462075,19.0498,6.8926,10.322,25.7234,73.2411,18.1968,29.28731873,88.2851,81.7238,91.8174,1.333813864,0.1436875,3,1
NG-ENU-267,South East,Enugu,Isi-Uzo,Enugu,Isi-Uzo,4,Near-average,7.478880416,20.8453,6.8973,10.2664,23.3049,52.6406,25.2529,28.49152095,80.1255,76.215,79.6028,4.943226952,-0.317564516,49,93
NG-ENU-268,South East,Enugu,Nkanu East,Enugu,Nkanu East,4,Near-average,7.936367652,19.0668,7.4948,11.2733,24.5577,39.8656,27.3961,27.41463023,80.1214,74.4632,81.9228,6.347472394,-0.175008547,33,38
NG-ENU-269,South East,Enugu,Nkanu West,Enugu,Nkanu West,4,Near-average,9.206288461,16.0927,7.4378,10.5217,22.3423,52.4343,23.4344,27.20683933,84.2682,84.6958,88.86,5.585898468,0.189540541,12,9
NG-ENU-270,South East,Enugu,Nsukka,Enugu,Nsukka,5,Relatively advantaged,9.321839187,17.5502,6.8976,9.4015,25.4138,32.5057,23.4543,29.9020928,85.2559,79.8663,84.3858,3.418285678,-0.041690722,33,19
NG-ENU-271,South East,Enugu,Oji River,Enugu,Oji-River,4,Near-average,8.668025882,17.4136,7.5852,11.3308,20.2251,55.3918,22.9738,24.94800501,83.3476,86.9866,82.5369,5.355928643,0.048660714,15,17
NG-ENU-272,South East,Enugu,Udenu,Enugu,Udenu,4,Near-average,8.485201872,19.7163,6.8557,10.0111,22.6807,39.1711,22.8396,30.432365,87.6079,82.0433,86.976,1.873537804,0.049442308,3,12
NG-ENU-273,South East,Enugu,Udi,Enugu,Udi,4,Near-average,8.561523323,17.3833,7.2047,9.7221,25.1513,36.7142,22.4663,27.66726324,86.726,86.3591,86.3625,6.205247866,0.080133333,19,10
NG-ENU-274,South East,Enugu,Uzo-Uwani,Enugu,Uzo-Uwani,5,Relatively advantaged,7.83201483,20.3956,7.0792,10.0027,27.1546,24.3414,22.8615,26.54650607,80.7175,75.8705,68.9174,10.13155453,-0.232353659,23,42
NG-FCT-275,North Central,FCT,Abaji,FCT,Abaji,4,Near-average,5.545741744,31.6404,7.7063,16.4152,29.1331,16.0867,21.2726,32.49745157,52.3592,41.0976,76.6391,12.21315696,-0.315209677,48,37
NG-FCT-276,North Central,FCT,Abuja Municipal Area Council,FCT,Abuja Municipal Area Council,4,Near-average,8.543669238,23.9896,7.3747,12.5073,25.629,11.9634,29.4995,37.1487911,,,,,,192,107
NG-FCT-277,North Central,FCT,Bwari,FCT,Bwari,4,Near-average,7.832605442,25.8738,7.1986,12.8735,29.1438,22.8319,29.9204,38.06243977,73.2986,60.4066,81.05,7.250284769,-0.095993007,46,73
NG-FCT-278,North Central,FCT,Gwagwalada,FCT,Gwagwalada,4,Near-average,6.420787812,28.5352,7.7946,15.2098,28.2349,24.8652,23.017,33.75460815,57.8309,46.9176,84.261,8.251530867,-0.188753165,51,27
NG-FCT-279,North Central,FCT,Kuje,FCT,Kuje,4,Near-average,6.232546279,30.6338,6.9833,13.8952,24.7801,24.0305,23.3227,33.68619231,72.3112,65.8834,80.1992,15.55416851,-0.347113514,56,42
NG-FCT-280,North Central,FCT,Kwali,FCT,Kwali,4,Near-average,6.059841444,29.7982,7.3768,14.9662,28.6846,19.3742,22.6248,33.98115938,59.9709,47.9162,79.9335,11.99089749,-0.29896732,37,19
NG-GOM-281,North East,Gombe,Akko,Gombe,Akko,1,Deprived northern rural,3.928159609,48.2084,11.014,30.7183,39.7947,44.2631,16.6058,23.99071472,49.8204,32.827,31.3968,20.42903688,-0.450313589,3,1
NG-GOM-282,North East,Gombe,Balanga,Gombe,Balanga,2,"Low maternal care, high conflict exposure",4.197319671,46.9715,10.4208,26.7537,33.7162,12.892,22.6442,27.07417365,54.7767,36.212,29.9476,15.26616133,-0.367931507,6,15
NG-GOM-283,North East,Gombe,Billiri,Gombe,Billiri,2,"Low maternal care, high conflict exposure",4.053512822,49.0531,9.9236,27.8104,40.4071,38.8988,19.3999,26.22967147,58.2227,48.192,32.3246,11.70835033,-0.319103448,9,16
NG-GOM-284,North East,Gombe,Dukku,Gombe,Dukku,1,Deprived northern rural,1.917055462,55.169,11.9347,36.3531,39.3885,30.0698,9.7885,19.54411523,31.1182,11.4628,24.1193,19.09297675,-0.616988889,3,3
NG-GOM-285,North East,Gombe,Funakaye,Gombe,Funakaye,1,Deprived northern rural,3.479454263,48.3397,12.8431,33.4522,36.0986,6.4751,14.6543,20.44004901,26.8077,12.8729,18.1197,16.21818611,-0.476280899,1,0
NG-GOM-286,North East,Gombe,Gombe,Gombe,Gombe,2,"Low maternal care, high conflict exposure",3.080749795,49.1476,11.318,30.4487,41.191,23.0033,14.3425,24.14409926,53.9379,45.9821,67.5914,1.891734682,0.901,9,5
NG-GOM-287,North East,Gombe,Kaltungo,Gombe,Kaltungo,2,"Low maternal care, high conflict exposure",4.012298643,49.1202,10.1983,27.6591,36.9948,14.7552,20.1007,25.58276332,56.5022,42.7874,29.3889,23.84736381,-0.375455224,0,0
NG-GOM-288,North East,Gombe,Kwami,Gombe,Kwami,1,Deprived northern rural,2.239420765,53.1114,11.9765,35.6096,40.5417,47.4673,12.7561,21.04748966,37.7886,18.2215,28.7911,16.13093684,-0.473593137,1,0
NG-GOM-289,North East,Gombe,Nafada,Gombe,Nafada,1,Deprived northern rural,2.037246974,54.5534,13.15,37.1956,40.7307,15.623,12.2866,19.43155117,26.9245,10.7495,23.5831,13.05686257,-0.556659722,0,0
NG-GOM-290,North East,Gombe,Shongom,Gombe,Shomgom,2,"Low maternal care, high conflict exposure",4.42201754,45.9797,9.4489,24.8198,43.3971,22.5402,22.3025,26.77392646,57.5646,46.9477,39.0934,22.19241785,-0.367647059,3,4
NG-GOM-291,North East,Gombe,Yamaltu/Deba,Gombe,Yamaltu/Deba,1,Deprived northern rural,2.932689845,52.2993,11.7875,32.3677,35.7513,16.1587,15.9126,21.96897846,37.8753,23.9679,23.1134,11.72413935,-0.39705614,3,2
NG-IMO-292,South East,Imo,Aboh-Mbaise,Imo,Abo-Mbaise,5,Relatively advantaged,9.867961878,19.5541,7.5359,13.3437,28.272,21.3244,24.5787,23.9874059,88.0079,92.0234,97.979,1.634416319,0.65459375,11,9
NG-IMO-293,South East,Imo,Ahiazu-Mbaise,Imo,Ahiazu-Mbaise,5,Relatively advantaged,10.35895498,18.4039,7.5124,12.8712,25.9962,22.2651,27.0147,23.32918516,84.6143,92.6529,98.6943,1.108199672,0.690823529,10,8
NG-IMO-294,South East,Imo,Ehime-Mbano,Imo,Ehime-Mbano,5,Relatively advantaged,9.881265313,18.9815,7.4988,12.6627,24.7354,15.5508,28.3301,24.58165655,83.8458,89.0285,90.9898,1.510355939,0.44569697,15,24
NG-IMO-295,South East,Imo,Ezinihitte-Mbaise,Imo,Ezinihitte,5,Relatively advantaged,9.934999619,19.8335,7.7064,13.9085,28.9816,29.1837,25.0367,23.95590888,85.0852,90.0635,97.5581,1.141134921,0.517611111,4,3
NG-IMO-296,South East,Imo,Ideato North,Imo,Ideato North,5,Relatively advantaged,9.656377296,17.4646,7.8719,12.305,19.5474,13.8202,22.4736,22.81559833,82.9358,91.5667,89.5895,1.504413343,0.51546875,18,31
NG-IMO-297,South East,Imo,Ideato South,Imo,Ideato South,5,Relatively advantaged,9.653531138,18.2559,8.0647,12.873,20.33,25.4259,23.0623,22.88014723,82.608,91.2428,93.031,1.819340561,0.309384615,3,0
NG-IMO-298,South East,Imo,Ihitte/Uboma,Imo,Ihitte/Uboma,5,Relatively advantaged,9.658104919,19.6326,7.5653,12.8403,27.2144,25.0055,29.3256,24.4630791,83.983,87.006,93.2787,1.650206474,0.627352941,6,3
NG-IMO-299,South East,Imo,Ikeduru,Imo,Ikeduru,5,Relatively advantaged,9.935119315,18.6784,7.5914,12.6591,24.2155,28.5389,25.9971,23.85238262,86.5153,93.2153,98.4991,1.118532488,0.651580645,10,18
NG-IMO-300,South East,Imo,Isiala Mbano,Imo,Isiala-Mbano,5,Relatively advantaged,9.834648985,18.8545,7.6999,12.8064,23.8287,23.3054,27.5577,23.67722136,84.5337,91.5472,96.5321,0.934090455,0.680666667,16,12
NG-IMO-301,South East,Imo,Isu,Imo,Isu,5,Relatively advantaged,10.4505313,17.1053,7.9536,12.5108,21.8172,11.5137,24.46,20.49615507,84.0639,93.3286,98.7056,1.449963784,0.8376,4,3
NG-IMO-302,South East,Imo,Mbaitoli,Imo,Mbaitoli,5,Relatively advantaged,10.18171919,17.2836,7.8689,12.6333,23.105,13.9063,23.4785,21.96147362,87.3124,93.4335,99.0259,1.089809505,0.8415,23,27
NG-IMO-303,South East,Imo,Ngor-Okpala,Imo,Ngor-Okpala,5,Relatively advantaged,9.215476709,20.5546,7.628,14.3862,26.4493,13.4364,21.7647,23.95947594,84.9348,83.247,91.8114,4.462313898,0.082027778,13,19
NG-IMO-304,South East,Imo,Njaba,Imo,Njaba,5,Relatively advantaged,10.40154789,16.4534,7.942,12.4332,20.3192,26.1571,24.5246,20.59306106,84.2514,93.5801,98.8185,1.309391722,0.509375,13,26
NG-IMO-305,South East,Imo,Nkwerre,Imo,Nkwerre,5,Relatively advantaged,10.32117503,17.55,7.8262,12.4698,21.1482,22.6966,25.4865,21.57892731,82.831,92.1795,97.2541,1.464052047,0.612,3,3
NG-IMO-306,South East,Imo,Nwangele,Imo,Nwangele,5,Relatively advantaged,10.28041157,18.0778,7.8031,12.4353,21.6051,16.2798,26.5005,22.49040412,83.9688,91.7494,97.6299,0.91948878,0.727461538,3,1
NG-IMO-307,South East,Imo,Obowo,Imo,Obowo,5,Relatively advantaged,9.999267395,19.6038,7.7619,13.1441,27.737,6.3955,27.8906,24.22471207,84.1127,88.8071,97.7603,0.99155143,0.766785714,8,11
NG-IMO-308,South East,Imo,Oguta,Imo,Oguta,5,Relatively advantaged,9.057333467,17.9477,8.034,12.9393,21.0654,6.6243,18.3742,22.59044727,82.2128,82.9595,96.3965,17.1742514,0.088686567,36,115
NG-IMO-309,South East,Imo,Ohaji/Egbema,Imo,Ohaji/Egbema,4,Near-average,9.312412795,18.5305,7.7377,13.543,21.0097,26.3094,20.3721,24.12327039,79.9674,76.4904,94.8218,10.47885084,-0.069210526,0,0
NG-IMO-310,South East,Imo,Okigwe,Imo,Okigwe,5,Relatively advantaged,9.65683567,18.5347,7.8127,12.6844,24.4815,14.7219,27.0897,24.79073047,85.0352,89.8007,82.7782,2.883394557,0.097854545,45,40
NG-IMO-311,South East,Imo,Onuimo,Imo,Unuimo,4,Near-average,9.00604558,20.3601,7.8096,12.7958,22.5503,61.4141,26.4671,24.66833637,,,,,,0,0
NG-IMO-312,South East,Imo,Orlu,Imo,Orlu,5,Relatively advantaged,9.954985425,16.3621,8.0309,12.1381,19.9944,6.1953,23.1293,21.1815747,83.0189,92.9381,97.9297,1.300827511,0.746541667,42,96
NG-IMO-313,South East,Imo,Orsu,Imo,Orsu,5,Relatively advantaged,9.986848704,16.064,7.9577,11.7655,18.2831,12.02,22.2599,21.5053603,82.5326,93.168,97.0818,1.055593271,0.608,26,58
NG-IMO-314,South East,Imo,Oru East,Imo,Oru East,5,Relatively advantaged,9.936836235,16.5278,7.8988,12.0317,21.0199,13.8893,23.4153,21.92403398,84.6988,93.2059,98.7815,1.569899174,0.603294118,18,43
NG-IMO-315,South East,Imo,Oru West,Imo,Oru West,5,Relatively advantaged,9.947788311,16.7064,7.9205,11.7785,17.5868,1.9813,23.0926,21.69357076,84.8081,91.6968,98.9128,0.959730573,0.616444444,6,12
NG-IMO-316,South East,Imo,Owerri Municipal,Imo,Owerri Municipal,5,Relatively advantaged,12.01497989,15.9801,7.9713,12.1603,23.5566,6.1371,26.6248,21.71187543,87.3484,91.4683,99.5099,0.982005768,1.194625,59,53
NG-IMO-317,South East,Imo,Owerri North,Imo,Owerri North,5,Relatively advantaged,10.65846054,17.2443,7.6958,12.5018,24.1589,7.617,24.0245,23.28724135,87.528,90.5497,98.0814,1.913787151,0.652310345,21,20
NG-IMO-318,South East,Imo,Owerri West,Imo,Owerri West,5,Relatively advantaged,10.80171546,16.6511,7.9442,12.8009,23.5466,32.845,21.5662,22.33502709,84.2308,83.9995,96.8799,3.764108477,0.299738095,29,34
NG-JIG-319,North West,Jigawa,Auyo,Jigawa,Auyo,1,Deprived northern rural,1.932535984,60.3052,13.9099,40.3891,48.2835,57.6568,8.7419,24.03702634,44.2756,12.422,98.754,10.33648612,-0.381676471,1,0
NG-JIG-320,North West,Jigawa,Babura,Jigawa,Babura,1,Deprived northern rural,2.210308168,63.5255,15.9148,44.7752,50.3843,48.6516,4.0833,30.44712182,41.3559,10.9186,79.8269,12.713433,-0.585348837,3,2
NG-JIG-321,North West,Jigawa,Birnin Kudu,Jigawa,Birnin Kudu,1,Deprived northern rural,2.301747745,60.0558,12.0546,36.9298,48.8357,42.7468,11.2234,24.75499312,37.5824,8.6006,68.3996,18.00793844,-0.428708,5,7
NG-JIG-322,North West,Jigawa,Birniwa,Jigawa,Biriniwa,1,Deprived northern rural,1.793620132,64.1838,15.0953,43.8712,51.3543,40.4965,5.5757,24.2516972,30.2681,6.8269,97.8171,25.37666199,-0.743653543,0,0
NG-JIG-323,North West,Jigawa,Buji,Jigawa,Buji,1,Deprived northern rural,1.823524117,64.0782,12.932,39.8262,48.8209,58.5279,9.8695,22.18568525,32.2642,8.7945,62.5497,13.45597292,-0.585027778,0,0
NG-JIG-324,North West,Jigawa,Dutse,Jigawa,Dutse,1,Deprived northern rural,2.660461019,56.8908,12.5986,35.9318,47.388,65.9424,11.3833,28.22021922,44.2862,12.3189,81.8202,13.82389049,-0.368039548,11,5
NG-JIG-325,North West,Jigawa,Gagarawa,Jigawa,Gagarawa,1,Deprived northern rural,1.954552409,64.1424,14.8914,44.4832,56.3056,57.9317,5.1308,26.59275235,49.425,14.4445,99.351,9.939998581,-0.759771739,0,0
NG-JIG-326,North West,Jigawa,Garki,Jigawa,Garki,1,Deprived northern rural,2.073530426,64.6406,16.0197,45.2739,53.4579,56.4335,4.4236,29.76107735,47.1469,13.4442,88.2269,21.20233768,-0.677867841,1,0
NG-JIG-327,North West,Jigawa,Gumel,Jigawa,Gumel,1,Deprived northern rural,3.381446698,56.0175,14.7761,40.027,57.3278,56.2297,5.5739,29.48769751,50.0112,16.2952,99.6748,7.493090893,-0.527860465,0,0
NG-JIG-328,North West,Jigawa,Guri,Jigawa,Guri,1,Deprived northern rural,1.8172111,59.204,13.8913,38.6938,41.9196,52.2184,9.782,23.09571066,41.9234,10.6057,83.8235,26.10444562,-0.406962733,5,4
NG-JIG-329,North West,Jigawa,Gwaram,Jigawa,Gwaram,1,Deprived northern rural,1.966191334,61.6179,12.715,38.0133,46.9246,68.8577,9.056,21.61977457,35.0869,12.5574,55.0493,18.81529406,-0.468583333,0,0
NG-JIG-330,North West,Jigawa,Gwiwa,Jigawa,Gwiwa,1,Deprived northern rural,2.456166349,60.6903,14.8456,41.6734,46.8136,41.7928,4.7784,28.45149557,34.3839,11.6004,70.2054,10.06783327,-0.548173333,0,0
NG-JIG-331,North West,Jigawa,Hadejia,Jigawa,Hadejia,1,Deprived northern rural,3.822059306,50.2958,13.6777,34.7031,45.2724,72.0787,11.3776,26.09426556,55.5198,22.5036,99.7201,3.683476962,0.156,1,1
NG-JIG-332,North West,Jigawa,Jahun,Jigawa,Jahun,1,Deprived northern rural,1.892021282,63.9392,13.8032,42.6649,47.2959,49.761,6.9055,25.42768042,46.2862,15.9295,94.944,13.56514811,-0.619215686,1,1
NG-JIG-333,North West,Jigawa,Kafin Hausa,Jigawa,Kafin Hausa,1,Deprived northern rural,1.777698265,63.0314,14.4411,43.3962,47.7036,65.6085,7.6064,22.52235065,33.0193,10.4259,94.5493,14.74926347,-0.5361,1,0
NG-JIG-334,North West,Jigawa,Kaugama,Jigawa,Kaugama,1,Deprived northern rural,1.997261752,62.7071,14.6364,43.1998,55.1403,68.1927,6.5044,25.77653213,40.3038,10.9152,98.8028,12.90432311,-0.607076923,1,0
NG-JIG-335,North West,Jigawa,Kazaure,Jigawa,Kazaure,1,Deprived northern rural,3.557570471,54.387,15.3563,38.7085,44.5446,51.7067,6.3444,32.97043129,38.0148,11.6182,65.7256,9.78918457,-0.469030769,1,0
NG-JIG-336,North West,Jigawa,Kiri Kasamma,Jigawa,Kiri Kasama,1,Deprived northern rural,1.93709178,59.5903,13.8509,39.0689,45.8564,60.3757,10.1313,24.54256255,47.9914,13.0103,97.2838,17.98210059,-0.403550388,3,3
NG-JIG-337,North West,Jigawa,Kiyawa,Jigawa,Kiyawa,1,Deprived northern rural,2.031349533,63.099,13.2031,40.2787,49.2548,56.4716,9.2804,24.92990866,38.7866,12.8507,80.9973,13.50846745,-0.473931034,5,3
NG-JIG-338,North West,Jigawa,Maigatari,Jigawa,Maigatari,1,Deprived northern rural,2.761626533,59.7509,14.6395,41.6644,54.8985,55.0968,5.8857,26.81338877,40.2552,10.6364,99.4288,11.32716277,-0.636147059,2,2
NG-JIG-339,North West,Jigawa,Malam Madori,Jigawa,Malam Madori,1,Deprived northern rural,2.347394393,58.9941,14.9773,40.8704,52.569,69.1973,7.2679,25.51754597,42.3114,11.6351,98.9898,13.74958769,-0.57235,4,5
NG-JIG-340,North West,Jigawa,Miga,Jigawa,Miga,1,Deprived northern rural,2.08465027,61.5069,13.7688,41.5157,49.5116,53.5407,8.1521,24.79091552,46.3626,14.0357,98.4139,14.8675765,-0.482234043,1,0
NG-JIG-341,North West,Jigawa,Ringim,Jigawa,Ringim,1,Deprived northern rural,2.590722687,58.7495,14.5419,40.2607,44.6858,71.4753,8.1068,30.31913524,49.6724,14.2571,87.5889,14.58567384,-0.487987879,1,0
NG-JIG-342,North West,Jigawa,Roni,Jigawa,Roni,1,Deprived northern rural,2.463619631,59.2461,14.9809,42.0006,41.9413,57.1431,5.2871,30.48344554,30.7274,9.1077,64.2312,9.342641901,-0.432080645,1,0
NG-JIG-343,North West,Jigawa,Sule-Tankarkar,Jigawa,Sule Tankarkar,1,Deprived northern rural,2.767440643,60.9966,14.8631,42.3348,52.8484,67.5053,5.61,29.14166201,47.0408,13.2764,98.2129,12.50524859,-0.556472727,2,3
NG-JIG-344,North West,Jigawa,Taura,Jigawa,Taura,1,Deprived northern rural,1.996927692,62.5809,14.3217,42.0432,50.8689,64.4087,7.259,27.54810392,50.6234,15.231,95.8984,13.35745892,-0.550553191,5,5
NG-JIG-345,North West,Jigawa,Yankwashi,Jigawa,Yankwashi,1,Deprived northern rural,2.662639226,60.7753,15.232,42.0235,44.5919,44.6961,4.5799,29.95525765,38.7805,11.4631,57.0901,8.979786292,-0.552886792,1,1
NG-KAD-346,North West,Kaduna,Birnin Gwari,Kaduna,Birnin-Gwari,2,"Low maternal care, high conflict exposure",2.758453566,51.7394,10.7924,31.5737,28.9322,41.5964,7.0753,28.57972596,41.2762,10.6825,34.919,36.85431395,-0.408469534,225,873
NG-KAD-347,North West,Kaduna,Chikun,Kaduna,Chikun,2,"Low maternal care, high conflict exposure",4.881856674,47.7162,10.6827,33.0794,22.2913,37.385,12.7079,39.72803232,59.3886,19.9403,68.7452,27.6599281,-0.325962076,228,437
NG-KAD-348,North West,Kaduna,Giwa,Kaduna,Giwa,2,"Low maternal care, high conflict exposure",3.050178632,57.2481,12.7135,38.5922,28.7341,39.5567,6.4093,33.36391707,49.1021,11.4673,30.2661,14.80967423,-0.394914454,128,532
NG-KAD-349,North West,Kaduna,Igabi,Kaduna,Igabi,2,"Low maternal care, high conflict exposure",6.026890078,44.5311,11.7737,32.9409,21.2208,57.5164,11.3752,41.66298591,57.3679,15.4103,55.3873,15.72983111,-0.281331337,146,444
NG-KAD-350,North West,Kaduna,Ikara,Kaduna,Ikara,1,Deprived northern rural,3.148281932,57.0506,13.7266,39.9938,25.0868,16.0774,5.781,36.35761762,47.6944,7.7001,28.2997,5.295780771,-0.245965517,7,10
NG-KAD-351,North West,Kaduna,Jaba,Kaduna,Jaba,2,"Low maternal care, high conflict exposure",7.193273835,40.6812,8.2119,21.8722,26.5239,31.01,23.4991,37.83903664,66.838,40.9236,73.258,9.534594479,-0.268738095,1,1
NG-KAD-352,North West,Kaduna,Jema'A,Kaduna,Jema'a,4,Near-average,6.957931392,41.8873,7.7373,20.9128,26.1447,44.1328,25.2582,35.33649344,71.187,49.8819,76.7336,12.66149984,-0.272382653,31,21
NG-KAD-353,North West,Kaduna,Kachia,Kaduna,Kachia,2,"Low maternal care, high conflict exposure",5.893680515,44.0933,8.6961,25.2377,27.8708,12.5766,22.3677,37.34251972,58.4629,25.0869,65.2544,23.50841093,-0.39055914,142,192
NG-KAD-354,North West,Kaduna,Kaduna North,Kaduna,Kaduna North,2,"Low maternal care, high conflict exposure",7.510085828,35.126,11.1306,28.3007,19.9349,7.326,14.088,45.580293,81.246,46.8591,96.2229,0.776770879,1.288333333,35,42
NG-KAD-355,North West,Kaduna,Kaduna South,Kaduna,Kaduna South,2,"Low maternal care, high conflict exposure",8.192652078,34.2921,10.6702,27.4189,15.5147,28.2521,15.3009,45.64542466,84.4653,54.8562,98.5342,0.356399292,1.248666667,5,3
NG-KAD-356,North West,Kaduna,Kagarko,Kaduna,Kagarko,4,Near-average,6.605701194,39.795,8.0614,20.1313,29.4176,45.8673,25.2486,36.32290707,61.3887,33.5493,69.0089,12.06474184,-0.269744409,75,138
NG-KAD-357,North West,Kaduna,Kajuru,Kaduna,Kajuru,2,"Low maternal care, high conflict exposure",5.226033105,51.3252,10.8101,33.97,23.571,33.441,15.9921,39.64748761,58.9431,18.3278,63.5554,28.85595929,-0.451918819,113,228
NG-KAD-358,North West,Kaduna,Kaura,Kaduna,Kaura,4,Near-average,7.145592985,41.8153,7.2484,20.8979,23.9886,44.7498,26.9052,37.65779571,71.3737,50.244,74.1005,16.98340796,-0.182855263,24,148
NG-KAD-359,North West,Kaduna,Kauru,Kaduna,Kauru,2,"Low maternal care, high conflict exposure",4.945837199,52.8212,10.732,31.3868,26.7043,50.1238,16.7029,37.438857,55.519,20.0351,60.7412,32.5678902,-0.46163113,33,143
NG-KAD-360,North West,Kaduna,Kubau,Kaduna,Kubau,1,Deprived northern rural,3.178066503,56.1059,13.1115,36.5485,29.3574,33.9769,9.4793,37.43230766,52.1206,8.9044,38.1418,17.93418155,-0.438137405,1,1
NG-KAD-361,North West,Kaduna,Kudan,Kaduna,Kudan,1,Deprived northern rural,3.631494547,54.2512,12.5262,36.8392,28.3686,46.9436,6.4415,37.21455927,56.153,11.2952,31.2128,3.594651794,-0.063440678,2,3
NG-KAD-362,North West,Kaduna,Lere,Kaduna,Lere,2,"Low maternal care, high conflict exposure",5.101863319,51.3968,10.9671,29.5413,26.1523,44.6568,18.0634,39.82867935,56.535,21.3595,53.5103,21.62829341,-0.421483254,14,17
NG-KAD-363,North West,Kaduna,Makarfi,Kaduna,Makarfi,1,Deprived northern rural,3.540782833,54.8194,12.7979,37.9121,24.8442,9.2781,5.7243,37.11009704,52.8251,9.4288,30.286,4.841736667,-0.165159574,6,7
NG-KAD-364,North West,Kaduna,Sabon Gari,Kaduna,Sabon-Gari,2,"Low maternal care, high conflict exposure",5.36446681,47.4283,12.806,34.1541,22.7735,39.1669,7.4536,41.95446574,61.6617,17.8541,55.3072,3.056958498,0.283285714,20,10
NG-KAD-365,North West,Kaduna,Sanga,Kaduna,Sanga,4,Near-average,6.682735368,43.6426,7.2466,21.1796,27.3568,36.1727,23.9477,33.73123809,66.5427,46.134,64.0137,13.34863239,-0.343562249,8,12
NG-KAD-366,North West,Kaduna,Soba,Kaduna,Soba,1,Deprived northern rural,3.410087077,55.6412,13.6133,38.7865,28.6734,38.7887,8.572,38.4917063,54.0105,8.7317,33.2984,15.36186522,-0.438164265,3,2
NG-KAD-367,North West,Kaduna,Zangon Kataf,Kaduna,Zangon-Kataf,2,"Low maternal care, high conflict exposure",6.927651126,43.3721,8.1211,23.6504,26.0983,12.2632,24.0559,39.11101323,62.818,31.6639,70.2997,18.53936685,-0.343463557,95,364
NG-KAD-368,North West,Kaduna,Zaria,Kaduna,Zaria,2,"Low maternal care, high conflict exposure",5.668326418,47.9783,13.2467,34.1189,23.7789,47.4911,8.3327,44.22115472,59.1358,14.4993,54.736,7.478237075,-0.04465,38,33
NG-KAN-369,North West,Kano,Ajingi,Kano,Ajingi,1,Deprived northern rural,2.350544791,59.5839,14.3509,40.7661,32.4715,37.282,7.5592,31.25305174,45.7781,10.8294,80.8808,5.320790792,-0.393358491,0,0
NG-KAN-370,North West,Kano,Albasu,Kano,Albasu,1,Deprived northern rural,1.931181232,60.8155,12.7977,38.3226,34.0467,50.4444,11.8685,28.7241266,44.9727,7.5397,71.8225,5.570105297,-0.224813953,0,0
NG-KAN-371,North West,Kano,Bagwai,Kano,Bagwai,1,Deprived northern rural,3.30245552,52.4462,14.203,39.1934,30.6609,51.6721,6.3213,33.63881487,35.3879,6.4293,46.3971,5.203785966,-0.347260274,0,0
NG-KAN-372,North West,Kano,Bebeji,Kano,Bebeji,1,Deprived northern rural,2.985882867,57.299,14.4857,42.9137,29.0187,44.6663,5.1176,34.88189137,44.786,8.0433,29.56,14.41220224,-0.266042017,3,0
NG-KAN-373,North West,Kano,Bichi,Kano,Bichi,1,Deprived northern rural,3.084737845,54.299,15.1109,40.5795,29.6996,38.2225,6.7087,34.34207102,28.6171,6.9523,54.7556,4.613416939,-0.250938931,0,0
NG-KAN-374,North West,Kano,Bunkure,Kano,Bunkure,1,Deprived northern rural,2.433996544,57.6985,14.553,40.7694,29.6889,4.1645,8.1063,33.08786476,51.2081,8.4556,43.0501,7.925656522,-0.2452375,0,0
NG-KAN-375,North West,Kano,Dala,Kano,Dala,2,"Low maternal care, high conflict exposure",5.83022307,44.8164,16.3184,36.5314,30.0434,54.2313,6.6607,43.93944283,73.9463,53.0103,95.655,0.155353798,1.5115,0,0
NG-KAN-376,North West,Kano,Danbatta,Kano,Dambatta,1,Deprived northern rural,3.311019873,55.551,16.2829,41.3418,37.3641,28.7418,5.6369,32.50785881,39.7335,11.6709,80.2561,4.943712461,-0.459214815,3,0
NG-KAN-377,North West,Kano,Dawakin Kudu,Kano,Dawakin Kudu,1,Deprived northern rural,2.602344803,56.1334,14.8978,40.8738,27.8116,32.4425,8.2075,33.96715374,52.1456,12.0012,57.5058,4.562704696,-0.011484848,0,0
NG-KAN-378,North West,Kano,Dawakin Tofa,Kano,Dawakin Tofa,1,Deprived northern rural,3.134724254,54.0481,15.6178,41.157,32.438,51.5725,6.3753,35.39278692,40.4679,9.6666,63.3335,4.345556551,-0.039955882,0,0
NG-KAN-379,North West,Kano,Doguwa,Kano,Doguwa,1,Deprived northern rural,3.177344723,56.2366,12.463,33.6494,30.4663,0.4566,12.599,34.87725333,51.6834,11.2941,47.9083,17.15350209,-0.342941935,0,0
NG-KAN-380,North West,Kano,Fagge,Kano,Fagge,2,"Low maternal care, high conflict exposure",6.984605527,36.9614,15.5419,33.9333,24.4968,38.3645,8.7245,43.538096,72.2872,48.9069,95.7311,0.658247375,0.7715,6,12
NG-KAN-381,North West,Kano,Gabasawa,Kano,Gabasawa,1,Deprived northern rural,2.283457843,59.2336,16.6197,44.0991,33.9212,37.2145,6.5107,33.52592999,42.6332,11.7307,77.4057,7.568340972,-0.386990196,0,0
NG-KAN-382,North West,Kano,Garko,Kano,Garko,1,Deprived northern rural,2.273935959,59.6408,13.4567,39.4166,28.4982,42.9466,9.5834,30.76374821,46.4404,6.7937,50.6767,7.283456728,-0.298794521,0,0
NG-KAN-383,North West,Kano,Garum Mallam,Kano,Garum Mallam,1,Deprived northern rural,2.667810229,55.6599,14.3919,41.5995,29.1463,47.5522,6.7699,34.32906568,,,,,,2,0
NG-KAN-384,North West,Kano,Gaya,Kano,Gaya,1,Deprived northern rural,1.803551321,61.9084,13.8181,41.2317,30.8948,16.758,10.376,30.3983967,43.208,8.4793,78.019,6.840005287,-0.36978,0,0
NG-KAN-385,North West,Kano,Gezawa,Kano,Gezawa,1,Deprived northern rural,3.723496974,50.3137,16.1413,39.4528,29.9505,7.3895,9.4059,36.94067179,48.271,15.1263,77.357,3.974890688,-0.04578125,1,0
NG-KAN-386,North West,Kano,Gwale,Kano,Gwale,2,"Low maternal care, high conflict exposure",6.438774164,40.997,15.1551,35.153,28.8623,62.6513,7.5982,44.99847854,73.3269,54.2973,94.8212,0.518125449,1.192125,7,3
NG-KAN-387,North West,Kano,Gwarzo,Kano,Gwarzo,1,Deprived northern rural,3.287148933,55.5933,13.5749,39.105,28.8159,47.9729,5.773,32.09730282,34.8908,6.8278,41.7285,4.201668032,-0.145052632,0,0
NG-KAN-388,North West,Kano,Kabo,Kano,Kabo,1,Deprived northern rural,2.974490064,54.711,14.2253,40.3355,30.8557,7.3895,6.4723,33.32292638,37.9203,6.9008,30.1232,5.225604567,-0.111428571,0,0
NG-KAN-389,North West,Kano,Kano Municipal,Kano,Kano Municipal,2,"Low maternal care, high conflict exposure",5.454081908,45.1302,15.7226,37.172,31.0449,42.5039,7.2074,40.84477438,74.0002,56.8105,97.1763,0.231069271,1.301,21,10
NG-KAN-390,North West,Kano,Karaye,Kano,Karaye,1,Deprived northern rural,3.060742014,56.5679,13.381,39.9915,29.8228,39.7793,5.5444,33.43640678,37.2092,6.3735,28.2823,6.931845635,-0.312785714,1,3
NG-KAN-391,North West,Kano,Kibiya,Kano,Kibiya,1,Deprived northern rural,2.344498237,59.9769,13.9341,40.6034,28.7859,53.8549,7.7045,32.30999411,45.8731,7.426,32.0218,5.669485315,-0.271260274,0,0
NG-KAN-392,North West,Kano,Kiru,Kano,Kiru,1,Deprived northern rural,3.177626811,57.669,13.7944,41.689,29.7212,20.9525,5.5835,34.5484583,41.6685,7.0817,26.655,13.7989959,-0.304080247,1,1
NG-KAN-393,North West,Kano,Kumbotso,Kano,Kumbotso,2,"Low maternal care, high conflict exposure",4.785011395,46.008,15.4766,37.5052,29.9324,56.8824,8.7723,38.42484604,64.4965,35.2085,79.5288,1.212305096,0.357647059,5,1
NG-KAN-394,North West,Kano,Kunchi,Kano,Kunchi,1,Deprived northern rural,2.50035769,59.1548,15.1173,42.4944,31.5131,38.8777,5.8564,30.91599803,24.3106,6.0385,52.3792,6.982076774,-0.393,0,0
NG-KAN-395,North West,Kano,Kura,Kano,Kura,1,Deprived northern rural,3.491168703,52.847,14.7119,39.5027,30.0917,41.493,7.7968,34.60300119,59.6773,14.8629,53.572,4.338422041,0.045558824,0,0
NG-KAN-396,North West,Kano,Madobi,Kano,Madobi,1,Deprived northern rural,3.113180772,55.052,14.7202,41.4577,29.7494,55.3295,6.7287,34.9455203,53.2643,14.7209,45.2585,4.404243989,-0.087444444,1,1
NG-KAN-397,North West,Kano,Makoda,Kano,Makoda,1,Deprived northern rural,2.676627745,58.2193,15.8122,42.1783,37.837,29.6762,4.8637,32.52769078,39.1035,11.0628,74.8068,4.944216155,-0.331652174,0,0
NG-KAN-398,North West,Kano,Minjibir,Kano,Minjibir,1,Deprived northern rural,2.821416666,56.4861,16.6104,42.0604,33.6797,0.4621,7.1104,34.45504854,41.9923,10.2313,70.7599,4.434874185,-0.157515152,2,2
NG-KAN-399,North West,Kano,Nasarawa,Kano,Nasarawa,2,"Low maternal care, high conflict exposure",6.608399663,38.5239,15.8782,33.8793,27.0257,42.1022,7.4891,45.44036909,72.7752,49.5881,95.7531,0.459998302,1.339,4,0
NG-KAN-400,North West,Kano,Rano,Kano,Rano,1,Deprived northern rural,2.559768612,55.0024,13.7727,38.2951,28.8409,43.2385,7.8023,33.55855053,45.4221,7.1939,22.5909,11.7656785,-0.33027381,3,2
NG-KAN-401,North West,Kano,Rimin Gado,Kano,Rimin Gado,1,Deprived northern rural,2.705143727,55.576,14.7804,42.3671,33.6771,53.7266,7.1577,34.65199866,42.3511,8.9687,31.3953,4.335937824,-0.161844444,1,1
NG-KAN-402,North West,Kano,Rogo,Kano,Rogo,1,Deprived northern rural,3.219102461,58.3142,13.1874,39.8738,29.2817,57.2632,4.8346,33.556572,43.8465,7.1857,34.5149,10.2127479,-0.372035211,3,1
NG-KAN-403,North West,Kano,Shanono,Kano,Shanono,1,Deprived northern rural,2.57335465,55.9438,13.8003,40.7151,30.0864,52.1116,5.6667,31.70223272,31.0294,5.6348,46.1076,4.566933424,-0.372682927,0,0
NG-KAN-404,North West,Kano,Sumaila,Kano,Sumaila,1,Deprived northern rural,2.085680754,62.6887,12.8461,38.1357,31.4279,28.4742,10.344,29.59540028,45.8807,7.7099,40.5524,11.34774591,-0.316407895,4,3
NG-KAN-405,North West,Kano,Takai,Kano,Takai,1,Deprived northern rural,1.995428286,62.6701,12.1456,38.0844,33.838,2.5066,10.6504,28.0283513,45.9357,8.2637,68.022,5.176666903,-0.226422018,4,6
NG-KAN-406,North West,Kano,Tarauni,Kano,Tarauni,2,"Low maternal care, high conflict exposure",6.927267128,36.908,15.6566,34.3118,25.8372,37.0469,6.6921,41.10934897,71.5858,48.3009,94.0113,0.441350937,1.1452,2,0
NG-KAN-407,North West,Kano,Tofa,Kano,Tofa,1,Deprived northern rural,3.195338532,54.36,15.1869,41.4425,33.6522,55.4239,7.011,35.66020475,44.4862,10.321,46.472,4.243277075,-0.034914286,1,1
NG-KAN-408,North West,Kano,Tsanyawa,Kano,Tsanyawa,1,Deprived northern rural,2.71859052,55.788,14.4244,41.2825,27.7095,60.4022,6.2746,31.95435672,29.045,5.9549,49.8663,6.66341999,-0.330673469,1,0
NG-KAN-409,North West,Kano,Tudun Wada,Kano,Tudun Wada,1,Deprived northern rural,2.626759982,57.6291,13.52,37.8672,28.9197,4.821,8.3526,34.0803993,47.7287,7.8037,29.8254,13.17146367,-0.149834356,5,17
NG-KAN-410,North West,Kano,Ungogo,Kano,Ungogo,2,"Low maternal care, high conflict exposure",5.979216207,40.9682,15.8472,35.0093,27.6847,16.7775,8.6222,42.84296102,57.3355,27.0494,80.0011,2.019831788,0.171230769,4,2
NG-KAN-411,North West,Kano,Warawa,Kano,Warawa,1,Deprived northern rural,2.989761877,54.4466,15.7366,41.4719,30.3612,30.5513,8.6326,36.41448393,47.3135,10.7748,71.8468,5.291487381,-0.286690476,0,0
NG-KAN-412,North West,Kano,Wudil,Kano,Wudil,1,Deprived northern rural,3.005049743,53.4931,13.7818,37.7983,26.3481,63.7648,8.3031,32.64630545,48.1345,8.506,66.7034,4.030716311,-0.1693,1,6
NG-KAT-413,North West,Katsina,Bakori,Katsina,Bakori,2,"Low maternal care, high conflict exposure",2.733628859,57.855,12.1596,37.7649,35.8794,61.9954,5.5615,28.98745442,37.2246,7.8579,29.3758,7.999030881,-0.345238462,24,80
NG-KAT-414,North West,Katsina,Batagarawa,Katsina,Batagarawa,1,Deprived northern rural,3.028303952,53.9692,13.7612,39.0382,39.61,54.6717,14.2956,28.26291594,28.3292,12.8734,68.7311,5.40434467,-0.310505263,14,14
NG-KAT-415,North West,Katsina,Batsari,Katsina,Batsari,2,"Low maternal care, high conflict exposure",2.087701153,57.2994,13.855,39.5068,34.2747,61.9598,12.594,25.11210906,27.4986,8.2803,54.5874,19.77319353,-0.459510309,112,230
NG-KAT-416,North West,Katsina,Baure,Katsina,Baure,1,Deprived northern rural,2.219059492,62.3723,15.1522,42.9609,41.7465,62.431,3.8232,27.98313661,39.963,10.2384,76.7606,13.88834464,-0.539474359,0,0
NG-KAT-417,North West,Katsina,Bindawa,Katsina,Bindawa,1,Deprived northern rural,2.567874785,58.5204,13.7138,41.3939,42.191,45.026,7.0139,25.88675983,21.2572,6.7694,73.5953,8.233533831,-0.390776471,2,2
NG-KAT-418,North West,Katsina,Charanchi,Katsina,Charanchi,1,Deprived northern rural,2.41675239,57.8295,13.6476,41.1293,39.0976,61.9865,6.4005,26.4922795,26.4833,8.2648,65.9692,10.49573354,-0.497484211,4,1
NG-KAT-419,North West,Katsina,Dan Musa,Katsina,Dan Musa,2,"Low maternal care, high conflict exposure",2.227433464,58.7029,12.8597,39.5928,33.3667,50.7003,7.1722,24.45387685,26.8554,5.7132,24.1018,43.0539041,-0.565398693,68,219
NG-KAT-420,North West,Katsina,Dandume,Katsina,Dandume,2,"Low maternal care, high conflict exposure",2.553302866,59.0653,12.251,37.7704,33.3802,48.5419,5.7804,28.74946047,44.6318,10.6176,30.1781,9.781426933,-0.311182796,26,24
NG-KAT-421,North West,Katsina,Danja,Katsina,Danja,1,Deprived northern rural,3.098141484,59.3188,12.7898,39.4641,33.7037,67.5839,4.7213,33.45417947,49.8565,10.8489,27.1265,6.351294084,-0.334561798,8,6
NG-KAT-422,North West,Katsina,Daura,Katsina,Daura,1,Deprived northern rural,3.262290518,57.1556,13.6523,38.8272,40.1113,59.2654,5.6848,26.44668809,36.8114,11.2743,48.27,9.341321686,-0.374108108,5,3
NG-KAT-423,North West,Katsina,Dutsi,Katsina,Dutsi,1,Deprived northern rural,2.243607735,61.5037,14.2126,42.5139,46.2771,14.3822,5.3186,25.56609351,32.0031,9.2498,63.9888,9.494249029,-0.499285714,0,0
NG-KAT-424,North West,Katsina,Dutsin-Ma,Katsina,Dutsin-Ma,2,"Low maternal care, high conflict exposure",2.98393024,51.278,13.4915,36.7501,32.0551,61.4693,9.4183,25.88133357,27.7788,6.7306,40.0056,12.63709841,-0.487876106,103,116
NG-KAT-425,North West,Katsina,Faskari,Katsina,Faskari,2,"Low maternal care, high conflict exposure",2.145488421,60.9047,12.0195,37.958,30.8,59.0062,7.2551,25.39725685,33.7919,6.7204,22.7186,21.22676318,-0.433194805,100,271
NG-KAT-426,North West,Katsina,Funtua,Katsina,Funtua,2,"Low maternal care, high conflict exposure",4.071494764,51.0873,11.9233,32.9511,32.7244,62.6323,6.3843,30.95883408,48.5828,13.9972,36.9206,11.04303954,-0.242705882,31,36
NG-KAT-427,North West,Katsina,Ingawa,Katsina,Ingawa,1,Deprived northern rural,2.341804878,59.6278,14.0852,41.9034,39.6427,56.753,5.648,27.42678915,19.9521,5.8107,57.4364,14.91798135,-0.531097561,1,0
NG-KAT-428,North West,Katsina,Jibia,Katsina,Jibia,2,"Low maternal care, high conflict exposure",2.406676883,51.8003,13.8719,36.8152,24.6092,57.3031,24.4946,25.92077092,27.9225,8.8924,54.0958,17.15836756,-0.497215909,116,288
NG-KAT-429,North West,Katsina,Kafur,Katsina,Kafur,2,"Low maternal care, high conflict exposure",2.976955864,57.3274,12.5454,38.4795,34.3161,71.218,5.1915,31.09038966,40.5936,7.5349,33.9717,7.560842758,-0.38726506,16,75
NG-KAT-430,North West,Katsina,Kaita,Katsina,Kaita,1,Deprived northern rural,1.994028143,59.9065,13.9755,42.4122,36.0747,72.1274,14.4041,26.83168035,33.432,10.6433,79.445,13.01143297,-0.474529412,2,2
NG-KAT-431,North West,Katsina,Kankara,Katsina,Kankara,2,"Low maternal care, high conflict exposure",2.398147835,59.8043,12.5293,39.2791,38.138,40.4326,5.8196,25.4796581,26.6843,4.7071,26.5565,18.5345726,-0.469939535,105,592
NG-KAT-432,North West,Katsina,Kankia,Katsina,Kankia,1,Deprived northern rural,2.340962654,56.3791,13.6475,40.4168,37.7545,29.9927,5.7548,27.44425836,28.4933,7.1099,54.0127,16.56345665,-0.492821138,15,14
NG-KAT-433,North West,Katsina,Katsina,Katsina,Katsina,2,"Low maternal care, high conflict exposure",4.744921428,47.3924,13.4775,34.6447,40.8695,45.7288,18.9802,35.59915613,36.552,22.9681,89.8752,2.205859633,0.34826087,24,16
NG-KAT-434,North West,Katsina,Kurfi,Katsina,Kurfi,2,"Low maternal care, high conflict exposure",2.237176248,57.3666,13.9317,40.5208,35.2204,53.703,8.8556,25.6792483,24.1157,8.0038,49.8313,12.99232807,-0.485431373,26,85
NG-KAT-435,North West,Katsina,Kusada,Katsina,Kusada,1,Deprived northern rural,2.433260592,57.775,14.273,41.7428,33.1118,55.1059,5.5126,29.03611615,24.5609,5.9362,60.21,9.251635137,-0.395632911,5,1
NG-KAT-436,North West,Katsina,Mai'Adua,Katsina,Mai'adua,1,Deprived northern rural,2.474387942,55.1927,13.5121,37.8772,39.6252,57.6939,8.0396,25.80636686,36.093,10.3984,59.8772,14.27227618,-0.536188119,0,0
NG-KAT-437,North West,Katsina,Malumfashi,Katsina,Malumfashi,2,"Low maternal care, high conflict exposure",3.106951674,54.4002,12.3934,36.5807,33.9665,64.7619,5.8399,29.4975911,33.3265,5.9659,35.0458,9.569702048,-0.374477707,39,83
NG-KAT-438,North West,Katsina,Mani,Katsina,Mani,1,Deprived northern rural,2.252690152,60.1949,13.921,42.3058,42.7072,59.5057,7.3791,25.71784168,23.8748,7.7165,63.7842,9.162407004,-0.403243697,1,0
NG-KAT-439,North West,Katsina,Mashi,Katsina,Mashi,1,Deprived northern rural,2.188761662,62.1438,13.7122,43.1906,41.7868,41.6666,8.4165,25.89152581,30.4221,8.1005,66.0495,13.1050219,-0.550953488,1,5
NG-KAT-440,North West,Katsina,Matazu,Katsina,Matazu,2,"Low maternal care, high conflict exposure",2.230674675,57.5848,13.4835,40.9924,41.5705,62.1641,4.526,25.36929985,31.4883,6.398,44.2341,12.33070661,-0.489988636,28,46
NG-KAT-441,North West,Katsina,Musawa,Katsina,Musawa,2,"Low maternal care, high conflict exposure",2.471887791,58.537,13.2379,40.9166,37.8632,68.6185,4.0021,27.09467441,30.4845,5.7202,44.245,13.09533064,-0.507884298,25,51
NG-KAT-442,North West,Katsina,Rimi,Katsina,Rimi,1,Deprived northern rural,2.12335634,57.9824,13.6982,41.2447,39.6258,49.8714,8.8105,26.36898658,27.2194,9.6985,72.3762,6.379720544,-0.323325301,1,6
NG-KAT-443,North West,Katsina,Sabuwa,Katsina,Sabuwa,2,"Low maternal care, high conflict exposure",2.555404379,57.2502,11.8222,36.7805,31.2099,38.578,7.0529,28.29844667,42.2802,9.6237,25.5748,19.05348876,-0.381035088,37,104
NG-KAT-444,North West,Katsina,Safana,Katsina,Safana,2,"Low maternal care, high conflict exposure",2.032323954,56.1161,13.2593,39.2186,29.7561,58.3704,9.2771,23.62741143,23.5754,5.1237,33.1588,34.30308331,-0.541913462,93,391
NG-KAT-445,North West,Katsina,Sandamu,Katsina,Sandamu,1,Deprived northern rural,2.92064667,59.8102,14.312,40.1141,41.267,55.8352,4.9316,26.33436708,37.5355,10.9258,51.3754,9.239879072,-0.449072727,5,16
NG-KAT-446,North West,Katsina,Zango,Katsina,Zango,1,Deprived northern rural,2.367011683,60.3785,14.3733,40.3151,36.4106,26.4992,5.2112,26.38253999,37.55,10.0585,57.5816,14.64657232,-0.519011111,1,0
NG-KEB-447,North West,Kebbi,Aleiro,Kebbi,Aleiro,1,Deprived northern rural,3.36713107,51.7641,12.8571,36.0199,35.4684,34.0692,9.4619,28.3584066,24.9244,8.7444,27.3985,7.553603002,-0.299,0,0
NG-KEB-448,North West,Kebbi,Arewa,Kebbi,Arewa-Dandi,1,Deprived northern rural,2.438834231,54.0294,13.3482,36.0945,30.3802,26.2086,14.1259,25.56716273,20.4432,2.8389,17.5985,20.66304192,-0.572986254,3,10
NG-KEB-449,North West,Kebbi,Argungu,Kebbi,Argungu,1,Deprived northern rural,3.047532185,55.0057,13.1261,38.3589,33.0485,33.2981,11.4045,26.75499442,27.0468,5.6945,33.737,21.73880848,-0.448932432,0,0
NG-KEB-450,North West,Kebbi,Augie,Kebbi,Augie,2,"Low maternal care, high conflict exposure",2.538065619,56.3261,13.2076,38.8887,37.0537,41.2776,12.5164,24.02251244,21.1996,3.9134,22.3126,16.30757623,-0.446934426,6,31
NG-KEB-451,North West,Kebbi,Bagudo,Kebbi,Bagudo,2,"Low maternal care, high conflict exposure",2.470600655,50.0512,11.6879,31.9767,36.722,19.9913,10.1589,22.571259,,,,,,1,1
NG-KEB-452,North West,Kebbi,Birnin Kebbi,Kebbi,Birnin Kebbi,1,Deprived northern rural,3.584506422,51.4656,12.8931,34.9864,33.0807,30.2618,11.8647,28.97633905,34.2766,11.691,44.3501,13.85192082,-0.294633094,8,10
NG-KEB-453,North West,Kebbi,Bunza,Kebbi,Bunza,1,Deprived northern rural,2.561863832,54.5762,12.813,36.5656,35.1063,35.1707,11.028,27.91271301,26.8619,7.5346,35.5102,14.09831202,-0.437208633,3,4
NG-KEB-454,North West,Kebbi,Dandi,Kebbi,Dandi,1,Deprived northern rural,2.90365675,48.3011,12.7604,33.3518,32.9751,50.6168,14.0912,25.76328117,22.586,6.8612,31.8618,26.9269777,-0.459369427,1,0
NG-KEB-455,North West,Kebbi,Danko/Wasagu,Kebbi,Wasagu/Danko,2,"Low maternal care, high conflict exposure",2.063246864,55.0411,10.8179,30.8072,37.3511,45.6416,6.8736,23.35254484,24.7154,7.3217,25.3781,26.84343404,-0.424255537,47,327
NG-KEB-456,North West,Kebbi,Fakai,Kebbi,Fakai,1,Deprived northern rural,1.801808379,55.5578,11.3689,32.0155,34.9504,39.1078,6.4581,20.53500723,18.5316,8.2103,28.5669,21.68826747,-0.454362007,2,1
NG-KEB-457,North West,Kebbi,Gwandu,Kebbi,Gwandu,1,Deprived northern rural,2.754116477,55.5422,13.3308,38.1583,37.453,30.9662,8.4887,26.33007769,22.6468,5.3516,21.7116,17.71065226,-0.543576389,1,0
NG-KEB-458,North West,Kebbi,Jega,Kebbi,Jega,1,Deprived northern rural,2.555978625,56.1756,13.1572,38.0367,32.7843,25.5931,8.059,26.85635682,20.0276,6.5085,23.9499,13.59778607,-0.409519231,1,4
NG-KEB-459,North West,Kebbi,Kalgo,Kebbi,Kalgo,1,Deprived northern rural,2.560853813,56.2414,13.2646,37.6756,33.7638,27.1169,10.4581,27.3967283,29.7714,8.1083,37.3111,12.32210031,-0.445534247,0,0
NG-KEB-460,North West,Kebbi,Koko/Besse,Kebbi,Koko/Besse,1,Deprived northern rural,2.057378386,56.2071,11.8517,33.1392,36.5355,26.285,6.8219,21.34412336,15.0072,5.0925,21.6328,26.27950847,-0.541780142,0,0
NG-KEB-461,North West,Kebbi,Maiyama,Kebbi,Maiyama,1,Deprived northern rural,2.058137579,59.1013,12.9045,38.8265,32.1925,34.6715,7.7304,24.78614843,17.2497,5.5278,18.5428,17.60143891,-0.463516667,1,2
NG-KEB-462,North West,Kebbi,Ngaski,Kebbi,Ngaski,2,"Low maternal care, high conflict exposure",2.052850669,47.8635,9.9759,27.1451,33.2613,43.2328,6.0683,20.67794379,29.2555,9.971,31.0541,20.22114172,-0.295269231,6,11
NG-KEB-463,North West,Kebbi,Sakaba,Kebbi,Sakaba,2,"Low maternal care, high conflict exposure",2.159595926,51.655,10.9762,29.8952,38.2561,45.5213,5.8765,21.80184561,29.5611,9.1202,34.9889,16.55556296,-0.337743961,15,130
NG-KEB-464,North West,Kebbi,Shanga,Kebbi,Shanga,2,"Low maternal care, high conflict exposure",1.907295659,52.457,11.3786,30.7793,36.3872,29.3884,6.2734,19.41947351,23.6714,9.5805,39.1814,18.82371537,-0.432572327,7,12
NG-KEB-465,North West,Kebbi,Suru,Kebbi,Suru,1,Deprived northern rural,2.126401429,58.0702,12.6661,38.4091,32.5345,29.1544,8.671,24.55657322,18.2729,6.3624,32.1174,23.39507764,-0.45555,4,3
NG-KEB-466,North West,Kebbi,Yauri,Kebbi,Yauri,2,"Low maternal care, high conflict exposure",2.049590942,50.2186,10.6507,28.7086,37.9414,36.2035,6.3298,20.37212099,31.0858,11.7001,37.9158,5.901030595,-0.126162791,2,2
NG-KEB-467,North West,Kebbi,Zuru,Kebbi,Zuru,2,"Low maternal care, high conflict exposure",2.815282261,53.1456,10.8519,30.4513,38.4707,20.4577,7.1876,23.46013086,23.0237,8.9433,32.0043,24.54409911,-0.348884615,2,20
NG-KOG-468,North Central,Kogi,Adavi,Kogi,Adavi,5,Relatively advantaged,8.829976637,24.3399,6.8339,12.6384,24.6577,26.163,30.0092,32.15060277,79.0809,78.5358,86.6607,15.51325632,-0.063893617,14,13
NG-KOG-469,North Central,Kogi,Ajaokuta,Kogi,Ajaokuta,4,Near-average,7.279164008,27.8236,7.149,13.9133,26.4436,22.0,29.2394,30.09703878,66.5084,67.1564,69.821,17.00255431,-0.215125,14,26
NG-KOG-470,North Central,Kogi,Ankpa,Kogi,Ankpa,4,Near-average,7.664670304,27.9384,6.7482,13.7529,24.7138,19.6281,25.1568,30.37582405,70.4086,73.0854,54.4551,10.73859764,-0.286146853,5,13
NG-KOG-471,North Central,Kogi,Bassa,Kogi,Bassa,4,Near-average,6.483013088,34.5665,6.9335,16.1293,23.1677,18.6844,25.4309,30.25464259,64.198,62.5013,60.9448,15.32599721,-0.446956284,8,15
NG-KOG-472,North Central,Kogi,Dekina,Kogi,Dekina,4,Near-average,7.313333887,29.5166,6.7919,14.7284,25.4084,32.7671,24.4487,30.10460671,70.8203,73.8641,56.6477,11.26725719,-0.313771429,25,33
NG-KOG-473,North Central,Kogi,Ibaji,Kogi,Ibaji,2,"Low maternal care, high conflict exposure",7.491130564,26.0096,7.1535,11.8074,27.4147,21.006,25.8111,25.58891988,56.9896,49.211,39.7657,17.22479756,-0.445648438,3,4
NG-KOG-474,North Central,Kogi,Idah,Kogi,Idah,4,Near-average,8.764610776,24.8155,6.9223,11.6924,22.5761,31.0747,33.0563,27.36008593,68.2222,59.6283,64.3621,7.796073262,-0.22512,6,7
NG-KOG-475,North Central,Kogi,Igalamela-Odolu,Kogi,Igalamela-Odolu,4,Near-average,8.14827406,25.2372,6.9091,11.7366,24.7131,11.2946,28.3794,27.88764246,71.1434,67.1145,57.6852,18.31678884,-0.433730769,8,10
NG-KOG-476,North Central,Kogi,Ijumu,Kogi,Ijumu,4,Near-average,7.878330884,30.1727,7.1719,15.0795,20.8816,20.9393,27.3879,30.92061813,80.0994,72.883,67.8213,15.22708583,-0.4066,7,1
NG-KOG-477,North Central,Kogi,Kabba/Bunu,Kogi,Kabba/Bunu,4,Near-average,7.075428291,30.9702,7.1942,15.4851,23.6088,7.3643,25.1719,31.94333221,58.12,53.0047,48.1422,43.09352341,-0.413944444,0,0
NG-KOG-478,North Central,Kogi,Kogi,Kogi,Kogi,4,Near-average,5.969192735,36.9066,7.0567,16.8098,24.9364,23.8468,23.1065,30.84756267,63.3885,58.3641,68.9326,16.43497747,-0.402751773,24,25
NG-KOG-479,North Central,Kogi,Lokoja,Kogi,Lokoja,4,Near-average,6.370603596,31.996,7.2444,15.8976,25.0564,15.1615,23.3172,31.24801932,48.463,41.678,40.781,25.16653727,-0.378883598,48,25
NG-KOG-480,North Central,Kogi,Mopa-Muro,Kogi,Mopa-Muro,4,Near-average,7.391541158,32.1149,7.3613,16.3355,21.9998,24.967,23.77,31.51264788,63.4577,52.919,56.0067,29.0492258,-0.351755556,4,0
NG-KOG-481,North Central,Kogi,Ofu,Kogi,Ofu,4,Near-average,7.197064216,29.1376,6.8323,13.79,28.1741,19.422,24.5676,28.82740912,69.9829,72.8534,59.3547,10.21228164,-0.29505,22,11
NG-KOG-482,North Central,Kogi,Ogori/Magongo,Kogi,Ogori/Magongo,4,Near-average,7.919427076,25.2972,6.9283,12.7922,23.3521,17.5664,28.3064,30.67582802,84.7949,84.6237,87.6115,8.962428574,-0.011375,0,0
NG-KOG-483,North Central,Kogi,Okehi,Kogi,Okehi,4,Near-average,7.814683616,27.0381,7.1103,13.9133,23.4112,29.755,31.4711,31.59859165,77.6177,76.3022,81.8563,36.51653931,-0.215714286,6,5
NG-KOG-484,North Central,Kogi,Okene,Kogi,Okene,5,Relatively advantaged,7.748603712,27.2102,6.9254,13.4285,24.7066,36.4722,31.5768,30.48335362,86.052,86.4187,95.8489,9.350413183,0.2018125,18,13
NG-KOG-485,North Central,Kogi,Olamaboro,Kogi,Olamaboro,4,Near-average,7.426032609,28.3074,6.6758,12.6784,24.6773,22.2057,24.8767,29.94255766,75.757,76.5862,62.8171,6.22049334,-0.308539773,8,4
NG-KOG-486,North Central,Kogi,Omala,Kogi,Omala,4,Near-average,6.509654462,32.345,6.9877,16.7308,27.1696,22.6439,21.5286,28.68423513,62.2226,64.8674,47.863,18.17991336,-0.381955056,10,48
NG-KOG-487,North Central,Kogi,Yagba East,Kogi,Yagba East,4,Near-average,7.380620413,31.7637,7.4344,16.4018,22.7629,22.514,23.6123,31.09214466,60.2748,48.6757,55.8239,20.03023987,-0.427805085,6,7
NG-KOG-488,North Central,Kogi,Yagba West,Kogi,Yagba West,4,Near-average,7.156350392,32.6628,7.8114,17.4988,22.8423,28.2319,23.0178,31.88265205,53.9155,41.2262,56.518,33.94612965,-0.197777778,12,9
NG-KWA-489,North Central,Kwara,Asa,Kwara,Asa,4,Near-average,8.180039254,29.2932,8.122,17.5372,16.1827,50.8373,31.5747,29.20879334,66.6538,52.8058,67.4403,6.211289758,-0.364778443,20,11
NG-KWA-490,North Central,Kwara,Baruten,Kwara,Baruten,2,"Low maternal care, high conflict exposure",3.609825625,38.6931,7.9697,20.5098,21.7471,19.8864,25.4309,22.08395824,38.3287,20.2789,20.3323,24.98756671,-0.482677984,5,7
NG-KWA-491,North Central,Kwara,Edu,Kwara,Edu,2,"Low maternal care, high conflict exposure",4.530369073,37.1986,8.0047,20.9349,24.7764,12.3531,16.2487,26.8424801,46.899,28.4325,46.4538,13.50784302,-0.404983051,5,7
NG-KWA-492,North Central,Kwara,Ekiti,Kwara,Ekiti,4,Near-average,8.695206051,29.6936,7.7234,15.8198,22.0829,23.7577,25.5326,30.06407292,70.0655,54.1233,70.3367,13.91840129,-0.199,23,8
NG-KWA-493,North Central,Kwara,Ifelodun,Kwara,Ifelodun,4,Near-average,5.860586871,36.3467,7.7928,19.071,18.5681,17.5634,23.0194,27.40805931,55.4753,40.9172,54.0098,30.82130351,-0.409003521,24,13
NG-KWA-494,North Central,Kwara,Ilorin East,Kwara,Ilorin East,4,Near-average,8.328996422,29.2051,8.2113,17.6539,14.6842,17.3853,33.5337,28.53134119,71.6361,60.0737,79.9956,10.6671728,-0.139693878,24,21
NG-KWA-495,North Central,Kwara,Ilorin South,Kwara,Ilorin South,4,Near-average,6.831226212,32.5312,7.7887,18.0474,15.1515,9.0948,31.578,29.29860148,77.4628,68.6156,87.9913,3.42527885,0.329775,2,1
NG-KWA-496,North Central,Kwara,Ilorin West,Kwara,Ilorin West,5,Relatively advantaged,8.258393324,27.9426,8.1989,17.3864,15.9939,9.8324,32.2967,29.35406126,80.9067,76.2786,93.8044,1.573324446,0.520071429,67,49
NG-KWA-497,North Central,Kwara,Irepodun,Kwara,Irepodun,4,Near-average,7.939377821,30.6871,7.9683,16.9723,18.5427,14.1478,28.4289,30.65369771,77.8173,65.1253,74.2993,6.60970212,-0.202313725,9,5
NG-KWA-498,North Central,Kwara,Isin,Kwara,Isin,4,Near-average,8.077143163,30.7369,7.9656,16.9465,18.2859,40.9148,24.6488,29.49959505,72.4702,59.8168,70.4351,10.93556275,-0.231489362,0,0
NG-KWA-499,North Central,Kwara,Kaiama,Kwara,Kaiama,2,"Low maternal care, high conflict exposure",3.191083285,38.776,7.7416,19.886,19.7849,26.1293,18.1057,22.44327952,38.6942,20.8938,25.749,44.440625,-0.525863344,2,0
NG-KWA-500,North Central,Kwara,Moro,Kwara,Moro,4,Near-average,4.911039131,36.325,7.6008,19.8566,18.2277,11.0692,24.9164,25.03737673,56.6344,38.2236,55.2965,19.60613498,-0.418959596,12,9
NG-KWA-501,North Central,Kwara,Offa,Kwara,Offa,4,Near-average,9.326549732,26.8249,8.2496,16.0488,17.8942,11.0866,36.8707,30.23373635,83.9069,73.9469,88.8787,1.973393912,0.34575,7,3
NG-KWA-502,North Central,Kwara,Oke-Ero,Kwara,Oke-Ero,4,Near-average,8.513058475,30.3873,7.7686,16.309,21.1652,18.3168,25.7035,30.80386511,64.8297,50.4957,67.0105,19.67242588,-0.191764706,6,0
NG-KWA-503,North Central,Kwara,Oyun,Kwara,Oyun,4,Near-average,7.625152596,30.8695,7.9714,16.753,18.2716,21.7553,34.535,29.79317959,78.0941,67.2636,77.208,3.850681255,-0.238441558,1,1
NG-KWA-504,North Central,Kwara,Pategi,Kwara,Pategi,2,"Low maternal care, high conflict exposure",4.621449534,36.7356,8.139,18.8174,27.5137,3.5777,15.8579,29.08012948,40.2166,28.3507,40.7216,29.94721809,-0.493433498,4,1
NG-LAG-505,South West,Lagos,Agege,Lagos,Agege,5,Relatively advantaged,11.26010915,14.974,8.2984,13.1828,20.0033,3.6178,36.5997,38.91001865,83.5899,81.6672,99.4293,0.195758438,1.288333333,20,8
NG-LAG-506,South West,Lagos,Ajeromi/Ifelodun,Lagos,Ajeromi-Ifelodun,5,Relatively advantaged,10.94248852,17.3923,7.9562,13.07,19.7287,3.688,37.1071,36.50588053,79.4171,72.8861,98.079,0.086013063,1.231,5,7
NG-LAG-507,South West,Lagos,Alimosho,Lagos,Alimosho,5,Relatively advantaged,10.56357641,18.5733,8.385,13.869,20.2484,14.6539,36.1479,34.05630299,86.9063,83.719,99.0534,1.341445393,1.31715625,55,44
NG-LAG-508,South West,Lagos,Amuwo Odofin,Lagos,Amuwo-Odofin,5,Relatively advantaged,10.34295014,17.918,7.9864,13.271,16.981,6.565,34.8212,34.88333904,79.1999,72.0824,92.3897,4.639413915,0.84465,12,3
NG-LAG-509,South West,Lagos,Apapa,Lagos,Apapa,5,Relatively advantaged,11.25965938,14.9544,8.1871,12.6883,17.7867,15.7737,35.8675,39.36656775,79.8755,72.296,96.0332,1.997566106,0.8715,17,14
NG-LAG-510,South West,Lagos,Badagry,Lagos,Badagry,5,Relatively advantaged,7.653726895,20.6463,8.0653,14.9792,26.7123,19.3909,29.9718,30.55380412,78.7006,67.0685,71.7862,7.171951398,0.348821918,17,10
NG-LAG-511,South West,Lagos,Epe,Lagos,Epe,4,Near-average,8.856429833,19.9342,7.8835,15.5484,20.846,4.2029,28.3816,33.03058356,74.3735,54.6162,28.0619,24.89272458,-0.124104762,12,7
NG-LAG-512,South West,Lagos,Eti-Osa,Lagos,Eti-Osa,5,Relatively advantaged,10.02482728,18.0365,8.2175,13.7368,19.1354,17.2544,35.4029,33.61771742,78.2041,70.5335,84.3328,2.794428236,1.054448276,25,9
NG-LAG-513,South West,Lagos,Ibeju/Lekki,Lagos,Ibeju/Lekki,4,Near-average,8.514896458,20.5358,8.0776,15.2506,20.3629,4.5731,28.7338,33.70199695,70.7741,48.4062,30.469,12.82155883,0.292267857,14,5
NG-LAG-514,South West,Lagos,Ifako/Ijaye,Lagos,Ifako-Ijaye,5,Relatively advantaged,10.43525218,18.5092,9.0171,14.1657,21.589,3.3769,35.7886,35.57181217,87.2721,85.0358,99.5311,0.366381612,1.2768,0,0
NG-LAG-515,South West,Lagos,Ikeja,Lagos,Ikeja,5,Relatively advantaged,11.10698122,16.0651,8.4123,13.1786,19.5859,5.2786,37.9551,37.57137695,80.6059,79.4126,99.2162,0.538785403,1.184666667,20,2
NG-LAG-516,South West,Lagos,Ikorodu,Lagos,Ikorodu,5,Relatively advantaged,10.24596269,18.894,8.2335,14.1866,21.1299,2.8668,31.3342,33.36652213,81.0166,68.4095,87.3018,4.275814566,0.70975,38,39
NG-LAG-517,South West,Lagos,Kosofe,Lagos,Kosofe,5,Relatively advantaged,10.85726489,16.6742,8.2599,13.2571,19.4384,12.0465,36.4651,37.22482897,77.8068,75.9819,96.9292,1.851570908,1.137181818,41,31
NG-LAG-518,South West,Lagos,Lagos Island,Lagos,Lagos Island,5,Relatively advantaged,10.52045678,16.7724,7.916,13.1686,20.1597,5.4809,35.3842,37.80365232,83.1367,76.2345,96.7397,0.055294126,1.245,19,11
NG-LAG-519,South West,Lagos,Lagos Mainland,Lagos,Lagos Mainland,5,Relatively advantaged,11.73978585,13.5985,8.1103,12.8665,19.9274,4.4992,29.1176,38.58207853,76.0769,74.5975,98.0956,0.355228329,1.299666667,19,11
NG-LAG-520,South West,Lagos,Mushin,Lagos,Mushin,5,Relatively advantaged,11.32305819,15.9362,8.5971,13.4196,16.9343,7.139,34.737,39.93765262,75.5099,79.1507,99.4465,0.015798378,1.593,13,19
NG-LAG-521,South West,Lagos,Ojo,Lagos,Ojo,5,Relatively advantaged,9.737788957,18.823,7.796,13.5649,18.1176,2.844,34.7673,32.99337292,79.3815,70.2493,78.7333,10.21610771,0.719068966,62,62
NG-LAG-522,South West,Lagos,Oshodi/Isolo,Lagos,Oshodi-Isolo,5,Relatively advantaged,10.95306278,17.0192,8.5401,13.5493,18.7171,6.9984,34.4324,37.52812564,81.6672,81.066,99.1953,0.820143415,1.4264,23,8
NG-LAG-523,South West,Lagos,Shomolu,Lagos,Shomolu,5,Relatively advantaged,11.06447098,16.7082,8.1889,13.2007,19.7737,5.3828,37.4654,40.09129682,73.2015,77.2891,98.8109,0.092157178,1.3235,10,10
NG-LAG-524,South West,Lagos,Surulere,Lagos,Surulere,5,Relatively advantaged,11.57178441,14.6953,8.2608,13.1401,16.3344,33.3239,34.1455,37.7151395,78.2117,76.7326,98.9313,0.022416559,1.247,16,11
NG-NAS-525,North Central,Nasarawa,Akwanga,Nasarawa,Akwanga,4,Near-average,6.515360886,38.2035,7.1881,18.9606,24.0717,39.9076,23.859,30.92753264,73.7217,53.2182,58.9755,7.354475191,-0.330421053,19,10
NG-NAS-526,North Central,Nasarawa,Awe,Nasarawa,Awe,2,"Low maternal care, high conflict exposure",4.495958455,39.9578,7.1025,19.2097,22.6937,36.4976,23.2304,25.689751,48.1013,32.9283,56.7013,21.98639029,-0.498400697,6,11
NG-NAS-527,North Central,Nasarawa,Doma,Nasarawa,Doma,4,Near-average,5.243273258,39.9783,7.5252,20.0915,23.5141,18.7877,20.9637,29.8885975,55.4975,46.9025,60.3671,37.14923361,-0.480297414,7,48
NG-NAS-528,North Central,Nasarawa,Karu,Nasarawa,Karu,4,Near-average,7.255440769,33.9353,7.2915,15.3473,26.1637,38.315,27.609,34.96408972,68.0609,50.6064,74.9197,10.86021004,-0.277859532,14,49
NG-NAS-529,North Central,Nasarawa,Keana,Nasarawa,Keana,4,Near-average,5.070941088,39.2465,7.275,19.6157,19.7924,21.9204,21.2813,29.43467477,50.0672,40.9467,67.3634,21.76193228,-0.411685185,14,35
NG-NAS-530,North Central,Nasarawa,Keffi,Nasarawa,Keffi,4,Near-average,7.483541901,31.8803,7.2249,15.7457,23.5874,33.8442,27.7512,33.69099658,72.0598,52.6125,83.8901,3.922304068,-0.11525,10,6
NG-NAS-531,North Central,Nasarawa,Kokona,Nasarawa,Kokona,4,Near-average,6.048824357,38.8544,7.0974,17.6487,26.2418,42.4545,25.1241,30.63377089,64.6539,44.9868,61.0086,18.42538188,-0.447575342,10,17
NG-NAS-532,North Central,Nasarawa,Lafia,Nasarawa,Lafia,4,Near-average,6.434817309,38.1505,7.6715,19.8917,23.9653,36.466,17.716,30.70489452,50.508,36.126,55.4366,22.53350144,-0.38692,41,27
NG-NAS-533,North Central,Nasarawa,Nasarawa Eggon,Nasarawa,Nasarawa-Eggon,4,Near-average,5.857411736,41.7315,7.4641,20.3457,24.9021,33.4119,19.6636,30.22561304,,,,,,9,7
NG-NAS-534,North Central,Nasarawa,Nasarawa,Nasarawa,Nasarawa,4,Near-average,5.755416924,37.9203,7.1697,17.1958,28.9777,31.8434,24.2375,30.2752377,62.3812,52.5359,63.1901,33.07869999,-0.494809179,10,20
NG-NAS-535,North Central,Nasarawa,Obi,Nasarawa,Obi,4,Near-average,5.270131646,39.8742,7.5436,20.4398,23.2951,21.1939,19.9953,30.28060358,55.4924,42.1177,71.4206,15.24268288,-0.3609375,9,12
NG-NAS-536,North Central,Nasarawa,Toto,Nasarawa,Toto,4,Near-average,5.92832749,36.7754,6.9991,16.3145,25.6717,40.2768,23.8117,31.53167261,64.9498,60.265,70.5435,30.19664461,-0.447608247,36,106
NG-NAS-537,North Central,Nasarawa,Wamba,Nasarawa,Wamba,2,"Low maternal care, high conflict exposure",6.065432724,43.3393,6.7413,19.1841,26.4118,17.0477,20.0941,30.26549135,53.5079,42.6587,41.4198,17.39241316,-0.395780142,6,3
NG-NIG-538,North Central,Niger,Agaie,Niger,Agaie,2,"Low maternal care, high conflict exposure",3.908127535,41.8516,9.2977,23.4895,33.1608,35.5481,15.3532,31.13668928,41.9723,33.2464,68.4682,8.816225962,-0.460721461,7,4
NG-NIG-539,North Central,Niger,Agwara,Niger,Agwara,1,Deprived northern rural,2.203547834,47.4405,9.9765,25.8625,37.5535,1.8769,6.554,20.87274255,26.5732,10.3793,39.6745,6.354556878,-0.331889764,1,0
NG-NIG-540,North Central,Niger,Bida,Niger,Bida,2,"Low maternal care, high conflict exposure",5.268082282,37.0519,9.7981,22.6894,36.2519,47.7782,13.3773,35.42023376,35.5729,27.9244,67.368,5.440742144,-0.202834862,2,7
NG-NIG-541,North Central,Niger,Borgu,Niger,Borgu,2,"Low maternal care, high conflict exposure",2.383565871,46.185,9.8578,25.853,34.1408,17.3812,10.1598,21.98498032,26.5925,9.9754,23.392,34.56767313,-0.382632035,17,96
NG-NIG-542,North Central,Niger,Bosso,Niger,Bosso,2,"Low maternal care, high conflict exposure",5.116540294,36.6612,9.6042,22.5528,31.4881,16.7568,14.9182,35.12462013,39.662,26.4819,67.2754,14.41436129,-0.354376307,14,44
NG-NIG-543,North Central,Niger,Chanchaga,Niger,Chanchaga,2,"Low maternal care, high conflict exposure",6.652559855,31.856,9.4065,20.3092,29.1921,6.3663,15.58,37.71612114,59.544,54.9612,93.9665,0.936430359,0.948692308,34,249
NG-NIG-544,North Central,Niger,Edati,Niger,Edati,2,"Low maternal care, high conflict exposure",3.520341663,43.6614,9.1378,25.3811,32.6664,8.7546,11.9225,27.88970217,35.8883,27.4816,55.0789,8.040260843,-0.345068182,3,4
NG-NIG-545,North Central,Niger,Gbako,Niger,Gbako,2,"Low maternal care, high conflict exposure",3.844340401,41.4625,10.213,25.3462,36.2017,23.2443,10.686,30.84433175,32.373,24.8473,66.9478,11.86270015,-0.425119469,3,5
NG-NIG-546,North Central,Niger,Gurara,Niger,Gurara,2,"Low maternal care, high conflict exposure",5.4194925,37.4748,8.2848,18.6967,37.4068,16.7227,21.7161,34.68502704,52.6117,35.6467,78.524,13.38755915,-0.3925,19,108
NG-NIG-547,North Central,Niger,Katcha,Niger,Katcha,2,"Low maternal care, high conflict exposure",3.413368612,43.9652,9.7473,24.9818,36.0022,52.7461,12.2724,30.48639112,34.7753,26.572,62.7084,8.430437049,-0.370754789,4,0
NG-NIG-548,North Central,Niger,Kontagora,Niger,Kontagora,2,"Low maternal care, high conflict exposure",4.051146178,38.9339,9.7383,22.6692,28.6653,23.1841,6.6111,25.95995241,38.0499,13.8625,50.8793,6.180353941,-0.1271,28,96
NG-NIG-549,North Central,Niger,Lapai,Niger,Lapai,2,"Low maternal care, high conflict exposure",4.673251463,40.1179,8.3247,20.735,36.1076,10.4131,19.0415,31.19446018,48.7454,37.9534,67.5595,16.4151774,-0.449246622,30,39
NG-NIG-550,North Central,Niger,Lavun,Niger,Lavun,2,"Low maternal care, high conflict exposure",3.956155074,41.8058,9.5442,24.3289,34.6228,41.8301,11.4906,30.6035693,33.6949,24.8887,55.4507,13.86737842,-0.396335793,13,52
NG-NIG-551,North Central,Niger,Magama,Niger,Magama,2,"Low maternal care, high conflict exposure",2.095857097,46.7168,9.5131,25.9377,31.1617,52.9302,5.5053,21.66864134,35.2044,13.2828,40.8728,5.811483781,-0.180372146,12,59
NG-NIG-552,North Central,Niger,Mariga,Niger,Mariga,2,"Low maternal care, high conflict exposure",2.208670687,48.4846,10.4196,27.1488,35.347,32.7244,5.2108,23.86608536,35.7097,11.6394,52.408,8.485692747,-0.192874601,42,508
NG-NIG-553,North Central,Niger,Mashegu,Niger,Mashegu,2,"Low maternal care, high conflict exposure",2.328329583,45.0255,9.1833,25.1278,29.7372,21.3771,7.066,23.66763758,32.1407,15.9756,36.659,17.07698117,-0.492327434,28,143
NG-NIG-554,North Central,Niger,Mokwa,Niger,Mokwa,2,"Low maternal care, high conflict exposure",3.469978224,42.8869,8.3895,24.1586,30.4265,43.4012,12.7787,25.76422099,40.1154,27.0629,48.1001,12.33380379,-0.3865,7,5
NG-NIG-555,North Central,Niger,Muya,Niger,Muya,2,"Low maternal care, high conflict exposure",4.29637001,43.8241,9.4643,24.8708,32.9064,37.2454,16.1935,32.93066278,50.9343,21.2658,66.3463,23.49626277,-0.408249201,92,333
NG-NIG-556,North Central,Niger,Paikoro,Niger,Paikoro,2,"Low maternal care, high conflict exposure",4.343319691,41.2751,9.0626,22.4732,35.6048,34.1138,16.5198,33.07231022,47.6112,29.7123,75.5794,12.5059929,-0.409953846,28,37
NG-NIG-557,North Central,Niger,Rafi,Niger,Rafi,2,"Low maternal care, high conflict exposure",2.962169321,44.6578,10.3229,25.8975,33.0463,30.6211,7.7039,28.38711467,33.9484,14.9307,58.7493,18.01644513,-0.40840035,87,611
NG-NIG-558,North Central,Niger,Rijau,Niger,Rijau,2,"Low maternal care, high conflict exposure",2.154486049,49.091,10.5121,28.1112,40.9713,41.6056,5.7606,20.63383728,29.2363,10.5662,42.2679,7.359402639,-0.213848739,16,12
NG-NIG-559,North Central,Niger,Shiroro,Niger,Shiroro,2,"Low maternal care, high conflict exposure",3.390048839,45.8806,10.1514,27.7635,32.7315,5.8167,10.3355,30.33642479,39.2966,16.3023,56.091,32.37125586,-0.434323322,150,875
NG-NIG-560,North Central,Niger,Suleja,Niger,Suleja,4,Near-average,7.505474877,29.5967,7.7937,15.3085,38.8487,6.1995,23.7416,37.30424322,70.1331,64.0938,94.391,12.68970138,0.252473684,26,49
NG-NIG-561,North Central,Niger,Tafa,Niger,Tafa,4,Near-average,7.953040518,29.4485,8.1441,15.7637,37.3736,11.953,24.2623,38.85727074,75.2951,62.184,92.7422,3.728868599,0.086195122,11,10
NG-NIG-562,North Central,Niger,Wushishi,Niger,Wushishi,2,"Low maternal care, high conflict exposure",2.801125704,43.5889,9.8781,25.3582,29.2402,11.53,8.7097,28.3254686,30.4869,18.4151,51.2456,17.30497401,-0.425897959,20,93
NG-OGU-563,South West,Ogun,Abeokuta North,Ogun,Abeokuta North,4,Near-average,6.686178602,28.8606,7.6239,18.6449,33.7289,14.0876,23.2844,29.97586743,84.8201,73.6116,85.4745,9.477501465,-0.161788889,25,15
NG-OGU-564,South West,Ogun,Abeokuta South,Ogun,Abeokuta South,5,Relatively advantaged,9.508371377,22.0984,7.9615,16.199,26.0474,36.3582,24.9022,31.58901904,87.8517,79.0486,94.5634,2.16136431,0.712,66,60
NG-OGU-565,South West,Ogun,Ado Odo/Ota,Ogun,Ado-Odo/Ota,5,Relatively advantaged,8.508868184,21.5497,8.1397,14.9833,25.4256,33.3028,31.5277,31.92754461,85.5632,74.7198,92.2703,4.313387453,0.256485075,37,19
NG-OGU-566,South West,Ogun,Ewekoro,Ogun,Ewekoro,4,Near-average,6.675735139,27.3285,7.8545,17.6609,34.5574,16.0514,24.9775,30.30978332,87.1162,73.843,84.0877,7.272691136,0.010758621,17,10
NG-OGU-567,South West,Ogun,Ifo,Ogun,Ifo,5,Relatively advantaged,9.256480344,20.7572,8.0967,14.6723,23.4752,26.6343,33.0986,32.61567548,86.7332,76.1457,91.2069,5.622265048,0.337753086,15,13
NG-OGU-568,South West,Ogun,Ijebu East,Ogun,Ijebu East,4,Near-average,7.620204151,27.7295,7.7595,17.2892,23.2748,28.0032,27.3133,32.08862474,75.5777,58.166,22.375,26.22018668,-0.36403012,3,1
NG-OGU-569,South West,Ogun,Ijebu North East,Ogun,Ijebu North East,4,Near-average,8.74451305,25.1214,8.1844,17.4479,23.7971,17.0937,27.9255,32.82003612,85.9077,69.5329,60.1063,3.992679812,0.090961538,0,0
NG-OGU-570,South West,Ogun,Ijebu North,Ogun,Ijebu North,4,Near-average,8.537109116,24.8447,8.1299,17.2076,21.9416,24.5275,28.7708,32.56925168,82.5331,67.0987,44.596,11.22426684,-0.34703252,15,1
NG-OGU-571,South West,Ogun,Ijebu Ode,Ogun,Ijebu Ode,5,Relatively advantaged,9.74205154,22.0039,8.3621,16.0585,22.0551,31.7875,33.589,31.95612344,84.3538,66.6814,64.5526,5.375367713,0.399703704,18,8
NG-OGU-572,South West,Ogun,Ikenne,Ogun,Ikenne,5,Relatively advantaged,8.76861669,22.8657,7.972,15.8722,19.8262,38.5935,30.132,32.89577337,86.7128,71.4765,80.038,5.324336914,0.23256,14,8
NG-OGU-573,South West,Ogun,Imeko Afon,Ogun,Imeko Afon,4,Near-average,5.50815064,31.7667,7.082,18.8653,38.0494,18.3927,21.5815,26.05343891,70.0428,64.2028,65.4076,21.79117425,-0.471609053,12,10
NG-OGU-574,South West,Ogun,Ipokia,Ogun,Ipokia,4,Near-average,5.841976816,27.2534,7.9358,17.0823,32.061,30.004,27.8769,28.86884482,81.5999,68.1165,73.909,7.27531303,-0.074560976,4,1
NG-OGU-575,South West,Ogun,Obafemi Owode,Ogun,Obafemi-Owode,4,Near-average,7.667345067,25.8653,7.8453,17.0625,26.1589,32.2793,26.6004,31.84662976,84.0397,70.4026,64.9704,6.912881252,-0.078434211,44,25
NG-OGU-576,South West,Ogun,Odeda,Ogun,Odeda,4,Near-average,7.267977442,29.1544,7.9159,18.9485,25.4295,29.2542,23.526,29.84772885,80.0422,66.7342,69.0699,8.091628186,-0.391911765,16,17
NG-OGU-577,South West,Ogun,Odogbolu,Ogun,Odogbolu,5,Relatively advantaged,8.34509195,23.854,8.0322,16.3333,22.0749,16.3876,29.3849,33.37052214,84.7478,63.1511,72.1907,13.58774718,0.232,10,13
NG-OGU-578,South West,Ogun,Ogun Waterside,Ogun,Ogun Waterside,4,Near-average,7.534568741,27.877,7.367,17.1049,19.8603,41.8322,24.3465,31.2273992,70.0916,50.6089,21.2324,29.41203089,-0.234666667,0,0
NG-OGU-579,South West,Ogun,Remo North,Ogun,Remo North,4,Near-average,8.349929039,25.1631,7.9859,16.9854,20.1524,20.2764,28.5102,33.2612315,84.3382,66.6762,59.567,5.035323563,-0.042615385,6,2
NG-OGU-580,South West,Ogun,Sagamu,Ogun,Sagamu,5,Relatively advantaged,8.900086365,21.5301,8.1375,15.2873,21.3246,12.273,28.6561,33.17481642,83.7378,65.9344,83.4552,7.245473031,0.308088608,30,52
NG-OGU-581,South West,Ogun,Yewa North,Ogun,Yewa North (Egbado North),4,Near-average,5.714668916,31.3931,7.5574,19.5889,39.9828,20.1008,22.3034,26.94289055,78.8394,65.0047,70.7618,11.94477867,-0.315637615,25,37
NG-OGU-582,South West,Ogun,Yewa South,Ogun,Yewa South (Egbado South),4,Near-average,6.422596197,27.3521,7.8987,17.3096,40.5584,25.5025,26.7682,29.41031115,84.2623,70.5916,80.0276,7.589628152,-0.152431373,8,11
NG-OND-583,South West,Ondo,Akoko North East,Ondo,Akoko North East,5,Relatively advantaged,9.628861207,21.2269,6.7598,11.4383,17.3572,13.3616,30.5122,28.03049501,86.5541,81.6032,81.8813,7.02540264,-0.253531915,20,15
NG-OND-584,South West,Ondo,Akoko North West,Ondo,Akoko North West,5,Relatively advantaged,8.865648695,22.9057,6.7894,12.1278,17.8545,14.0573,30.8754,29.30181606,87.5674,80.5176,81.2194,7.335103813,-0.159285714,11,6
NG-OND-585,South West,Ondo,Akoko South East,Ondo,Akoko South East,4,Near-average,8.631409679,22.7352,6.6135,11.5667,16.9413,15.9289,29.834,28.65907396,83.7307,83.4526,79.1621,5.125461019,-0.128625,5,2
NG-OND-586,South West,Ondo,Akoko South West,Ondo,Akoko South West,5,Relatively advantaged,8.817424671,23.0768,6.7292,11.8605,16.2102,8.5347,28.4055,27.3552916,85.0059,81.6569,74.4283,7.496889051,-0.229362319,14,8
NG-OND-587,South West,Ondo,Akure North,Ondo,Akure North,5,Relatively advantaged,9.124202898,22.7251,7.1308,13.043,14.6487,10.3371,35.6379,27.66367897,84.5545,82.3348,65.664,7.972320847,-0.050246575,26,11
NG-OND-588,South West,Ondo,Akure South,Ondo,Akure South,5,Relatively advantaged,10.49158176,21.1565,7.3912,13.0705,16.0496,21.6569,35.363,27.864873,86.377,85.0263,68.9579,5.391442736,0.117923077,38,13
NG-OND-589,South West,Ondo,Ese Odo,Ondo,Ese-Odo,4,Near-average,7.477994723,28.5212,7.2641,17.0598,22.683,17.9034,22.4169,29.51462944,60.8659,44.0208,26.6589,55.34869482,-0.3119375,4,7
NG-OND-590,South West,Ondo,Idanre,Ondo,Idanre,4,Near-average,7.627543745,26.0341,6.934,14.148,17.0933,13.1991,31.1308,28.39663349,71.3683,68.1481,26.259,42.22616617,-0.383701299,8,3
NG-OND-591,South West,Ondo,Ifedore,Ondo,Ifedore,4,Near-average,8.801224175,24.8845,7.2564,13.9396,16.2788,12.0707,36.4221,29.5668339,86.0205,82.5283,74.8489,6.622197856,-0.013438596,2,0
NG-OND-592,South West,Ondo,Ilaje,Ondo,Ilaje,4,Near-average,7.477994723,28.5212,7.2641,17.0598,21.3667,17.9034,21.6447,29.51462944,56.3266,41.9609,27.7825,50.32840823,-0.223778846,4,7
NG-OND-593,South West,Ondo,Ile-Oluji/Okeigbo,Ondo,Ile-Oluji-Okeigbo,4,Near-average,8.094724462,27.2316,7.2559,15.1854,16.2665,15.3272,35.8834,29.78916115,85.7491,81.0283,52.9066,7.762560495,-0.273930769,0,0
NG-OND-594,South West,Ondo,Irele,Ondo,Irele,4,Near-average,7.687821532,27.5946,7.1916,16.3001,20.5493,13.9469,23.3336,28.49336294,76.6397,60.3383,35.7904,28.60740589,-0.454494624,1,0
NG-OND-595,South West,Ondo,Odigbo,Ondo,Odigbo,4,Near-average,7.87370403,27.4018,7.1325,15.8727,17.0832,10.6396,27.5864,29.9632688,77.3378,65.7051,30.4589,25.18418047,-0.419341346,9,5
NG-OND-596,South West,Ondo,Okitipupa,Ondo,Okitipupa,4,Near-average,8.465113308,25.993,7.0606,15.7923,14.9207,20.4754,24.5914,30.37539867,81.1726,65.0198,51.2322,19.97352921,-0.307377778,6,14
NG-OND-597,South West,Ondo,Ondo East,Ondo,Ondo East,4,Near-average,7.981943129,27.357,7.0315,15.176,15.3005,21.7701,33.4318,29.94826287,84.0453,78.9188,50.7901,9.981993918,-0.427729167,4,4
NG-OND-598,South West,Ondo,Ondo West,Ondo,Ondo West,4,Near-average,9.757261456,22.9838,7.3692,14.5283,17.0258,16.0298,37.5061,29.78733891,85.3924,77.8022,50.1181,17.43713781,-0.428666667,5,6
NG-OND-599,South West,Ondo,Ose,Ondo,Ose,4,Near-average,7.834774748,23.7583,6.7089,12.5625,18.1749,18.4039,28.1742,26.44205263,74.4277,77.1168,35.9342,15.41187279,-0.487267081,23,26
NG-OND-600,South West,Ondo,Owo,Ondo,Owo,4,Near-average,8.700776854,22.7272,6.8049,12.307,15.832,13.8562,30.1272,27.43362614,77.5588,80.1612,49.9881,10.90234525,-0.323248,20,48
NG-OSU-601,South West,Osun,Atakumosa East,Osun,Atakunmosa East,4,Near-average,9.181322734,23.8316,7.4515,14.4532,19.6853,19.2619,39.355,30.3369582,88.1801,83.4166,49.9329,6.337802775,-0.377462963,4,6
NG-OSU-602,South West,Osun,Atakumosa West,Osun,Atakunmosa West,4,Near-average,8.072149331,26.4911,7.8934,15.6813,21.7619,19.6677,35.3135,32.2855834,90.7789,85.9524,72.8967,3.737379512,-0.268530303,11,18
NG-OSU-603,South West,Osun,Ayedaade,Osun,Aiyedaade,4,Near-average,8.616588104,23.7108,8.6974,16.9262,23.5045,25.5867,35.0164,32.34570932,85.6512,77.0796,45.7564,10.26564966,-0.369136364,6,3
NG-OSU-604,South West,Osun,Ayedire,Osun,Aiyedire,4,Near-average,7.688307389,27.5472,8.2442,17.5411,21.8854,15.9915,31.5884,31.65095948,89.5829,81.8039,72.9293,5.703994269,-0.259326087,0,0
NG-OSU-605,South West,Osun,Boluwaduro,Osun,Boluwaduro,4,Near-average,8.73616003,25.669,7.8432,14.4652,23.1635,17.0254,37.6847,31.49208267,90.7135,84.5281,81.0746,4.768358971,-0.18568,1,0
NG-OSU-606,South West,Osun,Boripe,Osun,Boripe,4,Near-average,8.054208064,26.2228,8.0821,14.8968,23.2479,48.09,37.1158,32.09762332,92.5773,88.4961,92.3996,2.997282883,0.179214286,8,5
NG-OSU-607,South West,Osun,Ede North,Osun,Ede North,4,Near-average,8.753762058,24.5302,8.3326,15.5257,20.381,38.6285,34.9445,31.77100436,92.0359,86.2685,92.6488,1.616067814,0.371473684,11,7
NG-OSU-608,South West,Osun,Ede South,Osun,Ede South,4,Near-average,8.414993837,25.7552,8.4152,16.2922,19.5659,45.3335,32.4824,32.14002842,91.6185,83.877,89.368,3.193499695,-0.152305556,3,1
NG-OSU-609,South West,Osun,Egbedore,Osun,Egbedore,4,Near-average,9.72472339,22.8207,8.7548,15.616,21.4386,43.4318,34.865,31.38914833,91.8386,86.7368,90.34,2.516480577,-0.01026,2,2
NG-OSU-610,South West,Osun,Ejigbo,Osun,Ejigbo,4,Near-average,8.315528163,25.5299,8.4206,17.1147,16.9877,17.5702,33.6744,31.2455041,88.3988,81.4672,84.5741,2.606953415,-0.122807018,2,3
NG-OSU-611,South West,Osun,Ife Central,Osun,Ife Central,4,Near-average,8.734815157,24.4939,7.7579,14.7162,22.5308,8.8292,36.299,33.63359063,91.3573,86.4014,84.9708,3.132251848,0.271923077,13,8
NG-OSU-612,South West,Osun,Ife East,Osun,Ife East,4,Near-average,8.299124083,26.3917,7.7925,15.6675,20.1108,23.1487,37.8265,32.77281715,90.7858,85.1525,71.0183,4.3320287,-0.131488372,1,0
NG-OSU-613,South West,Osun,Ife North,Osun,Ife North,4,Near-average,9.884861973,22.2539,8.3473,15.3922,24.8177,20.1104,41.3269,32.28337319,89.0711,82.0862,58.4065,6.291484325,-0.24812766,4,3
NG-OSU-614,South West,Osun,Ife South,Osun,Ife South,4,Near-average,7.925357191,26.6132,7.5656,15.7932,20.5199,17.9594,36.2128,32.15280033,82.2053,75.0622,36.5726,19.01337039,-0.426359223,1,1
NG-OSU-615,South West,Osun,Ifedayo,Osun,Ifedayo,4,Near-average,8.97732817,26.2363,7.3995,14.5464,22.3143,19.8179,34.022,31.68394917,88.3855,79.7145,76.3843,3.621809066,-0.165571429,3,1
NG-OSU-616,South West,Osun,Ifelodun,Osun,Ifelodun,4,Near-average,9.1526587,23.7279,8.258,14.7317,23.3245,10.6733,38.4118,31.92390679,91.4422,86.2493,89.3693,4.824452546,0.054458333,7,4
NG-OSU-617,South West,Osun,Ila,Osun,Ila,4,Near-average,8.463071308,25.4529,7.6818,14.5387,22.5811,11.1057,34.5206,31.42096184,88.4661,81.5989,75.2091,3.540151743,-0.193,2,0
NG-OSU-618,South West,Osun,Ilesa East,Osun,Ilesha East,5,Relatively advantaged,9.807749988,22.5393,7.7907,14.1947,26.1273,14.1802,41.7485,30.37020212,90.7401,87.4049,82.5745,3.238071565,0.340076923,23,25
NG-OSU-619,South West,Osun,Ilesa West,Osun,Ilesha West,4,Near-average,10.24000109,21.8528,8.129,14.331,25.3917,35.2868,41.3002,29.81112974,91.1305,88.4939,86.6388,2.416093476,0.562555556,1,0
NG-OSU-620,South West,Osun,Irepodun,Osun,Irepodun,4,Near-average,9.032750634,24.1287,8.2409,15.2539,18.1397,11.3635,35.278,31.14890048,91.0194,86.8685,90.2302,3.716330465,-0.20125,4,4
NG-OSU-621,South West,Osun,Irewole,Osun,Irewole,4,Near-average,9.335544056,22.9609,8.5582,16.1058,21.3906,11.4867,37.6796,34.39861625,88.3604,79.5634,64.9948,5.076708984,-0.275636364,6,8
NG-OSU-622,South West,Osun,Isokan,Osun,Isokan,4,Near-average,7.253301771,27.9885,8.2855,17.6068,22.3192,21.7143,33.1107,33.33924713,87.3854,76.1875,57.3364,5.352094029,-0.139225,9,12
NG-OSU-623,South West,Osun,Iwo,Osun,Iwo,4,Near-average,9.126390778,23.5883,8.5178,16.9182,22.2443,8.7557,37.594,32.09492572,89.8433,82.226,89.2589,3.462189593,-0.035131579,7,6
NG-OSU-624,South West,Osun,Obokun,Osun,Obokun,4,Near-average,8.418765551,26.2981,7.8906,15.051,24.2632,20.284,36.8648,30.9785973,89.7817,85.3373,72.9517,4.209635538,-0.13238961,11,2
NG-OSU-625,South West,Osun,Odo Otin,Osun,Odo-Otin,4,Near-average,8.596669531,26.6018,8.0246,15.3763,20.6294,40.5134,33.7286,31.43194762,87.5654,80.0814,80.6111,2.938900499,0.031371429,7,4
NG-OSU-626,South West,Osun,Ola-Oluwa,Osun,Ola-Oluwa,4,Near-average,7.745023784,26.9528,8.1935,17.5369,19.7124,25.6921,31.7316,31.58897574,89.5387,82.1408,84.6728,4.707901711,-0.266314815,1,0
NG-OSU-627,South West,Osun,Olorunda,Osun,Olorunda,4,Near-average,10.13757884,22.2535,8.8759,15.1552,22.1344,13.2935,36.1532,31.08812219,91.6726,87.1254,88.8955,5.000309575,-0.01975,1,0
NG-OSU-628,South West,Osun,Oriade,Osun,Oriade,4,Near-average,8.741922045,25.5109,7.7113,14.9602,24.7786,32.4447,33.0199,30.42789211,88.3977,84.3552,70.2187,4.845563206,-0.0066,5,2
NG-OSU-629,South West,Osun,Orolu,Osun,Orolu,4,Near-average,9.677601905,23.1426,8.648,15.9682,21.4574,39.1907,36.9146,32.19631496,91.8909,87.6155,92.5504,3.081542447,-0.130692308,6,14
NG-OSU-630,South West,Osun,Osogbo,Osun,Osogbo,5,Relatively advantaged,9.192055042,23.5597,8.3823,15.1408,24.4337,19.7316,42.8872,31.05098088,92.6991,89.2234,98.2764,1.238602526,0.734705882,80,35
NG-OYO-631,South West,Oyo,Afijio,Oyo,Afijio,4,Near-average,7.671487659,26.2255,8.0044,17.7033,15.4613,9.948,30.578,30.26322974,83.2189,73.2979,79.1523,8.194297848,-0.373052632,3,3
NG-OYO-632,South West,Oyo,Akinyele,Oyo,Akinyele,5,Relatively advantaged,9.357417754,23.418,8.0696,16.5908,15.4126,45.3231,30.6763,32.52541633,88.6201,76.9997,81.4579,3.23187234,-0.035231884,39,34
NG-OYO-633,South West,Oyo,Atiba,Oyo,Atiba,4,Near-average,6.555306173,29.2867,7.9945,18.0132,18.2317,31.464,30.5231,27.38038959,67.1779,58.8989,71.2667,12.15876148,-0.537342342,3,0
NG-OYO-634,South West,Oyo,Atisbo,Oyo,Atisbo,2,"Low maternal care, high conflict exposure",5.108568722,29.8241,7.4404,16.9291,31.6192,7.2316,27.1747,23.90670377,52.7613,43.5837,41.1684,39.56947293,-0.486076142,5,5
NG-OYO-635,South West,Oyo,Egbeda,Oyo,Egbeda,4,Near-average,9.562189043,23.2138,8.5094,16.9189,17.0825,4.922,31.7268,34.84863281,86.5371,75.494,86.2992,3.060616436,0.299944444,9,8
NG-OYO-636,South West,Oyo,Ibadan North East,Oyo,Ibadan North East,5,Relatively advantaged,10.63238323,20.2945,8.7615,16.3243,15.9579,6.4217,29.6679,38.18047459,87.2692,74.3163,99.3357,0.054119804,1.366333333,2,1
NG-OYO-637,South West,Oyo,Ibadan North,Oyo,Ibadan North,5,Relatively advantaged,10.61266628,21.0629,8.4597,15.9427,16.2105,5.3704,31.5162,35.55461303,87.9679,79.1771,99.0265,0.358480846,1.319142857,12,5
NG-OYO-638,South West,Oyo,Ibadan North West,Oyo,Ibadan North West,5,Relatively advantaged,10.48331672,21.3871,8.3396,15.9063,16.1474,5.1621,32.7771,34.37981388,88.0268,81.9228,99.1697,0.754199902,1.1716,36,27
NG-OYO-639,South West,Oyo,Ibadan South East,Oyo,Ibadan South East,5,Relatively advantaged,10.7329032,20.6602,8.4874,15.9429,15.9414,6.0226,27.4763,35.94836828,86.5474,77.9202,99.2834,0.076729004,1.1105,3,5
NG-OYO-640,South West,Oyo,Ibadan South West,Oyo,Ibadan South West,5,Relatively advantaged,10.65222989,21.3457,8.4552,16.1744,16.3759,39.2689,27.9985,35.30693825,87.5415,79.0999,99.368,0.20388655,1.537,15,17
NG-OYO-641,South West,Oyo,Ibarapa Central,Oyo,Ibarapa Central,4,Near-average,7.706579891,26.84,7.8916,18.9526,25.7381,35.0408,23.2327,27.27111652,77.3535,65.4453,78.1825,10.81565552,-0.338095238,9,8
NG-OYO-642,South West,Oyo,Ibarapa East,Oyo,Ibarapa East,4,Near-average,7.105898778,28.6227,7.4929,18.1686,22.2234,37.3542,27.4135,30.02196119,75.8824,64.7983,79.3161,8.565052287,-0.477152381,5,2
NG-OYO-643,South West,Oyo,Ibarapa North,Oyo,Ibarapa North,4,Near-average,6.12734843,30.8913,7.4242,18.9506,32.0324,27.1341,23.0915,27.31512853,74.4024,66.7552,74.6904,15.19412502,-0.5062,24,35
NG-OYO-644,South West,Oyo,Ido,Oyo,Ido,4,Near-average,7.989251295,26.5775,7.9457,18.0017,16.8005,45.0977,29.778,31.67895337,82.4465,71.4603,78.7088,8.196674734,-0.152474227,4,2
NG-OYO-645,South West,Oyo,Irepo,Oyo,Irepo,4,Near-average,4.657460779,30.4185,7.3274,16.9848,19.2056,36.8181,30.2873,25.3099322,55.4564,36.6055,46.9879,22.00681551,-0.478739583,0,0
NG-OYO-646,South West,Oyo,Iseyin,Oyo,Iseyin,4,Near-average,7.57405362,26.3717,7.8069,17.2209,19.4868,31.2545,26.8851,27.50150861,70.9809,63.1666,69.7406,24.38981041,-0.501663399,8,2
NG-OYO-647,South West,Oyo,Itesiwaju,Oyo,Itesiwaju,4,Near-average,6.010158571,29.6483,7.4304,16.7675,26.6956,41.0102,28.8117,26.21756022,61.5522,53.7538,54.7956,21.25002448,-0.480878788,2,0
NG-OYO-648,South West,Oyo,Iwajowa,Oyo,Iwajowa,4,Near-average,5.575865039,29.7399,7.3687,17.2631,30.0983,34.2715,22.9912,25.47737205,64.8139,57.3254,62.1132,21.26594286,-0.507165217,9,21
NG-OYO-649,South West,Oyo,Kajola,Oyo,Kajola,4,Near-average,6.944788778,27.8901,7.4295,16.2078,24.2644,10.8543,28.8109,27.51358854,75.207,66.9049,73.3098,16.00105853,-0.43995,2,3
NG-OYO-650,South West,Oyo,Lagelu,Oyo,Lagelu,4,Near-average,8.373599561,24.8521,8.124,17.0985,16.845,38.8102,30.9124,34.31990422,89.2067,77.6811,82.5169,2.909108632,0.031909091,4,3
NG-OYO-651,South West,Oyo,Ogbomosho North,Oyo,Ogbomosho North,4,Near-average,8.684668451,23.8639,8.2794,16.0974,13.6919,45.9666,37.4501,29.72497973,86.0938,77.8084,95.9266,3.274886942,0.061793103,8,5
NG-OYO-652,South West,Oyo,Ogbomosho South,Oyo,Ogbomosho South,4,Near-average,8.121208176,25.1904,8.2118,16.5124,12.8451,47.1935,35.8982,30.09493373,86.6998,79.8451,97.0829,2.436519507,0.307142857,0,0
NG-OYO-653,South West,Oyo,Ogo Oluwa,Oyo,Ogo Oluwa,4,Near-average,7.301910477,27.9205,8.0401,17.3054,15.1788,41.1972,34.6468,30.98180329,82.9286,74.2188,83.1853,4.973458482,-0.281972222,2,3
NG-OYO-654,South West,Oyo,Olorunsogo,Oyo,Olorunsogo,4,Near-average,5.083832939,30.8618,7.2678,17.1138,19.7052,20.7546,31.8244,26.19483039,57.3158,47.8815,44.7102,22.9184336,-0.432477987,1,2
NG-OYO-655,South West,Oyo,Oluyole,Oyo,Oluyole,4,Near-average,8.720138908,24.5316,8.0982,17.2189,17.1772,10.9377,27.5453,31.69104271,84.2414,71.1774,73.0583,12.27017208,-0.066821053,7,1
NG-OYO-656,South West,Oyo,Ona Ara,Oyo,Ona-Ara,4,Near-average,8.744090657,24.5978,8.385,17.4094,16.5765,38.8727,31.7584,35.49515119,85.798,73.4325,67.2559,6.074463423,-0.092171429,3,0
NG-OYO-657,South West,Oyo,Orelope,Oyo,Orelope,4,Near-average,5.128383983,28.4491,7.1588,16.1517,24.8742,45.4755,34.1409,25.82723825,56.3369,44.9912,44.1306,27.79544214,-0.509855856,1,2
NG-OYO-658,South West,Oyo,Ori Ire,Oyo,Ori Ire,4,Near-average,6.048085496,29.8665,7.7447,17.2737,17.8293,31.2052,33.5361,26.70925914,63.2074,54.3602,58.6744,22.78818422,-0.456194215,3,1
NG-OYO-659,South West,Oyo,Oyo East,Oyo,Oyo East,4,Near-average,7.60238727,26.1726,8.2332,17.5595,13.4283,27.7706,33.465,31.00604355,83.8817,75.1492,84.3125,6.214095697,-0.054772727,0,0
NG-OYO-660,South West,Oyo,Oyo West,Oyo,Oyo West,4,Near-average,8.95409017,23.0622,8.3106,16.5898,14.5633,21.3408,32.3674,30.63390265,77.8114,68.8946,83.0933,15.16071803,-0.42136,6,5
NG-OYO-661,South West,Oyo,Saki East,Oyo,Saki East,4,Near-average,6.266940227,26.6821,7.5798,15.9728,29.3157,31.7332,32.3663,24.30826516,56.3934,41.8387,42.1402,24.57534957,-0.48010084,2,2
NG-OYO-662,South West,Oyo,Saki West,Oyo,Saki West,4,Near-average,5.721469222,27.5602,7.5579,16.0693,28.0833,46.5335,33.4993,24.41683296,43.2621,28.4942,33.2918,22.29378069,-0.40119398,6,11
NG-OYO-663,South West,Oyo,Surulere,Oyo,Surulere,4,Near-average,7.214326464,28.9,8.1438,17.0983,16.3746,24.2348,33.3734,29.76790975,82.3181,72.0285,82.0026,3.68824747,-0.442640845,2,0
NG-PLA-664,North Central,Plateau,Barkin Ladi,Plateau,Barkin Ladi,4,Near-average,7.086833312,40.8951,6.5325,17.4674,22.2846,47.6481,19.9896,33.21191794,54.5833,50.9952,40.4173,11.16827401,-0.168107143,35,120
NG-PLA-665,North Central,Plateau,Bassa,Plateau,Bassa,4,Near-average,6.089707115,44.3424,7.9935,21.0607,23.3578,47.7561,18.5869,37.49624865,57.2747,37.5251,59.9617,16.62347288,-0.288175676,66,416
NG-PLA-666,North Central,Plateau,Bokkos,Plateau,Bokkos,4,Near-average,6.650564196,41.5742,6.1078,16.9683,24.4974,39.3694,19.4079,30.63337156,51.1977,43.245,32.655,16.36290932,-0.295012,64,222
NG-PLA-667,North Central,Plateau,Jos East,Plateau,Jos East,4,Near-average,6.378124552,44.0268,6.9319,19.712,20.4926,34.88,17.3784,33.21432498,65.1659,54.8732,76.3563,28.58162918,-0.433907563,16,18
NG-PLA-668,North Central,Plateau,Jos North,Plateau,Jos North,4,Near-average,8.516356684,35.3787,7.0521,17.3971,17.9194,34.7246,19.9481,36.28685298,70.9069,65.7864,86.0256,6.461019802,0.435891304,66,128
NG-PLA-669,North Central,Plateau,Jos South,Plateau,Jos South,4,Near-average,7.950664057,36.715,6.6122,16.8602,18.9438,42.8487,20.2464,34.53530751,66.4523,65.1831,81.395,7.649414063,0.365134831,48,86
NG-PLA-670,North Central,Plateau,Kanam,Plateau,Kanam,2,"Low maternal care, high conflict exposure",3.894138525,45.1349,8.3354,22.969,27.5238,47.9184,10.4304,23.34381499,43.0607,19.9361,32.8251,23.2201225,-0.451425856,7,111
NG-PLA-671,North Central,Plateau,Kanke,Plateau,Kanke,2,"Low maternal care, high conflict exposure",5.539811372,43.8978,7.3519,20.6141,25.6152,64.7918,13.7465,27.65820012,55.1558,34.722,43.1005,14.44116678,-0.417008547,1,0
NG-PLA-672,North Central,Plateau,Langtang North,Plateau,Langtang North,2,"Low maternal care, high conflict exposure",5.213644332,41.6239,7.5496,19.7503,24.7465,51.9485,14.1518,26.57197139,40.8883,27.0521,28.2105,15.84558343,-0.369100719,0,0
NG-PLA-673,North Central,Plateau,Langtang South,Plateau,Langtang South,2,"Low maternal care, high conflict exposure",4.403893369,43.278,7.5768,20.2125,28.2695,34.727,17.5153,23.33194572,35.384,16.8418,35.2761,16.92124521,-0.41092,1,0
NG-PLA-674,North Central,Plateau,Mangu,Plateau,Mangu,4,Near-average,6.802654444,41.496,6.4745,17.9588,23.4888,54.8764,18.1071,31.68052939,57.5346,51.0356,47.7626,13.01664208,-0.262545113,64,286
NG-PLA-675,North Central,Plateau,Mikang,Plateau,Mikang,2,"Low maternal care, high conflict exposure",5.162122922,43.1789,7.4722,20.3345,25.4823,41.3344,15.4262,26.71046997,47.4482,33.488,41.1941,24.9108047,-0.421421875,3,6
NG-PLA-676,North Central,Plateau,Pankshin,Plateau,Pankshin,4,Near-average,6.173196497,42.9014,6.6771,18.8562,23.4238,41.7112,16.072,29.64441386,58.6339,46.1584,51.9541,22.52751491,-0.380473684,10,18
NG-PLA-677,North Central,Plateau,Qua'An Pan,Plateau,Qua'an Pan,2,"Low maternal care, high conflict exposure",5.175175598,41.9473,7.3525,20.0671,22.9674,30.2109,17.836,27.37863849,51.4895,36.0024,48.3486,25.10573748,-0.419274151,6,2
NG-PLA-678,North Central,Plateau,Riyom,Plateau,Riyom,4,Near-average,6.970481389,42.1927,6.6182,18.0594,24.0717,43.7681,22.3716,35.56986785,59.7329,47.8214,59.8279,21.37128194,-0.312816,46,107
NG-PLA-679,North Central,Plateau,Shendam,Plateau,Shendam,2,"Low maternal care, high conflict exposure",4.884373046,42.3406,7.47,20.197,24.2016,55.3969,18.315,26.07972537,47.6571,29.7154,44.3794,22.14604613,-0.45462982,2,3
NG-PLA-680,North Central,Plateau,Wase,Plateau,Wase,2,"Low maternal care, high conflict exposure",4.053971149,44.1758,7.7131,20.8785,28.071,9.2748,13.383,22.6505904,33.8591,14.9401,23.2318,48.2015908,-0.467011876,35,168
NG-RIV-681,South South,Rivers,Abua/Odual,Rivers,Abua - Odual,4,Near-average,9.519477862,21.2388,6.4198,11.2483,14.7237,5.7828,28.55,27.45891508,56.6741,26.9722,80.8192,35.00776832,-0.238894737,0,0
NG-RIV-682,South South,Rivers,Ahoada East,Rivers,Ahoada East,4,Near-average,9.433279585,20.3953,6.7986,12.2536,18.2641,5.1662,22.9774,26.9091093,69.9293,35.2125,93.0678,9.238912509,-0.029015625,0,0
NG-RIV-683,South South,Rivers,Ahoada West,Rivers,Ahoada West,5,Relatively advantaged,9.243049983,20.909,6.5612,11.8991,17.1109,24.2846,23.5268,27.04638255,57.2617,30.65,90.359,17.77742443,-0.084021739,18,38
NG-RIV-684,South South,Rivers,Akuku Toru,Rivers,Akuku Toru,3,Geographically isolated,8.189227777,22.5321,6.3465,11.3263,13.7271,21.0137,24.5479,26.63981363,40.3452,19.6657,40.5513,144.074212,-0.108755814,12,4
NG-RIV-685,South South,Rivers,Andoni,Rivers,Andoni,4,Near-average,8.586427229,26.9058,7.2808,15.6489,17.1292,8.4239,20.6263,26.82834144,61.7964,19.0139,50.7561,27.98331876,-0.10547619,6,6
NG-RIV-686,South South,Rivers,Asari-Toru,Rivers,Asari-Toru,4,Near-average,10.56109496,20.93,6.2852,10.5611,10.813,17.2888,37.9579,28.65910698,76.1377,40.4055,83.3534,35.35130186,-0.056592593,3,2
NG-RIV-687,South South,Rivers,Bonny,Rivers,Bonny,4,Near-average,8.79738024,24.7356,7.0432,13.966,15.3343,23.7719,27.9909,28.29250314,57.3858,22.0261,42.4386,29.11388679,0.068608696,7,1
NG-RIV-688,South South,Rivers,Degema,Rivers,Degema,3,Geographically isolated,9.159217332,22.1635,6.5065,11.6419,12.7893,42.5921,30.1876,27.53400846,51.6462,27.0689,50.0252,111.8244981,-0.068283019,41,11
NG-RIV-689,South South,Rivers,Eleme,Rivers,Eleme,5,Relatively advantaged,9.864555431,24.3524,7.2313,13.6387,15.3406,13.5921,28.4697,27.62427623,84.6314,60.8732,98.2493,4.498437375,0.526666667,11,14
NG-RIV-690,South South,Rivers,Emohua,Rivers,Emuoha,4,Near-average,9.303935329,20.942,6.8057,12.1387,16.0124,13.5812,25.1959,27.21710553,75.5237,43.9988,88.7054,15.82617751,-0.046931507,0,0
NG-RIV-691,South South,Rivers,Etche,Rivers,Etche,5,Relatively advantaged,9.239064638,21.9943,7.3184,13.8806,20.5543,37.7893,22.7034,25.40402393,85.905,71.4189,93.2804,5.968255621,0.079690265,9,4
NG-RIV-692,South South,Rivers,Gokana,Rivers,Gokana,4,Near-average,9.472512876,25.8167,7.3662,14.7579,14.2003,15.2913,28.7459,27.92061126,70.8348,33.8304,89.4662,7.885676558,0.256944444,0,0
NG-RIV-693,South South,Rivers,Ikwerre,Rivers,Ikwerre,4,Near-average,9.318900287,21.1809,7.1753,12.98,17.9091,43.7955,24.46,27.07129492,82.2601,60.667,92.2461,8.763251568,0.196694444,21,21
NG-RIV-694,South South,Rivers,Khana,Rivers,Khana,5,Relatively advantaged,8.763253278,26.7898,7.6506,15.8045,16.1908,5.0783,23.5588,26.14751792,70.7079,31.1823,86.6162,8.054301715,0.060726027,17,31
NG-RIV-695,South South,Rivers,Obio/Akpor,Rivers,Obio/Akpor,4,Near-average,10.49426372,21.3567,7.263,12.532,13.6014,2.4444,32.2786,27.83862267,87.668,68.0277,97.509,2.347995353,0.855891304,0,0
NG-RIV-696,South South,Rivers,Ogba/Egbema/Ndoni,Rivers,Ogba - Egbema - Ndoni,4,Near-average,9.43621919,19.3199,7.2778,13.0755,20.3726,63.8137,21.3988,25.0956835,70.8392,62.1257,92.6814,21.79963156,-0.078154545,0,0
NG-RIV-697,South South,Rivers,Ogu/Bolo,Rivers,Ogu - Bolo,4,Near-average,9.581943724,24.1495,6.9432,13.4635,14.7611,45.2848,29.6685,28.35198778,61.628,28.402,68.6677,36.10192958,0.029,0,0
NG-RIV-698,South South,Rivers,Okrika,Rivers,Okrika,3,Geographically isolated,9.814585772,23.7824,6.9383,12.9723,13.4717,12.9782,29.2803,27.49468532,57.3256,31.0579,56.3064,120.6522524,0.042051724,6,10
NG-RIV-699,South South,Rivers,Omumma,Rivers,Omumma,5,Relatively advantaged,9.144074429,22.3828,7.3808,14.387,24.7369,32.5261,22.5704,24.99332125,86.2756,78.0507,95.3288,5.285530784,0.168206897,4,3
NG-RIV-700,South South,Rivers,Opobo/Nkoro,Rivers,Opobo - Nkoro,4,Near-average,8.233810146,27.5646,7.5595,16.2626,16.6754,35.5238,20.1338,26.28100486,63.4289,20.8671,59.8144,19.40546634,0.045,0,0
NG-RIV-701,South South,Rivers,Oyigbo,Rivers,Oyigbo,5,Relatively advantaged,9.470819625,24.6839,7.4683,14.4396,16.649,12.6685,24.9963,26.02666474,79.9628,53.1687,94.495,6.006988822,0.15075,9,6
NG-RIV-702,South South,Rivers,Port-Harcourt,Rivers,Port-Harcourt,5,Relatively advantaged,10.38815454,21.91,6.9417,12.0947,11.7011,59.2875,35.4429,28.02981626,85.7565,66.4876,96.3211,3.382940565,0.960416667,97,54
NG-RIV-703,South South,Rivers,Tai,Rivers,Tai,4,Near-average,9.328502349,26.0246,7.5047,14.9595,15.4689,20.2432,23.568,27.08701976,76.8948,43.6625,97.3341,2.50336186,0.10173913,3,2
NG-SOK-704,North West,Sokoto,Binji,Sokoto,Binji,2,"Low maternal care, high conflict exposure",1.716422308,58.1894,13.74,38.8019,50.4211,11.601,21.1431,22.15222174,19.8667,3.3771,10.6017,36.15716978,-0.550741935,12,21
NG-SOK-705,North West,Sokoto,Bodinga,Sokoto,Bodinga,1,Deprived northern rural,2.013112486,54.9873,13.4164,37.0427,46.5318,16.8983,18.3851,23.75390166,19.9327,5.3097,19.7879,10.98455265,-0.439669903,4,5
NG-SOK-706,North West,Sokoto,Dange-Shuni,Sokoto,Dange Shuni,2,"Low maternal care, high conflict exposure",2.146009197,54.4743,13.3038,36.0053,45.4634,29.4173,20.5597,23.05527536,19.5296,5.3946,20.9052,33.90141519,-0.443062937,6,5
NG-SOK-707,North West,Sokoto,Gada,Sokoto,Gada,2,"Low maternal care, high conflict exposure",1.587672889,55.3919,13.9426,37.3064,47.1092,21.9738,40.5907,25.30435552,28.3509,3.5433,32.0608,7.831935773,-0.413493088,10,29
NG-SOK-708,North West,Sokoto,Goronyo,Sokoto,Goronyo,2,"Low maternal care, high conflict exposure",1.838517882,57.4772,13.3674,37.3586,47.1281,32.9715,37.9126,24.42484575,23.9253,3.2232,27.2946,27.16270616,-0.470179104,66,165
NG-SOK-709,North West,Sokoto,Gudu,Sokoto,Gudu,2,"Low maternal care, high conflict exposure",1.830786315,55.9081,13.5992,36.1416,37.2047,14.9638,21.263,21.99004978,16.1909,1.8919,12.5132,36.61620634,-0.595962121,9,26
NG-SOK-710,North West,Sokoto,Gwadabawa,Sokoto,Gwadabawa,2,"Low maternal care, high conflict exposure",1.79894476,55.467,13.7252,37.1992,50.7271,29.3193,32.9836,23.81415965,31.2373,4.0019,14.552,7.490897647,-0.345795031,26,76
NG-SOK-711,North West,Sokoto,Illela,Sokoto,Illela,2,"Low maternal care, high conflict exposure",1.604181679,56.9703,13.7803,37.7103,48.4269,31.2675,43.7017,25.27992127,30.7771,3.6695,16.7495,12.27795592,-0.415142857,39,140
NG-SOK-712,North West,Sokoto,Isa,Sokoto,Isa,2,"Low maternal care, high conflict exposure",1.969360533,58.0035,12.8471,38.01,39.139,34.8485,38.2714,23.53560745,17.8426,4.1415,52.5752,27.90138639,-0.54842487,44,80
NG-SOK-713,North West,Sokoto,Kebbe,Sokoto,Kebbe,1,Deprived northern rural,1.605116191,57.8626,11.946,35.3783,32.2721,6.917,6.8299,23.39724324,12.7255,4.3843,14.5225,37.38062456,-0.516787234,3,0
NG-SOK-714,North West,Sokoto,Kware,Sokoto,Kware,2,"Low maternal care, high conflict exposure",1.827313736,53.7035,13.7034,35.9751,49.3193,26.0651,27.0139,23.63640048,29.6831,6.9413,28.2337,9.595201265,-0.33427027,11,14
NG-SOK-715,North West,Sokoto,Rabah,Sokoto,Rabah,2,"Low maternal care, high conflict exposure",1.52610008,59.6409,12.8652,37.4096,42.0934,23.8622,26.4024,22.00689745,18.7092,3.0139,26.5312,49.54559763,-0.565045685,33,215
NG-SOK-716,North West,Sokoto,Sabon Birni,Sokoto,Sabon Birni,2,"Low maternal care, high conflict exposure",1.743874724,59.4494,13.2451,39.094,43.2207,29.5899,44.5746,24.38711008,19.1585,4.0574,72.2131,18.05570334,-0.519775735,146,366
NG-SOK-717,North West,Sokoto,Shagari,Sokoto,Shagari,1,Deprived northern rural,1.663107579,58.358,12.5725,38.0692,45.9164,19.3703,11.7179,23.65507232,15.4054,4.5763,12.639,24.98641512,-0.560769231,1,0
NG-SOK-718,North West,Sokoto,Silame,Sokoto,Silame,1,Deprived northern rural,1.727431846,58.3131,13.5386,38.9132,44.6274,0.9919,14.6111,22.13474968,22.4738,4.7069,16.5097,9.626423602,-0.5366875,1,10
NG-SOK-719,North West,Sokoto,Sokoto North,Sokoto,Sokoto North,2,"Low maternal care, high conflict exposure",3.777586292,43.4616,13.5346,30.021,48.3942,3.0574,28.4297,26.81254085,57.2695,31.183,93.8584,1.653080713,0.8825,17,21
NG-SOK-720,North West,Sokoto,Sokoto South,Sokoto,Sokoto South,2,"Low maternal care, high conflict exposure",3.649044691,43.7881,13.6024,30.1052,43.2581,36.8417,26.4547,25.90816394,52.1718,29.7348,75.658,0.605524222,1.2405,3,2
NG-SOK-721,North West,Sokoto,Tambuwal,Sokoto,Tambuwal,1,Deprived northern rural,1.863793692,57.8972,12.9371,38.7227,41.2087,14.2696,8.2998,25.23742881,14.6915,3.7275,13.4161,22.67053553,-0.497805405,5,3
NG-SOK-722,North West,Sokoto,Tangaza,Sokoto,Tangaza,2,"Low maternal care, high conflict exposure",1.397299866,59.6748,14.0342,39.3627,48.6791,32.7561,28.7995,21.94389924,18.2994,2.0334,14.8328,24.24272473,-0.499531792,25,87
NG-SOK-723,North West,Sokoto,Tureta,Sokoto,Tureta,2,"Low maternal care, high conflict exposure",1.561460645,59.6932,11.9927,37.2966,41.4193,5.8699,14.7799,22.23637395,15.2882,4.6323,15.9083,65.37640973,-0.669423077,10,38
NG-SOK-724,North West,Sokoto,Wamako,Sokoto,Wamakko,2,"Low maternal care, high conflict exposure",3.962061992,43.9192,13.2706,29.9375,46.4529,11.8911,26.3548,27.2632559,30.4135,9.1117,28.5732,7.388491144,-0.258,14,15
NG-SOK-725,North West,Sokoto,Wurno,Sokoto,Wurno,2,"Low maternal care, high conflict exposure",2.175205347,54.8234,13.5861,36.1297,48.4748,24.8845,32.874,23.79914463,28.3302,4.4925,22.4949,10.37454492,-0.350170455,24,34
NG-SOK-726,North West,Sokoto,Yabo,Sokoto,Yabo,1,Deprived northern rural,1.728877558,58.7411,13.254,39.0331,45.8293,73.1004,12.0433,23.65537597,19.7175,3.9231,5.8422,12.10939997,-0.49295,3,3
NG-TAR-727,North East,Taraba,Ardo-Kola,Taraba,Ardo-Kola,2,"Low maternal care, high conflict exposure",5.317279636,39.5713,8.1312,22.1133,43.8889,46.9564,17.6401,26.84272805,47.9011,22.4849,49.8806,22.61637556,-0.340956311,13,26
NG-TAR-728,North East,Taraba,Bali,Taraba,Bali,2,"Low maternal care, high conflict exposure",3.303177785,45.0045,7.5155,21.6498,48.6377,45.3901,16.3339,23.70517854,49.6671,30.3237,46.3325,61.23387761,-0.464314286,19,156
NG-TAR-729,North East,Taraba,Donga,Taraba,Donga,2,"Low maternal care, high conflict exposure",4.500888006,40.8801,7.4011,18.6821,43.0869,54.0691,21.8362,25.67123206,56.1347,46.2887,72.7705,29.43110887,-0.48822508,14,23
NG-TAR-730,North East,Taraba,Gashaka,Taraba,Gashaka,3,Geographically isolated,4.047517871,44.5855,6.8367,19.1476,38.4218,65.2584,17.9104,26.04400984,41.1649,23.3533,21.3606,100.0233211,-0.463439815,2,4
NG-TAR-731,North East,Taraba,Gassol,Taraba,Gassol,2,"Low maternal care, high conflict exposure",3.244908588,46.7132,7.938,23.0509,44.1102,41.6199,15.4542,22.58931228,38.9543,18.1709,34.9724,43.12440558,-0.445495902,34,127
NG-TAR-732,North East,Taraba,Ibi,Taraba,Ibi,2,"Low maternal care, high conflict exposure",3.987629457,43.0763,7.4056,20.0998,32.883,46.063,21.7669,23.56715194,43.322,23.7465,41.2703,30.51527221,-0.513202643,4,1
NG-TAR-733,North East,Taraba,Jalingo,Taraba,Jalingo,2,"Low maternal care, high conflict exposure",5.303516445,37.9382,8.3945,21.7107,42.7149,50.0262,20.9587,30.27753716,54.279,25.9354,56.8579,8.125867073,0.022444444,40,26
NG-TAR-734,North East,Taraba,Karim-Lamido,Taraba,Karim-Lamido,2,"Low maternal care, high conflict exposure",3.863274496,45.3107,8.2354,22.4404,39.0935,48.7367,20.1122,23.78857157,43.9801,23.5672,40.1587,40.75952769,-0.440608911,28,80
NG-TAR-735,North East,Taraba,Kurmi,Taraba,Kurmi,3,Geographically isolated,4.686298435,42.8432,6.5217,17.7113,42.2929,50.367,20.4348,26.37699753,57.5321,39.7467,25.0549,92.25028471,-0.407834254,6,17
NG-TAR-736,North East,Taraba,Lau,Taraba,Lau,2,"Low maternal care, high conflict exposure",4.421575534,43.7891,8.6137,23.3799,36.651,55.223,22.5891,26.7727555,51.4343,24.9426,36.6023,15.48517483,-0.374862069,12,18
NG-TAR-737,North East,Taraba,Sardauna,Taraba,Sardauna,2,"Low maternal care, high conflict exposure",4.867134093,43.7616,5.6587,17.4514,42.7484,53.1995,21.5158,24.52866247,52.6182,26.3244,7.6455,37.0152069,-0.261229846,3,46
NG-TAR-738,North East,Taraba,Takum,Taraba,Takum,4,Near-average,5.595359357,37.9704,7.4665,17.5185,30.1765,49.2803,25.8126,26.76237752,54.5232,53.4256,66.2397,34.44815269,-0.381501567,53,180
NG-TAR-739,North East,Taraba,Ussa,Taraba,Ussa,4,Near-average,5.813808043,38.0393,6.9911,16.6121,26.2266,43.2448,24.8199,27.87675235,56.9218,54.2469,66.0066,13.61094106,-0.324768421,15,51
NG-TAR-740,North East,Taraba,Wukari,Taraba,Wukari,2,"Low maternal care, high conflict exposure",5.302336166,36.5735,7.3257,17.3292,36.4495,50.2966,24.3729,25.35265058,48.6704,36.3152,64.8651,15.48344758,-0.346730673,42,69
NG-TAR-741,North East,Taraba,Yorro,Taraba,Yorro,2,"Low maternal care, high conflict exposure",4.322031646,42.5395,7.9954,22.4898,42.9069,49.4821,21.0521,27.00791167,53.8389,20.2123,30.3633,41.09470078,-0.359888158,18,13
NG-TAR-742,North East,Taraba,Zing,Taraba,Zing,2,"Low maternal care, high conflict exposure",4.358953604,43.4058,8.5435,23.713,37.8346,41.364,20.8048,29.36157939,61.7934,25.6246,34.0732,18.14340667,-0.386202703,4,5
NG-YOB-743,North East,Yobe,Bade,Yobe,Bade,1,Deprived northern rural,2.00828995,56.5311,14.3063,37.4717,36.983,61.6003,8.4,22.35121491,26.4812,5.7462,53.4135,36.79156716,-0.434041379,5,5
NG-YOB-744,North East,Yobe,Busari,Yobe,Bursari,1,Deprived northern rural,2.038660284,56.2485,14.6596,37.4687,38.5677,52.9983,8.8536,23.32533494,20.1987,3.6373,32.9994,34.75098146,-0.507577419,4,15
NG-YOB-745,North East,Yobe,Damaturu,Yobe,Damaturu,2,"Low maternal care, high conflict exposure",3.286225635,46.868,13.0969,31.7997,38.2631,39.1469,14.1892,27.61952259,15.7002,3.2126,14.0704,20.17286962,-0.36578534,21,44
NG-YOB-746,North East,Yobe,Fika,Yobe,Fika,1,Deprived northern rural,2.015666081,54.9011,13.2798,36.9543,35.9841,60.5258,12.0614,18.98039579,28.7278,8.0966,15.8151,21.91468967,-0.539327913,3,13
NG-YOB-747,North East,Yobe,Fune,Yobe,Fune,1,Deprived northern rural,1.869762913,56.5082,13.9592,37.4657,38.9479,56.8733,10.5158,19.9365056,20.7502,3.6726,10.9322,39.14425343,-0.63390056,1,1
NG-YOB-748,North East,Yobe,Geidam,Yobe,Geidam,2,"Low maternal care, high conflict exposure",1.855367071,55.5134,14.3339,35.8287,34.3633,57.4466,9.4056,25.23284727,15.0099,3.0409,36.3518,32.81499797,-0.431071006,25,218
NG-YOB-749,North East,Yobe,Gujba,Yobe,Gujba,2,"Low maternal care, high conflict exposure",2.654973101,50.1541,12.8432,33.3145,35.0262,47.9101,14.4746,24.86426024,24.3688,5.856,21.9074,52.74529089,-0.526242254,129,283
NG-YOB-750,North East,Yobe,Gulani,Yobe,Gulani,1,Deprived northern rural,2.481285871,51.7051,12.6998,33.6681,31.7319,37.0623,15.0738,20.90946139,26.6178,8.6742,20.6327,26.47830206,-0.408978339,0,0
NG-YOB-751,North East,Yobe,Jakusko,Yobe,Jakusko,1,Deprived northern rural,1.732824595,58.793,14.5266,38.9582,31.7324,63.9741,9.1753,20.59737849,23.2069,4.6406,32.065,33.59513255,-0.568319328,2,0
NG-YOB-752,North East,Yobe,Karasuwa,Yobe,Karasuwa,1,Deprived northern rural,2.322442313,52.6784,14.7112,36.9156,40.7977,55.7885,8.6604,24.29571337,27.7146,6.4803,66.0937,30.31414382,-0.606535211,2,2
NG-YOB-753,North East,Yobe,Machina,Yobe,Machina,1,Deprived northern rural,1.748060919,60.5809,14.7157,41.1655,38.3289,50.7889,5.835,23.42717537,27.658,5.8099,94.1562,34.18745283,-0.715869318,0,0
NG-YOB-754,North East,Yobe,Nangere,Yobe,Nangere,1,Deprived northern rural,2.688264279,52.4148,14.0351,35.9642,36.3582,63.7587,11.6032,19.79876251,29.6052,8.4023,22.7481,9.910609816,-0.635923469,0,0
NG-YOB-755,North East,Yobe,Nguru,Yobe,Nguru,1,Deprived northern rural,2.774635808,53.1858,13.866,35.9012,36.2983,37.2808,7.9286,26.17042673,30.9552,8.4517,85.1622,12.10713778,-0.564178218,0,0
NG-YOB-756,North East,Yobe,Potiskum,Yobe,Potiskum,1,Deprived northern rural,3.035737516,50.5408,13.9766,34.8799,36.7688,55.6881,12.1914,20.25036322,35.7892,10.077,17.5153,13.33247198,-0.402714286,3,5
NG-YOB-757,North East,Yobe,Tarmuwa,Yobe,Tarmua,2,"Low maternal care, high conflict exposure",1.829002633,56.5803,14.4175,36.8318,33.0012,46.3287,9.7492,23.10854829,15.4724,2.6864,11.7441,35.73827338,-0.531564103,16,61
NG-YOB-758,North East,Yobe,Yunusari,Yobe,Yunusari,2,"Low maternal care, high conflict exposure",1.522091585,59.0691,14.5005,38.8225,45.067,58.8114,9.0126,25.16576034,19.7677,2.9804,60.2802,30.98465993,-0.493247978,13,38
NG-YOB-759,North East,Yobe,Yusufari,Yobe,Yusufari,1,Deprived northern rural,1.642086608,58.6289,14.9611,40.1774,46.3208,50.789,7.6825,23.66887644,24.8526,4.4399,62.0701,67.07155169,-0.633248918,0,0
NG-ZAM-760,North West,Zamfara,Anka,Zamfara,Anka,2,"Low maternal care, high conflict exposure",1.585554071,58.2606,10.6171,33.5391,31.5908,54.5495,13.1392,21.56873471,22.2827,5.2148,20.5844,22.12149768,-0.509633094,70,291
NG-ZAM-761,North West,Zamfara,Bakura,Zamfara,Bakura,2,"Low maternal care, high conflict exposure",2.329885274,54.5847,11.5763,32.6764,36.2373,40.4085,23.0752,21.39701369,17.5047,3.0052,20.8271,52.10648224,-0.516556701,40,134
NG-ZAM-762,North West,Zamfara,Birnin Magaji,Zamfara,Birnin Magaji,2,"Low maternal care, high conflict exposure",1.998521866,56.3715,12.3525,35.2029,38.1846,53.9135,19.0349,21.90714469,21.5827,4.8763,46.3131,21.18430837,-0.474522876,26,170
NG-ZAM-763,North West,Zamfara,Bukkuyum,Zamfara,Bukkuyum,2,"Low maternal care, high conflict exposure",1.608292697,57.4785,10.8408,33.2494,34.0087,48.3281,10.4673,22.32351422,15.1711,4.4976,14.9836,33.40494488,-0.527668817,88,579
NG-ZAM-764,North West,Zamfara,Bungudu,Zamfara,Bungudu,2,"Low maternal care, high conflict exposure",2.119506439,58.5618,11.6678,35.545,29.7637,58.5332,18.4516,22.10006594,24.9239,6.2502,34.3166,13.7548985,-0.448758523,79,422
NG-ZAM-765,North West,Zamfara,Gummi,Zamfara,Gummi,2,"Low maternal care, high conflict exposure",1.914796464,56.1895,11.2968,33.6297,35.7401,39.7838,9.2356,23.9044763,12.1904,3.8338,13.887,44.06928242,-0.563918301,33,92
NG-ZAM-766,North West,Zamfara,Gusau,Zamfara,Gusau,2,"Low maternal care, high conflict exposure",3.366905428,51.1395,11.4533,32.0256,30.8972,50.7022,19.248,23.6772435,27.9466,6.6168,27.5815,26.77715105,-0.378915709,161,367
NG-ZAM-767,North West,Zamfara,Kaura Namoda,Zamfara,Kaura Namoda,2,"Low maternal care, high conflict exposure",2.263208552,57.3492,12.5015,35.3524,38.1328,54.9805,20.8487,22.1246719,19.0122,5.1499,58.7829,15.45913107,-0.391013605,80,217
NG-ZAM-768,North West,Zamfara,Maradun,Zamfara,Maradun,2,"Low maternal care, high conflict exposure",1.540578948,60.8855,12.0131,36.4439,34.6666,44.2796,26.737,20.88278601,15.9589,3.4551,32.9284,49.40582511,-0.543851133,93,692
NG-ZAM-769,North West,Zamfara,Maru,Zamfara,Maru,2,"Low maternal care, high conflict exposure",1.850870962,56.4965,10.7453,32.1449,34.5848,50.2184,9.5863,22.49737814,32.9121,8.2929,31.113,42.19817114,-0.517654501,149,1061
NG-ZAM-770,North West,Zamfara,Shinkafi,Zamfara,Shinkafi,2,"Low maternal care, high conflict exposure",2.062608114,58.3563,12.5166,36.4718,38.0813,39.0775,32.3236,23.22627255,16.0424,3.651,55.7221,20.65479424,-0.515775194,51,177
NG-ZAM-771,North West,Zamfara,Talata Mafara,Zamfara,Talata Mafara,2,"Low maternal care, high conflict exposure",1.8053445,58.4019,11.4815,34.5606,31.9111,55.4036,20.1535,21.71518277,17.9485,3.6504,22.9496,24.73941608,-0.458132231,49,166
NG-ZAM-772,North West,Zamfara,Tsafe,Zamfara,Tsafe,2,"Low maternal care, high conflict exposure",2.209974227,59.6427,11.976,37.0323,30.3125,56.5074,11.0508,23.59604236,29.2244,5.7527,26.8736,20.96402246,-0.439973684,137,348
NG-ZAM-773,North West,Zamfara,Zurmi,Zamfara,Zurmi,2,"Low maternal care, high conflict exposure",1.770033034,60.0344,12.8388,37.171,40.0366,48.6278,23.9659,22.08750117,17.8881,4.0043,48.9765,29.03882095,-0.520211864,102,387
